C-SDB_TIT-0;C-W96-0;C-C93-2;F-ANK;F-UEB
201801;W96-9;01;7272;13562
201801;W96-9;70;6212;10216
201801;W96-9;71;11778;19958
201801;W96-9;72;13257;21425
201801;W96-9;73;20469;33651
201801;W96-9;74;13776;23708
201801;W96-9;75;20243;33821
201801;W96-9;76;11644;21171
201801;W96-9;77;6159;11847
201801;W96-9;80;18214;38503
201801;W96-9;81;7884;17736
201801;W96-9;82;9727;21541
201801;W96-9;83;9044;19987
201801;W96-9;84;7483;16535
201801;W96-9;85;6516;14958
201801;W96-9;53;6477;13060
201801;W96-9;56;2884;6223
201801;W96-9;60;4566;11745
201801;W96-9;62;2816;6288
201801;W96-9;94;3605;9556
201801;W96-9;08;1996;4118
201801;W96-9;67;9532;18052
201801;W96-9;11;842;1936
201801;W96-9;86;434;856
201801;W96-9;13;1338;3188
201801;W96-9;14;9236;24692
201801;W96-9;15;3525;10064
201801;W96-9;87;2787;6506
201801;W96-9;18;1375;2973
201801;W96-9;49;142;341
201801;W96-9;19;2940;7623
201801;W96-9;20;17309;46971
201801;W96-9;21;6227;13385
201801;W96-9;22;7232;15188
201801;W96-9;23;1748;3965
201801;W96-9;51;3619;6711
201801;W96-9;88;435;852
201801;W96-9;89;383;871
201801;W96-9;63;537;1208
201801;W96-9;90;490;1502
201801;W96-9;61;382;955
201801;W96-9;25;5080;12633
201801;W96-9;26;871;1941
201801;W96-9;27;6691;12052
201801;W96-9;28;1146;2604
201801;W96-9;29;12315;23023
201801;W96-9;91;17890;50196
201801;W96-9;95;887;2032
201801;W96-9;31;1516;3599
201801;W96-9;32;9382;21096
201801;W96-9;10;2205;4142
201801;W96-9;52;2282;4645
201801;W96-9;33;7705;18618
201801;W96-9;34;498;1222
201801;W96-9;17;1699;3968
201801;W96-9;64;9123;16269
201801;W96-9;59;4014;7724
201801;W96-9;65;3167;4881
201801;W96-9;09;4742;8163
201801;W96-9;36;4907;11989
201801;W96-9;92;8539;17211
201801;W96-9;38;5417;10169
201801;W96-9;39;15164;36834
201801;W96-9;96;2780;4943
201801;W96-9;16;14739;34015
201801;W96-9;93;481;1291
201801;W96-9;57;1966;4542
201801;W96-9;58;1965;4853
201801;W96-9;37;5222;11753
201801;W96-9;40;2164;5135
201802;W96-9;01;7313;15222
201802;W96-9;70;6013;9912
201802;W96-9;71;11879;20627
201802;W96-9;72;11663;19558
201802;W96-9;73;21650;34881
201802;W96-9;74;13110;23202
201802;W96-9;75;20310;35580
201802;W96-9;76;11663;21255
201802;W96-9;77;5728;11164
201802;W96-9;80;19873;41237
201802;W96-9;81;8563;19014
201802;W96-9;82;10938;24603
201802;W96-9;83;9480;20377
201802;W96-9;84;8435;18812
201802;W96-9;85;6870;15195
201802;W96-9;53;7340;15747
201802;W96-9;56;2445;5256
201802;W96-9;60;2410;5993
201802;W96-9;62;3519;7995
201802;W96-9;94;2725;7487
201802;W96-9;08;1932;3755
201802;W96-9;67;15627;29887
201802;W96-9;11;1450;3079
201802;W96-9;86;561;1121
201802;W96-9;13;1982;4405
201802;W96-9;14;9580;22874
201802;W96-9;15;2797;6489
201802;W96-9;87;2212;5465
201802;W96-9;18;1713;3592
201802;W96-9;49;155;393
201802;W96-9;19;3282;8053
201802;W96-9;20;13784;30295
201802;W96-9;21;9353;19882
201802;W96-9;22;7228;14931
201802;W96-9;23;2101;4935
201802;W96-9;51;2902;5173
201802;W96-9;88;451;924
201802;W96-9;89;623;1345
201802;W96-9;63;572;1425
201802;W96-9;90;423;1247
201802;W96-9;61;274;792
201802;W96-9;25;6530;14256
201802;W96-9;26;1448;3107
201802;W96-9;27;6687;12978
201802;W96-9;28;2168;4851
201802;W96-9;29;11045;21556
201802;W96-9;91;10994;27500
201802;W96-9;95;884;2003
201802;W96-9;31;2217;4564
201802;W96-9;32;9709;22299
201802;W96-9;10;2654;5022
201802;W96-9;52;2234;4282
201802;W96-9;33;7894;16677
201802;W96-9;34;563;1344
201802;W96-9;17;1740;3994
201802;W96-9;64;6459;12373
201802;W96-9;59;3495;6996
201802;W96-9;65;4049;7304
201802;W96-9;09;5651;9777
201802;W96-9;36;4328;9248
201802;W96-9;92;3758;8064
201802;W96-9;38;5705;10436
201802;W96-9;39;13975;32052
201802;W96-9;96;2308;3972
201802;W96-9;16;18100;39251
201802;W96-9;93;345;918
201802;W96-9;57;2124;5010
201802;W96-9;58;1947;4622
201802;W96-9;37;4607;10596
201802;W96-9;40;2773;6107
201803;W96-9;01;8240;17335
201803;W96-9;70;6815;12247
201803;W96-9;71;14704;27597
201803;W96-9;72;14268;24627
201803;W96-9;73;24477;43665
201803;W96-9;74;16178;29187
201803;W96-9;75;24136;44671
201803;W96-9;76;14913;29027
201803;W96-9;77;7567;16052
201803;W96-9;80;29097;65196
201803;W96-9;81;13504;33577
201803;W96-9;82;16042;39736
201803;W96-9;83;14758;34993
201803;W96-9;84;12152;29519
201803;W96-9;85;10543;24939
201803;W96-9;53;9947;22867
201803;W96-9;56;3882;8190
201803;W96-9;60;2193;5701
201803;W96-9;62;3740;8503
201803;W96-9;94;2735;7960
201803;W96-9;08;2427;5156
201803;W96-9;67;13929;24220
201803;W96-9;11;1884;5193
201803;W96-9;86;519;1410
201803;W96-9;13;2815;6950
201803;W96-9;14;11019;27342
201803;W96-9;15;2851;7323
201803;W96-9;87;2597;6781
201803;W96-9;18;2070;4842
201803;W96-9;49;266;795
201803;W96-9;19;3804;10146
201803;W96-9;20;26782;67230
201803;W96-9;21;11152;25096
201803;W96-9;22;5793;11866
201803;W96-9;23;3223;7942
201803;W96-9;51;2859;5308
201803;W96-9;88;542;1416
201803;W96-9;89;588;1454
201803;W96-9;63;788;1874
201803;W96-9;90;636;1770
201803;W96-9;61;258;640
201803;W96-9;25;7421;17538
201803;W96-9;26;1913;5307
201803;W96-9;27;6278;12678
201803;W96-9;28;2963;7893
201803;W96-9;29;8616;19964
201803;W96-9;91;13822;37466
201803;W96-9;95;869;2647
201803;W96-9;31;3084;7764
201803;W96-9;32;12799;29217
201803;W96-9;10;2739;5451
201803;W96-9;52;2414;5054
201803;W96-9;33;12633;29923
201803;W96-9;34;491;1360
201803;W96-9;17;2934;6795
201803;W96-9;64;7428;12088
201803;W96-9;59;6834;12380
201803;W96-9;65;7010;11101
201803;W96-9;09;7034;12102
201803;W96-9;36;4380;10111
201803;W96-9;92;4852;11012
201803;W96-9;38;8916;16419
201803;W96-9;39;21323;50921
201803;W96-9;96;3307;6418
201803;W96-9;16;21569;50608
201803;W96-9;93;365;811
201803;W96-9;57;2982;6877
201803;W96-9;58;3922;10006
201803;W96-9;37;5665;13197
201803;W96-9;40;3659;8833
201804;W96-9;01;7990;16540
201804;W96-9;70;8691;16047
201804;W96-9;71;16722;31127
201804;W96-9;72;14807;25186
201804;W96-9;73;27015;44950
201804;W96-9;74;18886;34495
201804;W96-9;75;27019;48182
201804;W96-9;76;17470;33355
201804;W96-9;77;9162;18616
201804;W96-9;80;31951;75120
201804;W96-9;81;15010;38268
201804;W96-9;82;16688;42353
201804;W96-9;83;15518;38863
201804;W96-9;84;14141;34801
201804;W96-9;85;12374;30815
201804;W96-9;53;11294;26797
201804;W96-9;56;3553;7921
201804;W96-9;60;3441;9318
201804;W96-9;62;5308;13347
201804;W96-9;94;4196;10444
201804;W96-9;08;3450;7392
201804;W96-9;67;16953;31615
201804;W96-9;11;2363;5830
201804;W96-9;86;934;2373
201804;W96-9;13;5002;12017
201804;W96-9;14;16787;45735
201804;W96-9;15;3262;7864
201804;W96-9;87;2542;6048
201804;W96-9;18;2257;4976
201804;W96-9;49;279;752
201804;W96-9;19;5865;15778
201804;W96-9;20;28391;73722
201804;W96-9;21;8296;18283
201804;W96-9;22;8818;18693
201804;W96-9;23;4257;11265
201804;W96-9;51;3595;6980
201804;W96-9;88;600;1328
201804;W96-9;89;716;1550
201804;W96-9;63;1223;3263
201804;W96-9;90;450;1335
201804;W96-9;61;501;1180
201804;W96-9;25;10164;24557
201804;W96-9;26;2465;6287
201804;W96-9;27;10728;20845
201804;W96-9;28;2615;6480
201804;W96-9;29;10479;23267
201804;W96-9;91;16548;42773
201804;W96-9;95;1382;3527
201804;W96-9;31;5186;13103
201804;W96-9;32;19190;50347
201804;W96-9;10;3064;5432
201804;W96-9;52;3825;7541
201804;W96-9;33;14234;32460
201804;W96-9;34;719;1776
201804;W96-9;17;4147;9165
201804;W96-9;64;9127;15066
201804;W96-9;59;8752;16069
201804;W96-9;65;6826;11350
201804;W96-9;09;7831;13786
201804;W96-9;36;6156;13790
201804;W96-9;92;5206;11276
201804;W96-9;38;8032;14331
201804;W96-9;39;28575;65840
201804;W96-9;96;3417;6738
201804;W96-9;16;24464;59830
201804;W96-9;93;517;1474
201804;W96-9;57;3235;7176
201804;W96-9;58;3269;7069
201804;W96-9;37;6314;14798
201804;W96-9;40;3805;9129
201805;W96-9;01;8280;16279
201805;W96-9;70;8519;15390
201805;W96-9;71;16923;30819
201805;W96-9;72;15862;27153
201805;W96-9;73;26728;44451
201805;W96-9;74;18586;33277
201805;W96-9;75;26332;46492
201805;W96-9;76;17835;34035
201805;W96-9;77;9484;18880
201805;W96-9;80;36597;86575
201805;W96-9;81;18325;48509
201805;W96-9;82;20778;53810
201805;W96-9;83;18265;45422
201805;W96-9;84;15781;41047
201805;W96-9;85;14147;35741
201805;W96-9;53;13619;31941
201805;W96-9;56;3474;7138
201805;W96-9;60;5137;13048
201805;W96-9;62;4808;11847
201805;W96-9;94;6068;14591
201805;W96-9;08;3717;8247
201805;W96-9;67;24013;40574
201805;W96-9;11;2861;7044
201805;W96-9;86;865;1910
201805;W96-9;13;3614;8703
201805;W96-9;14;16845;45145
201805;W96-9;15;2246;5552
201805;W96-9;87;3062;6910
201805;W96-9;18;2205;5292
201805;W96-9;49;277;707
201805;W96-9;19;5630;13996
201805;W96-9;20;16692;36036
201805;W96-9;21;12120;24899
201805;W96-9;22;6293;13292
201805;W96-9;23;6483;15871
201805;W96-9;51;3275;5631
201805;W96-9;88;596;1321
201805;W96-9;89;644;1481
201805;W96-9;63;1128;2929
201805;W96-9;90;462;1284
201805;W96-9;61;820;1983
201805;W96-9;25;12194;30005
201805;W96-9;26;2395;6233
201805;W96-9;27;12665;26201
201805;W96-9;28;2056;4576
201805;W96-9;29;8720;19434
201805;W96-9;91;15032;39150
201805;W96-9;95;989;2246
201805;W96-9;31;4977;12217
201805;W96-9;32;19375;48033
201805;W96-9;10;2870;4917
201805;W96-9;52;3101;5939
201805;W96-9;33;14741;31923
201805;W96-9;34;789;1921
201805;W96-9;17;9266;19407
201805;W96-9;64;11239;19356
201805;W96-9;59;9429;20341
201805;W96-9;65;6751;10978
201805;W96-9;09;9047;15639
201805;W96-9;36;4945;11404
201805;W96-9;92;5638;12972
201805;W96-9;38;6882;12318
201805;W96-9;39;42615;98135
201805;W96-9;96;3023;5410
201805;W96-9;16;26508;61220
201805;W96-9;93;394;936
201805;W96-9;57;2507;5948
201805;W96-9;58;2749;5781
201805;W96-9;37;9666;22587
201805;W96-9;40;3427;8122
201806;W96-9;01;8924;18572
201806;W96-9;70;10191;18857
201806;W96-9;71;17410;33829
201806;W96-9;72;16033;28637
201806;W96-9;73;27386;49768
201806;W96-9;74;20220;37782
201806;W96-9;75;26193;49065
201806;W96-9;76;18571;37129
201806;W96-9;77;10385;22066
201806;W96-9;80;29268;68174
201806;W96-9;81;14361;35859
201806;W96-9;82;17209;43543
201806;W96-9;83;16216;39214
201806;W96-9;84;13977;34453
201806;W96-9;85;12227;29295
201806;W96-9;53;11829;27077
201806;W96-9;56;4384;10144
201806;W96-9;60;7218;17191
201806;W96-9;62;4476;10368
201806;W96-9;94;5370;13495
201806;W96-9;08;2696;6049
201806;W96-9;67;30421;53989
201806;W96-9;11;2326;5310
201806;W96-9;86;845;1792
201806;W96-9;13;4249;10681
201806;W96-9;14;14593;37708
201806;W96-9;15;2007;4560
201806;W96-9;87;2735;6176
201806;W96-9;18;2368;5420
201806;W96-9;49;490;1404
201806;W96-9;19;6333;17509
201806;W96-9;20;16222;38278
201806;W96-9;21;13408;28560
201806;W96-9;22;4980;9845
201806;W96-9;23;6368;16261
201806;W96-9;51;2982;5712
201806;W96-9;88;582;1065
201806;W96-9;89;875;1721
201806;W96-9;63;950;2258
201806;W96-9;90;488;1246
201806;W96-9;61;1108;2784
201806;W96-9;25;10218;24783
201806;W96-9;26;2581;5658
201806;W96-9;27;10931;20894
201806;W96-9;28;2100;4955
201806;W96-9;29;9520;21176
201806;W96-9;91;13614;31371
201806;W96-9;95;2869;7140
201806;W96-9;31;4215;9859
201806;W96-9;32;15655;37435
201806;W96-9;10;2963;4990
201806;W96-9;52;2755;5684
201806;W96-9;33;16142;35172
201806;W96-9;34;1205;3068
201806;W96-9;17;10725;23647
201806;W96-9;64;12065;21538
201806;W96-9;59;9271;17734
201806;W96-9;65;8256;13823
201806;W96-9;09;8173;13703
201806;W96-9;36;4461;9889
201806;W96-9;92;5834;12988
201806;W96-9;38;6874;12466
201806;W96-9;39;52452;118709
201806;W96-9;96;3737;7326
201806;W96-9;16;28157;64534
201806;W96-9;93;573;1387
201806;W96-9;57;2783;7002
201806;W96-9;58;4446;9454
201806;W96-9;37;9570;22102
201806;W96-9;40;3692;8062
201807;W96-9;01;7516;15608
201807;W96-9;70;7870;14622
201807;W96-9;71;13541;25327
201807;W96-9;72;13279;23981
201807;W96-9;73;21798;39046
201807;W96-9;74;14986;26999
201807;W96-9;75;21555;39162
201807;W96-9;76;14208;27978
201807;W96-9;77;7972;16483
201807;W96-9;80;27665;63517
201807;W96-9;81;15609;40102
201807;W96-9;82;18555;45179
201807;W96-9;83;17192;42465
201807;W96-9;84;16644;41554
201807;W96-9;85;14390;34711
201807;W96-9;53;13165;30191
201807;W96-9;56;9832;24646
201807;W96-9;60;8271;19810
201807;W96-9;62;7184;16843
201807;W96-9;94;5872;14938
201807;W96-9;08;2741;6439
201807;W96-9;67;35087;72172
201807;W96-9;11;4289;10849
201807;W96-9;86;1484;2784
201807;W96-9;13;4229;10825
201807;W96-9;14;14572;37627
201807;W96-9;15;2557;6067
201807;W96-9;87;3018;7267
201807;W96-9;18;2832;6479
201807;W96-9;49;377;938
201807;W96-9;19;8627;21658
201807;W96-9;20;19423;49679
201807;W96-9;21;11913;25543
201807;W96-9;22;3913;8386
201807;W96-9;23;7625;19132
201807;W96-9;51;1989;3922
201807;W96-9;88;832;1504
201807;W96-9;89;1146;1909
201807;W96-9;63;1066;2480
201807;W96-9;90;619;1836
201807;W96-9;61;1292;3106
201807;W96-9;25;13298;31542
201807;W96-9;26;3465;7674
201807;W96-9;27;16901;29733
201807;W96-9;28;2815;6414
201807;W96-9;29;12405;25808
201807;W96-9;91;14610;32814
201807;W96-9;95;7947;21267
201807;W96-9;31;6290;13192
201807;W96-9;32;15861;38185
201807;W96-9;10;2821;5344
201807;W96-9;52;2336;5464
201807;W96-9;33;24463;58401
201807;W96-9;34;872;2197
201807;W96-9;17;6729;15116
201807;W96-9;64;14560;27608
201807;W96-9;59;7618;15309
201807;W96-9;65;9197;17745
201807;W96-9;09;9781;16870
201807;W96-9;36;6362;13206
201807;W96-9;92;6587;14694
201807;W96-9;38;7253;14018
201807;W96-9;39;49296;112501
201807;W96-9;96;8432;21086
201807;W96-9;16;30363;68958
201807;W96-9;93;959;2741
201807;W96-9;57;4479;11475
201807;W96-9;58;4830;11407
201807;W96-9;37;11160;25897
201807;W96-9;40;4350;9694
201808;W96-9;01;7303;15518
201808;W96-9;70;7409;13799
201808;W96-9;71;13638;25069
201808;W96-9;72;13860;25435
201808;W96-9;73;20912;37426
201808;W96-9;74;14338;26411
201808;W96-9;75;20819;37571
201808;W96-9;76;13895;27747
201808;W96-9;77;7582;16311
201808;W96-9;80;31941;75584
201808;W96-9;81;16007;42558
201808;W96-9;82;17606;44579
201808;W96-9;83;16828;40991
201808;W96-9;84;14863;37469
201808;W96-9;85;14599;35389
201808;W96-9;53;13479;32003
201808;W96-9;56;13584;38757
201808;W96-9;60;7163;17465
201808;W96-9;62;5500;13573
201808;W96-9;94;4867;11781
201808;W96-9;08;2803;6032
201808;W96-9;67;35158;68342
201808;W96-9;11;2703;6915
201808;W96-9;86;1429;2302
201808;W96-9;13;3240;7938
201808;W96-9;14;20702;54824
201808;W96-9;15;3711;9149
201808;W96-9;87;3210;7420
201808;W96-9;18;2709;6234
201808;W96-9;49;332;797
201808;W96-9;19;10521;25300
201808;W96-9;20;44871;123887
201808;W96-9;21;15079;34348
201808;W96-9;22;4124;8525
201808;W96-9;23;6679;16906
201808;W96-9;51;3071;5051
201808;W96-9;88;738;1309
201808;W96-9;89;959;1769
201808;W96-9;63;1129;2825
201808;W96-9;90;815;2545
201808;W96-9;61;1353;3121
201808;W96-9;25;13334;32853
201808;W96-9;26;1765;4419
201808;W96-9;27;18209;33109
201808;W96-9;28;3532;8732
201808;W96-9;29;17544;36500
201808;W96-9;91;15967;36902
201808;W96-9;95;9516;25118
201808;W96-9;31;3644;8574
201808;W96-9;32;13513;32055
201808;W96-9;10;3761;6570
201808;W96-9;52;2985;6351
201808;W96-9;33;34673;88893
201808;W96-9;34;710;2002
201808;W96-9;17;7647;15871
201808;W96-9;64;13999;28398
201808;W96-9;59;6059;12345
201808;W96-9;65;7670;13598
201808;W96-9;09;9143;16222
201808;W96-9;36;6204;12734
201808;W96-9;92;7365;15825
201808;W96-9;38;8692;16485
201808;W96-9;39;41303;96819
201808;W96-9;96;11474;28919
201808;W96-9;16;32138;73906
201808;W96-9;93;1625;5329
201808;W96-9;57;4027;10449
201808;W96-9;58;4508;11181
201808;W96-9;37;8839;20780
201808;W96-9;40;3667;9152
201809;W96-9;01;7751;15246
201809;W96-9;70;8636;16703
201809;W96-9;71;14586;27236
201809;W96-9;72;14377;26362
201809;W96-9;73;24193;41335
201809;W96-9;74;16946;31211
201809;W96-9;75;23038;42886
201809;W96-9;76;15068;29379
201809;W96-9;77;7725;15639
201809;W96-9;80;29216;66924
201809;W96-9;81;15551;40754
201809;W96-9;82;17981;47905
201809;W96-9;83;17277;42366
201809;W96-9;84;14867;38891
201809;W96-9;85;13589;35089
201809;W96-9;53;14476;34230
201809;W96-9;56;4605;11787
201809;W96-9;60;7892;19956
201809;W96-9;62;6497;14879
201809;W96-9;94;5579;13870
201809;W96-9;08;3596;8287
201809;W96-9;67;28431;51419
201809;W96-9;11;2680;7226
201809;W96-9;86;833;1786
201809;W96-9;13;3913;9597
201809;W96-9;14;13866;35072
201809;W96-9;15;2104;4958
201809;W96-9;87;2462;5847
201809;W96-9;18;2653;5893
201809;W96-9;49;307;779
201809;W96-9;19;7416;19892
201809;W96-9;20;18773;47067
201809;W96-9;21;13593;30608
201809;W96-9;22;5372;10121
201809;W96-9;23;7802;20189
201809;W96-9;51;3094;5454
201809;W96-9;88;622;1422
201809;W96-9;89;718;1601
201809;W96-9;63;1115;2619
201809;W96-9;90;733;2198
201809;W96-9;61;1203;2761
201809;W96-9;25;9381;24259
201809;W96-9;26;2327;5793
201809;W96-9;27;10428;20211
201809;W96-9;28;2854;6556
201809;W96-9;29;9603;20604
201809;W96-9;91;12746;32102
201809;W96-9;95;3152;7878
201809;W96-9;31;5030;12571
201809;W96-9;32;16571;39524
201809;W96-9;10;2693;5296
201809;W96-9;52;2599;5362
201809;W96-9;33;22000;50417
201809;W96-9;34;872;2197
201809;W96-9;17;5945;13034
201809;W96-9;64;11765;21656
201809;W96-9;59;7351;14835
201809;W96-9;65;7306;12576
201809;W96-9;09;9037;16585
201809;W96-9;36;3421;7424
201809;W96-9;92;5427;12433
201809;W96-9;38;6658;13137
201809;W96-9;39;43760;104417
201809;W96-9;96;3661;9024
201809;W96-9;16;28954;69587
201809;W96-9;93;734;2053
201809;W96-9;57;3567;10316
201809;W96-9;58;3303;8180
201809;W96-9;37;9518;22824
201809;W96-9;40;3287;8090
201810;W96-9;01;7600;15912
201810;W96-9;70;9587;17385
201810;W96-9;71;17720;33011
201810;W96-9;72;16666;29277
201810;W96-9;73;29858;50834
201810;W96-9;74;21559;37984
201810;W96-9;75;28624;50808
201810;W96-9;76;18507;36076
201810;W96-9;77;9937;20507
201810;W96-9;80;31277;72309
201810;W96-9;81;15376;39567
201810;W96-9;82;18254;47659
201810;W96-9;83;16155;41725
201810;W96-9;84;14964;38579
201810;W96-9;85;13299;34406
201810;W96-9;53;12733;30799
201810;W96-9;56;4666;10577
201810;W96-9;60;5226;12955
201810;W96-9;62;6654;15180
201810;W96-9;94;4668;11826
201810;W96-9;08;3256;7512
201810;W96-9;67;31390;55975
201810;W96-9;11;2714;7074
201810;W96-9;86;685;1659
201810;W96-9;13;3987;9345
201810;W96-9;14;16155;40575
201810;W96-9;15;3163;7589
201810;W96-9;87;2612;6542
201810;W96-9;18;2613;6182
201810;W96-9;49;327;878
201810;W96-9;19;5863;16354
201810;W96-9;20;21582;48986
201810;W96-9;21;12380;27945
201810;W96-9;22;6005;12192
201810;W96-9;23;8559;19973
201810;W96-9;51;3659;7073
201810;W96-9;88;672;1542
201810;W96-9;89;676;1610
201810;W96-9;63;1070;2560
201810;W96-9;90;466;1260
201810;W96-9;61;765;1856
201810;W96-9;25;9599;24440
201810;W96-9;26;2643;6363
201810;W96-9;27;7231;15149
201810;W96-9;28;2827;6619
201810;W96-9;29;9864;22203
201810;W96-9;91;14863;38165
201810;W96-9;95;2091;5277
201810;W96-9;31;4334;10305
201810;W96-9;32;18580;47200
201810;W96-9;10;2969;6120
201810;W96-9;52;4039;7747
201810;W96-9;33;20271;45584
201810;W96-9;34;720;1877
201810;W96-9;17;5182;11355
201810;W96-9;64;12783;22731
201810;W96-9;59;10103;18581
201810;W96-9;65;8532;14078
201810;W96-9;09;9653;16924
201810;W96-9;36;3885;8406
201810;W96-9;92;6604;15256
201810;W96-9;38;10088;18918
201810;W96-9;39;39481;93528
201810;W96-9;96;3237;7213
201810;W96-9;16;29113;69650
201810;W96-9;93;663;1848
201810;W96-9;57;2862;7934
201810;W96-9;58;3066;6996
201810;W96-9;37;7610;18802
201810;W96-9;40;3583;9331
201811;W96-9;01;8184;16268
201811;W96-9;70;9522;16176
201811;W96-9;71;19709;34910
201811;W96-9;72;17082;28441
201811;W96-9;73;31544;52935
201811;W96-9;74;20892;36117
201811;W96-9;75;29474;50197
201811;W96-9;76;21855;40518
201811;W96-9;77;10016;19604
201811;W96-9;80;29711;63256
201811;W96-9;81;13243;30236
201811;W96-9;82;15626;34492
201811;W96-9;83;14418;30787
201811;W96-9;84;12536;27492
201811;W96-9;85;10329;22657
201811;W96-9;53;11492;24682
201811;W96-9;56;2865;6335
201811;W96-9;60;3405;7950
201811;W96-9;62;7523;17869
201811;W96-9;94;2922;7404
201811;W96-9;08;3603;8447
201811;W96-9;67;17897;31754
201811;W96-9;11;2597;5897
201811;W96-9;86;675;1552
201811;W96-9;13;3675;8565
201811;W96-9;14;15093;36238
201811;W96-9;15;4844;11593
201811;W96-9;87;3155;7718
201811;W96-9;18;3924;9379
201811;W96-9;49;240;621
201811;W96-9;19;6332;17425
201811;W96-9;20;28582;68690
201811;W96-9;21;10331;21598
201811;W96-9;22;9656;19106
201811;W96-9;23;3681;9108
201811;W96-9;51;4447;7766
201811;W96-9;88;610;1404
201811;W96-9;89;775;1694
201811;W96-9;63;1127;2465
201811;W96-9;90;870;2402
201811;W96-9;61;436;993
201811;W96-9;25;9137;20513
201811;W96-9;26;2508;5544
201811;W96-9;27;8444;16919
201811;W96-9;28;2460;5739
201811;W96-9;29;16321;34475
201811;W96-9;91;14226;36364
201811;W96-9;95;1151;2808
201811;W96-9;31;4009;8758
201811;W96-9;32;14774;32844
201811;W96-9;10;3056;5618
201811;W96-9;52;4089;7801
201811;W96-9;33;19923;46338
201811;W96-9;34;594;1572
201811;W96-9;17;3115;6551
201811;W96-9;64;7439;13268
201811;W96-9;59;7075;12975
201811;W96-9;65;8297;12954
201811;W96-9;09;11407;18205
201811;W96-9;36;3902;7951
201811;W96-9;92;7622;17472
201811;W96-9;38;10830;19098
201811;W96-9;39;28976;65246
201811;W96-9;96;3049;5961
201811;W96-9;16;31576;70910
201811;W96-9;93;1378;3483
201811;W96-9;57;2436;6419
201811;W96-9;58;2719;6244
201811;W96-9;37;4372;9798
201811;W96-9;40;3272;7435
201812;W96-9;01;7406;14843
201812;W96-9;70;9118;15771
201812;W96-9;71;16051;29255
201812;W96-9;72;16104;26664
201812;W96-9;73;26723;45868
201812;W96-9;74;17160;30433
201812;W96-9;75;25278;43897
201812;W96-9;76;15980;29825
201812;W96-9;77;8431;16866
201812;W96-9;80;28546;63365
201812;W96-9;81;12981;30546
201812;W96-9;82;16797;40708
201812;W96-9;83;14125;33109
201812;W96-9;84;12947;30466
201812;W96-9;85;11005;24951
201812;W96-9;53;12497;28138
201812;W96-9;56;3563;7677
201812;W96-9;60;7358;19887
201812;W96-9;62;7416;18508
201812;W96-9;94;3694;9232
201812;W96-9;08;5745;13911
201812;W96-9;67;14849;29098
201812;W96-9;11;2561;6751
201812;W96-9;86;994;2489
201812;W96-9;13;4432;10852
201812;W96-9;14;21039;57193
201812;W96-9;15;14934;38763
201812;W96-9;87;3495;8332
201812;W96-9;18;4348;11020
201812;W96-9;49;372;1106
201812;W96-9;19;10483;33140
201812;W96-9;20;43857;112331
201812;W96-9;21;11236;23761
201812;W96-9;22;7247;15055
201812;W96-9;23;3854;10144
201812;W96-9;51;6080;10832
201812;W96-9;88;866;2262
201812;W96-9;89;774;2029
201812;W96-9;63;1211;3085
201812;W96-9;90;1768;5657
201812;W96-9;61;826;2010
201812;W96-9;25;10706;27472
201812;W96-9;26;2462;6374
201812;W96-9;27;9443;18875
201812;W96-9;28;2833;7363
201812;W96-9;29;22853;53924
201812;W96-9;91;19589;48737
201812;W96-9;95;1168;2773
201812;W96-9;31;3387;8590
201812;W96-9;32;17482;42746
201812;W96-9;10;3782;6264
201812;W96-9;52;4235;7228
201812;W96-9;33;25261;65251
201812;W96-9;34;1388;3338
201812;W96-9;17;3685;8312
201812;W96-9;64;7572;14523
201812;W96-9;59;10068;19504
201812;W96-9;65;6692;10749
201812;W96-9;09;14706;23423
201812;W96-9;36;4966;10828
201812;W96-9;92;10414;25219
201812;W96-9;38;14202;23230
201812;W96-9;39;36294;85098
201812;W96-9;96;4045;8280
201812;W96-9;16;40179;96122
201812;W96-9;93;3418;10397
201812;W96-9;57;3229;8114
201812;W96-9;58;2802;6528
201812;W96-9;37;5398;12180
201812;W96-9;40;3564;8573
201901;W96-9;01;6867;13417
201901;W96-9;70;6818;11688
201901;W96-9;71;12507;22059
201901;W96-9;72;13331;22290
201901;W96-9;73;20099;33122
201901;W96-9;74;13577;23214
201901;W96-9;75;20156;34513
201901;W96-9;76;12566;22382
201901;W96-9;77;6284;11688
201901;W96-9;80;19185;40800
201901;W96-9;81;8867;19881
201901;W96-9;82;10851;23724
201901;W96-9;83;10111;22063
201901;W96-9;84;8933;19183
201901;W96-9;85;6794;15082
201901;W96-9;53;8460;18372
201901;W96-9;56;2375;5112
201901;W96-9;60;4527;11951
201901;W96-9;62;4362;10853
201901;W96-9;94;3144;8098
201901;W96-9;08;2034;4348
201901;W96-9;67;12788;23671
201901;W96-9;11;1359;3142
201901;W96-9;86;370;903
201901;W96-9;13;2131;4769
201901;W96-9;14;11450;29450
201901;W96-9;15;4942;13479
201901;W96-9;87;3479;8957
201901;W96-9;18;2871;6473
201901;W96-9;49;190;499
201901;W96-9;19;5262;14941
201901;W96-9;20;21722;59463
201901;W96-9;21;6319;12989
201901;W96-9;22;6090;12584
201901;W96-9;23;2292;4901
201901;W96-9;51;3748;7074
201901;W96-9;88;469;1009
201901;W96-9;89;525;1092
201901;W96-9;63;557;1337
201901;W96-9;90;585;1851
201901;W96-9;61;525;1193
201901;W96-9;25;5719;14165
201901;W96-9;26;940;2116
201901;W96-9;27;6694;13007
201901;W96-9;28;1757;3954
201901;W96-9;29;14441;27835
201901;W96-9;91;17812;48532
201901;W96-9;95;792;2070
201901;W96-9;31;1919;4522
201901;W96-9;32;10603;24648
201901;W96-9;10;2131;3998
201901;W96-9;52;1966;3382
201901;W96-9;33;15858;39604
201901;W96-9;34;446;1116
201901;W96-9;17;2017;4216
201901;W96-9;64;9549;18521
201901;W96-9;59;4028;8073
201901;W96-9;65;4551;7148
201901;W96-9;09;5244;9356
201901;W96-9;36;4601;11430
201901;W96-9;92;11762;26612
201901;W96-9;38;6268;11122
201901;W96-9;39;17833;43679
201901;W96-9;96;2674;5161
201901;W96-9;16;18704;41617
201901;W96-9;93;1729;5611
201901;W96-9;57;2180;5432
201901;W96-9;58;1753;4343
201901;W96-9;37;4969;11815
201901;W96-9;40;2249;5212
201902;W96-9;01;7491;15664
201902;W96-9;70;6217;10929
201902;W96-9;71;11384;20882
201902;W96-9;72;12579;22504
201902;W96-9;73;20187;34281
201902;W96-9;74;13327;23574
201902;W96-9;75;19605;33928
201902;W96-9;76;11745;22140
201902;W96-9;77;7228;13889
201902;W96-9;80;18181;37739
201902;W96-9;81;9093;20318
201902;W96-9;82;10258;22676
201902;W96-9;83;9243;20031
201902;W96-9;84;8220;18182
201902;W96-9;85;7238;16409
201902;W96-9;53;7781;17071
201902;W96-9;56;2353;5070
201902;W96-9;60;2092;4894
201902;W96-9;62;3839;9077
201902;W96-9;94;2178;5209
201902;W96-9;08;2147;4690
201902;W96-9;67;18307;34334
201902;W96-9;11;1857;4508
201902;W96-9;86;451;1102
201902;W96-9;13;2207;4931
201902;W96-9;14;13263;32653
201902;W96-9;15;3285;8494
201902;W96-9;87;2637;6539
201902;W96-9;18;3219;7873
201902;W96-9;49;302;743
201902;W96-9;19;5147;13343
201902;W96-9;20;20409;48213
201902;W96-9;21;9706;20351
201902;W96-9;22;6802;13967
201902;W96-9;23;2412;5433
201902;W96-9;51;3157;5380
201902;W96-9;88;489;957
201902;W96-9;89;529;1224
201902;W96-9;63;772;1805
201902;W96-9;90;511;1433
201902;W96-9;61;278;663
201902;W96-9;25;6950;14888
201902;W96-9;26;1495;3425
201902;W96-9;27;8992;17541
201902;W96-9;28;2244;5569
201902;W96-9;29;12233;24929
201902;W96-9;91;10099;24287
201902;W96-9;95;904;2111
201902;W96-9;31;2557;5490
201902;W96-9;32;10481;23374
201902;W96-9;10;2632;5070
201902;W96-9;52;2412;4481
201902;W96-9;33;15133;35710
201902;W96-9;34;362;1013
201902;W96-9;17;2405;5135
201902;W96-9;64;7202;14019
201902;W96-9;59;3831;7208
201902;W96-9;65;5855;9863
201902;W96-9;09;6222;11505
201902;W96-9;36;3640;9134
201902;W96-9;92;8244;19168
201902;W96-9;38;6494;11613
201902;W96-9;39;14779;34248
201902;W96-9;96;2301;4379
201902;W96-9;16;19524;43613
201902;W96-9;93;1301;3744
201902;W96-9;57;2185;5585
201902;W96-9;58;1790;4167
201902;W96-9;37;3612;8678
201902;W96-9;40;2155;4901
201903;W96-9;01;7923;16440
201903;W96-9;70;7360;13131
201903;W96-9;71;15627;28655
201903;W96-9;72;14118;24833
201903;W96-9;73;27000;45788
201903;W96-9;74;17963;31603
201903;W96-9;75;25024;44893
201903;W96-9;76;15621;30238
201903;W96-9;77;7928;16242
201903;W96-9;80;26520;59847
201903;W96-9;81;12571;31886
201903;W96-9;82;15033;36544
201903;W96-9;83;12962;29915
201903;W96-9;84;12186;28653
201903;W96-9;85;10165;24050
201903;W96-9;53;11085;26120
201903;W96-9;56;3425;7677
201903;W96-9;60;2406;5959
201903;W96-9;62;4403;10730
201903;W96-9;94;3012;7602
201903;W96-9;08;2931;6175
201903;W96-9;67;14711;26092
201903;W96-9;11;2357;5966
201903;W96-9;86;611;1670
201903;W96-9;13;3051;7733
201903;W96-9;14;15268;37830
201903;W96-9;15;4540;12056
201903;W96-9;87;3024;7631
201903;W96-9;18;3191;8454
201903;W96-9;49;278;692
201903;W96-9;19;8579;21963
201903;W96-9;20;29911;77666
201903;W96-9;21;13786;30525
201903;W96-9;22;6944;14299
201903;W96-9;23;3938;9218
201903;W96-9;51;2959;5635
201903;W96-9;88;741;1849
201903;W96-9;89;563;1299
201903;W96-9;63;706;1594
201903;W96-9;90;681;2037
201903;W96-9;61;417;862
201903;W96-9;25;8729;20816
201903;W96-9;26;2316;5849
201903;W96-9;27;9496;18666
201903;W96-9;28;2607;6765
201903;W96-9;29;10332;23453
201903;W96-9;91;13625;35700
201903;W96-9;95;1478;3720
201903;W96-9;31;3216;7949
201903;W96-9;32;13254;31336
201903;W96-9;10;2572;4596
201903;W96-9;52;2381;4364
201903;W96-9;33;20179;49584
201903;W96-9;34;559;1517
201903;W96-9;17;3313;6784
201903;W96-9;64;7657;12704
201903;W96-9;59;6711;13083
201903;W96-9;65;6388;10057
201903;W96-9;09;7422;13253
201903;W96-9;36;4304;10626
201903;W96-9;92;11022;27079
201903;W96-9;38;8376;15219
201903;W96-9;39;25346;59574
201903;W96-9;96;3377;6908
201903;W96-9;16;24044;55005
201903;W96-9;93;1585;5168
201903;W96-9;57;2684;7745
201903;W96-9;58;2672;6390
201903;W96-9;37;4437;10838
201903;W96-9;40;3355;8259
201904;W96-9;01;6805;13016
201904;W96-9;70;7416;13890
201904;W96-9;71;14857;27529
201904;W96-9;72;13025;24399
201904;W96-9;73;25363;44506
201904;W96-9;74;18355;35446
201904;W96-9;75;24337;44927
201904;W96-9;76;15960;31298
201904;W96-9;77;7767;16586
201904;W96-9;80;35771;85830
201904;W96-9;81;16661;43691
201904;W96-9;82;19212;49804
201904;W96-9;83;17958;46861
201904;W96-9;84;15836;41380
201904;W96-9;85;14417;38733
201904;W96-9;53;13976;34952
201904;W96-9;56;3319;7488
201904;W96-9;60;4283;10885
201904;W96-9;62;5058;13822
201904;W96-9;94;4372;11499
201904;W96-9;08;3705;8896
201904;W96-9;67;19078;38332
201904;W96-9;11;3706;10678
201904;W96-9;86;813;2002
201904;W96-9;13;4074;10577
201904;W96-9;14;19019;51380
201904;W96-9;15;4162;11278
201904;W96-9;87;2534;6282
201904;W96-9;18;3019;7504
201904;W96-9;49;543;1521
201904;W96-9;19;7641;22765
201904;W96-9;20;38805;101711
201904;W96-9;21;13215;26441
201904;W96-9;22;7382;15809
201904;W96-9;23;4676;11887
201904;W96-9;51;3554;6939
201904;W96-9;88;560;1314
201904;W96-9;89;675;1639
201904;W96-9;63;1304;3343
201904;W96-9;90;637;1678
201904;W96-9;61;687;1679
201904;W96-9;25;9729;24383
201904;W96-9;26;2708;7552
201904;W96-9;27;10221;21100
201904;W96-9;28;3828;10015
201904;W96-9;29;12842;29674
201904;W96-9;91;16176;40732
201904;W96-9;95;2120;4782
201904;W96-9;31;5440;14396
201904;W96-9;32;21526;56827
201904;W96-9;10;2487;4519
201904;W96-9;52;2600;4958
201904;W96-9;33;21062;52356
201904;W96-9;34;577;1516
201904;W96-9;17;4992;10430
201904;W96-9;64;8352;16129
201904;W96-9;59;11186;20524
201904;W96-9;65;7115;11961
201904;W96-9;09;9493;17334
201904;W96-9;36;3576;8109
201904;W96-9;92;10344;24335
201904;W96-9;38;7876;14773
201904;W96-9;39;32806;77658
201904;W96-9;96;3701;8621
201904;W96-9;16;25921;62118
201904;W96-9;93;1174;3248
201904;W96-9;57;3120;7862
201904;W96-9;58;2782;6323
201904;W96-9;37;6976;16171
201904;W96-9;40;4330;9145
201905;W96-9;01;7564;15175
201905;W96-9;70;9217;16701
201905;W96-9;71;17225;32410
201905;W96-9;72;15801;28205
201905;W96-9;73;30920;51798
201905;W96-9;74;20974;39323
201905;W96-9;75;30062;54550
201905;W96-9;76;18610;36737
201905;W96-9;77;10121;20725
201905;W96-9;80;32528;73799
201905;W96-9;81;16019;40353
201905;W96-9;82;19470;50141
201905;W96-9;83;17759;43204
201905;W96-9;84;16692;41339
201905;W96-9;85;14319;36736
201905;W96-9;53;14062;33680
201905;W96-9;56;1927;4249
201905;W96-9;60;5653;14041
201905;W96-9;62;5445;12964
201905;W96-9;94;5212;13094
201905;W96-9;08;3515;8474
201905;W96-9;67;24121;40650
201905;W96-9;11;3278;8490
201905;W96-9;86;769;1976
201905;W96-9;13;3520;8004
201905;W96-9;14;18435;47336
201905;W96-9;15;2791;6915
201905;W96-9;87;3080;7389
201905;W96-9;18;2826;6786
201905;W96-9;49;506;1273
201905;W96-9;19;8270;23244
201905;W96-9;20;21800;51764
201905;W96-9;21;16052;33205
201905;W96-9;22;6046;12576
201905;W96-9;23;8651;21541
201905;W96-9;51;3053;5282
201905;W96-9;88;745;1677
201905;W96-9;89;807;1792
201905;W96-9;63;1230;3692
201905;W96-9;90;532;1603
201905;W96-9;61;1002;2319
201905;W96-9;25;11070;28431
201905;W96-9;26;2724;6620
201905;W96-9;27;12824;27281
201905;W96-9;28;2566;6240
201905;W96-9;29;11139;26406
201905;W96-9;91;18881;49458
201905;W96-9;95;933;2007
201905;W96-9;31;6248;15473
201905;W96-9;32;19757;48192
201905;W96-9;10;3086;5783
201905;W96-9;52;3093;5653
201905;W96-9;33;19440;44278
201905;W96-9;34;776;1857
201905;W96-9;17;8621;17537
201905;W96-9;64;11223;20268
201905;W96-9;59;9554;18466
201905;W96-9;65;7809;11934
201905;W96-9;09;9751;16792
201905;W96-9;36;3745;8156
201905;W96-9;92;10440;25286
201905;W96-9;38;7602;13711
201905;W96-9;39;45258;104744
201905;W96-9;96;2015;4735
201905;W96-9;16;28137;65570
201905;W96-9;93;961;2764
201905;W96-9;57;2023;4953
201905;W96-9;58;2383;5325
201905;W96-9;37;8136;19273
201905;W96-9;40;2878;6478
201906;W96-9;01;8915;16931
201906;W96-9;70;9299;17767
201906;W96-9;71;15995;31189
201906;W96-9;72;14704;27978
201906;W96-9;73;24658;45344
201906;W96-9;74;18434;35596
201906;W96-9;75;24036;44110
201906;W96-9;76;18336;37272
201906;W96-9;77;10179;22147
201906;W96-9;80;31740;79737
201906;W96-9;81;16706;44743
201906;W96-9;82;18721;49271
201906;W96-9;83;16417;41833
201906;W96-9;84;14741;37113
201906;W96-9;85;12425;32192
201906;W96-9;53;13559;32487
201906;W96-9;56;5289;12806
201906;W96-9;60;7200;18762
201906;W96-9;62;4816;11843
201906;W96-9;94;5442;13632
201906;W96-9;08;2914;6574
201906;W96-9;67;29574;53270
201906;W96-9;11;2640;6756
201906;W96-9;86;947;2252
201906;W96-9;13;3640;9038
201906;W96-9;14;16105;40034
201906;W96-9;15;2361;5803
201906;W96-9;87;3117;7475
201906;W96-9;18;3038;7652
201906;W96-9;49;630;1679
201906;W96-9;19;8246;22814
201906;W96-9;20;16870;40902
201906;W96-9;21;13468;28410
201906;W96-9;22;4876;9819
201906;W96-9;23;7877;19138
201906;W96-9;51;3636;6671
201906;W96-9;88;664;1495
201906;W96-9;89;898;1916
201906;W96-9;63;1056;2467
201906;W96-9;90;465;1257
201906;W96-9;61;1438;3701
201906;W96-9;25;10784;26902
201906;W96-9;26;2646;6701
201906;W96-9;27;12078;23687
201906;W96-9;28;2891;6825
201906;W96-9;29;11094;25420
201906;W96-9;91;14230;32897
201906;W96-9;95;5542;12967
201906;W96-9;31;5383;13085
201906;W96-9;32;17601;41652
201906;W96-9;10;3163;5666
201906;W96-9;52;3103;5483
201906;W96-9;33;18921;44165
201906;W96-9;34;1017;2580
201906;W96-9;17;11418;24726
201906;W96-9;64;12918;24621
201906;W96-9;59;10586;20615
201906;W96-9;65;8703;14672
201906;W96-9;09;8574;14295
201906;W96-9;36;5784;13218
201906;W96-9;92;8979;19910
201906;W96-9;38;8065;15161
201906;W96-9;39;53302;124863
201906;W96-9;96;4250;8715
201906;W96-9;16;27485;61817
201906;W96-9;93;1038;2785
201906;W96-9;57;3406;9222
201906;W96-9;58;4210;9509
201906;W96-9;37;9001;21249
201906;W96-9;40;4863;9632
201907;W96-9;01;8221;16344
201907;W96-9;70;7932;14849
201907;W96-9;71;13666;26009
201907;W96-9;72;13099;23971
201907;W96-9;73;22890;41147
201907;W96-9;74;14622;27263
201907;W96-9;75;21723;40484
201907;W96-9;76;13949;27835
201907;W96-9;77;7195;15398
201907;W96-9;80;28451;65931
201907;W96-9;81;15641;39210
201907;W96-9;82;20298;52893
201907;W96-9;83;17634;44582
201907;W96-9;84;17272;44545
201907;W96-9;85;14516;36550
201907;W96-9;53;13768;33666
201907;W96-9;56;8251;21053
201907;W96-9;60;7640;18963
201907;W96-9;62;6340;15936
201907;W96-9;94;5992;15117
201907;W96-9;08;3029;7044
201907;W96-9;67;36679;73756
201907;W96-9;11;5578;14090
201907;W96-9;86;1469;3159
201907;W96-9;13;4766;12204
201907;W96-9;14;16324;41929
201907;W96-9;15;2737;7213
201907;W96-9;87;3296;8185
201907;W96-9;18;3227;7944
201907;W96-9;49;673;1830
201907;W96-9;19;10575;26240
201907;W96-9;20;21636;56162
201907;W96-9;21;13352;29024
201907;W96-9;22;3521;7472
201907;W96-9;23;8018;20158
201907;W96-9;51;2265;4250
201907;W96-9;88;857;1669
201907;W96-9;89;1195;2056
201907;W96-9;63;1080;2679
201907;W96-9;90;675;1825
201907;W96-9;61;1336;3326
201907;W96-9;25;13526;32195
201907;W96-9;26;3679;8698
201907;W96-9;27;17484;31239
201907;W96-9;28;3148;7254
201907;W96-9;29;14420;31523
201907;W96-9;91;15760;36635
201907;W96-9;95;8523;22765
201907;W96-9;31;7318;16214
201907;W96-9;32;15374;36724
201907;W96-9;10;3371;6766
201907;W96-9;52;3023;5756
201907;W96-9;33;28427;69238
201907;W96-9;34;808;2209
201907;W96-9;17;7696;16642
201907;W96-9;64;14993;31193
201907;W96-9;59;7861;16306
201907;W96-9;65;7614;14756
201907;W96-9;09;10391;18081
201907;W96-9;36;5664;11222
201907;W96-9;92;9584;21020
201907;W96-9;38;8891;16684
201907;W96-9;39;50463;116173
201907;W96-9;96;6684;15578
201907;W96-9;16;28103;62564
201907;W96-9;93;1721;5630
201907;W96-9;57;3788;10227
201907;W96-9;58;4254;10637
201907;W96-9;37;10254;24674
201907;W96-9;40;4089;8613
201908;W96-9;01;8544;16781
201908;W96-9;70;8255;15353
201908;W96-9;71;14898;27699
201908;W96-9;72;13761;25443
201908;W96-9;73;24891;42625
201908;W96-9;74;15628;28888
201908;W96-9;75;23221;41762
201908;W96-9;76;15127;30332
201908;W96-9;77;8218;17347
201908;W96-9;80;38434;91092
201908;W96-9;81;18964;48968
201908;W96-9;82;21389;55361
201908;W96-9;83;19473;48466
201908;W96-9;84;18328;46048
201908;W96-9;85;18641;47107
201908;W96-9;53;14275;34941
201908;W96-9;56;11866;35462
201908;W96-9;60;6587;16667
201908;W96-9;62;5665;14210
201908;W96-9;94;4793;11769
201908;W96-9;08;2823;6173
201908;W96-9;67;35672;71153
201908;W96-9;11;2846;7626
201908;W96-9;86;866;1865
201908;W96-9;13;3314;8060
201908;W96-9;14;20751;55356
201908;W96-9;15;3654;9773
201908;W96-9;87;2999;7165
201908;W96-9;18;2789;6764
201908;W96-9;49;583;1507
201908;W96-9;19;10635;25823
201908;W96-9;20;43446;121674
201908;W96-9;21;16140;37404
201908;W96-9;22;3590;7783
201908;W96-9;23;7926;19760
201908;W96-9;51;2738;4916
201908;W96-9;88;693;1401
201908;W96-9;89;970;1697
201908;W96-9;63;1255;3579
201908;W96-9;90;578;1789
201908;W96-9;61;1259;2965
201908;W96-9;25;13253;32933
201908;W96-9;26;2190;5870
201908;W96-9;27;19760;36725
201908;W96-9;28;3781;9461
201908;W96-9;29;18155;39875
201908;W96-9;91;16864;39527
201908;W96-9;95;8530;22653
201908;W96-9;31;4255;9818
201908;W96-9;32;14483;35382
201908;W96-9;10;3062;5745
201908;W96-9;52;2883;5415
201908;W96-9;33;36374;95112
201908;W96-9;34;869;2311
201908;W96-9;17;5549;11329
201908;W96-9;64;13097;27374
201908;W96-9;59;7148;15299
201908;W96-9;65;7424;14057
201908;W96-9;09;9435;16937
201908;W96-9;36;4579;9859
201908;W96-9;92;10856;23536
201908;W96-9;38;9038;16787
201908;W96-9;39;43235;101580
201908;W96-9;96;8978;22368
201908;W96-9;16;30006;67646
201908;W96-9;93;1941;6203
201908;W96-9;57;3812;10010
201908;W96-9;58;3698;9641
201908;W96-9;37;7797;18132
201908;W96-9;40;2883;6572
201909;W96-9;01;7865;15368
201909;W96-9;70;8580;15571
201909;W96-9;71;15002;27992
201909;W96-9;72;15625;28984
201909;W96-9;73;25189;43781
201909;W96-9;74;17129;30527
201909;W96-9;75;23072;42160
201909;W96-9;76;15313;31569
201909;W96-9;77;8179;17491
201909;W96-9;80;28177;66407
201909;W96-9;81;16186;40662
201909;W96-9;82;18962;48828
201909;W96-9;83;16739;40376
201909;W96-9;84;15655;39456
201909;W96-9;85;13398;33296
201909;W96-9;53;13428;37353
201909;W96-9;56;3660;8852
201909;W96-9;60;7435;18828
201909;W96-9;62;5897;14035
201909;W96-9;94;5504;13703
201909;W96-9;08;3209;7175
201909;W96-9;67;28539;50756
201909;W96-9;11;3100;8512
201909;W96-9;86;950;1912
201909;W96-9;13;3533;8278
201909;W96-9;14;15390;37753
201909;W96-9;15;1975;4804
201909;W96-9;87;3029;6833
201909;W96-9;18;2468;5951
201909;W96-9;49;511;1461
201909;W96-9;19;8430;24246
201909;W96-9;20;20637;51686
201909;W96-9;21;16176;35781
201909;W96-9;22;5811;11099
201909;W96-9;23;9018;23160
201909;W96-9;51;3238;5725
201909;W96-9;88;650;1364
201909;W96-9;89;690;1382
201909;W96-9;63;955;2441
201909;W96-9;90;483;1391
201909;W96-9;61;1215;3279
201909;W96-9;25;10452;26092
201909;W96-9;26;2754;7044
201909;W96-9;27;10742;20768
201909;W96-9;28;2424;6078
201909;W96-9;29;11636;25371
201909;W96-9;91;14833;35085
201909;W96-9;95;3438;8157
201909;W96-9;31;4879;11941
201909;W96-9;32;16477;39284
201909;W96-9;10;2593;5154
201909;W96-9;52;2512;4810
201909;W96-9;33;22230;54110
201909;W96-9;34;784;2310
201909;W96-9;17;5029;10394
201909;W96-9;64;8628;17389
201909;W96-9;59;7255;14704
201909;W96-9;65;7973;14062
201909;W96-9;09;7809;13750
201909;W96-9;36;3816;8465
201909;W96-9;92;8323;18696
201909;W96-9;38;7594;13758
201909;W96-9;39;49396;113769
201909;W96-9;96;3943;8730
201909;W96-9;16;27119;62492
201909;W96-9;93;726;1936
201909;W96-9;57;3093;8277
201909;W96-9;58;3872;9358
201909;W96-9;37;8340;19821
201909;W96-9;40;5826;15015
201910;W96-9;01;7978;15380
201910;W96-9;70;10246;19375
201910;W96-9;71;18028;33801
201910;W96-9;72;17218;31650
201910;W96-9;73;29779;52599
201910;W96-9;74;20744;38920
201910;W96-9;75;27607;49548
201910;W96-9;76;19415;38821
201910;W96-9;77;10175;21549
201910;W96-9;80;33227;77701
201910;W96-9;81;17691;44025
201910;W96-9;82;20843;53206
201910;W96-9;83;18321;46075
201910;W96-9;84;16362;41568
201910;W96-9;85;15042;39072
201910;W96-9;53;14339;35028
201910;W96-9;56;2929;6729
201910;W96-9;60;4839;12791
201910;W96-9;62;4423;10166
201910;W96-9;94;4757;12474
201910;W96-9;08;3744;7857
201910;W96-9;67;29253;52104
201910;W96-9;11;3008;8291
201910;W96-9;86;830;1944
201910;W96-9;13;3330;8015
201910;W96-9;14;16272;40510
201910;W96-9;15;3794;9162
201910;W96-9;87;3351;8405
201910;W96-9;18;3072;7617
201910;W96-9;49;487;1092
201910;W96-9;19;8116;22930
201910;W96-9;20;23275;53542
201910;W96-9;21;16194;32465
201910;W96-9;22;6850;14200
201910;W96-9;23;6862;17484
201910;W96-9;51;4116;7552
201910;W96-9;88;724;1713
201910;W96-9;89;878;1787
201910;W96-9;63;1180;3146
201910;W96-9;90;535;1595
201910;W96-9;61;834;1971
201910;W96-9;25;10690;25772
201910;W96-9;26;2653;6545
201910;W96-9;27;7486;15626
201910;W96-9;28;2912;6388
201910;W96-9;29;10623;24275
201910;W96-9;91;15546;37659
201910;W96-9;95;2009;4602
201910;W96-9;31;4496;11095
201910;W96-9;32;17940;46089
201910;W96-9;10;3021;6634
201910;W96-9;52;3809;6903
201910;W96-9;33;20400;46998
201910;W96-9;34;535;1473
201910;W96-9;17;5558;11785
201910;W96-9;64;10121;19444
201910;W96-9;59;10920;19942
201910;W96-9;65;8971;14591
201910;W96-9;09;11786;21079
201910;W96-9;36;4722;9683
201910;W96-9;92;10369;23978
201910;W96-9;38;10114;18258
201910;W96-9;39;40782;94166
201910;W96-9;96;3148;6412
201910;W96-9;16;23964;55505
201910;W96-9;93;672;1634
201910;W96-9;57;2915;7970
201910;W96-9;58;4397;9230
201910;W96-9;37;7909;18225
201910;W96-9;40;3544;8251
201911;W96-9;01;8638;16793
201911;W96-9;70;9766;17270
201911;W96-9;71;18295;34187
201911;W96-9;72;16933;29112
201911;W96-9;73;29429;50800
201911;W96-9;74;20622;37032
201911;W96-9;75;28447;48810
201911;W96-9;76;19556;37726
201911;W96-9;77;10688;22277
201911;W96-9;80;28461;60522
201911;W96-9;81;13180;29886
201911;W96-9;82;15677;35962
201911;W96-9;83;13569;29962
201911;W96-9;84;12795;29489
201911;W96-9;85;10098;23205
201911;W96-9;53;11588;24472
201911;W96-9;56;2352;5703
201911;W96-9;60;3158;8403
201911;W96-9;62;5024;12127
201911;W96-9;94;2897;7241
201911;W96-9;08;4195;9744
201911;W96-9;67;19316;31798
201911;W96-9;11;2748;6520
201911;W96-9;86;774;1657
201911;W96-9;13;3435;7639
201911;W96-9;14;15780;37766
201911;W96-9;15;6542;17674
201911;W96-9;87;3782;9406
201911;W96-9;18;4002;9420
201911;W96-9;49;406;986
201911;W96-9;19;9143;26708
201911;W96-9;20;27695;67544
201911;W96-9;21;11895;23308
201911;W96-9;22;8809;17862
201911;W96-9;23;3883;9177
201911;W96-9;51;4728;8915
201911;W96-9;88;1059;2495
201911;W96-9;89;1328;3115
201911;W96-9;63;1008;2430
201911;W96-9;90;948;2363
201911;W96-9;61;476;1172
201911;W96-9;25;9265;21558
201911;W96-9;26;2780;6750
201911;W96-9;27;8068;16490
201911;W96-9;28;3968;10368
201911;W96-9;29;13565;31269
201911;W96-9;91;15572;37535
201911;W96-9;95;1310;3354
201911;W96-9;31;4137;10143
201911;W96-9;32;14354;32165
201911;W96-9;10;3264;7019
201911;W96-9;52;3179;5907
201911;W96-9;33;20115;46879
201911;W96-9;34;509;1080
201911;W96-9;17;3823;7604
201911;W96-9;64;6354;12294
201911;W96-9;59;7765;14630
201911;W96-9;65;6636;10474
201911;W96-9;09;10699;18198
201911;W96-9;36;5402;11471
201911;W96-9;92;9203;21001
201911;W96-9;38;10713;18512
201911;W96-9;39;28180;64504
201911;W96-9;96;1802;4228
201911;W96-9;16;27522;64026
201911;W96-9;93;1289;3508
201911;W96-9;57;2498;6138
201911;W96-9;58;4071;8207
201911;W96-9;37;4506;10000
201911;W96-9;40;2756;6303
201912;W96-9;01;8530;15135
201912;W96-9;70;10120;18198
201912;W96-9;71;15039;28142
201912;W96-9;72;15384;26961
201912;W96-9;73;25000;43998
201912;W96-9;74;15331;28456
201912;W96-9;75;22615;40407
201912;W96-9;76;15302;29456
201912;W96-9;77;8293;16613
201912;W96-9;80;28138;62070
201912;W96-9;81;14412;33494
201912;W96-9;82;17272;42583
201912;W96-9;83;15171;37259
201912;W96-9;84;13828;34729
201912;W96-9;85;11827;28247
201912;W96-9;53;12860;29404
201912;W96-9;56;3197;7176
201912;W96-9;60;7451;20561
201912;W96-9;62;5556;14403
201912;W96-9;94;3542;9316
201912;W96-9;08;7099;17443
201912;W96-9;67;15202;27717
201912;W96-9;11;2579;7013
201912;W96-9;86;881;2064
201912;W96-9;13;3681;9474
201912;W96-9;14;21769;59446
201912;W96-9;15;19150;52953
201912;W96-9;87;3875;9882
201912;W96-9;18;3983;10620
201912;W96-9;49;622;1855
201912;W96-9;19;17017;53633
201912;W96-9;20;41233;106245
201912;W96-9;21;14123;28949
201912;W96-9;22;7909;15497
201912;W96-9;23;4612;11772
201912;W96-9;51;6393;11360
201912;W96-9;88;1275;2963
201912;W96-9;89;1233;2806
201912;W96-9;63;1349;3878
201912;W96-9;90;1671;5501
201912;W96-9;61;779;2054
201912;W96-9;25;11604;29874
201912;W96-9;26;2761;7363
201912;W96-9;27;9660;19009
201912;W96-9;28;5144;13328
201912;W96-9;29;24780;56574
201912;W96-9;91;18625;46147
201912;W96-9;95;1216;2785
201912;W96-9;31;4382;10811
201912;W96-9;32;17506;42544
201912;W96-9;10;3606;6840
201912;W96-9;52;4649;7949
201912;W96-9;33;28344;71990
201912;W96-9;34;1199;3169
201912;W96-9;17;4241;9051
201912;W96-9;64;7189;15071
201912;W96-9;59;11939;23712
201912;W96-9;65;4894;8688
201912;W96-9;09;13516;21765
201912;W96-9;36;5989;13545
201912;W96-9;92;11049;27071
201912;W96-9;38;12659;20929
201912;W96-9;39;40407;97275
201912;W96-9;96;4483;9478
201912;W96-9;16;36510;94369
201912;W96-9;93;3274;10031
201912;W96-9;57;3376;7923
201912;W96-9;58;3372;7931
201912;W96-9;37;5755;13000
201912;W96-9;40;3796;8846
202001;W96-9;01;7482;13915
202001;W96-9;70;6786;11483
202001;W96-9;71;11388;20694
202001;W96-9;72;13985;23907
202001;W96-9;73;19872;34162
202001;W96-9;74;13581;23879
202001;W96-9;75;19438;34304
202001;W96-9;76;11782;21932
202001;W96-9;77;6221;11535
202001;W96-9;80;21822;45860
202001;W96-9;81;9875;22697
202001;W96-9;82;11539;26125
202001;W96-9;83;11418;24824
202001;W96-9;84;10064;22574
202001;W96-9;85;7765;17721
202001;W96-9;53;9075;19288
202001;W96-9;56;2338;5554
202001;W96-9;60;4988;14093
202001;W96-9;62;3799;8602
202001;W96-9;94;4047;10484
202001;W96-9;08;2406;5361
202001;W96-9;67;16509;30613
202001;W96-9;11;1828;4141
202001;W96-9;86;481;1142
202001;W96-9;13;1956;4500
202001;W96-9;14;13043;32240
202001;W96-9;15;9158;25815
202001;W96-9;87;3354;8327
202001;W96-9;18;2656;6207
202001;W96-9;49;329;798
202001;W96-9;19;9308;26322
202001;W96-9;20;26915;71162
202001;W96-9;21;8085;17858
202001;W96-9;22;7111;15784
202001;W96-9;23;2749;6099
202001;W96-9;51;4483;8442
202001;W96-9;88;988;2089
202001;W96-9;89;891;1950
202001;W96-9;63;617;1278
202001;W96-9;90;725;1753
202001;W96-9;61;467;1157
202001;W96-9;25;6922;15368
202001;W96-9;26;1667;3654
202001;W96-9;27;8265;16356
202001;W96-9;28;3893;9787
202001;W96-9;29;15411;29478
202001;W96-9;91;18889;49588
202001;W96-9;95;1833;4623
202001;W96-9;31;2565;5708
202001;W96-9;32;9783;22613
202001;W96-9;10;2214;4575
202001;W96-9;52;2199;4265
202001;W96-9;33;18035;43205
202001;W96-9;34;666;1745
202001;W96-9;17;2248;4514
202001;W96-9;64;6708;14738
202001;W96-9;59;5040;10307
202001;W96-9;65;4749;8286
202001;W96-9;09;5778;10241
202001;W96-9;36;5416;12934
202001;W96-9;92;13346;29430
202001;W96-9;38;6432;11290
202001;W96-9;39;21533;46391
202001;W96-9;96;3139;6329
202001;W96-9;16;18897;43888
202001;W96-9;93;1747;4965
202001;W96-9;57;2613;6206
202001;W96-9;58;2755;6782
202001;W96-9;37;5328;11694
202001;W96-9;40;3141;7247
202002;W96-9;01;7946;15533
202002;W96-9;70;6890;11857
202002;W96-9;71;12512;23106
202002;W96-9;72;12687;22249
202002;W96-9;73;22228;38157
202002;W96-9;74;13249;24662
202002;W96-9;75;20372;36242
202002;W96-9;76;11912;22208
202002;W96-9;77;6024;12216
202002;W96-9;80;20731;45065
202002;W96-9;81;10009;24133
202002;W96-9;82;11888;28139
202002;W96-9;83;11364;24875
202002;W96-9;84;9658;22007
202002;W96-9;85;7876;18529
202002;W96-9;53;9358;20897
202002;W96-9;56;1881;4559
202002;W96-9;60;1866;5048
202002;W96-9;62;4514;11174
202002;W96-9;94;2953;7894
202002;W96-9;08;2446;5574
202002;W96-9;67;6472;13017
202002;W96-9;11;1832;4652
202002;W96-9;86;517;1104
202002;W96-9;13;2429;6032
202002;W96-9;14;14100;36466
202002;W96-9;15;6431;17574
202002;W96-9;87;2650;6434
202002;W96-9;18;2696;6456
202002;W96-9;49;284;653
202002;W96-9;19;7439;20414
202002;W96-9;20;18878;46662
202002;W96-9;21;9895;20994
202002;W96-9;22;5753;12030
202002;W96-9;23;2657;6607
202002;W96-9;51;2912;5485
202002;W96-9;88;971;2092
202002;W96-9;89;913;2147
202002;W96-9;63;726;1777
202002;W96-9;90;548;1536
202002;W96-9;61;263;704
202002;W96-9;25;8323;19224
202002;W96-9;26;2026;5121
202002;W96-9;27;8551;16493
202002;W96-9;28;4358;11321
202002;W96-9;29;9201;18721
202002;W96-9;91;12181;29951
202002;W96-9;95;954;2362
202002;W96-9;31;2565;5882
202002;W96-9;32;10626;24546
202002;W96-9;10;2493;5396
202002;W96-9;52;2237;4616
202002;W96-9;33;15455;36701
202002;W96-9;34;443;1219
202002;W96-9;17;1960;4317
202002;W96-9;64;5723;12423
202002;W96-9;59;4131;8301
202002;W96-9;65;4561;8234
202002;W96-9;09;6217;11397
202002;W96-9;36;4393;11688
202002;W96-9;92;8634;19251
202002;W96-9;38;6175;11462
202002;W96-9;39;15982;37849
202002;W96-9;96;2347;4332
202002;W96-9;16;19796;46367
202002;W96-9;93;1379;3758
202002;W96-9;57;2119;5556
202002;W96-9;58;2138;4654
202002;W96-9;37;4147;9914
202002;W96-9;40;2455;5700
202003;W96-9;01;4233;9739
202003;W96-9;70;2843;5991
202003;W96-9;71;4486;9082
202003;W96-9;72;4924;9594
202003;W96-9;73;7405;14310
202003;W96-9;74;5201;10452
202003;W96-9;75;7596;15039
202003;W96-9;76;4147;8587
202003;W96-9;77;2293;4806
202003;W96-9;80;7751;17663
202003;W96-9;81;3748;9663
202003;W96-9;82;4238;10705
202003;W96-9;83;3853;9671
202003;W96-9;84;3889;9266
202003;W96-9;85;2790;6874
202003;W96-9;53;3704;9384
202003;W96-9;56;794;2030
202003;W96-9;60;651;1988
202003;W96-9;62;1302;3111
202003;W96-9;94;1115;2968
202003;W96-9;08;977;2465
202003;W96-9;67;1018;2519
202003;W96-9;11;541;1417
202003;W96-9;86;218;518
202003;W96-9;13;1261;3294
202003;W96-9;14;4258;11531
202003;W96-9;15;1502;4931
202003;W96-9;87;947;2541
202003;W96-9;18;851;2379
202003;W96-9;49;58;157
202003;W96-9;19;840;2507
202003;W96-9;20;2925;8547
202003;W96-9;21;3422;7560
202003;W96-9;22;1762;3889
202003;W96-9;23;1114;2949
202003;W96-9;51;735;1541
202003;W96-9;88;432;998
202003;W96-9;89;327;738
202003;W96-9;63;183;439
202003;W96-9;90;98;220
202003;W96-9;61;114;327
202003;W96-9;25;2675;6597
202003;W96-9;26;530;1376
202003;W96-9;27;1725;4484
202003;W96-9;28;1104;2890
202003;W96-9;29;2633;7136
202003;W96-9;91;5702;14814
202003;W96-9;95;524;2194
202003;W96-9;31;697;1804
202003;W96-9;32;3030;7164
202003;W96-9;10;755;2300
202003;W96-9;52;684;1650
202003;W96-9;33;5179;13263
202003;W96-9;34;117;300
202003;W96-9;17;802;2033
202003;W96-9;64;890;2692
202003;W96-9;59;1744;3608
202003;W96-9;65;1164;2175
202003;W96-9;09;1461;3089
202003;W96-9;36;1398;3994
202003;W96-9;92;3659;9392
202003;W96-9;38;1962;4622
202003;W96-9;39;5907;13759
202003;W96-9;96;1160;2131
202003;W96-9;16;6828;17015
202003;W96-9;93;356;1106
202003;W96-9;57;1100;3112
202003;W96-9;58;1140;2945
202003;W96-9;37;1979;4631
202003;W96-9;40;1118;2752
202004;W96-9;01;412;2500
202004;W96-9;70;133;446
202004;W96-9;71;396;1137
202004;W96-9;72;387;1365
202004;W96-9;73;855;2573
202004;W96-9;74;346;836
202004;W96-9;75;805;2218
202004;W96-9;76;286;885
202004;W96-9;77;139;380
202004;W96-9;80;168;651
202004;W96-9;81;73;294
202004;W96-9;82;82;390
202004;W96-9;83;50;253
202004;W96-9;84;71;418
202004;W96-9;85;40;166
202004;W96-9;53;72;427
202004;W96-9;56;161;2435
202004;W96-9;60;9;169
202004;W96-9;62;15;125
202004;W96-9;94;6;129
202004;W96-9;08;17;319
202004;W96-9;67;21;365
202004;W96-9;11;3;12
202004;W96-9;86;3;5
202004;W96-9;13;32;163
202004;W96-9;14;34;329
202004;W96-9;15;19;124
202004;W96-9;87;12;148
202004;W96-9;18;6;49
202004;W96-9;19;3;134
202004;W96-9;20;35;534
202004;W96-9;21;3;65
202004;W96-9;22;37;180
202004;W96-9;23;10;104
202004;W96-9;51;15;117
202004;W96-9;88;2;9
202004;W96-9;63;0;1
202004;W96-9;90;1;4
202004;W96-9;61;0;30
202004;W96-9;25;13;118
202004;W96-9;26;4;27
202004;W96-9;27;39;345
202004;W96-9;28;8;81
202004;W96-9;29;140;965
202004;W96-9;91;60;376
202004;W96-9;95;55;356
202004;W96-9;31;4;14
202004;W96-9;32;34;259
202004;W96-9;10;102;973
202004;W96-9;52;56;363
202004;W96-9;33;34;373
202004;W96-9;17;18;207
202004;W96-9;64;3;79
202004;W96-9;59;4;107
202004;W96-9;09;66;457
202004;W96-9;36;32;142
202004;W96-9;92;43;240
202004;W96-9;38;157;1410
202004;W96-9;39;37;488
202004;W96-9;96;5;70
202004;W96-9;16;38;304
202004;W96-9;93;2;19
202004;W96-9;57;11;156
202004;W96-9;58;10;276
202004;W96-9;37;17;168
202004;W96-9;40;36;139
202005;W96-9;01;1019;2881
202005;W96-9;70;423;861
202005;W96-9;71;954;2178
202005;W96-9;72;1165;2814
202005;W96-9;73;2064;4263
202005;W96-9;74;1045;2143
202005;W96-9;75;1948;4350
202005;W96-9;76;1071;2158
202005;W96-9;77;463;952
202005;W96-9;80;599;1731
202005;W96-9;81;254;799
202005;W96-9;82;173;603
202005;W96-9;83;221;757
202005;W96-9;84;136;493
202005;W96-9;85;184;575
202005;W96-9;53;206;608
202005;W96-9;56;37;461
202005;W96-9;60;7;9
202005;W96-9;62;34;222
202005;W96-9;94;5;209
202005;W96-9;08;90;406
202005;W96-9;67;31;274
202005;W96-9;11;7;23
202005;W96-9;86;6;20
202005;W96-9;13;4;37
202005;W96-9;14;64;276
202005;W96-9;15;14;89
202005;W96-9;87;33;128
202005;W96-9;18;12;91
202005;W96-9;49;1;1
202005;W96-9;19;11;185
202005;W96-9;20;73;562
202005;W96-9;21;6;35
202005;W96-9;22;62;203
202005;W96-9;23;50;124
202005;W96-9;51;35;135
202005;W96-9;89;7;7
202005;W96-9;63;5;5
202005;W96-9;90;1;3
202005;W96-9;61;0;15
202005;W96-9;25;60;204
202005;W96-9;26;1;4
202005;W96-9;27;79;846
202005;W96-9;28;21;188
202005;W96-9;29;394;1275
202005;W96-9;91;62;481
202005;W96-9;95;108;335
202005;W96-9;31;40;50
202005;W96-9;32;151;468
202005;W96-9;10;181;1505
202005;W96-9;52;88;488
202005;W96-9;33;46;274
202005;W96-9;17;1;152
202005;W96-9;64;6;50
202005;W96-9;59;6;77
202005;W96-9;65;28;28
202005;W96-9;09;78;338
202005;W96-9;36;10;10
202005;W96-9;92;35;146
202005;W96-9;38;193;1360
202005;W96-9;39;126;683
202005;W96-9;96;6;70
202005;W96-9;16;53;249
202005;W96-9;57;10;102
202005;W96-9;58;9;250
202005;W96-9;37;4;109
202005;W96-9;40;31;113
202006;W96-9;01;3989;8011
202006;W96-9;70;2438;4126
202006;W96-9;71;4439;8154
202006;W96-9;72;4937;8576
202006;W96-9;73;8475;15186
202006;W96-9;74;5781;10328
202006;W96-9;75;8180;14494
202006;W96-9;76;5690;11005
202006;W96-9;77;3080;6092
202006;W96-9;80;6937;15718
202006;W96-9;81;3108;7468
202006;W96-9;82;3195;7334
202006;W96-9;83;2954;6924
202006;W96-9;84;2533;5882
202006;W96-9;85;2273;5894
202006;W96-9;53;2050;4848
202006;W96-9;56;117;516
202006;W96-9;60;43;74
202006;W96-9;62;353;814
202006;W96-9;94;38;222
202006;W96-9;08;315;911
202006;W96-9;67;64;238
202006;W96-9;11;68;190
202006;W96-9;86;100;157
202006;W96-9;13;232;529
202006;W96-9;14;657;1613
202006;W96-9;15;137;299
202006;W96-9;87;87;239
202006;W96-9;18;87;256
202006;W96-9;49;32;85
202006;W96-9;19;47;228
202006;W96-9;20;1027;2277
202006;W96-9;21;24;115
202006;W96-9;22;446;1064
202006;W96-9;23;122;298
202006;W96-9;51;379;766
202006;W96-9;88;79;146
202006;W96-9;89;64;80
202006;W96-9;63;149;339
202006;W96-9;90;10;19
202006;W96-9;61;18;30
202006;W96-9;25;728;1670
202006;W96-9;26;48;260
202006;W96-9;27;1313;3122
202006;W96-9;28;85;255
202006;W96-9;29;1684;4050
202006;W96-9;91;219;700
202006;W96-9;95;19;87
202006;W96-9;31;75;186
202006;W96-9;32;2543;6335
202006;W96-9;10;625;1494
202006;W96-9;52;403;1013
202006;W96-9;33;342;1037
202006;W96-9;34;11;40
202006;W96-9;17;17;143
202006;W96-9;64;54;135
202006;W96-9;59;68;241
202006;W96-9;65;25;87
202006;W96-9;09;1533;2774
202006;W96-9;36;171;346
202006;W96-9;92;152;388
202006;W96-9;38;1824;3970
202006;W96-9;39;584;1751
202006;W96-9;96;74;290
202006;W96-9;16;1930;4721
202006;W96-9;93;49;133
202006;W96-9;57;82;312
202006;W96-9;58;41;353
202006;W96-9;37;105;260
202006;W96-9;40;444;935
202007;W96-9;01;6024;13564
202007;W96-9;70;4110;8048
202007;W96-9;71;6617;13178
202007;W96-9;72;7495;13725
202007;W96-9;73;13458;25101
202007;W96-9;74;8637;17197
202007;W96-9;75;11975;23438
202007;W96-9;76;8805;19171
202007;W96-9;77;4708;10823
202007;W96-9;80;16239;41062
202007;W96-9;81;7212;19400
202007;W96-9;82;9185;25397
202007;W96-9;83;7397;20414
202007;W96-9;84;7476;20608
202007;W96-9;85;6899;18380
202007;W96-9;53;6373;16419
202007;W96-9;56;160;475
202007;W96-9;60;67;179
202007;W96-9;62;2758;7137
202007;W96-9;94;144;531
202007;W96-9;08;520;1384
202007;W96-9;67;272;776
202007;W96-9;11;1105;2727
202007;W96-9;86;1014;2463
202007;W96-9;13;666;1775
202007;W96-9;14;4085;10219
202007;W96-9;15;465;1085
202007;W96-9;87;167;588
202007;W96-9;18;1283;1956
202007;W96-9;49;95;241
202007;W96-9;19;151;663
202007;W96-9;20;3800;9289
202007;W96-9;21;73;313
202007;W96-9;22;622;1729
202007;W96-9;23;124;428
202007;W96-9;51;583;1393
202007;W96-9;88;324;628
202007;W96-9;89;433;748
202007;W96-9;63;454;1213
202007;W96-9;90;157;370
202007;W96-9;61;16;38
202007;W96-9;25;4461;11133
202007;W96-9;26;258;683
202007;W96-9;27;9473;16803
202007;W96-9;28;120;344
202007;W96-9;29;2700;7040
202007;W96-9;91;588;1644
202007;W96-9;95;48;304
202007;W96-9;31;217;458
202007;W96-9;32;8293;22679
202007;W96-9;10;1458;3339
202007;W96-9;52;925;1872
202007;W96-9;33;3263;7956
202007;W96-9;34;35;120
202007;W96-9;17;75;303
202007;W96-9;64;132;203
202007;W96-9;59;169;484
202007;W96-9;65;67;185
202007;W96-9;09;5301;9748
202007;W96-9;36;233;451
202007;W96-9;92;401;1139
202007;W96-9;38;3281;7390
202007;W96-9;39;1511;4256
202007;W96-9;96;165;418
202007;W96-9;16;1480;3567
202007;W96-9;93;164;451
202007;W96-9;57;242;675
202007;W96-9;58;150;652
202007;W96-9;37;452;995
202007;W96-9;40;937;1986
202008;W96-9;01;6192;14768
202008;W96-9;70;4398;8531
202008;W96-9;71;7256;14393
202008;W96-9;72;7935;15305
202008;W96-9;73;14546;26919
202008;W96-9;74;9055;17906
202008;W96-9;75;14078;27382
202008;W96-9;76;9479;20707
202008;W96-9;77;5541;12979
202008;W96-9;80;20007;52917
202008;W96-9;81;9214;26471
202008;W96-9;82;9904;27241
202008;W96-9;83;8389;23742
202008;W96-9;84;7742;21741
202008;W96-9;85;7441;20183
202008;W96-9;53;6696;17536
202008;W96-9;56;252;821
202008;W96-9;60;122;394
202008;W96-9;62;1707;4790
202008;W96-9;94;139;601
202008;W96-9;08;509;1566
202008;W96-9;67;233;643
202008;W96-9;11;763;1959
202008;W96-9;86;460;994
202008;W96-9;13;501;1217
202008;W96-9;14;6181;17156
202008;W96-9;15;653;1764
202008;W96-9;87;248;766
202008;W96-9;18;306;709
202008;W96-9;49;32;72
202008;W96-9;19;247;1165
202008;W96-9;20;9009;23604
202008;W96-9;21;114;528
202008;W96-9;22;795;2065
202008;W96-9;23;146;423
202008;W96-9;51;489;1113
202008;W96-9;88;172;319
202008;W96-9;89;166;379
202008;W96-9;63;662;1844
202008;W96-9;90;160;433
202008;W96-9;61;35;83
202008;W96-9;25;5801;14572
202008;W96-9;26;229;580
202008;W96-9;27;13257;23934
202008;W96-9;28;271;682
202008;W96-9;29;2690;6269
202008;W96-9;91;510;1459
202008;W96-9;95;69;474
202008;W96-9;31;329;687
202008;W96-9;32;6287;16461
202008;W96-9;10;1685;3372
202008;W96-9;52;1098;2204
202008;W96-9;33;3380;9259
202008;W96-9;34;43;192
202008;W96-9;17;181;531
202008;W96-9;64;137;371
202008;W96-9;59;274;444
202008;W96-9;65;62;184
202008;W96-9;09;5608;10222
202008;W96-9;36;325;675
202008;W96-9;92;600;1352
202008;W96-9;38;4074;8223
202008;W96-9;39;1861;6193
202008;W96-9;96;192;636
202008;W96-9;16;3587;9040
202008;W96-9;93;406;1116
202008;W96-9;57;303;839
202008;W96-9;58;218;585
202008;W96-9;37;337;892
202008;W96-9;40;1110;2371
202009;W96-9;01;7069;15975
202009;W96-9;70;4087;8352
202009;W96-9;71;7263;14469
202009;W96-9;72;8003;15408
202009;W96-9;73;13807;25752
202009;W96-9;74;8722;16935
202009;W96-9;75;13082;24893
202009;W96-9;76;7909;16650
202009;W96-9;77;4398;9557
202009;W96-9;80;9696;25383
202009;W96-9;81;4764;13651
202009;W96-9;82;5100;14548
202009;W96-9;83;4858;13569
202009;W96-9;84;4268;12170
202009;W96-9;85;4165;12095
202009;W96-9;53;3886;10710
202009;W96-9;56;269;1058
202009;W96-9;60;108;457
202009;W96-9;62;1323;3450
202009;W96-9;94;86;252
202009;W96-9;08;743;2247
202009;W96-9;67;211;672
202009;W96-9;11;625;1715
202009;W96-9;86;99;264
202009;W96-9;13;409;1172
202009;W96-9;14;3285;9026
202009;W96-9;15;550;1379
202009;W96-9;87;250;970
202009;W96-9;18;222;557
202009;W96-9;49;39;62
202009;W96-9;19;391;1420
202009;W96-9;20;4730;11924
202009;W96-9;21;75;310
202009;W96-9;22;856;2326
202009;W96-9;23;192;592
202009;W96-9;51;533;1585
202009;W96-9;88;98;300
202009;W96-9;89;79;125
202009;W96-9;63;582;1593
202009;W96-9;90;210;541
202009;W96-9;61;41;61
202009;W96-9;25;3799;9999
202009;W96-9;26;122;320
202009;W96-9;27;6917;14442
202009;W96-9;28;338;880
202009;W96-9;29;2923;7412
202009;W96-9;91;593;1780
202009;W96-9;95;49;449
202009;W96-9;31;297;796
202009;W96-9;32;3548;9595
202009;W96-9;10;1053;2596
202009;W96-9;52;1087;2781
202009;W96-9;33;1425;3820
202009;W96-9;34;169;386
202009;W96-9;17;140;367
202009;W96-9;64;71;263
202009;W96-9;59;150;466
202009;W96-9;65;23;99
202009;W96-9;09;4031;7774
202009;W96-9;36;291;783
202009;W96-9;92;701;1904
202009;W96-9;38;1151;3688
202009;W96-9;39;1447;4789
202009;W96-9;96;134;565
202009;W96-9;16;1962;5694
202009;W96-9;93;188;470
202009;W96-9;57;328;1061
202009;W96-9;58;292;982
202009;W96-9;37;250;902
202009;W96-9;40;1025;2408
202010;W96-9;01;6697;15255
202010;W96-9;70;3508;6437
202010;W96-9;71;6236;11812
202010;W96-9;72;6769;14240
202010;W96-9;73;11962;22345
202010;W96-9;74;6829;13208
202010;W96-9;75;10203;19702
202010;W96-9;76;6689;14168
202010;W96-9;77;3413;7970
202010;W96-9;80;2792;6806
202010;W96-9;81;1180;3690
202010;W96-9;82;1382;3977
202010;W96-9;83;1487;4828
202010;W96-9;84;1126;3133
202010;W96-9;85;1114;3133
202010;W96-9;53;1447;3880
202010;W96-9;56;436;1287
202010;W96-9;60;77;382
202010;W96-9;62;539;1728
202010;W96-9;94;86;333
202010;W96-9;08;606;1898
202010;W96-9;67;112;395
202010;W96-9;11;251;837
202010;W96-9;86;83;135
202010;W96-9;13;214;536
202010;W96-9;14;2033;6119
202010;W96-9;15;569;1299
202010;W96-9;87;257;939
202010;W96-9;18;147;383
202010;W96-9;49;31;38
202010;W96-9;19;177;778
202010;W96-9;20;3584;9164
202010;W96-9;21;128;426
202010;W96-9;22;1075;2808
202010;W96-9;23;175;685
202010;W96-9;51;501;1650
202010;W96-9;88;81;170
202010;W96-9;89;82;172
202010;W96-9;63;374;879
202010;W96-9;90;211;501
202010;W96-9;61;46;79
202010;W96-9;25;1106;2841
202010;W96-9;26;64;126
202010;W96-9;27;3274;8145
202010;W96-9;28;348;825
202010;W96-9;29;2069;5733
202010;W96-9;91;764;1993
202010;W96-9;95;57;704
202010;W96-9;31;405;1094
202010;W96-9;32;1097;3461
202010;W96-9;10;1122;3640
202010;W96-9;52;450;1271
202010;W96-9;33;928;2613
202010;W96-9;34;208;337
202010;W96-9;17;79;366
202010;W96-9;64;49;295
202010;W96-9;59;159;422
202010;W96-9;65;31;179
202010;W96-9;09;1656;3687
202010;W96-9;36;226;632
202010;W96-9;92;786;2386
202010;W96-9;38;1283;3379
202010;W96-9;39;1043;3860
202010;W96-9;96;344;691
202010;W96-9;16;1630;4996
202010;W96-9;93;78;198
202010;W96-9;57;284;810
202010;W96-9;58;212;812
202010;W96-9;37;218;683
202010;W96-9;40;947;2262
202011;W96-9;01;2552;7697
202011;W96-9;70;1003;2675
202011;W96-9;71;1782;4350
202011;W96-9;72;1762;4820
202011;W96-9;73;3463;7896
202011;W96-9;74;1860;4751
202011;W96-9;75;3555;8740
202011;W96-9;76;1607;3939
202011;W96-9;77;775;2065
202011;W96-9;80;1109;3107
202011;W96-9;81;433;1697
202011;W96-9;82;468;1627
202011;W96-9;83;392;1337
202011;W96-9;84;365;1404
202011;W96-9;85;304;979
202011;W96-9;53;516;1654
202011;W96-9;56;400;1044
202011;W96-9;60;11;164
202011;W96-9;62;130;399
202011;W96-9;94;11;107
202011;W96-9;08;151;609
202011;W96-9;67;60;291
202011;W96-9;11;58;212
202011;W96-9;86;11;16
202011;W96-9;13;123;387
202011;W96-9;14;391;1247
202011;W96-9;15;83;248
202011;W96-9;87;54;356
202011;W96-9;18;113;290
202011;W96-9;49;1;3
202011;W96-9;19;47;331
202011;W96-9;20;603;2182
202011;W96-9;21;62;276
202011;W96-9;22;334;1265
202011;W96-9;23;54;354
202011;W96-9;51;149;956
202011;W96-9;88;14;50
202011;W96-9;89;21;62
202011;W96-9;63;37;128
202011;W96-9;90;21;99
202011;W96-9;61;6;11
202011;W96-9;25;420;926
202011;W96-9;26;10;79
202011;W96-9;27;836;2582
202011;W96-9;28;53;238
202011;W96-9;29;512;2081
202011;W96-9;91;191;701
202011;W96-9;95;27;219
202011;W96-9;31;70;286
202011;W96-9;32;412;1671
202011;W96-9;10;367;1277
202011;W96-9;52;149;471
202011;W96-9;33;186;690
202011;W96-9;34;12;97
202011;W96-9;17;32;243
202011;W96-9;64;15;132
202011;W96-9;59;32;97
202011;W96-9;65;12;99
202011;W96-9;09;399;1047
202011;W96-9;36;67;325
202011;W96-9;92;223;904
202011;W96-9;38;353;1535
202011;W96-9;39;284;1644
202011;W96-9;96;242;863
202011;W96-9;16;378;1645
202011;W96-9;93;20;60
202011;W96-9;57;100;396
202011;W96-9;58;178;817
202011;W96-9;37;52;434
202011;W96-9;40;261;748
202012;W96-9;01;2150;7265
202012;W96-9;70;949;2301
202012;W96-9;71;1516;4119
202012;W96-9;72;1548;5807
202012;W96-9;73;2557;6409
202012;W96-9;74;1453;3642
202012;W96-9;75;2774;8714
202012;W96-9;76;1371;3450
202012;W96-9;77;631;1738
202012;W96-9;80;872;2531
202012;W96-9;81;308;1028
202012;W96-9;82;308;1125
202012;W96-9;83;305;930
202012;W96-9;84;292;1082
202012;W96-9;85;270;780
202012;W96-9;53;425;1480
202012;W96-9;56;269;592
202012;W96-9;60;6;34
202012;W96-9;62;105;269
202012;W96-9;94;11;122
202012;W96-9;08;79;447
202012;W96-9;67;63;315
202012;W96-9;11;47;223
202012;W96-9;86;9;15
202012;W96-9;13;99;256
202012;W96-9;14;306;1130
202012;W96-9;15;103;197
202012;W96-9;87;56;461
202012;W96-9;18;11;94
202012;W96-9;49;8;22
202012;W96-9;19;46;205
202012;W96-9;20;408;1600
202012;W96-9;21;19;157
202012;W96-9;22;245;885
202012;W96-9;23;30;170
202012;W96-9;51;136;849
202012;W96-9;88;19;57
202012;W96-9;89;8;38
202012;W96-9;63;15;41
202012;W96-9;90;7;81
202012;W96-9;61;1;1
202012;W96-9;25;374;751
202012;W96-9;26;40;50
202012;W96-9;27;471;1755
202012;W96-9;28;37;133
202012;W96-9;29;395;1242
202012;W96-9;91;178;713
202012;W96-9;95;20;126
202012;W96-9;31;57;181
202012;W96-9;32;391;1278
202012;W96-9;10;195;532
202012;W96-9;52;170;543
202012;W96-9;33;129;342
202012;W96-9;34;4;66
202012;W96-9;17;9;143
202012;W96-9;64;5;6
202012;W96-9;59;27;110
202012;W96-9;65;0;1
202012;W96-9;09;210;708
202012;W96-9;36;61;186
202012;W96-9;92;203;944
202012;W96-9;38;233;1188
202012;W96-9;39;164;1190
202012;W96-9;96;245;551
202012;W96-9;16;332;1309
202012;W96-9;93;12;90
202012;W96-9;57;39;176
202012;W96-9;58;45;602
202012;W96-9;37;20;223
202012;W96-9;40;204;581
202101;W96-9;01;1544;6040
202101;W96-9;70;571;1303
202101;W96-9;71;1244;3001
202101;W96-9;72;1221;3553
202101;W96-9;73;2103;4936
202101;W96-9;74;1334;4564
202101;W96-9;75;2238;5744
202101;W96-9;76;1151;2812
202101;W96-9;77;564;1251
202101;W96-9;80;562;1757
202101;W96-9;81;276;891
202101;W96-9;82;249;892
202101;W96-9;83;219;684
202101;W96-9;84;233;697
202101;W96-9;85;247;848
202101;W96-9;53;313;913
202101;W96-9;56;66;265
202101;W96-9;60;10;130
202101;W96-9;62;92;175
202101;W96-9;94;12;213
202101;W96-9;08;72;321
202101;W96-9;67;25;118
202101;W96-9;11;19;45
202101;W96-9;86;2;3
202101;W96-9;13;121;385
202101;W96-9;14;222;841
202101;W96-9;15;52;201
202101;W96-9;87;49;379
202101;W96-9;18;16;185
202101;W96-9;49;12;29
202101;W96-9;19;15;96
202101;W96-9;20;281;1117
202101;W96-9;21;6;62
202101;W96-9;22;115;594
202101;W96-9;23;34;323
202101;W96-9;51;109;785
202101;W96-9;88;23;118
202101;W96-9;89;11;53
202101;W96-9;63;12;67
202101;W96-9;90;25;41
202101;W96-9;61;2;4
202101;W96-9;25;440;741
202101;W96-9;26;6;48
202101;W96-9;27;335;1154
202101;W96-9;28;21;109
202101;W96-9;29;343;1120
202101;W96-9;91;130;550
202101;W96-9;95;10;84
202101;W96-9;31;27;90
202101;W96-9;32;270;767
202101;W96-9;10;117;552
202101;W96-9;52;146;472
202101;W96-9;33;86;306
202101;W96-9;34;4;37
202101;W96-9;17;1;151
202101;W96-9;64;4;23
202101;W96-9;59;16;69
202101;W96-9;65;4;35
202101;W96-9;09;165;605
202101;W96-9;36;45;229
202101;W96-9;92;136;504
202101;W96-9;38;222;944
202101;W96-9;39;134;1070
202101;W96-9;96;280;651
202101;W96-9;16;167;829
202101;W96-9;93;22;127
202101;W96-9;57;41;183
202101;W96-9;58;32;193
202101;W96-9;37;27;265
202101;W96-9;40;153;357
202102;W96-9;01;1599;6859
202102;W96-9;70;792;1749
202102;W96-9;71;1731;3880
202102;W96-9;72;1549;3774
202102;W96-9;73;2758;6125
202102;W96-9;74;1853;4236
202102;W96-9;75;2954;6944
202102;W96-9;76;1340;2912
202102;W96-9;77;1082;2238
202102;W96-9;80;816;2096
202102;W96-9;81;350;1041
202102;W96-9;82;422;1337
202102;W96-9;83;361;1216
202102;W96-9;84;312;869
202102;W96-9;85;293;928
202102;W96-9;53;457;1298
202102;W96-9;56;68;280
202102;W96-9;60;10;124
202102;W96-9;62;87;179
202102;W96-9;94;10;111
202102;W96-9;08;77;297
202102;W96-9;67;20;148
202102;W96-9;11;37;80
202102;W96-9;86;8;9
202102;W96-9;13;153;537
202102;W96-9;14;206;779
202102;W96-9;15;36;171
202102;W96-9;87;93;488
202102;W96-9;18;6;164
202102;W96-9;49;6;17
202102;W96-9;19;33;164
202102;W96-9;20;395;1204
202102;W96-9;21;15;134
202102;W96-9;22;234;720
202102;W96-9;23;22;213
202102;W96-9;51;152;935
202102;W96-9;88;11;172
202102;W96-9;89;24;43
202102;W96-9;63;19;58
202102;W96-9;90;5;15
202102;W96-9;61;1;1
202102;W96-9;25;332;558
202102;W96-9;26;8;36
202102;W96-9;27;466;1579
202102;W96-9;28;40;108
202102;W96-9;29;397;1434
202102;W96-9;91;192;632
202102;W96-9;95;15;115
202102;W96-9;31;27;86
202102;W96-9;32;315;986
202102;W96-9;10;251;925
202102;W96-9;52;184;752
202102;W96-9;33;148;325
202102;W96-9;34;7;95
202102;W96-9;17;26;174
202102;W96-9;64;12;134
202102;W96-9;59;19;105
202102;W96-9;65;5;27
202102;W96-9;09;222;732
202102;W96-9;36;61;225
202102;W96-9;92;241;957
202102;W96-9;38;271;1235
202102;W96-9;39;149;1043
202102;W96-9;96;308;629
202102;W96-9;16;161;989
202102;W96-9;93;16;105
202102;W96-9;57;47;346
202102;W96-9;58;32;334
202102;W96-9;37;13;147
202102;W96-9;40;174;334
202103;W96-9;01;2649;8631
202103;W96-9;70;999;2508
202103;W96-9;71;2107;4676
202103;W96-9;72;1957;4966
202103;W96-9;73;3617;8086
202103;W96-9;74;2642;5474
202103;W96-9;75;3910;9532
202103;W96-9;76;1721;3615
202103;W96-9;77;1000;2286
202103;W96-9;80;1233;3085
202103;W96-9;81;466;1439
202103;W96-9;82;594;1843
202103;W96-9;83;452;1347
202103;W96-9;84;417;1272
202103;W96-9;85;345;1079
202103;W96-9;53;610;1699
202103;W96-9;56;83;539
202103;W96-9;60;12;266
202103;W96-9;62;99;191
202103;W96-9;94;14;160
202103;W96-9;08;105;591
202103;W96-9;67;74;288
202103;W96-9;11;50;100
202103;W96-9;86;9;11
202103;W96-9;13;161;636
202103;W96-9;14;239;941
202103;W96-9;15;51;258
202103;W96-9;87;49;271
202103;W96-9;18;18;159
202103;W96-9;49;1;2
202103;W96-9;19;82;252
202103;W96-9;20;406;1176
202103;W96-9;21;22;180
202103;W96-9;22;289;934
202103;W96-9;23;47;248
202103;W96-9;51;191;1050
202103;W96-9;88;34;84
202103;W96-9;89;27;39
202103;W96-9;63;21;86
202103;W96-9;90;5;13
202103;W96-9;61;1;2
202103;W96-9;25;412;744
202103;W96-9;26;14;79
202103;W96-9;27;700;2694
202103;W96-9;28;68;172
202103;W96-9;29;480;1872
202103;W96-9;91;321;998
202103;W96-9;95;13;205
202103;W96-9;31;25;207
202103;W96-9;32;456;1277
202103;W96-9;10;257;876
202103;W96-9;52;267;855
202103;W96-9;33;176;558
202103;W96-9;34;6;82
202103;W96-9;17;21;185
202103;W96-9;64;12;46
202103;W96-9;59;27;95
202103;W96-9;65;1;5
202103;W96-9;09;337;1078
202103;W96-9;36;94;432
202103;W96-9;92;227;956
202103;W96-9;38;363;1718
202103;W96-9;39;208;1012
202103;W96-9;96;504;797
202103;W96-9;16;184;901
202103;W96-9;93;19;147
202103;W96-9;57;51;330
202103;W96-9;58;25;192
202103;W96-9;37;24;92
202103;W96-9;40;210;425
202104;W96-9;01;1513;8115
202104;W96-9;70;842;2289
202104;W96-9;71;1551;3627
202104;W96-9;72;1677;4087
202104;W96-9;73;2867;6548
202104;W96-9;74;1763;3780
202104;W96-9;75;3332;8387
202104;W96-9;76;1925;3790
202104;W96-9;77;810;1810
202104;W96-9;80;815;2359
202104;W96-9;81;392;1403
202104;W96-9;82;411;1394
202104;W96-9;83;438;1542
202104;W96-9;84;504;1526
202104;W96-9;85;297;1106
202104;W96-9;53;467;1551
202104;W96-9;56;98;529
202104;W96-9;60;36;216
202104;W96-9;62;110;287
202104;W96-9;94;6;155
202104;W96-9;08;74;390
202104;W96-9;67;36;314
202104;W96-9;11;22;56
202104;W96-9;86;10;49
202104;W96-9;13;105;394
202104;W96-9;14;305;1288
202104;W96-9;15;57;176
202104;W96-9;87;41;238
202104;W96-9;18;8;112
202104;W96-9;49;2;7
202104;W96-9;19;104;228
202104;W96-9;20;380;1637
202104;W96-9;21;23;219
202104;W96-9;22;210;703
202104;W96-9;23;32;156
202104;W96-9;51;216;873
202104;W96-9;88;13;46
202104;W96-9;89;22;41
202104;W96-9;63;18;78
202104;W96-9;90;2;4
202104;W96-9;61;1;1
202104;W96-9;25;403;1116
202104;W96-9;26;6;45
202104;W96-9;27;580;2317
202104;W96-9;28;45;203
202104;W96-9;29;402;1681
202104;W96-9;91;185;779
202104;W96-9;95;16;192
202104;W96-9;31;61;365
202104;W96-9;32;332;1084
202104;W96-9;10;252;1113
202104;W96-9;52;395;1452
202104;W96-9;33;272;793
202104;W96-9;34;25;155
202104;W96-9;17;18;151
202104;W96-9;64;10;102
202104;W96-9;59;21;59
202104;W96-9;65;5;31
202104;W96-9;09;354;1256
202104;W96-9;36;62;314
202104;W96-9;92;157;804
202104;W96-9;38;418;1750
202104;W96-9;39;285;1588
202104;W96-9;96;684;964
202104;W96-9;16;254;1237
202104;W96-9;93;16;117
202104;W96-9;57;40;338
202104;W96-9;58;21;149
202104;W96-9;37;36;87
202104;W96-9;40;185;580
202105;W96-9;01;3588;10234
202105;W96-9;70;1794;3720
202105;W96-9;71;3903;7542
202105;W96-9;72;3562;7181
202105;W96-9;73;6607;12099
202105;W96-9;74;4686;8242
202105;W96-9;75;6509;12541
202105;W96-9;76;3807;7327
202105;W96-9;77;1971;4060
202105;W96-9;80;4425;10593
202105;W96-9;81;1928;4958
202105;W96-9;82;1516;3983
202105;W96-9;83;1614;4228
202105;W96-9;84;1198;2852
202105;W96-9;85;1114;2656
202105;W96-9;53;1882;4655
202105;W96-9;56;120;543
202105;W96-9;60;18;114
202105;W96-9;62;264;825
202105;W96-9;94;24;127
202105;W96-9;08;242;699
202105;W96-9;67;60;296
202105;W96-9;11;74;160
202105;W96-9;86;50;225
202105;W96-9;13;178;539
202105;W96-9;14;610;1925
202105;W96-9;15;79;327
202105;W96-9;87;91;454
202105;W96-9;18;49;161
202105;W96-9;49;4;22
202105;W96-9;19;322;1148
202105;W96-9;20;937;2494
202105;W96-9;21;27;175
202105;W96-9;22;512;1135
202105;W96-9;23;62;183
202105;W96-9;51;249;722
202105;W96-9;88;48;118
202105;W96-9;89;54;113
202105;W96-9;63;149;431
202105;W96-9;90;11;19
202105;W96-9;61;1;1
202105;W96-9;25;570;1390
202105;W96-9;26;51;137
202105;W96-9;27;949;2523
202105;W96-9;28;104;316
202105;W96-9;29;1719;4315
202105;W96-9;91;413;1475
202105;W96-9;95;13;212
202105;W96-9;31;96;481
202105;W96-9;32;1028;2659
202105;W96-9;10;593;1579
202105;W96-9;52;445;1002
202105;W96-9;33;648;1638
202105;W96-9;34;15;84
202105;W96-9;17;16;144
202105;W96-9;64;52;180
202105;W96-9;59;30;100
202105;W96-9;65;10;20
202105;W96-9;09;1057;2476
202105;W96-9;36;91;395
202105;W96-9;92;422;1439
202105;W96-9;38;843;2389
202105;W96-9;39;742;2886
202105;W96-9;96;764;1084
202105;W96-9;16;492;1904
202105;W96-9;93;20;138
202105;W96-9;57;110;461
202105;W96-9;58;92;345
202105;W96-9;37;131;324
202105;W96-9;40;530;1339
202106;W96-9;01;6628;17022
202106;W96-9;70;3703;6904
202106;W96-9;71;7545;15634
202106;W96-9;72;7233;13346
202106;W96-9;73;13594;25001
202106;W96-9;74;9058;17400
202106;W96-9;75;12776;24156
202106;W96-9;76;8341;17763
202106;W96-9;77;4425;9592
202106;W96-9;80;10785;26645
202106;W96-9;81;4304;11226
202106;W96-9;82;4377;11714
202106;W96-9;83;4144;11229
202106;W96-9;84;3333;8788
202106;W96-9;85;3228;8598
202106;W96-9;53;4360;10946
202106;W96-9;56;312;999
202106;W96-9;60;73;390
202106;W96-9;62;898;2132
202106;W96-9;94;125;592
202106;W96-9;08;821;2163
202106;W96-9;67;211;651
202106;W96-9;11;311;758
202106;W96-9;86;436;1026
202106;W96-9;13;319;859
202106;W96-9;14;2158;5508
202106;W96-9;15;609;1580
202106;W96-9;87;255;833
202106;W96-9;18;109;496
202106;W96-9;49;144;444
202106;W96-9;19;2787;7787
202106;W96-9;20;3175;8348
202106;W96-9;21;104;405
202106;W96-9;22;1171;2907
202106;W96-9;23;159;482
202106;W96-9;51;796;2106
202106;W96-9;88;216;488
202106;W96-9;89;360;742
202106;W96-9;63;377;1151
202106;W96-9;90;99;277
202106;W96-9;61;20;60
202106;W96-9;25;1569;3580
202106;W96-9;26;195;641
202106;W96-9;27;4509;8750
202106;W96-9;28;439;1169
202106;W96-9;29;5156;12250
202106;W96-9;91;1039;2521
202106;W96-9;95;124;629
202106;W96-9;31;428;1246
202106;W96-9;32;3152;8397
202106;W96-9;10;1385;3241
202106;W96-9;52;1140;2780
202106;W96-9;33;1589;4341
202106;W96-9;34;84;267
202106;W96-9;17;110;307
202106;W96-9;64;160;349
202106;W96-9;59;224;398
202106;W96-9;65;38;118
202106;W96-9;09;2989;5934
202106;W96-9;36;330;909
202106;W96-9;92;889;2506
202106;W96-9;38;2438;5443
202106;W96-9;39;2355;6559
202106;W96-9;96;378;1137
202106;W96-9;16;956;2991
202106;W96-9;93;123;410
202106;W96-9;57;222;741
202106;W96-9;58;163;648
202106;W96-9;37;263;823
202106;W96-9;40;1189;2706
202107;W96-9;01;6787;16403
202107;W96-9;70;4609;8724
202107;W96-9;71;7673;15060
202107;W96-9;72;8488;15840
202107;W96-9;73;14221;25834
202107;W96-9;74;9103;17252
202107;W96-9;75;13811;26745
202107;W96-9;76;9586;20700
202107;W96-9;77;5121;12189
202107;W96-9;80;16333;39406
202107;W96-9;81;7406;18978
202107;W96-9;82;9168;24818
202107;W96-9;83;8063;21018
202107;W96-9;84;7330;18864
202107;W96-9;85;6328;16367
202107;W96-9;53;7027;17915
202107;W96-9;56;1332;4124
202107;W96-9;60;185;540
202107;W96-9;62;3455;8689
202107;W96-9;94;194;662
202107;W96-9;08;1169;3072
202107;W96-9;67;409;1071
202107;W96-9;11;2278;5747
202107;W96-9;86;946;2038
202107;W96-9;13;708;1914
202107;W96-9;14;6317;16107
202107;W96-9;15;989;2893
202107;W96-9;87;549;1436
202107;W96-9;18;434;1351
202107;W96-9;49;165;356
202107;W96-9;19;6346;16729
202107;W96-9;20;6110;15797
202107;W96-9;21;206;829
202107;W96-9;22;2031;4417
202107;W96-9;23;518;1486
202107;W96-9;51;917;1936
202107;W96-9;88;715;1314
202107;W96-9;89;1179;2027
202107;W96-9;63;629;1750
202107;W96-9;90;306;668
202107;W96-9;61;20;92
202107;W96-9;25;7389;17791
202107;W96-9;26;402;1126
202107;W96-9;27;16218;27041
202107;W96-9;28;671;1811
202107;W96-9;29;9932;22433
202107;W96-9;91;1140;3010
202107;W96-9;95;1335;3252
202107;W96-9;31;1518;3634
202107;W96-9;32;7223;18971
202107;W96-9;10;2064;4226
202107;W96-9;52;1325;2942
202107;W96-9;33;4544;12881
202107;W96-9;34;49;164
202107;W96-9;17;303;778
202107;W96-9;64;203;608
202107;W96-9;59;434;866
202107;W96-9;65;52;107
202107;W96-9;09;7855;14620
202107;W96-9;36;641;1396
202107;W96-9;92;1559;3542
202107;W96-9;38;4293;8928
202107;W96-9;39;6430;16926
202107;W96-9;96;2702;5898
202107;W96-9;16;1893;4613
202107;W96-9;93;527;1689
202107;W96-9;57;471;1145
202107;W96-9;58;423;1207
202107;W96-9;37;863;2226
202107;W96-9;40;1954;4673
202108;W96-9;01;7703;19521
202108;W96-9;70;6563;12673
202108;W96-9;71;9936;19655
202108;W96-9;72;9908;19051
202108;W96-9;73;18619;33474
202108;W96-9;74;11729;22509
202108;W96-9;75;16875;32715
202108;W96-9;76;11626;25583
202108;W96-9;77;6908;15727
202108;W96-9;80;26731;70098
202108;W96-9;81;12715;34690
202108;W96-9;82;12728;33111
202108;W96-9;83;12207;33640
202108;W96-9;84;11210;30818
202108;W96-9;85;9748;26755
202108;W96-9;53;11286;28878
202108;W96-9;56;2598;9218
202108;W96-9;60;246;834
202108;W96-9;62;5271;13245
202108;W96-9;94;324;1090
202108;W96-9;08;1554;4236
202108;W96-9;67;672;1674
202108;W96-9;11;1886;4932
202108;W96-9;86;799;1720
202108;W96-9;13;735;1850
202108;W96-9;14;10985;28600
202108;W96-9;15;1905;5888
202108;W96-9;87;850;2223
202108;W96-9;18;910;2776
202108;W96-9;49;209;492
202108;W96-9;19;12790;33682
202108;W96-9;20;14537;39484
202108;W96-9;21;305;938
202108;W96-9;22;2777;6282
202108;W96-9;23;1085;3158
202108;W96-9;51;1331;2864
202108;W96-9;88;1059;2118
202108;W96-9;89;1352;2578
202108;W96-9;63;995;2811
202108;W96-9;90;359;1101
202108;W96-9;61;50;113
202108;W96-9;25;11962;30465
202108;W96-9;26;584;1587
202108;W96-9;27;19404;34500
202108;W96-9;28;1292;3440
202108;W96-9;29;13525;32193
202108;W96-9;91;1956;4730
202108;W96-9;95;2490;7444
202108;W96-9;31;1716;4080
202108;W96-9;32;8156;20548
202108;W96-9;10;2499;5283
202108;W96-9;52;2202;4695
202108;W96-9;33;9327;24816
202108;W96-9;34;203;394
202108;W96-9;17;701;1494
202108;W96-9;64;283;565
202108;W96-9;59;735;1727
202108;W96-9;65;113;193
202108;W96-9;09;9060;17327
202108;W96-9;36;1094;2987
202108;W96-9;92;3264;8430
202108;W96-9;38;6355;12849
202108;W96-9;39;10233;26950
202108;W96-9;96;5522;15009
202108;W96-9;16;4067;9867
202108;W96-9;93;1014;3300
202108;W96-9;57;856;2100
202108;W96-9;58;707;2123
202108;W96-9;37;1363;3310
202108;W96-9;40;3247;7393
202109;W96-9;01;8225;19633
202109;W96-9;70;6078;11521
202109;W96-9;71;12033;23991
202109;W96-9;72;10342;19728
202109;W96-9;73;20029;36403
202109;W96-9;74;14148;26385
202109;W96-9;75;18561;34262
202109;W96-9;76;12460;26119
202109;W96-9;77;6588;14474
202109;W96-9;80;21963;54874
202109;W96-9;81;10832;28712
202109;W96-9;82;11568;32962
202109;W96-9;83;10598;28339
202109;W96-9;84;9741;26619
202109;W96-9;85;8259;22524
202109;W96-9;53;10169;25929
202109;W96-9;56;2121;6884
202109;W96-9;60;609;1474
202109;W96-9;62;4573;11835
202109;W96-9;94;451;1268
202109;W96-9;08;1776;4603
202109;W96-9;67;659;1594
202109;W96-9;11;2108;5699
202109;W96-9;86;1064;2608
202109;W96-9;13;901;2450
202109;W96-9;14;6969;17510
202109;W96-9;15;2088;5587
202109;W96-9;87;1124;2745
202109;W96-9;18;1254;3242
202109;W96-9;49;199;502
202109;W96-9;19;14641;37875
202109;W96-9;20;10523;26117
202109;W96-9;21;334;1298
202109;W96-9;22;3305;7432
202109;W96-9;23;1419;3893
202109;W96-9;51;2200;4484
202109;W96-9;88;880;1970
202109;W96-9;89;875;1918
202109;W96-9;63;779;2085
202109;W96-9;90;523;1438
202109;W96-9;61;47;293
202109;W96-9;25;7877;19926
202109;W96-9;26;875;2147
202109;W96-9;27;11538;22538
202109;W96-9;28;2189;5790
202109;W96-9;29;9264;22280
202109;W96-9;91;2285;5763
202109;W96-9;95;1859;5203
202109;W96-9;31;1996;5070
202109;W96-9;32;9251;23399
202109;W96-9;10;2524;5626
202109;W96-9;52;2241;4690
202109;W96-9;33;9453;23916
202109;W96-9;34;152;507
202109;W96-9;17;646;1920
202109;W96-9;64;349;1015
202109;W96-9;59;909;2294
202109;W96-9;65;201;468
202109;W96-9;09;7674;14528
202109;W96-9;36;1418;4116
202109;W96-9;92;4246;10215
202109;W96-9;38;5391;10214
202109;W96-9;39;12108;32268
202109;W96-9;96;3215;6907
202109;W96-9;16;6470;16964
202109;W96-9;93;589;1473
202109;W96-9;57;1205;2970
202109;W96-9;58;838;2479
202109;W96-9;37;1982;4605
202109;W96-9;40;4224;10709
202110;W96-9;01;9629;22903
202110;W96-9;70;6702;12945
202110;W96-9;71;12809;25992
202110;W96-9;72;11613;22586
202110;W96-9;73;21951;39739
202110;W96-9;74;13875;26460
202110;W96-9;75;20788;39250
202110;W96-9;76;13856;30179
202110;W96-9;77;7358;17477
202110;W96-9;80;23405;56191
202110;W96-9;81;10417;27646
202110;W96-9;82;12817;36002
202110;W96-9;83;11712;31974
202110;W96-9;84;10407;29082
202110;W96-9;85;8810;24745
202110;W96-9;53;11657;30502
202110;W96-9;56;1773;5348
202110;W96-9;60;307;1199
202110;W96-9;62;3808;8857
202110;W96-9;94;534;1491
202110;W96-9;08;1623;4316
202110;W96-9;67;669;1643
202110;W96-9;11;2362;6798
202110;W96-9;86;1155;2845
202110;W96-9;13;1442;3628
202110;W96-9;14;9930;24998
202110;W96-9;15;5062;14647
202110;W96-9;87;2253;5562
202110;W96-9;18;1972;5235
202110;W96-9;49;429;1305
202110;W96-9;19;12187;34456
202110;W96-9;20;15803;38546
202110;W96-9;21;390;1054
202110;W96-9;22;3080;7084
202110;W96-9;23;1437;3901
202110;W96-9;51;2384;5195
202110;W96-9;88;884;2027
202110;W96-9;89;1043;2326
202110;W96-9;63;812;2200
202110;W96-9;90;458;1254
202110;W96-9;61;98;384
202110;W96-9;25;7141;18744
202110;W96-9;26;1398;3393
202110;W96-9;27;6698;15109
202110;W96-9;28;3547;9346
202110;W96-9;29;7151;17540
202110;W96-9;91;3286;7540
202110;W96-9;95;1694;4514
202110;W96-9;31;2190;5714
202110;W96-9;32;11342;29920
202110;W96-9;10;2316;5039
202110;W96-9;52;2509;5254
202110;W96-9;33;13698;34773
202110;W96-9;34;155;426
202110;W96-9;17;749;1800
202110;W96-9;64;490;1234
202110;W96-9;59;858;1929
202110;W96-9;65;102;283
202110;W96-9;09;7514;14496
202110;W96-9;36;1837;4493
202110;W96-9;92;5899;15017
202110;W96-9;38;7271;14512
202110;W96-9;39;12570;34047
202110;W96-9;96;2623;5710
202110;W96-9;16;7820;20455
202110;W96-9;93;760;2147
202110;W96-9;57;1077;2877
202110;W96-9;58;718;1817
202110;W96-9;37;1986;4821
202110;W96-9;40;3066;8927
202111;W96-9;01;5918;14167
202111;W96-9;70;4352;8711
202111;W96-9;71;7002;14021
202111;W96-9;72;6891;15190
202111;W96-9;73;11533;21545
202111;W96-9;74;7431;14577
202111;W96-9;75;11383;22462
202111;W96-9;76;7154;14526
202111;W96-9;77;3624;8060
202111;W96-9;80;12812;32516
202111;W96-9;81;5485;15423
202111;W96-9;82;6038;16180
202111;W96-9;83;5090;13684
202111;W96-9;84;4358;11422
202111;W96-9;85;3459;9023
202111;W96-9;53;5233;13464
202111;W96-9;56;825;3276
202111;W96-9;60;459;1403
202111;W96-9;62;3128;8973
202111;W96-9;94;405;1277
202111;W96-9;08;960;2781
202111;W96-9;67;408;1206
202111;W96-9;11;946;2528
202111;W96-9;86;558;1398
202111;W96-9;13;931;2221
202111;W96-9;14;7338;20051
202111;W96-9;15;2964;8858
202111;W96-9;87;1339;3892
202111;W96-9;18;1172;3111
202111;W96-9;49;129;303
202111;W96-9;19;6059;19276
202111;W96-9;20;9838;26105
202111;W96-9;21;363;1249
202111;W96-9;22;2455;6057
202111;W96-9;23;843;2455
202111;W96-9;51;1267;3176
202111;W96-9;88;670;1811
202111;W96-9;89;488;1194
202111;W96-9;63;555;1608
202111;W96-9;90;421;1104
202111;W96-9;61;41;122
202111;W96-9;25;4434;11130
202111;W96-9;26;749;1875
202111;W96-9;27;4782;11714
202111;W96-9;28;1733;4607
202111;W96-9;29;4749;12656
202111;W96-9;91;1868;5363
202111;W96-9;95;750;2338
202111;W96-9;31;1381;3832
202111;W96-9;32;4932;12678
202111;W96-9;10;1338;3232
202111;W96-9;52;1009;2221
202111;W96-9;33;7730;19694
202111;W96-9;34;114;312
202111;W96-9;17;446;1240
202111;W96-9;64;401;1153
202111;W96-9;59;493;1240
202111;W96-9;65;54;177
202111;W96-9;09;3668;7097
202111;W96-9;36;1212;3300
202111;W96-9;92;3363;9340
202111;W96-9;38;3128;6897
202111;W96-9;39;6782;19017
202111;W96-9;96;1613;3747
202111;W96-9;16;6206;16473
202111;W96-9;93;385;1218
202111;W96-9;57;741;2303
202111;W96-9;58;474;1365
202111;W96-9;37;1365;3877
202111;W96-9;40;2534;7522
202112;W96-9;01;3408;9268
202112;W96-9;70;2019;4689
202112;W96-9;71;3126;6954
202112;W96-9;72;3387;7590
202112;W96-9;73;6133;12183
202112;W96-9;74;3388;7102
202112;W96-9;75;5352;11023
202112;W96-9;76;3135;6813
202112;W96-9;77;1599;3527
202112;W96-9;80;5835;15019
202112;W96-9;81;2343;6085
202112;W96-9;82;2644;6867
202112;W96-9;83;2314;6752
202112;W96-9;84;1777;5157
202112;W96-9;85;1478;4123
202112;W96-9;53;2176;5880
202112;W96-9;56;664;2357
202112;W96-9;60;325;709
202112;W96-9;62;1709;4474
202112;W96-9;94;348;1100
202112;W96-9;08;675;2017
202112;W96-9;67;525;1503
202112;W96-9;11;292;893
202112;W96-9;86;233;594
202112;W96-9;13;451;1118
202112;W96-9;14;5392;16283
202112;W96-9;15;3882;12842
202112;W96-9;87;837;2643
202112;W96-9;18;309;898
202112;W96-9;49;78;270
202112;W96-9;19;2548;7465
202112;W96-9;20;3747;10411
202112;W96-9;21;180;764
202112;W96-9;22;1051;2837
202112;W96-9;23;575;1766
202112;W96-9;51;510;1578
202112;W96-9;88;392;1020
202112;W96-9;89;320;743
202112;W96-9;63;261;790
202112;W96-9;90;411;1266
202112;W96-9;61;18;58
202112;W96-9;25;1772;4109
202112;W96-9;26;132;392
202112;W96-9;27;1670;4141
202112;W96-9;28;690;2003
202112;W96-9;29;4823;12212
202112;W96-9;91;1373;3940
202112;W96-9;95;260;1066
202112;W96-9;31;390;1154
202112;W96-9;32;2105;5832
202112;W96-9;10;746;1750
202112;W96-9;52;618;1519
202112;W96-9;33;3303;8402
202112;W96-9;34;26;96
202112;W96-9;17;391;1525
202112;W96-9;64;329;847
202112;W96-9;59;600;1193
202112;W96-9;65;134;278
202112;W96-9;09;1582;3307
202112;W96-9;36;618;1825
202112;W96-9;92;3087;7916
202112;W96-9;38;1566;3724
202112;W96-9;39;5446;15449
202112;W96-9;96;1546;3201
202112;W96-9;16;2346;6246
202112;W96-9;93;729;2379
202112;W96-9;57;577;1808
202112;W96-9;58;366;1187
202112;W96-9;37;1266;3036
202112;W96-9;40;1223;3388
202201;W96-9;01;4585;11605
202201;W96-9;70;2452;4940
202201;W96-9;71;4059;8153
202201;W96-9;72;4553;9207
202201;W96-9;73;8216;15050
202201;W96-9;74;4767;9632
202201;W96-9;75;8012;15478
202201;W96-9;76;4213;8445
202201;W96-9;77;2567;5260
202201;W96-9;80;5889;14698
202201;W96-9;81;2398;6396
202201;W96-9;82;2598;7224
202201;W96-9;83;2420;6682
202201;W96-9;84;2009;5206
202201;W96-9;85;1595;4449
202201;W96-9;53;2510;6665
202201;W96-9;56;678;2685
202201;W96-9;60;303;1017
202201;W96-9;62;1416;3959
202201;W96-9;94;472;1596
202201;W96-9;08;664;1706
202201;W96-9;67;538;1706
202201;W96-9;11;163;481
202201;W96-9;86;370;827
202201;W96-9;13;307;748
202201;W96-9;14;3396;9477
202201;W96-9;15;2037;6508
202201;W96-9;87;996;2858
202201;W96-9;18;388;1069
202201;W96-9;49;101;329
202201;W96-9;19;2480;7573
202201;W96-9;20;3624;10694
202201;W96-9;21;149;766
202201;W96-9;22;1415;3474
202201;W96-9;23;444;1259
202201;W96-9;51;684;1836
202201;W96-9;88;387;952
202201;W96-9;89;335;800
202201;W96-9;63;218;503
202201;W96-9;90;222;682
202201;W96-9;61;30;77
202201;W96-9;25;1645;4073
202201;W96-9;26;170;545
202201;W96-9;27;2531;5832
202201;W96-9;28;747;2069
202201;W96-9;29;4670;11114
202201;W96-9;91;1645;4567
202201;W96-9;95;389;1433
202201;W96-9;31;295;833
202201;W96-9;32;1961;5126
202201;W96-9;10;826;2315
202201;W96-9;52;540;1483
202201;W96-9;33;3781;10272
202201;W96-9;34;52;167
202201;W96-9;17;268;971
202201;W96-9;64;319;936
202201;W96-9;59;492;1006
202201;W96-9;65;70;129
202201;W96-9;09;1900;4179
202201;W96-9;36;828;3126
202201;W96-9;92;5160;12444
202201;W96-9;38;1587;3750
202201;W96-9;39;3990;11683
202201;W96-9;96;1307;2729
202201;W96-9;16;2131;6071
202201;W96-9;93;315;945
202201;W96-9;57;441;1443
202201;W96-9;58;454;1299
202201;W96-9;37;1294;3264
202201;W96-9;40;2472;5845
202202;W96-9;01;5819;12929
202202;W96-9;70;3343;6314
202202;W96-9;71;6905;13532
202202;W96-9;72;6627;12238
202202;W96-9;73;11794;20681
202202;W96-9;74;6732;12400
202202;W96-9;75;10740;20098
202202;W96-9;76;6218;12132
202202;W96-9;77;3777;7175
202202;W96-9;80;8002;17634
202202;W96-9;81;3702;8676
202202;W96-9;82;4206;10453
202202;W96-9;83;3645;8980
202202;W96-9;84;3035;7037
202202;W96-9;85;2654;7012
202202;W96-9;53;3604;8667
202202;W96-9;56;745;2602
202202;W96-9;60;534;1131
202202;W96-9;62;2182;5607
202202;W96-9;94;581;1698
202202;W96-9;08;810;1927
202202;W96-9;67;505;1730
202202;W96-9;11;571;1481
202202;W96-9;86;467;1088
202202;W96-9;13;380;945
202202;W96-9;14;5630;15224
202202;W96-9;15;2274;6513
202202;W96-9;87;1013;2614
202202;W96-9;18;972;2358
202202;W96-9;49;77;299
202202;W96-9;19;2919;8388
202202;W96-9;20;7768;18683
202202;W96-9;21;252;884
202202;W96-9;22;2331;5533
202202;W96-9;23;366;964
202202;W96-9;51;858;2422
202202;W96-9;88;472;1146
202202;W96-9;89;598;1299
202202;W96-9;63;351;873
202202;W96-9;90;292;778
202202;W96-9;61;70;199
202202;W96-9;25;2825;7054
202202;W96-9;26;429;1066
202202;W96-9;27;4596;10095
202202;W96-9;28;1341;3774
202202;W96-9;29;4450;10423
202202;W96-9;91;1551;4438
202202;W96-9;95;228;861
202202;W96-9;31;494;1231
202202;W96-9;32;3247;7918
202202;W96-9;10;1239;3112
202202;W96-9;52;767;1863
202202;W96-9;33;6039;15390
202202;W96-9;34;84;252
202202;W96-9;17;407;1311
202202;W96-9;64;378;1031
202202;W96-9;59;596;1307
202202;W96-9;65;105;230
202202;W96-9;09;3484;7162
202202;W96-9;36;1147;3835
202202;W96-9;92;4465;11615
202202;W96-9;38;2454;5126
202202;W96-9;39;5347;13026
202202;W96-9;96;1447;3295
202202;W96-9;16;5463;12982
202202;W96-9;93;347;934
202202;W96-9;57;613;1618
202202;W96-9;58;633;1703
202202;W96-9;37;1255;2902
202202;W96-9;40;2365;5903
202203;W96-9;01;8214;19268
202203;W96-9;70;4469;9081
202203;W96-9;71;9128;18514
202203;W96-9;72;8882;17721
202203;W96-9;73;16231;29853
202203;W96-9;74;10025;19578
202203;W96-9;75;14648;28987
202203;W96-9;76;9327;19553
202203;W96-9;77;5251;11217
202203;W96-9;80;14563;33114
202203;W96-9;81;6900;17142
202203;W96-9;82;7678;19021
202203;W96-9;83;7277;18086
202203;W96-9;84;6504;16338
202203;W96-9;85;4719;12173
202203;W96-9;53;7775;20023
202203;W96-9;56;1498;4189
202203;W96-9;60;464;1471
202203;W96-9;62;2998;7159
202203;W96-9;94;848;2178
202203;W96-9;08;1186;2933
202203;W96-9;67;1025;2968
202203;W96-9;11;1103;2852
202203;W96-9;86;809;1993
202203;W96-9;13;1145;2835
202203;W96-9;14;7157;18745
202203;W96-9;15;4168;12207
202203;W96-9;87;1907;4378
202203;W96-9;18;1831;4692
202203;W96-9;49;176;494
202203;W96-9;19;6608;19024
202203;W96-9;20;11467;27902
202203;W96-9;21;434;1702
202203;W96-9;22;2920;6780
202203;W96-9;23;1069;3007
202203;W96-9;51;1445;3958
202203;W96-9;88;1063;2634
202203;W96-9;89;658;1588
202203;W96-9;63;582;1642
202203;W96-9;90;453;1276
202203;W96-9;61;97;272
202203;W96-9;25;4923;12062
202203;W96-9;26;871;2209
202203;W96-9;27;4244;9998
202203;W96-9;28;1896;4925
202203;W96-9;29;5675;14925
202203;W96-9;91;1186;4520
202203;W96-9;95;793;2158
202203;W96-9;31;1370;3207
202203;W96-9;32;5639;13721
202203;W96-9;10;1787;3920
202203;W96-9;52;1326;2823
202203;W96-9;33;9979;23953
202203;W96-9;34;161;441
202203;W96-9;17;781;2453
202203;W96-9;64;435;1381
202203;W96-9;59;1102;2366
202203;W96-9;65;177;392
202203;W96-9;09;4810;9090
202203;W96-9;36;2136;6172
202203;W96-9;92;13556;45734
202203;W96-9;38;5717;11880
202203;W96-9;39;10409;26199
202203;W96-9;96;2117;5190
202203;W96-9;16;10188;24062
202203;W96-9;93;736;2002
202203;W96-9;57;1216;3320
202203;W96-9;58;727;2223
202203;W96-9;37;2014;4953
202203;W96-9;40;2938;7784
202204;W96-9;01;8678;19671
202204;W96-9;70;6225;12358
202204;W96-9;71;12338;25176
202204;W96-9;72;11861;22140
202204;W96-9;73;22490;41463
202204;W96-9;74;13927;27959
202204;W96-9;75;20682;39103
202204;W96-9;76;13023;27619
202204;W96-9;77;7163;16450
202204;W96-9;80;27102;69890
202204;W96-9;81;12494;34791
202204;W96-9;82;12856;35591
202204;W96-9;83;12384;35814
202204;W96-9;84;10733;30033
202204;W96-9;85;9401;26438
202204;W96-9;53;11719;31716
202204;W96-9;56;1052;2562
202204;W96-9;60;857;2219
202204;W96-9;62;4923;13714
202204;W96-9;94;1626;4366
202204;W96-9;08;1731;4507
202204;W96-9;67;1293;3637
202204;W96-9;11;2358;7058
202204;W96-9;86;908;2763
202204;W96-9;13;2382;6278
202204;W96-9;14;10291;28389
202204;W96-9;15;3534;10318
202204;W96-9;87;2252;5973
202204;W96-9;18;2004;5628
202204;W96-9;49;237;701
202204;W96-9;19;8751;27600
202204;W96-9;20;17342;46729
202204;W96-9;21;518;1664
202204;W96-9;22;5441;12786
202204;W96-9;23;1840;4905
202204;W96-9;51;2075;5255
202204;W96-9;88;1061;2794
202204;W96-9;89;628;1495
202204;W96-9;63;900;2713
202204;W96-9;90;619;1930
202204;W96-9;61;130;315
202204;W96-9;25;7723;20640
202204;W96-9;26;1757;4553
202204;W96-9;27;9110;18757
202204;W96-9;28;2307;6299
202204;W96-9;29;10008;25860
202204;W96-9;91;1673;4426
202204;W96-9;95;321;1062
202204;W96-9;31;2520;6801
202204;W96-9;32;11591;32090
202204;W96-9;10;2870;6105
202204;W96-9;52;2789;5749
202204;W96-9;33;13178;34887
202204;W96-9;34;254;802
202204;W96-9;17;1242;3421
202204;W96-9;64;993;2401
202204;W96-9;59;1464;3287
202204;W96-9;65;195;448
202204;W96-9;09;8325;16215
202204;W96-9;36;2054;5740
202204;W96-9;92;8884;32364
202204;W96-9;38;6021;11848
202204;W96-9;39;14640;38307
202204;W96-9;96;1922;3528
202204;W96-9;16;13635;34333
202204;W96-9;93;1154;3603
202204;W96-9;57;1303;3653
202204;W96-9;58;1160;3039
202204;W96-9;37;3335;8344
202204;W96-9;40;5560;13446
202205;W96-9;01;10157;21885
202205;W96-9;70;8841;18058
202205;W96-9;71;15685;32350
202205;W96-9;72;15625;32271
202205;W96-9;73;25925;48099
202205;W96-9;74;18319;36640
202205;W96-9;75;24782;47074
202205;W96-9;76;16692;36870
202205;W96-9;77;10044;23202
202205;W96-9;80;27305;67097
202205;W96-9;81;13269;35483
202205;W96-9;82;15006;40801
202205;W96-9;83;13134;35757
202205;W96-9;84;12729;33663
202205;W96-9;85;10205;27939
202205;W96-9;53;12975;34448
202205;W96-9;56;2751;6550
202205;W96-9;60;1430;3835
202205;W96-9;62;5087;13566
202205;W96-9;94;2224;6292
202205;W96-9;08;3003;8203
202205;W96-9;67;1689;4543
202205;W96-9;11;2846;7787
202205;W96-9;86;1048;2644
202205;W96-9;13;2363;6069
202205;W96-9;14;12696;34447
202205;W96-9;15;2714;7639
202205;W96-9;87;2812;7218
202205;W96-9;18;2356;5915
202205;W96-9;49;666;1699
202205;W96-9;19;10340;32321
202205;W96-9;20;14150;35349
202205;W96-9;21;842;2498
202205;W96-9;22;5580;13462
202205;W96-9;23;3512;9359
202205;W96-9;51;3136;7656
202205;W96-9;88;1172;2830
202205;W96-9;89;1031;2587
202205;W96-9;63;1159;3465
202205;W96-9;90;416;1184
202205;W96-9;61;165;449
202205;W96-9;25;10852;29170
202205;W96-9;26;2533;5954
202205;W96-9;27;11839;28801
202205;W96-9;28;2150;5458
202205;W96-9;29;9110;22652
202205;W96-9;91;1584;5194
202205;W96-9;95;1852;4463
202205;W96-9;31;3644;9747
202205;W96-9;32;12992;32552
202205;W96-9;10;3154;6411
202205;W96-9;52;2540;5755
202205;W96-9;33;10892;27920
202205;W96-9;34;385;972
202205;W96-9;17;2350;6035
202205;W96-9;64;1844;3771
202205;W96-9;59;2436;5356
202205;W96-9;65;221;583
202205;W96-9;09;8287;16301
202205;W96-9;36;3315;9139
202205;W96-9;92;8828;27176
202205;W96-9;38;6638;12753
202205;W96-9;39;25674;66975
202205;W96-9;96;2974;6883
202205;W96-9;16;17796;43197
202205;W96-9;93;753;2009
202205;W96-9;57;1825;4845
202205;W96-9;58;1483;4086
202205;W96-9;37;4335;10744
202205;W96-9;40;5773;11964
202206;W96-9;01;9670;20166
202206;W96-9;70;9183;18608
202206;W96-9;71;15121;30726
202206;W96-9;72;14574;29049
202206;W96-9;73;26479;49723
202206;W96-9;74;18256;36216
202206;W96-9;75;26967;50522
202206;W96-9;76;17474;39769
202206;W96-9;77;9747;22261
202206;W96-9;80;30563;74817
202206;W96-9;81;14638;39319
202206;W96-9;82;15500;41017
202206;W96-9;83;13746;35642
202206;W96-9;84;12896;33769
202206;W96-9;85;10527;27135
202206;W96-9;53;12707;31891
202206;W96-9;56;2966;7276
202206;W96-9;60;2681;6972
202206;W96-9;62;4677;11201
202206;W96-9;94;2305;6157
202206;W96-9;08;2715;7492
202206;W96-9;67;1795;4814
202206;W96-9;11;3046;7479
202206;W96-9;86;1279;3123
202206;W96-9;13;2597;6322
202206;W96-9;14;11880;29517
202206;W96-9;15;2445;6550
202206;W96-9;87;2697;6852
202206;W96-9;18;2867;7274
202206;W96-9;49;494;1274
202206;W96-9;19;9762;28699
202206;W96-9;20;16821;42455
202206;W96-9;21;1277;3798
202206;W96-9;22;4911;11612
202206;W96-9;23;4243;10691
202206;W96-9;51;2870;6559
202206;W96-9;88;1358;3065
202206;W96-9;89;1554;3289
202206;W96-9;63;933;2412
202206;W96-9;90;537;1451
202206;W96-9;61;292;896
202206;W96-9;25;10994;27104
202206;W96-9;26;2318;5689
202206;W96-9;27;15234;31018
202206;W96-9;28;2300;6443
202206;W96-9;29;11524;28175
202206;W96-9;91;2078;6314
202206;W96-9;95;2420;5705
202206;W96-9;31;4198;9778
202206;W96-9;32;11268;27871
202206;W96-9;10;4316;7788
202206;W96-9;52;2765;5106
202206;W96-9;33;14477;34302
202206;W96-9;34;703;1807
202206;W96-9;17;3396;8059
202206;W96-9;64;2419;4833
202206;W96-9;59;3311;7411
202206;W96-9;65;407;1153
202206;W96-9;09;8918;15888
202206;W96-9;36;3154;8242
202206;W96-9;92;8675;23856
202206;W96-9;38;8152;15961
202206;W96-9;39;37535;98430
202206;W96-9;96;2665;5956
202206;W96-9;16;21606;51390
202206;W96-9;93;728;1977
202206;W96-9;57;2017;5353
202206;W96-9;58;1960;4895
202206;W96-9;37;5430;13345
202206;W96-9;40;6443;14977
202207;W96-9;01;9959;21750
202207;W96-9;70;8469;15845
202207;W96-9;71;13466;26112
202207;W96-9;72;12600;24340
202207;W96-9;73;23451;42024
202207;W96-9;74;14908;28329
202207;W96-9;75;23929;42492
202207;W96-9;76;14070;28695
202207;W96-9;77;7308;15901
202207;W96-9;80;28681;67628
202207;W96-9;81;13639;35359
202207;W96-9;82;16021;43311
202207;W96-9;83;13782;35080
202207;W96-9;84;13466;35716
202207;W96-9;85;12068;31675
202207;W96-9;53;14263;35732
202207;W96-9;56;7414;22181
202207;W96-9;60;3585;9024
202207;W96-9;62;7791;19614
202207;W96-9;94;2526;6914
202207;W96-9;08;3220;8392
202207;W96-9;67;2958;7096
202207;W96-9;11;5843;15002
202207;W96-9;86;1378;3162
202207;W96-9;13;3513;9004
202207;W96-9;14;14108;36638
202207;W96-9;15;2986;8429
202207;W96-9;87;2860;7891
202207;W96-9;18;4181;9508
202207;W96-9;49;542;1335
202207;W96-9;19;12358;34323
202207;W96-9;20;19675;50941
202207;W96-9;21;1785;4390
202207;W96-9;22;3909;9095
202207;W96-9;23;5010;12414
202207;W96-9;51;3362;6999
202207;W96-9;88;1688;3695
202207;W96-9;89;2542;4954
202207;W96-9;63;1013;2528
202207;W96-9;90;804;2094
202207;W96-9;61;470;1179
202207;W96-9;25;15868;38192
202207;W96-9;26;3767;8688
202207;W96-9;27;25833;47688
202207;W96-9;28;2147;5733
202207;W96-9;29;14649;32964
202207;W96-9;91;2684;7016
202207;W96-9;95;5842;15070
202207;W96-9;31;6984;15390
202207;W96-9;32;12277;30749
202207;W96-9;10;4071;7875
202207;W96-9;52;3133;6035
202207;W96-9;33;18078;44447
202207;W96-9;34;923;2290
202207;W96-9;17;3737;9008
202207;W96-9;64;4117;9276
202207;W96-9;59;3491;7941
202207;W96-9;65;575;1443
202207;W96-9;09;13397;25417
202207;W96-9;36;4385;10682
202207;W96-9;92;9261;24006
202207;W96-9;38;8567;17260
202207;W96-9;39;38777;100641
202207;W96-9;96;7442;19054
202207;W96-9;16;22298;50956
202207;W96-9;93;1460;4306
202207;W96-9;57;2409;6164
202207;W96-9;58;2428;7345
202207;W96-9;37;7078;16366
202207;W96-9;40;6135;15959
202208;W96-9;01;8306;19568
202208;W96-9;70;8725;16670
202208;W96-9;71;10512;21667
202208;W96-9;72;10891;21984
202208;W96-9;73;18709;34571
202208;W96-9;74;11864;23274
202208;W96-9;75;19582;38095
202208;W96-9;76;12404;26231
202208;W96-9;77;7060;16155
202208;W96-9;80;29182;71973
202208;W96-9;81;14754;39060
202208;W96-9;82;15148;40312
202208;W96-9;83;14203;37627
202208;W96-9;84;12872;34259
202208;W96-9;85;11197;30069
202208;W96-9;53;13423;33960
202208;W96-9;56;5847;20138
202208;W96-9;60;3895;9535
202208;W96-9;62;6347;16119
202208;W96-9;94;2072;5524
202208;W96-9;08;2507;6231
202208;W96-9;67;2403;5783
202208;W96-9;11;3013;8225
202208;W96-9;86;1211;2607
202208;W96-9;13;2319;5536
202208;W96-9;14;18089;48568
202208;W96-9;15;3998;11730
202208;W96-9;87;3169;9635
202208;W96-9;18;3871;8713
202208;W96-9;49;453;1172
202208;W96-9;19;12648;32537
202208;W96-9;20;40307;115251
202208;W96-9;21;2094;5273
202208;W96-9;22;3113;7285
202208;W96-9;23;4740;11553
202208;W96-9;51;2265;5757
202208;W96-9;88;1772;3924
202208;W96-9;89;2063;3739
202208;W96-9;63;1209;2945
202208;W96-9;90;576;1612
202208;W96-9;61;868;2319
202208;W96-9;25;16028;39688
202208;W96-9;26;1938;4653
202208;W96-9;27;27118;51344
202208;W96-9;28;3101;8222
202208;W96-9;29;18129;41967
202208;W96-9;91;2914;7917
202208;W96-9;95;6435;17516
202208;W96-9;31;4115;9469
202208;W96-9;32;10501;25590
202208;W96-9;10;4130;8174
202208;W96-9;52;2609;5293
202208;W96-9;33;22562;60984
202208;W96-9;34;723;1804
202208;W96-9;17;3415;8662
202208;W96-9;64;5062;10956
202208;W96-9;59;2531;6184
202208;W96-9;65;655;1416
202208;W96-9;09;12669;23605
202208;W96-9;36;3054;6921
202208;W96-9;92;10149;25523
202208;W96-9;38;8020;17302
202208;W96-9;39;31849;77279
202208;W96-9;96;8866;23488
202208;W96-9;16;21756;49322
202208;W96-9;93;1605;5142
202208;W96-9;57;3284;7890
202208;W96-9;58;2185;6507
202208;W96-9;37;5739;14107
202208;W96-9;40;9071;17151
202209;W96-9;01;9688;20379
202209;W96-9;70;8435;15952
202209;W96-9;71;15279;28776
202209;W96-9;72;14459;26926
202209;W96-9;73;27650;46764
202209;W96-9;74;17580;31806
202209;W96-9;75;28559;50836
202209;W96-9;76;16404;31723
202209;W96-9;77;8663;18053
202209;W96-9;80;29847;68889
202209;W96-9;81;14167;35198
202209;W96-9;82;15831;40368
202209;W96-9;83;14193;35549
202209;W96-9;84;13391;33445
202209;W96-9;85;11940;31811
202209;W96-9;53;13204;32041
202209;W96-9;56;3482;11023
202209;W96-9;60;4067;10477
202209;W96-9;62;6072;15052
202209;W96-9;94;2673;6741
202209;W96-9;08;3717;9837
202209;W96-9;67;2214;5276
202209;W96-9;11;3469;9747
202209;W96-9;86;962;2298
202209;W96-9;13;2760;6709
202209;W96-9;14;12083;30145
202209;W96-9;15;2241;6146
202209;W96-9;87;3032;11692
202209;W96-9;18;2900;7456
202209;W96-9;49;603;1292
202209;W96-9;19;12415;37154
202209;W96-9;20;20521;52886
202209;W96-9;21;2186;5860
202209;W96-9;22;6169;13592
202209;W96-9;23;5654;14870
202209;W96-9;51;5488;11491
202209;W96-9;88;1304;2998
202209;W96-9;89;1130;2370
202209;W96-9;63;1143;2827
202209;W96-9;90;837;2286
202209;W96-9;61;570;1463
202209;W96-9;25;10123;25194
202209;W96-9;26;2433;6831
202209;W96-9;27;15433;30555
202209;W96-9;28;2166;5796
202209;W96-9;29;10694;24972
202209;W96-9;91;2466;6836
202209;W96-9;95;3825;8926
202209;W96-9;31;3878;9655
202209;W96-9;32;12498;30246
202209;W96-9;10;3783;6982
202209;W96-9;52;3356;6373
202209;W96-9;33;16453;39770
202209;W96-9;34;663;1709
202209;W96-9;17;3944;9591
202209;W96-9;64;2921;6338
202209;W96-9;59;3688;8256
202209;W96-9;65;734;1484
202209;W96-9;09;10838;18950
202209;W96-9;36;3073;7058
202209;W96-9;92;8486;22110
202209;W96-9;38;7575;14886
202209;W96-9;39;37322;92929
202209;W96-9;96;3799;8222
202209;W96-9;16;20974;49951
202209;W96-9;93;724;1921
202209;W96-9;57;2498;6441
202209;W96-9;58;2849;7228
202209;W96-9;37;7212;16877
202209;W96-9;40;5408;12160
202210;W96-9;01;10078;22550
202210;W96-9;70;10172;20016
202210;W96-9;71;15973;30145
202210;W96-9;72;14707;27963
202210;W96-9;73;27281;47764
202210;W96-9;74;18310;34504
202210;W96-9;75;26321;49857
202210;W96-9;76;16258;34023
202210;W96-9;77;9129;19632
202210;W96-9;80;28413;69563
202210;W96-9;81;13210;34754
202210;W96-9;82;14996;40599
202210;W96-9;83;14336;37606
202210;W96-9;84;12870;33896
202210;W96-9;85;11075;30812
202210;W96-9;53;14160;35906
202210;W96-9;56;2575;6406
202210;W96-9;60;3403;8830
202210;W96-9;62;5397;13636
202210;W96-9;94;2923;7775
202210;W96-9;08;3145;8927
202210;W96-9;67;2664;6303
202210;W96-9;11;2834;8213
202210;W96-9;86;1019;2728
202210;W96-9;13;2635;6712
202210;W96-9;14;13131;34273
202210;W96-9;15;5171;14587
202210;W96-9;87;3407;8762
202210;W96-9;18;2902;7575
202210;W96-9;49;404;1204
202210;W96-9;19;10595;31881
202210;W96-9;20;23510;61540
202210;W96-9;21;1947;5047
202210;W96-9;22;6270;13959
202210;W96-9;23;4682;13641
202210;W96-9;51;4212;10388
202210;W96-9;88;1349;3622
202210;W96-9;89;1265;2915
202210;W96-9;63;917;2406
202210;W96-9;90;650;1778
202210;W96-9;61;494;1487
202210;W96-9;25;9246;22937
202210;W96-9;26;2302;6644
202210;W96-9;27;10463;22254
202210;W96-9;28;2649;6935
202210;W96-9;29;13605;33689
202210;W96-9;91;2871;7971
202210;W96-9;95;3155;7590
202210;W96-9;31;3544;9345
202210;W96-9;32;13827;37186
202210;W96-9;10;3326;8087
202210;W96-9;52;3828;7178
202210;W96-9;33;16272;40175
202210;W96-9;34;506;1334
202210;W96-9;17;3742;9804
202210;W96-9;64;4022;8355
202210;W96-9;59;4891;10305
202210;W96-9;65;919;1878
202210;W96-9;09;11869;22755
202210;W96-9;36;4769;12999
202210;W96-9;92;8682;23301
202210;W96-9;38;8789;17351
202210;W96-9;39;29869;75349
202210;W96-9;96;3400;7937
202210;W96-9;16;18106;44149
202210;W96-9;93;877;2508
202210;W96-9;57;2814;7078
202210;W96-9;58;2943;6456
202210;W96-9;37;6535;16846
202210;W96-9;40;6262;14131
202211;W96-9;01;9288;20409
202211;W96-9;70;8909;17042
202211;W96-9;71;13910;25489
202211;W96-9;72;14127;25425
202211;W96-9;73;25131;42565
202211;W96-9;74;17210;30188
202211;W96-9;75;23602;40973
202211;W96-9;76;16392;31193
202211;W96-9;77;8639;17212
202211;W96-9;80;22690;49471
202211;W96-9;81;9966;23518
202211;W96-9;82;11139;26873
202211;W96-9;83;9932;23753
202211;W96-9;84;9094;20958
202211;W96-9;85;7737;18461
202211;W96-9;53;11270;24678
202211;W96-9;56;1652;4857
202211;W96-9;60;2502;6599
202211;W96-9;62;4432;13024
202211;W96-9;94;2000;5481
202211;W96-9;08;3507;9338
202211;W96-9;67;2296;4830
202211;W96-9;11;2353;5866
202211;W96-9;86;794;1976
202211;W96-9;13;2150;4985
202211;W96-9;14;12759;32514
202211;W96-9;15;4820;13065
202211;W96-9;87;3368;8704
202211;W96-9;18;3416;9174
202211;W96-9;49;491;1117
202211;W96-9;19;10391;33240
202211;W96-9;20;21955;55985
202211;W96-9;21;1755;3904
202211;W96-9;22;8361;18891
202211;W96-9;23;3009;7896
202211;W96-9;51;4898;10550
202211;W96-9;88;1331;3459
202211;W96-9;89;936;2668
202211;W96-9;63;897;2163
202211;W96-9;90;1106;2988
202211;W96-9;61;474;1166
202211;W96-9;25;8040;18727
202211;W96-9;26;1920;4834
202211;W96-9;27;10070;21365
202211;W96-9;28;2963;7577
202211;W96-9;29;21472;41530
202211;W96-9;91;2426;7062
202211;W96-9;95;2014;5219
202211;W96-9;31;3463;8884
202211;W96-9;32;10098;23607
202211;W96-9;10;3574;6693
202211;W96-9;52;3448;6934
202211;W96-9;33;16440;39517
202211;W96-9;34;452;1220
202211;W96-9;17;2723;6405
202211;W96-9;64;2689;5575
202211;W96-9;59;4013;8243
202211;W96-9;65;969;2070
202211;W96-9;09;11262;20278
202211;W96-9;36;4785;13324
202211;W96-9;92;7284;21794
202211;W96-9;38;8391;15299
202211;W96-9;39;26514;64369
202211;W96-9;96;2635;5587
202211;W96-9;16;23333;56572
202211;W96-9;93;1329;3771
202211;W96-9;57;1912;5254
202211;W96-9;58;2249;4793
202211;W96-9;37;4112;9687
202211;W96-9;40;8506;21786
202212;W96-9;01;10159;21952
202212;W96-9;70;9144;16364
202212;W96-9;71;14158;28460
202212;W96-9;72;15562;28514
202212;W96-9;73;23493;41039
202212;W96-9;74;16470;30382
202212;W96-9;75;23798;43446
202212;W96-9;76;14592;30070
202212;W96-9;77;8994;19041
202212;W96-9;80;24596;54646
202212;W96-9;81;11270;27612
202212;W96-9;82;12443;31089
202212;W96-9;83;11979;28997
202212;W96-9;84;10711;25724
202212;W96-9;85;8401;19968
202212;W96-9;53;12646;27140
202212;W96-9;56;2146;5778
202212;W96-9;60;5586;15823
202212;W96-9;62;5584;14285
202212;W96-9;94;2015;5452
202212;W96-9;08;6905;18775
202212;W96-9;67;3430;6997
202212;W96-9;11;2284;6544
202212;W96-9;86;835;2169
202212;W96-9;13;2396;6382
202212;W96-9;14;19360;55994
202212;W96-9;15;14577;43685
202212;W96-9;87;3585;9813
202212;W96-9;18;3589;10552
202212;W96-9;49;442;1313
202212;W96-9;19;15453;56646
202212;W96-9;20;37729;99242
202212;W96-9;21;2818;6587
202212;W96-9;22;8646;19182
202212;W96-9;23;3275;9326
202212;W96-9;51;6695;13524
202212;W96-9;88;1481;3669
202212;W96-9;89;1474;3149
202212;W96-9;63;1132;2846
202212;W96-9;90;2700;9118
202212;W96-9;61;617;1613
202212;W96-9;25;9961;25680
202212;W96-9;26;1841;5164
202212;W96-9;27;11930;23995
202212;W96-9;28;4205;11927
202212;W96-9;29;26471;68534
202212;W96-9;91;3041;8090
202212;W96-9;95;1647;4338
202212;W96-9;31;3238;9547
202212;W96-9;32;12359;30355
202212;W96-9;10;4512;8022
202212;W96-9;52;5061;8996
202212;W96-9;33;24101;64466
202212;W96-9;34;950;2759
202212;W96-9;17;2818;6414
202212;W96-9;64;4046;9021
202212;W96-9;59;6613;14849
202212;W96-9;65;1532;3155
202212;W96-9;09;15876;26156
202212;W96-9;36;5663;13748
202212;W96-9;92;9489;27235
202212;W96-9;38;14193;23509
202212;W96-9;39;38628;98546
202212;W96-9;96;5062;12307
202212;W96-9;16;27752;74898
202212;W96-9;93;3280;9807
202212;W96-9;57;2520;5976
202212;W96-9;58;2125;7584
202212;W96-9;37;4745;11217
202212;W96-9;40;7164;17654
202301;W96-9;01;8546;17231
202301;W96-9;70;6327;11703
202301;W96-9;71;9870;19271
202301;W96-9;72;11239;21049
202301;W96-9;73;16970;30196
202301;W96-9;74;11567;20677
202301;W96-9;75;15646;28303
202301;W96-9;76;9583;19202
202301;W96-9;77;5541;11330
202301;W96-9;80;16583;38084
202301;W96-9;81;7260;18433
202301;W96-9;82;7972;19599
202301;W96-9;83;7573;18530
202301;W96-9;84;6612;16178
202301;W96-9;85;4977;11343
202301;W96-9;53;8676;20081
202301;W96-9;56;1607;4514
202301;W96-9;60;4041;10713
202301;W96-9;62;3085;7719
202301;W96-9;94;2439;6513
202301;W96-9;08;2226;5760
202301;W96-9;67;2220;4871
202301;W96-9;11;1478;3636
202301;W96-9;86;711;1851
202301;W96-9;13;1321;3113
202301;W96-9;14;9223;25365
202301;W96-9;15;7283;23711
202301;W96-9;87;3460;9441
202301;W96-9;18;2317;6154
202301;W96-9;49;215;565
202301;W96-9;19;7836;25079
202301;W96-9;20;26708;76752
202301;W96-9;21;1490;3779
202301;W96-9;22;7186;17375
202301;W96-9;23;1967;4673
202301;W96-9;51;4812;10648
202301;W96-9;88;1446;3569
202301;W96-9;89;1004;2394
202301;W96-9;63;555;1398
202301;W96-9;90;872;2729
202301;W96-9;61;322;722
202301;W96-9;25;5436;13507
202301;W96-9;26;800;2060
202301;W96-9;27;9876;20222
202301;W96-9;28;2019;5443
202301;W96-9;29;9770;21795
202301;W96-9;91;2601;7424
202301;W96-9;95;1290;3438
202301;W96-9;31;1850;4906
202301;W96-9;32;7177;17361
202301;W96-9;10;2290;4506
202301;W96-9;52;1846;3465
202301;W96-9;33;13278;34103
202301;W96-9;34;424;1359
202301;W96-9;17;1544;3606
202301;W96-9;64;4297;9031
202301;W96-9;59;3789;7518
202301;W96-9;65;2915;5396
202301;W96-9;09;5931;10286
202301;W96-9;36;4713;11646
202301;W96-9;92;10088;28572
202301;W96-9;38;6422;12057
202301;W96-9;39;15186;39702
202301;W96-9;96;3137;6760
202301;W96-9;16;13600;33064
202301;W96-9;93;1811;5956
202301;W96-9;57;1755;4461
202301;W96-9;58;1542;4105
202301;W96-9;37;4388;10392
202301;W96-9;40;5473;12376
202302;W96-9;01;9435;19921
202302;W96-9;70;7228;13198
202302;W96-9;71;11567;21560
202302;W96-9;72;10926;21141
202302;W96-9;73;18815;32019
202302;W96-9;74;13269;24878
202302;W96-9;75;18517;33231
202302;W96-9;76;11139;22041
202302;W96-9;77;5935;12083
202302;W96-9;80;17446;39955
202302;W96-9;81;7383;18835
202302;W96-9;82;8066;19856
202302;W96-9;83;7360;18598
202302;W96-9;84;6046;15231
202302;W96-9;85;5606;13936
202302;W96-9;53;8672;20331
202302;W96-9;56;1506;3876
202302;W96-9;60;1864;4606
202302;W96-9;62;3799;9776
202302;W96-9;94;1692;4246
202302;W96-9;08;2349;6328
202302;W96-9;67;2703;5601
202302;W96-9;11;1755;4675
202302;W96-9;86;732;1939
202302;W96-9;13;1425;3636
202302;W96-9;14;11185;30444
202302;W96-9;15;4268;13244
202302;W96-9;87;3047;7815
202302;W96-9;18;2315;6237
202302;W96-9;49;241;1045
202302;W96-9;19;6763;20285
202302;W96-9;20;16877;44146
202302;W96-9;21;2299;5643
202302;W96-9;22;6417;15060
202302;W96-9;23;1791;4670
202302;W96-9;51;3907;8590
202302;W96-9;88;1134;2907
202302;W96-9;89;1162;2529
202302;W96-9;63;639;1795
202302;W96-9;90;664;1778
202302;W96-9;61;176;390
202302;W96-9;25;5501;12635
202302;W96-9;26;1094;2588
202302;W96-9;27;12946;26681
202302;W96-9;28;2615;6845
202302;W96-9;29;9750;20010
202302;W96-9;91;2044;6075
202302;W96-9;95;1592;3751
202302;W96-9;31;2121;7908
202302;W96-9;32;7502;19226
202302;W96-9;10;2737;5319
202302;W96-9;52;2233;4198
202302;W96-9;33;11136;28563
202302;W96-9;34;292;1059
202302;W96-9;17;1637;3794
202302;W96-9;64;4281;9153
202302;W96-9;59;2635;5402
202302;W96-9;65;2682;4726
202302;W96-9;09;8179;14448
202302;W96-9;36;4152;10781
202302;W96-9;92;7143;21877
202302;W96-9;38;6501;12643
202302;W96-9;39;12531;30644
202302;W96-9;96;2407;4745
202302;W96-9;16;14464;35430
202302;W96-9;93;1361;3856
202302;W96-9;57;1544;3965
202302;W96-9;58;2355;5754
202302;W96-9;37;3375;8186
202302;W96-9;40;3944;9149
202303;W96-9;01;11192;23061
202303;W96-9;70;8976;16847
202303;W96-9;71;14047;28244
202303;W96-9;72;13141;25923
202303;W96-9;73;23535;42722
202303;W96-9;74;15509;29549
202303;W96-9;75;22948;42311
202303;W96-9;76;14089;28444
202303;W96-9;77;7349;14591
202303;W96-9;80;23296;53613
202303;W96-9;81;10842;26863
202303;W96-9;82;12073;30502
202303;W96-9;83;10991;29092
202303;W96-9;84;10166;25660
202303;W96-9;85;7872;20431
202303;W96-9;53;13600;31309
202303;W96-9;56;2187;5773
202303;W96-9;60;2031;5716
202303;W96-9;62;4026;9955
202303;W96-9;94;1930;5149
202303;W96-9;08;3149;8258
202303;W96-9;67;4889;9711
202303;W96-9;11;2356;6348
202303;W96-9;86;1015;2892
202303;W96-9;13;2406;6162
202303;W96-9;14;11319;28124
202303;W96-9;15;4912;13782
202303;W96-9;87;4234;11142
202303;W96-9;18;2842;8059
202303;W96-9;49;363;958
202303;W96-9;19;8332;25313
202303;W96-9;20;23439;62112
202303;W96-9;21;3215;8256
202303;W96-9;22;7453;16877
202303;W96-9;23;2790;7512
202303;W96-9;51;3917;9043
202303;W96-9;88;1851;4941
202303;W96-9;89;1099;2816
202303;W96-9;63;777;1983
202303;W96-9;90;583;1744
202303;W96-9;61;215;569
202303;W96-9;25;7044;17410
202303;W96-9;26;1586;4495
202303;W96-9;27;9655;21114
202303;W96-9;28;2318;6203
202303;W96-9;29;8678;19873
202303;W96-9;91;2372;7752
202303;W96-9;95;2485;6207
202303;W96-9;31;3514;8320
202303;W96-9;32;9632;23219
202303;W96-9;10;3396;6594
202303;W96-9;52;2878;5551
202303;W96-9;33;13291;32079
202303;W96-9;34;354;1149
202303;W96-9;17;3021;7428
202303;W96-9;64;4161;8889
202303;W96-9;59;4795;10135
202303;W96-9;65;4178;7383
202303;W96-9;09;10131;17926
202303;W96-9;36;5540;14365
202303;W96-9;92;7952;22266
202303;W96-9;38;7990;15462
202303;W96-9;39;23081;57704
202303;W96-9;96;2758;5115
202303;W96-9;16;19007;45021
202303;W96-9;93;1104;3101
202303;W96-9;57;1798;4895
202303;W96-9;58;2529;6091
202303;W96-9;37;4144;10069
202303;W96-9;40;6354;16230
202304;W96-9;01;10175;22350
202304;W96-9;70;9608;18854
202304;W96-9;71;13728;27627
202304;W96-9;72;13556;26371
202304;W96-9;73;24575;45221
202304;W96-9;74;16572;32724
202304;W96-9;75;22872;43574
202304;W96-9;76;15262;31623
202304;W96-9;77;8049;17600
202304;W96-9;80;33759;87949
202304;W96-9;81;17890;48539
202304;W96-9;82;16650;46420
202304;W96-9;83;17724;50047
202304;W96-9;84;15025;41497
202304;W96-9;85;13010;35773
202304;W96-9;53;17598;45654
202304;W96-9;56;2557;6386
202304;W96-9;60;2999;8621
202304;W96-9;62;6117;17516
202304;W96-9;94;2685;7905
202304;W96-9;08;4032;11334
202304;W96-9;67;6972;15336
202304;W96-9;11;3826;11410
202304;W96-9;86;1779;4884
202304;W96-9;13;3829;10611
202304;W96-9;14;15793;45413
202304;W96-9;15;5488;16320
202304;W96-9;87;3644;9573
202304;W96-9;18;2673;7923
202304;W96-9;49;623;1635
202304;W96-9;19;11265;36558
202304;W96-9;20;33521;91404
202304;W96-9;21;2405;5863
202304;W96-9;22;8249;19607
202304;W96-9;23;4153;11552
202304;W96-9;51;4112;9149
202304;W96-9;88;1726;4491
202304;W96-9;89;1605;4015
202304;W96-9;63;1460;4053
202304;W96-9;90;824;2406
202304;W96-9;61;735;1970
202304;W96-9;25;9465;25822
202304;W96-9;26;2441;6376
202304;W96-9;27;17735;35961
202304;W96-9;28;3249;8778
202304;W96-9;29;10766;26340
202304;W96-9;91;2353;7251
202304;W96-9;95;2188;4955
202304;W96-9;31;5044;13640
202304;W96-9;32;16975;47374
202304;W96-9;10;3606;7287
202304;W96-9;52;4011;8117
202304;W96-9;33;16620;44612
202304;W96-9;34;539;1731
202304;W96-9;17;4167;9993
202304;W96-9;64;6350;13150
202304;W96-9;59;7468;14757
202304;W96-9;65;4325;8268
202304;W96-9;09;11591;21517
202304;W96-9;36;6606;16152
202304;W96-9;92;6923;20758
202304;W96-9;38;8640;16960
202304;W96-9;39;28388;73124
202304;W96-9;96;3891;7845
202304;W96-9;16;21118;52781
202304;W96-9;93;1647;4645
202304;W96-9;57;2024;4844
202304;W96-9;58;2072;6016
202304;W96-9;37;6095;15376
202304;W96-9;40;5059;12813
202305;W96-9;01;10375;21741
202305;W96-9;70;10262;20487
202305;W96-9;71;16407;32554
202305;W96-9;72;14117;28294
202305;W96-9;73;25982;46347
202305;W96-9;74;18328;36055
202305;W96-9;75;25855;50630
202305;W96-9;76;17162;35910
202305;W96-9;77;8973;20559
202305;W96-9;80;31171;78527
202305;W96-9;81;15662;42873
202305;W96-9;82;16236;44086
202305;W96-9;83;16983;45458
202305;W96-9;84;14681;39471
202305;W96-9;85;12500;33709
202305;W96-9;53;16297;41607
202305;W96-9;56;2558;6194
202305;W96-9;60;4888;13150
202305;W96-9;62;6242;16209
202305;W96-9;94;3563;9647
202305;W96-9;08;4108;11404
202305;W96-9;67;6922;13009
202305;W96-9;11;3771;11002
202305;W96-9;86;1460;3888
202305;W96-9;13;3196;8082
202305;W96-9;14;16327;45288
202305;W96-9;15;3492;9709
202305;W96-9;87;3703;9598
202305;W96-9;18;3027;7890
202305;W96-9;49;533;2347
202305;W96-9;19;9087;26627
202305;W96-9;20;19765;48860
202305;W96-9;21;4190;9591
202305;W96-9;22;7091;16373
202305;W96-9;23;7464;20110
202305;W96-9;51;3513;7929
202305;W96-9;88;1438;3686
202305;W96-9;89;1619;3658
202305;W96-9;63;1223;3141
202305;W96-9;90;482;1507
202305;W96-9;61;622;1687
202305;W96-9;25;10303;28700
202305;W96-9;26;2367;6623
202305;W96-9;27;18513;42836
202305;W96-9;28;2475;6510
202305;W96-9;29;9022;21042
202305;W96-9;91;2417;6617
202305;W96-9;95;4326;9084
202305;W96-9;31;4275;11254
202305;W96-9;32;15801;39695
202305;W96-9;10;3740;7752
202305;W96-9;52;2717;5275
202305;W96-9;33;14309;33329
202305;W96-9;34;471;1229
202305;W96-9;17;6058;14176
202305;W96-9;64;7779;14444
202305;W96-9;59;6803;14252
202305;W96-9;65;4432;7978
202305;W96-9;09;11703;20839
202305;W96-9;36;5747;14352
202305;W96-9;92;7053;19112
202305;W96-9;38;8739;16454
202305;W96-9;39;37495;98169
202305;W96-9;96;4687;8962
202305;W96-9;16;23594;56744
202305;W96-9;93;988;2459
202305;W96-9;57;3016;6874
202305;W96-9;58;3114;6344
202305;W96-9;37;7656;19217
202305;W96-9;40;8583;23256
202306;W96-9;01;13397;28957
202306;W96-9;70;10968;21705
202306;W96-9;71;15994;30912
202306;W96-9;72;15100;27995
202306;W96-9;73;27010;49908
202306;W96-9;74;18611;35756
202306;W96-9;75;26284;49473
202306;W96-9;76;17573;35902
202306;W96-9;77;9160;20172
202306;W96-9;80;30175;74511
202306;W96-9;81;16628;41158
202306;W96-9;82;15987;41737
202306;W96-9;83;16577;43728
202306;W96-9;84;13380;34121
202306;W96-9;85;11778;30280
202306;W96-9;53;15480;37560
202306;W96-9;56;5053;11945
202306;W96-9;60;6955;17680
202306;W96-9;62;5574;13019
202306;W96-9;94;3285;9508
202306;W96-9;08;3429;8956
202306;W96-9;67;7955;16263
202306;W96-9;11;2879;7142
202306;W96-9;86;1393;3088
202306;W96-9;13;3725;9189
202306;W96-9;14;14745;36906
202306;W96-9;15;2975;8170
202306;W96-9;87;4275;10926
202306;W96-9;18;3894;9174
202306;W96-9;49;646;1826
202306;W96-9;19;11454;33489
202306;W96-9;20;20682;50408
202306;W96-9;21;4171;9710
202306;W96-9;22;7011;15190
202306;W96-9;23;6910;17627
202306;W96-9;51;3785;8565
202306;W96-9;88;1584;3664
202306;W96-9;89;1833;3765
202306;W96-9;63;948;2427
202306;W96-9;90;618;1533
202306;W96-9;61;1048;2530
202306;W96-9;25;10069;26346
202306;W96-9;26;2805;6748
202306;W96-9;27;19143;38538
202306;W96-9;28;2731;6893
202306;W96-9;29;12889;30859
202306;W96-9;91;2620;6741
202306;W96-9;95;6741;14905
202306;W96-9;31;5952;14104
202306;W96-9;32;13908;33291
202306;W96-9;10;4351;9415
202306;W96-9;52;3471;6906
202306;W96-9;33;14305;34784
202306;W96-9;34;1181;2689
202306;W96-9;17;7451;16694
202306;W96-9;64;8725;17368
202306;W96-9;59;6457;14144
202306;W96-9;65;6711;12536
202306;W96-9;09;10460;18535
202306;W96-9;36;7391;17515
202306;W96-9;92;7786;20787
202306;W96-9;38;9353;17226
202306;W96-9;39;48019;125279
202306;W96-9;96;5294;11978
202306;W96-9;16;26075;61086
202306;W96-9;93;1092;2819
202306;W96-9;57;2688;6809
202306;W96-9;58;3787;8196
202306;W96-9;37;7958;19067
202306;W96-9;40;4048;8606
202307;W96-9;01;10775;22254
202307;W96-9;70;9492;18035
202307;W96-9;71;15184;28193
202307;W96-9;72;14527;26158
202307;W96-9;73;26642;47430
202307;W96-9;74;18561;33458
202307;W96-9;75;23778;40772
202307;W96-9;76;16020;32083
202307;W96-9;77;9826;19972
202307;W96-9;80;32919;81337
202307;W96-9;81;15692;40441
202307;W96-9;82;19249;52211
202307;W96-9;83;17847;48250
202307;W96-9;84;17057;43566
202307;W96-9;85;15418;41424
202307;W96-9;53;18620;46451
202307;W96-9;56;7945;21511
202307;W96-9;60;8661;20322
202307;W96-9;62;7927;20081
202307;W96-9;94;3100;8588
202307;W96-9;08;3788;10422
202307;W96-9;67;8879;20199
202307;W96-9;11;6494;17054
202307;W96-9;86;2014;4209
202307;W96-9;13;4856;12184
202307;W96-9;14;16754;44983
202307;W96-9;15;3883;10435
202307;W96-9;87;4564;11396
202307;W96-9;18;4412;10075
202307;W96-9;49;592;1544
202307;W96-9;19;15291;43071
202307;W96-9;20;23653;62942
202307;W96-9;21;4060;10150
202307;W96-9;22;4683;10412
202307;W96-9;23;6874;17035
202307;W96-9;51;4237;8453
202307;W96-9;88;1945;4154
202307;W96-9;89;2986;5722
202307;W96-9;63;1175;3091
202307;W96-9;90;864;2299
202307;W96-9;61;991;2506
202307;W96-9;25;13580;33102
202307;W96-9;26;3641;8724
202307;W96-9;27;30002;55741
202307;W96-9;28;2484;6244
202307;W96-9;29;13678;30898
202307;W96-9;91;2837;7663
202307;W96-9;95;13579;33783
202307;W96-9;31;8100;18117
202307;W96-9;32;14406;36348
202307;W96-9;10;5604;10953
202307;W96-9;52;4217;7846
202307;W96-9;33;22334;56339
202307;W96-9;34;859;2270
202307;W96-9;17;5176;12483
202307;W96-9;64;10204;20691
202307;W96-9;59;5919;13571
202307;W96-9;65;5900;12253
202307;W96-9;09;17958;32801
202307;W96-9;36;6572;15452
202307;W96-9;92;9203;23105
202307;W96-9;38;10946;21918
202307;W96-9;39;45034;116018
202307;W96-9;96;10008;23265
202307;W96-9;16;26670;62375
202307;W96-9;93;1500;4582
202307;W96-9;57;2752;7302
202307;W96-9;58;3869;8618
202307;W96-9;37;8073;20523
202307;W96-9;40;8928;20486
202308;W96-9;01;8860;21314
202308;W96-9;70;8370;17380
202308;W96-9;71;11816;23434
202308;W96-9;72;11775;23342
202308;W96-9;73;20307;38144
202308;W96-9;74;13759;27368
202308;W96-9;75;18603;35531
202308;W96-9;76;11832;25832
202308;W96-9;77;7145;15647
202308;W96-9;80;31356;83794
202308;W96-9;81;16253;45063
202308;W96-9;82;15689;42059
202308;W96-9;83;17177;47499
202308;W96-9;84;14448;38894
202308;W96-9;85;12813;33349
202308;W96-9;53;17116;43188
202308;W96-9;56;10068;29206
202308;W96-9;60;7852;19711
202308;W96-9;62;6988;17809
202308;W96-9;94;2825;7224
202308;W96-9;08;3716;9037
202308;W96-9;67;9254;19824
202308;W96-9;11;3486;9898
202308;W96-9;86;1567;3704
202308;W96-9;13;2575;6476
202308;W96-9;14;21439;59351
202308;W96-9;15;5223;14461
202308;W96-9;87;4242;11161
202308;W96-9;18;3711;9281
202308;W96-9;49;485;1364
202308;W96-9;19;16447;42889
202308;W96-9;20;48708;142090
202308;W96-9;21;5788;14255
202308;W96-9;22;4751;9987
202308;W96-9;23;6820;16903
202308;W96-9;51;2432;5722
202308;W96-9;88;1849;4381
202308;W96-9;89;2447;4709
202308;W96-9;63;1213;3088
202308;W96-9;90;726;2194
202308;W96-9;61;1504;3608
202308;W96-9;25;15362;39921
202308;W96-9;26;1748;4479
202308;W96-9;27;33716;66705
202308;W96-9;28;3531;8992
202308;W96-9;29;17234;39049
202308;W96-9;91;2549;7103
202308;W96-9;95;13001;32378
202308;W96-9;31;4496;10798
202308;W96-9;32;11796;29715
202308;W96-9;10;4402;9230
202308;W96-9;52;2725;6196
202308;W96-9;33;27556;74820
202308;W96-9;34;577;1463
202308;W96-9;17;5007;11942
202308;W96-9;64;9202;19697
202308;W96-9;59;4164;9395
202308;W96-9;65;6379;12511
202308;W96-9;09;13390;26923
202308;W96-9;36;6134;13399
202308;W96-9;92;9812;24307
202308;W96-9;38;9344;18972
202308;W96-9;39;33974;84330
202308;W96-9;96;12356;28909
202308;W96-9;16;25338;58440
202308;W96-9;93;1807;6071
202308;W96-9;57;2695;7350
202308;W96-9;58;3825;8772
202308;W96-9;37;6494;15937
202308;W96-9;40;8955;21052
202309;W96-9;01;11493;25687
202309;W96-9;70;10189;19561
202309;W96-9;71;16745;32613
202309;W96-9;72;14596;27663
202309;W96-9;73;25734;44253
202309;W96-9;74;19069;34775
202309;W96-9;75;24699;45094
202309;W96-9;76;15875;30797
202309;W96-9;77;8281;16590
202309;W96-9;80;31835;77881
202309;W96-9;81;15166;39695
202309;W96-9;82;16611;43636
202309;W96-9;83;16857;43831
202309;W96-9;84;15049;39024
202309;W96-9;85;12997;33844
202309;W96-9;53;17664;42730
202309;W96-9;56;6564;16526
202309;W96-9;60;7592;19738
202309;W96-9;62;7265;18621
202309;W96-9;94;3849;10573
202309;W96-9;08;3857;10515
202309;W96-9;67;9326;20089
202309;W96-9;11;3902;10896
202309;W96-9;86;1176;2825
202309;W96-9;13;3291;8245
202309;W96-9;14;15245;38432
202309;W96-9;15;3254;8930
202309;W96-9;87;4653;12232
202309;W96-9;18;3270;8569
202309;W96-9;49;533;1377
202309;W96-9;19;12740;37472
202309;W96-9;20;23961;61295
202309;W96-9;21;6456;15403
202309;W96-9;22;6411;13577
202309;W96-9;23;8184;21756
202309;W96-9;51;3576;7898
202309;W96-9;88;1180;2783
202309;W96-9;89;1572;3427
202309;W96-9;63;1108;2865
202309;W96-9;90;794;2064
202309;W96-9;61;1184;3135
202309;W96-9;25;12001;32329
202309;W96-9;26;2760;6974
202309;W96-9;27;20637;42486
202309;W96-9;28;3574;9329
202309;W96-9;29;10572;25631
202309;W96-9;91;2494;7204
202309;W96-9;95;8561;18493
202309;W96-9;31;4267;11359
202309;W96-9;32;14558;37041
202309;W96-9;10;3963;7844
202309;W96-9;52;2864;5661
202309;W96-9;33;19021;46997
202309;W96-9;34;855;2518
202309;W96-9;17;5980;14396
202309;W96-9;64;8970;17529
202309;W96-9;59;6735;15554
202309;W96-9;65;5790;11125
202309;W96-9;09;12166;22779
202309;W96-9;36;5922;14233
202309;W96-9;92;7619;20304
202309;W96-9;38;8319;16309
202309;W96-9;39;47349;118467
202309;W96-9;96;5451;11392
202309;W96-9;16;27018;63328
202309;W96-9;93;1095;2899
202309;W96-9;57;3789;10305
202309;W96-9;58;4004;9738
202309;W96-9;37;9018;22358
202309;W96-9;40;5468;11731
202310;W96-9;01;13181;29007
202310;W96-9;70;12202;22347
202310;W96-9;71;17360;33638
202310;W96-9;72;18255;33903
202310;W96-9;73;29184;53067
202310;W96-9;74;20119;38713
202310;W96-9;75;28334;51201
202310;W96-9;76;17658;35841
202310;W96-9;77;9000;19772
202310;W96-9;80;29171;74636
202310;W96-9;81;14559;40131
202310;W96-9;82;15318;43409
202310;W96-9;83;15831;44293
202310;W96-9;84;15054;42793
202310;W96-9;85;12140;35067
202310;W96-9;53;18094;45119
202310;W96-9;56;4765;10766
202310;W96-9;60;5302;13539
202310;W96-9;62;6050;14260
202310;W96-9;94;4025;10846
202310;W96-9;08;4086;10693
202310;W96-9;67;9271;17970
202310;W96-9;11;3619;10219
202310;W96-9;86;1495;3873
202310;W96-9;13;3131;7852
202310;W96-9;14;14555;37388
202310;W96-9;15;4424;12436
202310;W96-9;87;5046;12941
202310;W96-9;18;3252;7937
202310;W96-9;49;373;1221
202310;W96-9;19;6717;19822
202310;W96-9;20;24677;61836
202310;W96-9;21;4376;9773
202310;W96-9;22;8444;18957
202310;W96-9;23;6448;16562
202310;W96-9;51;4384;9482
202310;W96-9;88;1533;3827
202310;W96-9;89;1915;4530
202310;W96-9;63;942;2489
202310;W96-9;90;622;1444
202310;W96-9;61;635;1727
202310;W96-9;25;8901;23177
202310;W96-9;26;1860;4763
202310;W96-9;27;11247;23370
202310;W96-9;28;3128;7576
202310;W96-9;29;9991;23162
202310;W96-9;91;2469;7179
202310;W96-9;95;6770;14684
202310;W96-9;31;4008;10067
202310;W96-9;32;15157;40575
202310;W96-9;10;3596;7410
202310;W96-9;52;4228;8034
202310;W96-9;33;19505;47362
202310;W96-9;34;535;1400
202310;W96-9;17;5686;12984
202310;W96-9;64;10306;18786
202310;W96-9;59;8180;16855
202310;W96-9;65;7855;15034
202310;W96-9;09;11190;20984
202310;W96-9;36;5890;13618
202310;W96-9;92;7920;20956
202310;W96-9;38;10604;20371
202310;W96-9;39;39450;98903
202310;W96-9;96;4612;9904
202310;W96-9;16;23241;53557
202310;W96-9;93;986;2679
202310;W96-9;57;2694;6396
202310;W96-9;58;3271;7323
202310;W96-9;37;8078;18830
202310;W96-9;40;8244;18023
202311;W96-9;01;12874;26889
202311;W96-9;70;11349;20521
202311;W96-9;71;17488;31760
202311;W96-9;72;16232;29892
202311;W96-9;73;26710;47036
202311;W96-9;74;19556;36041
202311;W96-9;75;25966;46186
202311;W96-9;76;18251;34727
202311;W96-9;77;10738;20776
202311;W96-9;80;27674;62404
202311;W96-9;81;11467;28599
202311;W96-9;82;12879;31028
202311;W96-9;83;13122;30251
202311;W96-9;84;11366;26308
202311;W96-9;85;9193;21906
202311;W96-9;53;15249;32717
202311;W96-9;56;3780;8662
202311;W96-9;60;3734;9126
202311;W96-9;62;4556;11109
202311;W96-9;94;2716;6954
202311;W96-9;08;4419;11047
202311;W96-9;67;5594;11005
202311;W96-9;11;3018;7398
202311;W96-9;86;864;2196
202311;W96-9;13;2550;6420
202311;W96-9;14;14214;35078
202311;W96-9;15;5908;17053
202311;W96-9;87;4191;11283
202311;W96-9;18;4043;10807
202311;W96-9;49;340;843
202311;W96-9;19;1610;4872
202311;W96-9;20;29726;76279
202311;W96-9;21;3902;8722
202311;W96-9;22;9925;21676
202311;W96-9;23;4031;10111
202311;W96-9;51;4764;9516
202311;W96-9;88;1339;3263
202311;W96-9;89;1283;3028
202311;W96-9;63;1100;2773
202311;W96-9;90;996;2785
202311;W96-9;61;437;1075
202311;W96-9;25;8267;20167
202311;W96-9;26;1975;4980
202311;W96-9;27;13416;26643
202311;W96-9;28;3704;9624
202311;W96-9;29;20068;41470
202311;W96-9;91;2415;6879
202311;W96-9;95;5041;12474
202311;W96-9;31;3326;8074
202311;W96-9;32;12192;27832
202311;W96-9;10;5063;8926
202311;W96-9;52;3424;6576
202311;W96-9;33;19321;48219
202311;W96-9;34;410;1112
202311;W96-9;17;3821;8877
202311;W96-9;64;7597;14374
202311;W96-9;59;6069;12446
202311;W96-9;65;6002;10244
202311;W96-9;09;13057;22827
202311;W96-9;36;8099;20157
202311;W96-9;92;7129;18903
202311;W96-9;38;11907;21116
202311;W96-9;39;32271;78906
202311;W96-9;96;2813;6699
202311;W96-9;16;28061;67994
202311;W96-9;93;1727;4632
202311;W96-9;57;2864;6180
202311;W96-9;58;2604;6303
202311;W96-9;37;5516;12908
202311;W96-9;40;7173;14891
202312;W96-9;01;10183;28230
202312;W96-9;70;9982;19236
202312;W96-9;71;15923;30047
202312;W96-9;72;16652;29559
202312;W96-9;73;25083;44880
202312;W96-9;74;17142;32508
202312;W96-9;75;23193;42112
202312;W96-9;76;14939;29743
202312;W96-9;77;9362;17968
202312;W96-9;80;29600;68107
202312;W96-9;81;12972;31430
202312;W96-9;82;14378;35835
202312;W96-9;83;15418;37782
202312;W96-9;84;13411;31908
202312;W96-9;85;10023;24316
202312;W96-9;53;14898;32752
202312;W96-9;56;4990;11171
202312;W96-9;60;8201;23721
202312;W96-9;62;5799;15491
202312;W96-9;94;3107;8522
202312;W96-9;08;7947;21843
202312;W96-9;67;6472;13747
202312;W96-9;11;2597;7256
202312;W96-9;86;1043;2498
202312;W96-9;13;2783;7515
202312;W96-9;14;21456;59445
202312;W96-9;15;21900;63399
202312;W96-9;87;6336;16283
202312;W96-9;18;4545;12153
202312;W96-9;49;384;1017
202312;W96-9;19;2762;8313
202312;W96-9;20;49804;129742
202312;W96-9;21;5013;11114
202312;W96-9;22;12183;27196
202312;W96-9;23;4798;13233
202312;W96-9;51;8848;17944
202312;W96-9;88;1760;4636
202312;W96-9;89;1533;3405
202312;W96-9;63;1250;3307
202312;W96-9;90;2853;8776
202312;W96-9;61;884;2427
202312;W96-9;25;10466;27271
202312;W96-9;26;1763;4579
202312;W96-9;27;19565;38635
202312;W96-9;28;5658;15756
202312;W96-9;29;23250;55378
202312;W96-9;91;3060;8114
202312;W96-9;95;3003;7563
202312;W96-9;31;2804;7516
202312;W96-9;32;14230;35871
202312;W96-9;10;5108;8687
202312;W96-9;52;6733;11938
202312;W96-9;33;28054;75344
202312;W96-9;34;1097;2935
202312;W96-9;17;4722;11410
202312;W96-9;64;8442;17406
202312;W96-9;59;9158;21129
202312;W96-9;65;4980;9742
202312;W96-9;09;15993;26298
202312;W96-9;36;9274;23022
202312;W96-9;92;10551;26598
202312;W96-9;38;15834;26037
202312;W96-9;39;48508;121991
202312;W96-9;96;7119;16989
202312;W96-9;16;34795;91548
202312;W96-9;93;4255;13104
202312;W96-9;57;3507;7979
202312;W96-9;58;3386;8388
202312;W96-9;37;7289;17433
202312;W96-9;40;11563;25881
202401;W96-9;01;9469;22358
202401;W96-9;70;10031;22457
202401;W96-9;71;12068;22131
202401;W96-9;72;12904;22110
202401;W96-9;73;19034;33672
202401;W96-9;74;13084;23957
202401;W96-9;75;18452;31832
202401;W96-9;76;10982;20646
202401;W96-9;77;5903;10993
202401;W96-9;80;16186;36174
202401;W96-9;81;7870;18447
202401;W96-9;82;8404;20034
202401;W96-9;83;8190;19364
202401;W96-9;84;7106;16716
202401;W96-9;85;5228;12484
202401;W96-9;53;8136;18488
202401;W96-9;56;2306;6737
202401;W96-9;60;5281;12892
202401;W96-9;62;3250;7800
202401;W96-9;94;3334;9156
202401;W96-9;08;2271;5691
202401;W96-9;67;4616;9290
202401;W96-9;11;1306;3105
202401;W96-9;86;1028;2073
202401;W96-9;13;1755;3933
202401;W96-9;14;10665;29826
202401;W96-9;15;9484;29380
202401;W96-9;87;4579;11998
202401;W96-9;18;2475;6485
202401;W96-9;49;214;527
202401;W96-9;19;2304;6313
202401;W96-9;20;30060;81680
202401;W96-9;21;2653;5937
202401;W96-9;22;8448;20461
202401;W96-9;23;1892;4754
202401;W96-9;51;3930;8748
202401;W96-9;88;1310;3181
202401;W96-9;89;1025;2479
202401;W96-9;63;596;1514
202401;W96-9;90;995;3083
202401;W96-9;61;432;1129
202401;W96-9;25;5490;12610
202401;W96-9;26;740;1665
202401;W96-9;27;13045;23483
202401;W96-9;28;2572;6682
202401;W96-9;29;9332;19408
202401;W96-9;91;2434;6746
202401;W96-9;95;2661;6748
202401;W96-9;31;1732;4315
202401;W96-9;32;7716;18021
202401;W96-9;10;2397;4978
202401;W96-9;52;1863;3501
202401;W96-9;33;15682;39506
202401;W96-9;34;551;1311
202401;W96-9;17;2095;4966
202401;W96-9;64;8096;16396
202401;W96-9;59;3342;7653
202401;W96-9;65;3119;5600
202401;W96-9;09;5379;9233
202401;W96-9;36;6399;16505
202401;W96-9;92;8314;21853
202401;W96-9;38;6547;12428
202401;W96-9;39;17293;42069
202401;W96-9;96;3416;6397
202401;W96-9;16;16385;37732
202401;W96-9;93;1785;5619
202401;W96-9;57;1965;4971
202401;W96-9;58;1623;4672
202401;W96-9;37;4942;12019
202401;W96-9;40;5485;11250
202402;W96-9;01;10936;24428
202402;W96-9;70;9107;17000
202402;W96-9;71;12759;24113
202402;W96-9;72;12516;23162
202402;W96-9;73;20987;37408
202402;W96-9;74;14273;26229
202402;W96-9;75;19497;35791
202402;W96-9;76;12158;23865
202402;W96-9;77;6873;13163
202402;W96-9;80;19121;42825
202402;W96-9;81;7976;18672
202402;W96-9;82;9315;22364
202402;W96-9;83;9430;22672
202402;W96-9;84;7978;19270
202402;W96-9;85;6927;16579
202402;W96-9;53;9954;22646
202402;W96-9;56;3021;6398
202402;W96-9;60;1928;4718
202402;W96-9;62;4168;10456
202402;W96-9;94;2255;6059
202402;W96-9;08;2190;6278
202402;W96-9;67;7614;16066
202402;W96-9;11;1762;4242
202402;W96-9;86;829;1990
202402;W96-9;13;1960;4698
202402;W96-9;14;12598;33303
202402;W96-9;15;5343;15072
202402;W96-9;87;3872;10267
202402;W96-9;18;3103;7890
202402;W96-9;49;330;866
202402;W96-9;19;3444;8922
202402;W96-9;20;23223;58837
202402;W96-9;21;4544;10351
202402;W96-9;22;8923;19894
202402;W96-9;23;2218;5024
202402;W96-9;51;4054;8457
202402;W96-9;88;1392;3276
202402;W96-9;89;1482;3154
202402;W96-9;63;673;2007
202402;W96-9;90;660;1958
202402;W96-9;61;248;601
202402;W96-9;25;6419;15562
202402;W96-9;26;1045;2516
202402;W96-9;27;13162;26188
202402;W96-9;28;2937;7880
202402;W96-9;29;11381;22044
202402;W96-9;91;2085;5970
202402;W96-9;95;2251;5639
202402;W96-9;31;2102;4960
202402;W96-9;32;9155;21534
202402;W96-9;10;2876;5466
202402;W96-9;52;2906;5757
202402;W96-9;33;13986;33287
202402;W96-9;34;282;693
202402;W96-9;17;2362;5353
202402;W96-9;64;6551;12577
202402;W96-9;59;3565;6963
202402;W96-9;65;4720;9084
202402;W96-9;09;8014;14514
202402;W96-9;36;6680;17214
202402;W96-9;92;6314;17396
202402;W96-9;38;6794;12718
202402;W96-9;39;16213;37701
202402;W96-9;96;3038;5400
202402;W96-9;16;18640;43474
202402;W96-9;93;1368;3728
202402;W96-9;57;2281;5792
202402;W96-9;58;1513;4183
202402;W96-9;37;3888;9238
202402;W96-9;40;7123;15898
202403;W96-9;01;11548;24273
202403;W96-9;70;12473;27268
202403;W96-9;71;16246;31969
202403;W96-9;72;14580;26774
202403;W96-9;73;25426;46356
202403;W96-9;74;18485;35397
202403;W96-9;75;25803;47609
202403;W96-9;76;15911;31789
202403;W96-9;77;8873;18206
202403;W96-9;80;30457;74815
202403;W96-9;81;13370;35929
202403;W96-9;82;14460;38781
202403;W96-9;83;15138;41228
202403;W96-9;84;13418;35823
202403;W96-9;85;10591;27903
202403;W96-9;53;14772;37332
202403;W96-9;56;2230;6365
202403;W96-9;60;2205;5896
202403;W96-9;62;4699;11239
202403;W96-9;94;2436;7101
202403;W96-9;08;3581;9318
202403;W96-9;67;8414;16767
202403;W96-9;11;2766;7870
202403;W96-9;86;761;2142
202403;W96-9;13;2515;6703
202403;W96-9;14;12847;33444
202403;W96-9;15;5712;16623
202403;W96-9;87;4752;12826
202403;W96-9;18;3139;8237
202403;W96-9;49;500;1323
202403;W96-9;19;3475;10069
202403;W96-9;20;29282;75714
202403;W96-9;21;6089;15702
202403;W96-9;22;8450;18475
202403;W96-9;23;3539;8484
202403;W96-9;51;3725;7975
202403;W96-9;88;2373;6216
202403;W96-9;89;1387;3364
202403;W96-9;63;716;2074
202403;W96-9;90;854;2386
202403;W96-9;61;244;608
202403;W96-9;25;6495;15397
202403;W96-9;26;1552;4119
202403;W96-9;27;11846;24686
202403;W96-9;28;3131;8759
202403;W96-9;29;8333;19545
202403;W96-9;91;2550;6895
202403;W96-9;95;1393;2950
202403;W96-9;31;3040;7613
202403;W96-9;32;11677;28613
202403;W96-9;10;3879;7565
202403;W96-9;52;2562;5359
202403;W96-9;33;18184;46605
202403;W96-9;34;563;1614
202403;W96-9;17;3118;7993
202403;W96-9;64;6116;11798
202403;W96-9;59;4897;10525
202403;W96-9;65;5213;8972
202403;W96-9;09;11748;21882
202403;W96-9;36;7090;18727
202403;W96-9;92;7942;20592
202403;W96-9;38;10636;20065
202403;W96-9;39;26572;65895
202403;W96-9;96;2982;4992
202403;W96-9;16;22890;55889
202403;W96-9;93;1326;3615
202403;W96-9;57;3054;6481
202403;W96-9;58;2474;6268
202403;W96-9;37;5498;12878
202403;W96-9;40;8343;19368
202404;W96-9;01;12134;24348
202404;W96-9;70;11393;20881
202404;W96-9;71;16869;32474
202404;W96-9;72;15670;29152
202404;W96-9;73;24961;45987
202404;W96-9;74;18201;33647
202404;W96-9;75;27301;50975
202404;W96-9;76;17101;33897
202404;W96-9;77;9561;19583
202404;W96-9;80;29968;74001
202404;W96-9;81;14049;37402
202404;W96-9;82;15622;42255
202404;W96-9;83;15803;43319
202404;W96-9;84;14458;37435
202404;W96-9;85;12461;33740
202404;W96-9;53;15917;40496
202404;W96-9;56;3651;7947
202404;W96-9;60;3424;8646
202404;W96-9;62;5902;15537
202404;W96-9;94;3672;9775
202404;W96-9;08;5131;13054
202404;W96-9;67;11076;25454
202404;W96-9;11;2947;7714
202404;W96-9;86;1630;4270
202404;W96-9;13;3908;9458
202404;W96-9;14;17587;50612
202404;W96-9;15;6010;16759
202404;W96-9;87;4008;9830
202404;W96-9;18;3193;8081
202404;W96-9;49;424;1932
202404;W96-9;19;5394;16570
202404;W96-9;20;39494;104745
202404;W96-9;21;3863;8929
202404;W96-9;22;9912;21343
202404;W96-9;23;4840;12430
202404;W96-9;51;4510;9584
202404;W96-9;88;1495;3533
202404;W96-9;89;1956;4915
202404;W96-9;63;1074;3198
202404;W96-9;90;636;1672
202404;W96-9;61;495;1269
202404;W96-9;25;9917;25546
202404;W96-9;26;2029;5485
202404;W96-9;27;17777;36579
202404;W96-9;28;3395;9138
202404;W96-9;29;11490;26021
202404;W96-9;91;2718;7267
202404;W96-9;95;2411;5667
202404;W96-9;31;4753;12319
202404;W96-9;32;18390;49744
202404;W96-9;10;3062;5501
202404;W96-9;52;3661;7320
202404;W96-9;33;14916;37111
202404;W96-9;34;415;1114
202404;W96-9;17;4157;10287
202404;W96-9;64;8018;15943
202404;W96-9;59;7330;14957
202404;W96-9;65;5410;10719
202404;W96-9;09;8689;15410
202404;W96-9;36;10335;27548
202404;W96-9;92;7096;18432
202404;W96-9;38;9081;17290
202404;W96-9;39;31089;76970
202404;W96-9;96;4928;10318
202404;W96-9;16;25858;65915
202404;W96-9;93;1356;4257
202404;W96-9;57;2060;5221
202404;W96-9;58;1977;5519
202404;W96-9;37;5925;13982
202404;W96-9;40;9771;22168
202405;W96-9;01;15530;30348
202405;W96-9;70;11642;22187
202405;W96-9;71;18035;35211
202405;W96-9;72;17561;32842
202405;W96-9;73;27331;49074
202405;W96-9;74;20069;39205
202405;W96-9;75;28681;52532
202405;W96-9;76;18368;35813
202405;W96-9;77;9723;20026
202405;W96-9;80;38822;99018
202405;W96-9;81;18731;51136
202405;W96-9;82;19143;51933
202405;W96-9;83;19956;53957
202405;W96-9;84;18180;47900
202405;W96-9;85;15537;40886
202405;W96-9;53;21477;53932
202405;W96-9;56;5071;9154
202405;W96-9;60;5508;14159
202405;W96-9;62;5903;16086
202405;W96-9;94;4287;11456
202405;W96-9;08;4704;13008
202405;W96-9;67;13890;27437
202405;W96-9;11;3609;9900
202405;W96-9;86;1020;2725
202405;W96-9;13;3235;8088
202405;W96-9;14;19082;52559
202405;W96-9;15;5003;14641
202405;W96-9;87;4929;12511
202405;W96-9;18;3211;7528
202405;W96-9;49;449;1038
202405;W96-9;19;6644;18620
202405;W96-9;20;24462;61606
202405;W96-9;21;5364;12279
202405;W96-9;22;7574;18566
202405;W96-9;23;8738;21639
202405;W96-9;51;4166;8633
202405;W96-9;88;1576;4006
202405;W96-9;89;1981;4453
202405;W96-9;63;1276;3477
202405;W96-9;90;523;1509
202405;W96-9;61;804;1987
202405;W96-9;25;13580;34385
202405;W96-9;26;2215;5710
202405;W96-9;27;26604;58973
202405;W96-9;28;2895;7470
202405;W96-9;29;11619;27859
202405;W96-9;91;2654;7271
202405;W96-9;95;3669;8110
202405;W96-9;31;4863;12024
202405;W96-9;32;17541;43247
202405;W96-9;10;3443;6407
202405;W96-9;52;3229;6206
202405;W96-9;33;14936;35989
202405;W96-9;34;619;1592
202405;W96-9;17;7609;17266
202405;W96-9;64;9480;19085
202405;W96-9;59;7307;15288
202405;W96-9;65;6739;12230
202405;W96-9;09;11811;21007
202405;W96-9;36;7544;19332
202405;W96-9;92;7796;20193
202405;W96-9;38;9229;17901
202405;W96-9;39;47515;116792
202405;W96-9;96;4887;9250
202405;W96-9;16;28042;66330
202405;W96-9;93;1175;3394
202405;W96-9;57;2341;5660
202405;W96-9;58;2228;6042
202405;W96-9;37;7716;18863
202405;W96-9;40;12100;27436
202406;W96-9;01;14280;28901
202406;W96-9;70;11646;23142
202406;W96-9;71;18736;34728
202406;W96-9;72;17847;32404
202406;W96-9;73;28362;51127
202406;W96-9;74;20836;39334
202406;W96-9;75;30025;55088
202406;W96-9;76;18911;36805
202406;W96-9;77;11450;23849
202406;W96-9;80;30238;71891
202406;W96-9;81;14008;35621
202406;W96-9;82;16404;41705
202406;W96-9;83;17197;42493
202406;W96-9;84;15331;37132
202406;W96-9;85;13188;33746
202406;W96-9;53;17336;41303
202406;W96-9;56;6306;14205
202406;W96-9;60;6981;17523
202406;W96-9;62;4992;12160
202406;W96-9;94;3681;9865
202406;W96-9;08;3796;9863
202406;W96-9;67;14406;27483
202406;W96-9;11;2955;7166
202406;W96-9;86;1329;3012
202406;W96-9;13;4222;10521
202406;W96-9;14;15523;40899
202406;W96-9;15;3542;9645
202406;W96-9;87;5251;12738
202406;W96-9;18;4299;9986
202406;W96-9;49;579;1546
202406;W96-9;19;8015;20334
202406;W96-9;20;21845;54001
202406;W96-9;21;6578;15342
202406;W96-9;22;6629;15136
202406;W96-9;23;10171;24802
202406;W96-9;51;4670;9387
202406;W96-9;88;1784;4066
202406;W96-9;89;2421;4913
202406;W96-9;63;930;2418
202406;W96-9;90;717;1697
202406;W96-9;61;1148;2831
202406;W96-9;25;10553;26078
202406;W96-9;26;3107;7286
202406;W96-9;27;21297;41435
202406;W96-9;28;3217;8084
202406;W96-9;29;12921;27030
202406;W96-9;91;2650;7514
202406;W96-9;95;7239;16596
202406;W96-9;31;6039;13889
202406;W96-9;32;16152;38862
202406;W96-9;10;4100;7266
202406;W96-9;52;3517;6442
202406;W96-9;33;16206;39211
202406;W96-9;34;975;2290
202406;W96-9;17;8310;19312
202406;W96-9;64;8910;18028
202406;W96-9;59;6506;15109
202406;W96-9;65;6143;12559
202406;W96-9;09;10286;18460
202406;W96-9;36;11015;27346
202406;W96-9;92;8162;23817
202406;W96-9;38;10852;20851
202406;W96-9;39;55341;134594
202406;W96-9;96;6914;13071
202406;W96-9;16;29679;69399
202406;W96-9;93;1381;3539
202406;W96-9;57;2719;6868
202406;W96-9;58;3234;8199
202406;W96-9;37;10041;24159
202406;W96-9;40;11699;25660
202407;W96-9;01;14080;29973
202407;W96-9;70;9033;18253
202407;W96-9;71;12841;25521
202407;W96-9;72;14942;29013
202407;W96-9;73;21379;40439
202407;W96-9;74;15264;28873
202407;W96-9;75;21248;40895
202407;W96-9;76;12851;26975
202407;W96-9;77;8006;17412
202407;W96-9;80;30007;73263
202407;W96-9;81;15482;39069
202407;W96-9;82;17741;47523
202407;W96-9;83;18601;48170
202407;W96-9;84;16981;46250
202407;W96-9;85;14398;38941
202407;W96-9;53;19542;46109
202407;W96-9;56;8646;20826
202407;W96-9;60;7779;19222
202407;W96-9;62;7670;19095
202407;W96-9;94;4059;11129
202407;W96-9;08;3645;9566
202407;W96-9;67;21924;47987
202407;W96-9;11;7351;19729
202407;W96-9;86;1934;4086
202407;W96-9;13;4530;11662
202407;W96-9;14;17310;46279
202407;W96-9;15;4063;11168
202407;W96-9;87;7520;18225
202407;W96-9;18;4386;10601
202407;W96-9;49;463;1398
202407;W96-9;19;9676;25744
202407;W96-9;20;27895;73778
202407;W96-9;21;5674;12690
202407;W96-9;22;6068;13142
202407;W96-9;23;10248;24552
202407;W96-9;51;2803;6316
202407;W96-9;88;1801;4176
202407;W96-9;89;2950;5692
202407;W96-9;63;1012;2689
202407;W96-9;90;662;2228
202407;W96-9;61;1229;2910
202407;W96-9;25;14521;35941
202407;W96-9;26;3740;8805
202407;W96-9;27;31041;59264
202407;W96-9;28;3059;7961
202407;W96-9;29;12772;28007
202407;W96-9;91;3090;9223
202407;W96-9;95;12399;28595
202407;W96-9;31;8307;18953
202407;W96-9;32;16184;40671
202407;W96-9;10;4653;9344
202407;W96-9;52;2641;5687
202407;W96-9;33;24132;60172
202407;W96-9;34;793;1897
202407;W96-9;17;6834;17064
202407;W96-9;64;12783;27586
202407;W96-9;59;5443;12873
202407;W96-9;65;6401;14211
202407;W96-9;09;14786;27871
202407;W96-9;36;11482;26636
202407;W96-9;92;10463;27982
202407;W96-9;38;10832;22500
202407;W96-9;39;58895;147731
202407;W96-9;96;9169;20339
202407;W96-9;16;30830;72041
202407;W96-9;93;1688;5225
202407;W96-9;57;2538;6355
202407;W96-9;58;3175;9177
202407;W96-9;37;9623;23340
202407;W96-9;40;8440;18757
202408;W96-9;01;12953;27143
202408;W96-9;70;9497;18366
202408;W96-9;71;14568;27063
202408;W96-9;72;16107;29905
202408;W96-9;73;22173;38655
202408;W96-9;74;16444;30249
202408;W96-9;75;25249;45959
202408;W96-9;76;14954;29777
202408;W96-9;77;9378;19491
202408;W96-9;80;34027;83109
202408;W96-9;81;17418;46651
202408;W96-9;82;17583;46213
202408;W96-9;83;20752;51099
202408;W96-9;84;17831;43634
202408;W96-9;85;15301;38381
202408;W96-9;53;20670;48985
202408;W96-9;56;10847;29414
202408;W96-9;60;6534;15648
202408;W96-9;62;7717;19248
202408;W96-9;94;3427;8895
202408;W96-9;08;3624;9252
202408;W96-9;67;17035;36083
202408;W96-9;11;4398;11725
202408;W96-9;86;1656;3874
202408;W96-9;13;3183;7757
202408;W96-9;14;21490;57272
202408;W96-9;15;5566;15654
202408;W96-9;87;5491;14023
202408;W96-9;18;4844;11422
202408;W96-9;49;894;2252
202408;W96-9;19;12507;32320
202408;W96-9;20;52023;143357
202408;W96-9;21;8363;19241
202408;W96-9;22;5940;13293
202408;W96-9;23;9218;22310
202408;W96-9;51;4557;9364
202408;W96-9;88;2155;4704
202408;W96-9;89;3516;7038
202408;W96-9;63;1684;4710
202408;W96-9;90;1526;4469
202408;W96-9;61;1232;2768
202408;W96-9;25;16086;40201
202408;W96-9;26;3934;10197
202408;W96-9;27;33666;64078
202408;W96-9;28;3985;10711
202408;W96-9;29;18145;40355
202408;W96-9;91;3005;8855
202408;W96-9;95;9671;22698
202408;W96-9;31;4434;10346
202408;W96-9;32;13125;32268
202408;W96-9;10;5746;10878
202408;W96-9;52;4324;8321
202408;W96-9;33;31855;85827
202408;W96-9;34;752;1944
202408;W96-9;17;6332;14965
202408;W96-9;64;10771;22554
202408;W96-9;59;5057;11565
202408;W96-9;65;5818;12395
202408;W96-9;09;15501;28170
202408;W96-9;36;9178;20885
202408;W96-9;92;10263;29087
202408;W96-9;38;11975;23213
202408;W96-9;39;56590;138504
202408;W96-9;96;10460;24292
202408;W96-9;16;32649;75959
202408;W96-9;93;2650;7553
202408;W96-9;57;3223;7963
202408;W96-9;58;3321;9353
202408;W96-9;37;8461;19981
202408;W96-9;40;9801;22596
202409;W96-9;01;14063;27991
202409;W96-9;70;9666;18282
202409;W96-9;71;13845;26816
202409;W96-9;72;15909;29411
202409;W96-9;73;23576;44050
202409;W96-9;74;16034;29382
202409;W96-9;75;24332;42873
202409;W96-9;76;15681;29519
202409;W96-9;77;9249;17714
202409;W96-9;80;24465;61313
202409;W96-9;81;13750;36137
202409;W96-9;82;15219;40613
202409;W96-9;83;16620;42180
202409;W96-9;84;13986;36695
202409;W96-9;85;12580;32365
202409;W96-9;53;17341;41453
202409;W96-9;56;6273;14006
202409;W96-9;60;7856;20109
202409;W96-9;62;6055;14548
202409;W96-9;94;4715;13320
202409;W96-9;08;4122;10525
202409;W96-9;67;15072;29683
202409;W96-9;11;4418;10947
202409;W96-9;86;1187;2660
202409;W96-9;13;3054;7619
202409;W96-9;14;14977;38549
202409;W96-9;15;3223;8526
202409;W96-9;87;4796;11486
202409;W96-9;18;3444;8653
202409;W96-9;49;407;1021
202409;W96-9;19;8869;23138
202409;W96-9;20;24984;62766
202409;W96-9;21;8027;18653
202409;W96-9;22;6452;13855
202409;W96-9;23;9352;23893
202409;W96-9;51;3560;7974
202409;W96-9;88;1641;3905
202409;W96-9;89;1502;3405
202409;W96-9;63;984;2473
202409;W96-9;90;767;2288
202409;W96-9;61;1310;3184
202409;W96-9;25;9477;23798
202409;W96-9;26;2284;5930
202409;W96-9;27;18231;37179
202409;W96-9;28;3053;8066
202409;W96-9;29;9865;23549
202409;W96-9;91;2496;7879
202409;W96-9;95;6568;14535
202409;W96-9;31;4464;11160
202409;W96-9;32;14411;35191
202409;W96-9;10;3158;6359
202409;W96-9;52;2362;4975
202409;W96-9;33;18596;46992
202409;W96-9;34;945;2549
202409;W96-9;17;7538;17445
202409;W96-9;64;9990;20450
202409;W96-9;59;6379;14204
202409;W96-9;65;5739;10921
202409;W96-9;09;8738;16200
202409;W96-9;36;6668;16120
202409;W96-9;92;7979;25599
202409;W96-9;38;8081;16089
202409;W96-9;39;52685;130448
202409;W96-9;96;5004;9759
202409;W96-9;16;28274;67844
202409;W96-9;93;1171;3085
202409;W96-9;57;3102;8579
202409;W96-9;58;3006;8997
202409;W96-9;37;10003;24286
202409;W96-9;40;13522;29923
202410;W96-9;01;13140;28454
202410;W96-9;70;11727;22860
202410;W96-9;71;18746;36395
202410;W96-9;72;19044;34036
202410;W96-9;73;28022;51962
202410;W96-9;74;23463;43008
202410;W96-9;75;30814;56587
202410;W96-9;76;17877;36112
202410;W96-9;77;11012;22396
202410;W96-9;80;30778;77215
202410;W96-9;81;16097;43496
202410;W96-9;82;17199;49159
202410;W96-9;83;18718;49096
202410;W96-9;84;15884;42550
202410;W96-9;85;14012;38281
202410;W96-9;53;20855;49128
202410;W96-9;56;4613;9472
202410;W96-9;60;6137;15836
202410;W96-9;62;5000;13499
202410;W96-9;94;5856;15346
202410;W96-9;08;4118;11188
202410;W96-9;67;14923;28854
202410;W96-9;11;3701;10421
202410;W96-9;86;1150;2935
202410;W96-9;13;3092;7949
202410;W96-9;14;15637;41711
202410;W96-9;15;5681;16129
202410;W96-9;87;6307;16166
202410;W96-9;18;3465;9201
202410;W96-9;49;337;892
202410;W96-9;19;5802;14964
202410;W96-9;20;32061;77649
202410;W96-9;21;6203;14113
202410;W96-9;22;8079;17975
202410;W96-9;23;7669;20266
202410;W96-9;51;4119;8970
202410;W96-9;88;1604;4101
202410;W96-9;89;1953;4964
202410;W96-9;63;1059;2672
202410;W96-9;90;720;1894
202410;W96-9;61;725;1885
202410;W96-9;25;9751;24446
202410;W96-9;26;2204;5584
202410;W96-9;27;13613;30441
202410;W96-9;28;3664;9359
202410;W96-9;29;13780;32321
202410;W96-9;91;2836;8480
202410;W96-9;95;4265;9585
202410;W96-9;31;4660;11008
202410;W96-9;32;16099;41927
202410;W96-9;10;3587;6794
202410;W96-9;52;4388;8632
202410;W96-9;33;20179;47977
202410;W96-9;34;551;1412
202410;W96-9;17;5340;12693
202410;W96-9;64;10797;21200
202410;W96-9;59;8482;18258
202410;W96-9;65;7258;13379
202410;W96-9;09;12876;25219
202410;W96-9;36;8130;19755
202410;W96-9;92;9385;29882
202410;W96-9;38;11642;22419
202410;W96-9;39;42293;104653
202410;W96-9;96;4782;9576
202410;W96-9;16;27597;66576
202410;W96-9;93;1202;3148
202410;W96-9;57;3211;8247
202410;W96-9;58;2502;7877
202410;W96-9;37;9463;23738
202410;W96-9;40;11035;25116
202411;W96-9;01;11642;25374
202411;W96-9;70;12116;22108
202411;W96-9;71;18665;34833
202411;W96-9;72;17989;31159
202411;W96-9;73;30691;53709
202411;W96-9;74;19597;35193
202411;W96-9;75;29427;52553
202411;W96-9;76;18048;34579
202411;W96-9;77;10056;19814
202411;W96-9;80;26750;59497
202411;W96-9;81;12931;29429
202411;W96-9;82;14306;33195
202411;W96-9;83;13880;31825
202411;W96-9;84;11965;28031
202411;W96-9;85;10337;24013
202411;W96-9;53;14850;33541
202411;W96-9;56;3631;7932
202411;W96-9;60;4213;10653
202411;W96-9;62;4883;11847
202411;W96-9;94;3961;10093
202411;W96-9;08;5129;13308
202411;W96-9;67;8208;15505
202411;W96-9;11;3230;7862
202411;W96-9;86;1136;2757
202411;W96-9;13;2807;7034
202411;W96-9;14;15305;39598
202411;W96-9;15;7419;20667
202411;W96-9;87;5694;14597
202411;W96-9;18;4565;11431
202411;W96-9;49;405;955
202411;W96-9;19;5173;15251
202411;W96-9;20;36252;91198
202411;W96-9;21;5509;12685
202411;W96-9;22;13098;29656
202411;W96-9;23;5542;13650
202411;W96-9;51;7626;16167
202411;W96-9;88;1691;3845
202411;W96-9;89;1321;3263
202411;W96-9;63;985;2792
202411;W96-9;90;1094;2987
202411;W96-9;61;506;1279
202411;W96-9;25;8882;21049
202411;W96-9;26;2011;5132
202411;W96-9;27;17193;34759
202411;W96-9;28;5179;13512
202411;W96-9;29;17485;38587
202411;W96-9;91;2512;7653
202411;W96-9;95;3865;9783
202411;W96-9;31;3490;8421
202411;W96-9;32;13441;29995
202411;W96-9;10;5168;9184
202411;W96-9;52;4905;9301
202411;W96-9;33;24175;60774
202411;W96-9;34;554;1475
202411;W96-9;17;4410;10391
202411;W96-9;64;6763;13267
202411;W96-9;59;6440;14319
202411;W96-9;65;5316;9536
202411;W96-9;09;12399;21587
202411;W96-9;36;11587;28879
202411;W96-9;92;7845;25912
202411;W96-9;38;13021;24282
202411;W96-9;39;36282;87849
202411;W96-9;96;4225;8461
202411;W96-9;16;30971;75236
202411;W96-9;93;1359;3806
202411;W96-9;57;2664;6916
202411;W96-9;58;2170;7178
202411;W96-9;37;5871;14831
202411;W96-9;40;14051;29459
202412;W96-9;01;11393;24113
202412;W96-9;70;10936;20487
202412;W96-9;71;14294;27695
202412;W96-9;72;15467;28467
202412;W96-9;73;22561;39572
202412;W96-9;74;15435;28948
202412;W96-9;75;24999;47474
202412;W96-9;76;14597;28899
202412;W96-9;77;8730;18172
202412;W96-9;80;27558;65030
202412;W96-9;81;14333;35249
202412;W96-9;82;14898;38817
202412;W96-9;83;15434;37402
202412;W96-9;84;13685;33698
202412;W96-9;85;11872;28922
202412;W96-9;53;15801;36306
202412;W96-9;56;4700;11601
202412;W96-9;60;10400;28786
202412;W96-9;62;5790;15195
202412;W96-9;94;4844;13707
202412;W96-9;08;8134;22502
202412;W96-9;67;8820;19115
202412;W96-9;11;4275;11019
202412;W96-9;86;1203;3269
202412;W96-9;13;2836;7581
202412;W96-9;14;23447;66617
202412;W96-9;15;20395;64205
202412;W96-9;87;8963;23776
202412;W96-9;18;4124;11675
202412;W96-9;49;374;980
202412;W96-9;19;7120;22027
202412;W96-9;20;55547;149628
202412;W96-9;21;7625;16725
202412;W96-9;22;15393;33936
202412;W96-9;23;7277;19222
202412;W96-9;51;9537;19742
202412;W96-9;88;1883;4722
202412;W96-9;89;1870;4652
202412;W96-9;63;1419;3952
202412;W96-9;90;3161;9656
202412;W96-9;61;1041;2560
202412;W96-9;25;11216;29884
202412;W96-9;26;2177;6618
202412;W96-9;27;23738;46771
202412;W96-9;28;6432;18420
202412;W96-9;29;30157;68552
202412;W96-9;91;3363;10342
202412;W96-9;95;2755;7249
202412;W96-9;31;2966;7577
202412;W96-9;32;14352;35875
202412;W96-9;10;4364;7856
202412;W96-9;52;6126;11271
202412;W96-9;33;31181;84823
202412;W96-9;34;1497;3955
202412;W96-9;17;6300;15384
202412;W96-9;64;8247;17486
202412;W96-9;59;10757;26169
202412;W96-9;65;5573;10690
202412;W96-9;09;15741;26328
202412;W96-9;36;13092;33969
202412;W96-9;92;12566;38626
202412;W96-9;38;14418;25360
202412;W96-9;39;54111;141076
202412;W96-9;96;7955;19076
202412;W96-9;16;37941;101295
202412;W96-9;93;4080;13403
202412;W96-9;57;3833;9926
202412;W96-9;58;2966;8911
202412;W96-9;37;8954;22316
202412;W96-9;40;10630;27571
202501;W96-9;01;10105;22183
202501;W96-9;70;8788;15944
202501;W96-9;71;11528;21317
202501;W96-9;72;12956;22160
202501;W96-9;73;19612;33382
202501;W96-9;74;12998;22817
202501;W96-9;75;18291;31593
202501;W96-9;76;11045;20266
202501;W96-9;77;6596;12208
202501;W96-9;80;16913;37520
202501;W96-9;81;8448;19808
202501;W96-9;82;9091;20940
202501;W96-9;83;9561;21709
202501;W96-9;84;7933;18224
202501;W96-9;85;6287;14379
202501;W96-9;53;10260;22852
202501;W96-9;56;2983;7307
202501;W96-9;60;5240;14248
202501;W96-9;62;2991;7227
202501;W96-9;94;4113;11679
202501;W96-9;08;2490;5805
202501;W96-9;67;8755;17188
202501;W96-9;11;1402;3396
202501;W96-9;86;1563;3120
202501;W96-9;13;1575;3437
202501;W96-9;14;11036;29875
202501;W96-9;15;8711;26345
202501;W96-9;87;5789;15672
202501;W96-9;18;2038;5430
202501;W96-9;49;318;854
202501;W96-9;19;5839;15267
202501;W96-9;20;32320;89626
202501;W96-9;21;4017;9354
202501;W96-9;22;9894;24932
202501;W96-9;23;2925;6935
202501;W96-9;51;4842;10122
202501;W96-9;88;1361;2939
202501;W96-9;89;1152;2529
202501;W96-9;63;628;1669
202501;W96-9;90;963;2823
202501;W96-9;61;531;1206
202501;W96-9;25;5338;13127
202501;W96-9;26;1009;2343
202501;W96-9;27;13838;26935
202501;W96-9;28;3386;8908
202501;W96-9;29;13640;28167
202501;W96-9;91;3046;9520
202501;W96-9;95;2263;5779
202501;W96-9;31;1728;4243
202501;W96-9;32;7937;18650
202501;W96-9;10;2720;5070
202501;W96-9;52;2313;4548
202501;W96-9;33;16703;42400
202501;W96-9;34;531;1276
202501;W96-9;17;2931;6697
202501;W96-9;64;8445;17092
202501;W96-9;59;4015;9357
202501;W96-9;65;4904;9436
202501;W96-9;09;7608;12589
202501;W96-9;36;10425;26852
202501;W96-9;92;10446;32004
202501;W96-9;38;7458;15151
202501;W96-9;39;19029;48345
202501;W96-9;96;4572;8524
202501;W96-9;16;15839;37424
202501;W96-9;93;1701;5005
202501;W96-9;57;2509;6197
202501;W96-9;58;1885;6162
202501;W96-9;37;6264;16353
202501;W96-9;40;8884;18975
202502;W96-9;01;10025;26817
202502;W96-9;70;9972;18945
202502;W96-9;71;11603;21760
202502;W96-9;72;13547;24692
202502;W96-9;73;20190;36715
202502;W96-9;74;13560;25297
202502;W96-9;75;19171;34364
202502;W96-9;76;12098;22813
202502;W96-9;77;6438;12482
202502;W96-9;80;16187;34875
202502;W96-9;81;8464;19964
202502;W96-9;82;8606;19838
202502;W96-9;83;9096;21925
202502;W96-9;84;7597;19522
202502;W96-9;85;6755;16414
202502;W96-9;53;10551;23275
202502;W96-9;56;2161;6256
202502;W96-9;60;2930;7199
202502;W96-9;62;3653;9420
202502;W96-9;94;2999;8104
202502;W96-9;08;2448;6274
202502;W96-9;67;9037;18452
202502;W96-9;11;2042;5228
202502;W96-9;86;1032;2645
202502;W96-9;13;1750;4191
202502;W96-9;14;13378;34997
202502;W96-9;15;8414;22509
202502;W96-9;87;5587;15088
202502;W96-9;18;2684;7069
202502;W96-9;49;331;861
202502;W96-9;19;6058;15840
202502;W96-9;20;25585;65497
202502;W96-9;21;6005;13400
202502;W96-9;22;8170;20415
202502;W96-9;23;2956;7688
202502;W96-9;51;4141;9318
202502;W96-9;88;1420;3426
202502;W96-9;89;1447;3261
202502;W96-9;63;831;2152
202502;W96-9;90;867;2257
202502;W96-9;61;307;826
202502;W96-9;25;6558;16452
202502;W96-9;26;1342;3365
202502;W96-9;27;18835;37590
202502;W96-9;28;3511;9989
202502;W96-9;29;11092;24186
202502;W96-9;91;2094;6857
202502;W96-9;95;1823;4594
202502;W96-9;31;2068;5053
202502;W96-9;32;8939;21419
202502;W96-9;10;3176;6963
202502;W96-9;52;2792;5532
202502;W96-9;33;14872;36563
202502;W96-9;34;331;866
202502;W96-9;17;2806;6639
202502;W96-9;64;6541;13361
202502;W96-9;59;3658;8268
202502;W96-9;65;3719;7212
202502;W96-9;09;9204;16695
202502;W96-9;36;8930;23073
202502;W96-9;92;7082;25603
202502;W96-9;38;7047;14710
202502;W96-9;39;16464;40408
202502;W96-9;96;3668;6839
202502;W96-9;16;18972;45766
202502;W96-9;93;1682;4500
202502;W96-9;57;2296;6208
202502;W96-9;58;1716;5962
202502;W96-9;37;4801;12035
202502;W96-9;40;9518;20407
202503;W96-9;01;13024;32444
202503;W96-9;70;11695;21920
202503;W96-9;71;15282;27592
202503;W96-9;72;16306;29145
202503;W96-9;73;26594;47273
202503;W96-9;74;17412;31687
202503;W96-9;75;23925;42856
202503;W96-9;76;15093;28302
202503;W96-9;77;9000;17154
202503;W96-9;80;24032;57530
202503;W96-9;81;11474;29168
202503;W96-9;82;12756;32675
202503;W96-9;83;12352;30089
202503;W96-9;84;10593;28669
202503;W96-9;85;9811;24698
202503;W96-9;53;16267;38133
202503;W96-9;56;1585;4592
202503;W96-9;60;2694;6943
202503;W96-9;62;4278;10465
202503;W96-9;94;3437;9644
202503;W96-9;08;4221;9655
202503;W96-9;67;9314;17932
202503;W96-9;11;2277;5826
202503;W96-9;86;1102;2944
202503;W96-9;13;2329;5586
202503;W96-9;14;12797;33134
202503;W96-9;15;7528;21234
202503;W96-9;87;5898;15909
202503;W96-9;18;2638;7278
202503;W96-9;49;354;953
202503;W96-9;19;8129;21555
202503;W96-9;20;31447;80718
202503;W96-9;21;7477;18027
202503;W96-9;22;8640;20307
202503;W96-9;23;5270;12826
202503;W96-9;51;3868;8223
202503;W96-9;88;1991;4905
202503;W96-9;89;1438;3559
202503;W96-9;63;855;2212
202503;W96-9;90;832;2518
202503;W96-9;61;290;647
202503;W96-9;25;7149;17584
202503;W96-9;26;1484;3933
202503;W96-9;27;13637;28214
202503;W96-9;28;3780;10875
202503;W96-9;29;9417;21803
202503;W96-9;91;2772;9161
202503;W96-9;95;830;1946
202503;W96-9;31;2876;6621
202503;W96-9;32;10596;25928
202503;W96-9;10;3786;7820
202503;W96-9;52;2925;5963
202503;W96-9;33;19931;49395
202503;W96-9;34;525;1268
202503;W96-9;17;4296;9556
202503;W96-9;64;5714;10913
202503;W96-9;59;4786;10829
202503;W96-9;65;4779;8745
202503;W96-9;09;8503;15129
202503;W96-9;36;11475;29305
202503;W96-9;92;8529;30341
202503;W96-9;38;8774;17808
202503;W96-9;39;29253;69698
202503;W96-9;96;3565;5977
202503;W96-9;16;22190;53931
202503;W96-9;93;1589;4376
202503;W96-9;57;1857;4975
202503;W96-9;58;1960;6150
202503;W96-9;37;5244;13048
202503;W96-9;40;11679;26222
202504;W96-9;01;11344;29377
202504;W96-9;70;12818;26364
202504;W96-9;71;16556;34673
202504;W96-9;72;16422;32791
202504;W96-9;73;24195;44914
202504;W96-9;74;17848;35360
202504;W96-9;75;22146;42199
202504;W96-9;76;16404;33830
202504;W96-9;77;9769;20641
202504;W96-9;80;32072;85624
202504;W96-9;81;17884;48226
202504;W96-9;82;18408;50790
202504;W96-9;83;19658;54821
202504;W96-9;84;15705;44751
202504;W96-9;85;14037;38769
202504;W96-9;53;20966;52641
202504;W96-9;56;3127;9377
202504;W96-9;60;4871;13213
202504;W96-9;62;6423;17524
202504;W96-9;94;4942;14493
202504;W96-9;08;4519;12939
202504;W96-9;67;14907;33011
202504;W96-9;11;3985;11401
202504;W96-9;86;1044;2878
202504;W96-9;13;3948;10721
202504;W96-9;14;18414;52412
202504;W96-9;15;6250;18071
202504;W96-9;87;5082;15199
202504;W96-9;18;3875;11612
202504;W96-9;49;469;1465
202504;W96-9;19;14355;41287
202504;W96-9;20;38777;107098
202504;W96-9;21;4947;11716
202504;W96-9;22;10417;26553
202504;W96-9;23;7584;19551
202504;W96-9;51;4161;9632
202504;W96-9;88;1739;4918
202504;W96-9;89;2010;5176
202504;W96-9;63;1098;3192
202504;W96-9;90;779;2316
202504;W96-9;61;653;1690
202504;W96-9;25;10511;28184
202504;W96-9;26;2530;6895
202504;W96-9;27;16306;35563
202504;W96-9;28;4430;12466
202504;W96-9;29;11830;29274
202504;W96-9;91;2579;8892
202504;W96-9;95;2972;6652
202504;W96-9;31;6289;15220
202504;W96-9;32;18782;51170
202504;W96-9;10;3685;7598
202504;W96-9;52;4070;8115
202504;W96-9;33;18979;50226
202504;W96-9;34;573;1524
202504;W96-9;17;5852;14268
202504;W96-9;64;8691;17301
202504;W96-9;59;8219;18482
202504;W96-9;65;5041;11404
202504;W96-9;09;10430;19876
202504;W96-9;36;9569;26021
202504;W96-9;92;7321;26519
202504;W96-9;38;10104;21363
202504;W96-9;39;39724;102288
202504;W96-9;96;5769;11634
202504;W96-9;16;26875;69686
202504;W96-9;93;1643;4991
202504;W96-9;57;3246;8782
202504;W96-9;58;2797;9561
202504;W96-9;37;8016;21752
202504;W96-9;40;7414;19237
202505;W96-9;01;11382;30057
202505;W96-9;70;12806;30085
202505;W96-9;71;18178;35091
202505;W96-9;72;17277;31855
202505;W96-9;73;27744;49302
202505;W96-9;74;19816;38310
202505;W96-9;75;24786;45880
202505;W96-9;76;17806;36880
202505;W96-9;77;11378;23329
202505;W96-9;80;33111;81061
202505;W96-9;81;16079;42803
202505;W96-9;82;16948;45152
202505;W96-9;83;17032;45457
202505;W96-9;84;15388;44064
202505;W96-9;85;13605;36062
202505;W96-9;53;19332;47606
202505;W96-9;56;3579;8933
202505;W96-9;60;6187;16653
202505;W96-9;62;6289;17203
202505;W96-9;94;5022;12884
202505;W96-9;08;5142;14619
202505;W96-9;67;17896;35374
202505;W96-9;11;3940;10509
202505;W96-9;86;971;2588
202505;W96-9;13;3739;9638
202505;W96-9;14;19407;52943
202505;W96-9;15;4548;12282
202505;W96-9;87;5314;14070
202505;W96-9;18;3787;11785
202505;W96-9;49;401;1169
202505;W96-9;19;8991;24510
202505;W96-9;20;29271;76052
202505;W96-9;21;7501;17608
202505;W96-9;22;11719;27070
202505;W96-9;23;11250;27938
202505;W96-9;51;4762;10317
202505;W96-9;88;1561;4461
202505;W96-9;89;2219;5398
202505;W96-9;63;1300;3314
202505;W96-9;90;671;1939
202505;W96-9;61;956;2441
202505;W96-9;25;11184;30299
202505;W96-9;26;2404;6295
202505;W96-9;27;20285;44676
202505;W96-9;28;3496;8870
202505;W96-9;29;10029;24552
202505;W96-9;91;2777;9403
202505;W96-9;95;4322;8848
202505;W96-9;31;5505;14788
202505;W96-9;32;16149;40578
202505;W96-9;10;3980;7971
202505;W96-9;52;3203;6193
202505;W96-9;33;17352;41803
202505;W96-9;34;808;2201
202505;W96-9;17;9475;21952
202505;W96-9;64;10426;21354
202505;W96-9;59;9691;22349
202505;W96-9;65;7123;13370
202505;W96-9;09;11564;21288
202505;W96-9;36;10618;28376
202505;W96-9;92;7822;27481
202505;W96-9;38;8293;17697
202505;W96-9;39;48861;126165
202505;W96-9;96;5755;10720
202505;W96-9;16;28009;68506
202505;W96-9;93;1011;2573
202505;W96-9;57;3484;8826
202505;W96-9;58;2711;8038
202505;W96-9;37;10069;25524
202505;W96-9;40;7686;17729
202506;W96-9;01;12830;31502
202506;W96-9;70;10368;20424
202506;W96-9;71;15668;29841
202506;W96-9;72;18136;32443
202506;W96-9;73;27541;48771
202506;W96-9;74;20791;39032
202506;W96-9;75;25236;46312
202506;W96-9;76;19371;36647
202506;W96-9;77;9753;20287
202506;W96-9;80;35870;86562
202506;W96-9;81;17756;46219
202506;W96-9;82;16788;44111
202506;W96-9;83;17902;44893
202506;W96-9;84;14346;38303
202506;W96-9;85;13540;35145
202506;W96-9;53;19349;47153
202506;W96-9;56;4745;13703
202506;W96-9;60;9178;24404
202506;W96-9;62;5399;13424
202506;W96-9;94;4416;12031
202506;W96-9;08;4039;10184
202506;W96-9;67;15539;31123
202506;W96-9;11;3047;7649
202506;W96-9;86;1054;2414
202506;W96-9;13;4270;10202
202506;W96-9;14;15184;39300
202506;W96-9;15;3489;9151
202506;W96-9;87;5419;13480
202506;W96-9;18;4245;10620
202506;W96-9;49;414;1142
202506;W96-9;19;6630;16761
202506;W96-9;20;19046;48918
202506;W96-9;21;7859;18194
202506;W96-9;22;7889;19625
202506;W96-9;23;8382;21137
202506;W96-9;51;3918;8344
202506;W96-9;88;1794;4547
202506;W96-9;89;2479;5073
202506;W96-9;63;1075;2758
202506;W96-9;90;556;1513
202506;W96-9;61;1133;3099
202506;W96-9;25;10208;26191
202506;W96-9;26;2510;5771
202506;W96-9;27;23086;44559
202506;W96-9;28;2957;7745
202506;W96-9;29;13793;30091
202506;W96-9;91;2579;8457
202506;W96-9;95;6696;15490
202506;W96-9;31;5227;11904
202506;W96-9;32;14390;34292
202506;W96-9;10;4284;8095
202506;W96-9;52;3378;6795
202506;W96-9;33;18603;42413
202506;W96-9;34;863;2215
202506;W96-9;17;9960;22001
202506;W96-9;64;9530;18979
202506;W96-9;59;9047;21250
202506;W96-9;65;7430;15176
202506;W96-9;09;10217;17565
202506;W96-9;36;12637;31993
202506;W96-9;92;9723;28854
202506;W96-9;38;10776;21552
202506;W96-9;39;54634;136130
202506;W96-9;96;7039;13507
202506;W96-9;16;29381;67531
202506;W96-9;93;1234;3435
202506;W96-9;57;4273;11415
202506;W96-9;58;3569;9207
202506;W96-9;37;11107;26855
202506;W96-9;40;7601;16150
202507;W96-9;01;12747;32082
202507;W96-9;70;9297;18106
202507;W96-9;71;13766;26471
202507;W96-9;72;16309;30765
202507;W96-9;73;25898;45626
202507;W96-9;74;16924;30722
202507;W96-9;75;23365;42002
202507;W96-9;76;15054;28661
202507;W96-9;77;8275;17347
202507;W96-9;80;30090;71281
202507;W96-9;81;14933;36808
202507;W96-9;82;17783;44413
202507;W96-9;83;16334;41297
202507;W96-9;84;15276;39993
202507;W96-9;85;14466;36582
202507;W96-9;53;16604;43489
202507;W96-9;56;7284;19328
202507;W96-9;60;8414;20952
202507;W96-9;62;6881;17630
202507;W96-9;94;4110;11473
202507;W96-9;08;4161;10706
202507;W96-9;67;20820;45359
202507;W96-9;11;6827;18122
202507;W96-9;86;1707;4319
202507;W96-9;13;4597;11821
202507;W96-9;14;16637;43755
202507;W96-9;15;4101;11371
202507;W96-9;87;5939;14460
202507;W96-9;18;4629;13111
202507;W96-9;49;280;743
202507;W96-9;19;6121;15024
202507;W96-9;20;26745;70154
202507;W96-9;21;6365;14917
202507;W96-9;22;8223;19990
202507;W96-9;23;9560;23726
202507;W96-9;51;4386;9043
202507;W96-9;88;1833;4090
202507;W96-9;89;3908;7485
202507;W96-9;63;956;2413
202507;W96-9;90;663;1912
202507;W96-9;61;1069;2729
202507;W96-9;25;14111;35473
202507;W96-9;26;3542;8503
202507;W96-9;27;35064;64485
202507;W96-9;28;2951;7914
202507;W96-9;29;13752;30516
202507;W96-9;91;2733;8964
202507;W96-9;95;13152;29632
202507;W96-9;31;7942;17874
202507;W96-9;32;13990;34698
202507;W96-9;10;5436;10356
202507;W96-9;52;3651;7091
202507;W96-9;33;24906;62030
202507;W96-9;34;899;2517
202507;W96-9;17;7621;17449
202507;W96-9;64;11568;24140
202507;W96-9;59;6921;16190
202507;W96-9;65;8624;20085
202507;W96-9;09;12880;23655
202507;W96-9;36;16900;41787
202507;W96-9;92;11351;32412
202507;W96-9;38;10705;22786
202507;W96-9;39;51099;128043
202507;W96-9;96;7994;18450
202507;W96-9;16;29375;68555
202507;W96-9;93;1963;5581
202507;W96-9;57;3506;9205
202507;W96-9;58;3491;9792
202507;W96-9;37;10924;27650
202507;W96-9;40;6986;15429
202508;W96-9;01;10689;28954
202508;W96-9;70;8870;17304
202508;W96-9;71;11901;24274
202508;W96-9;72;14628;27508
202508;W96-9;73;20292;36831
202508;W96-9;74;15499;29527
202508;W96-9;75;19707;36291
202508;W96-9;76;13541;27008
202508;W96-9;77;7536;16008
202508;W96-9;80;34201;83257
202508;W96-9;81;17808;45457
202508;W96-9;82;19029;50038
202508;W96-9;83;17055;43548
202508;W96-9;84;17075;45020
202508;W96-9;85;13476;35051
202508;W96-9;53;17891;43199
202508;W96-9;56;10195;29464
202508;W96-9;60;8841;21483
202508;W96-9;62;7756;18659
202508;W96-9;94;3534;9592
202508;W96-9;08;3927;10037
202508;W96-9;67;18176;37952
202508;W96-9;11;3859;10044
202508;W96-9;86;1220;2680
202508;W96-9;13;2652;6633
202508;W96-9;14;23224;62247
202508;W96-9;15;6866;18713
202508;W96-9;87;6101;14910
202508;W96-9;18;4030;10872
202508;W96-9;49;467;1242
202508;W96-9;19;11312;26689
202508;W96-9;20;50401;143145
202508;W96-9;21;10065;23730
202508;W96-9;22;6675;15080
202508;W96-9;23;8753;21419
202508;W96-9;51;3343;7506
202508;W96-9;88;1977;4704
202508;W96-9;89;3724;7083
202508;W96-9;63;1225;3166
202508;W96-9;90;649;1767
202508;W96-9;61;1215;2954
202508;W96-9;25;15185;37834
202508;W96-9;26;2122;5044
202508;W96-9;27;42010;76099
202508;W96-9;28;4080;10944
202508;W96-9;29;20411;44232
202508;W96-9;91;3103;10433
202508;W96-9;95;11530;25961
202508;W96-9;31;4246;9858
202508;W96-9;32;11798;28966
202508;W96-9;10;5623;10922
202508;W96-9;52;3113;6342
202508;W96-9;33;32406;84738
202508;W96-9;34;991;2588
202508;W96-9;17;6767;15312
202508;W96-9;64;12380;26273
202508;W96-9;59;5879;13228
202508;W96-9;65;7371;15671
202508;W96-9;09;13557;24752
202508;W96-9;36;11957;29185
202508;W96-9;92;12433;34818
202508;W96-9;38;11634;23310
202508;W96-9;39;42788;106325
202508;W96-9;96;11315;24903
202508;W96-9;16;29188;69087
202508;W96-9;93;2803;8482
202508;W96-9;57;3633;9708
202508;W96-9;58;3737;10267
202508;W96-9;37;9589;23745
202508;W96-9;40;9647;21655
202509;W96-9;01;12213;31154
202509;W96-9;70;10303;19768
202509;W96-9;71;17509;32068
202509;W96-9;72;17285;32648
202509;W96-9;73;27746;48877
202509;W96-9;74;19334;35487
202509;W96-9;75;24231;43773
202509;W96-9;76;16800;32267
202509;W96-9;77;9558;18452
202509;W96-9;80;30689;76529
202509;W96-9;81;16600;43647
202509;W96-9;82;19376;50102
202509;W96-9;83;18014;46344
202509;W96-9;84;17631;45241
202509;W96-9;85;13727;35115
202509;W96-9;53;17206;42582
202509;W96-9;56;5619;14317
202509;W96-9;60;8825;22955
202509;W96-9;62;6179;16611
202509;W96-9;94;5632;15146
202509;W96-9;08;5089;13996
202509;W96-9;67;16535;32214
202509;W96-9;11;4580;12077
202509;W96-9;86;1028;2230
202509;W96-9;13;3384;8842
202509;W96-9;14;14308;36652
202509;W96-9;15;4105;11015
202509;W96-9;87;5081;13374
202509;W96-9;18;4116;10648
202509;W96-9;49;398;1274
202509;W96-9;19;12168;31185
202509;W96-9;20;24049;62566
202509;W96-9;21;9472;22106
202509;W96-9;22;9000;20130
202509;W96-9;23;12128;30677
202509;W96-9;51;4607;9879
202509;W96-9;88;1666;4108
202509;W96-9;89;1980;5992
202509;W96-9;63;1039;2728
202509;W96-9;90;930;2566
202509;W96-9;61;1457;3476
202509;W96-9;25;11413;29524
202509;W96-9;26;2775;6850
202509;W96-9;27;20812;42508
202509;W96-9;28;3568;9032
202509;W96-9;29;11056;27147
202509;W96-9;91;3093;10166
202509;W96-9;95;6878;14219
202509;W96-9;31;5233;12654
202509;W96-9;32;15884;38693
202509;W96-9;10;4604;9544
202509;W96-9;52;3118;6501
202509;W96-9;33;20489;50461
202509;W96-9;34;771;2068
202509;W96-9;17;8131;17873
202509;W96-9;64;10232;20421
202509;W96-9;59;7211;16362
202509;W96-9;65;6304;11652
202509;W96-9;09;10124;18387
202509;W96-9;36;10726;25152
202509;W96-9;92;9546;30580
202509;W96-9;38;9321;19568
202509;W96-9;39;53389;135867
202509;W96-9;96;5357;9546
202509;W96-9;16;30041;72593
202509;W96-9;93;984;2743
202509;W96-9;57;5275;12276
202509;W96-9;58;2975;8594
202509;W96-9;37;10752;28204
202509;W96-9;40;10463;22412
202510;W96-9;01;14152;37240
202510;W96-9;70;12459;23667
202510;W96-9;71;22217;42192
202510;W96-9;72;20097;36780
202510;W96-9;73;31562;55464
202510;W96-9;74;22214;41227
202510;W96-9;75;28674;52732
202510;W96-9;76;20116;40252
202510;W96-9;77;10301;21138
202510;W96-9;80;32750;79065
202510;W96-9;81;19523;51239
202510;W96-9;82;19576;50729
202510;W96-9;83;22190;55874
202510;W96-9;84;17494;48409
202510;W96-9;85;15717;41619
202510;W96-9;53;20666;50707
202510;W96-9;56;4013;11026
202510;W96-9;60;6201;16117
202510;W96-9;62;5101;13046
202510;W96-9;94;6109;16539
202510;W96-9;08;4833;12682
202510;W96-9;67;21238;41792
202510;W96-9;11;3758;10311
202510;W96-9;86;949;2512
202510;W96-9;13;4113;10406
202510;W96-9;14;16600;42151
202510;W96-9;15;6213;16891
202510;W96-9;87;5681;15031
202510;W96-9;18;4374;11418
202510;W96-9;49;540;1466
202510;W96-9;19;11512;30880
202510;W96-9;20;29047;72720
202510;W96-9;21;7501;17051
202510;W96-9;22;11682;25581
202510;W96-9;23;9962;26265
202510;W96-9;51;5301;11165
202510;W96-9;88;1927;4746
202510;W96-9;89;1944;5288
202510;W96-9;63;942;2535
202510;W96-9;90;734;1934
202510;W96-9;61;782;2014
202510;W96-9;25;10084;25833
202510;W96-9;26;2540;6694
202510;W96-9;27;14233;30083
202510;W96-9;28;4051;9917
202510;W96-9;29;13853;32665
202510;W96-9;91;3131;10489
202510;W96-9;95;4978;11151
202510;W96-9;31;5074;12873
202510;W96-9;32;16626;43814
202510;W96-9;10;4659;10420
202510;W96-9;52;5342;10731
202510;W96-9;33;22410;54173
202510;W96-9;34;983;2367
202510;W96-9;17;7328;16937
202510;W96-9;64;12816;26652
202510;W96-9;59;9436;21204
202510;W96-9;65;9744;18559
202510;W96-9;09;13865;26823
202510;W96-9;36;11144;27229
202510;W96-9;92;10532;33235
202510;W96-9;38;15528;32259
202510;W96-9;39;45471;114784
202510;W96-9;96;6099;12378
202510;W96-9;16;26316;63720
202510;W96-9;93;1375;3687
202510;W96-9;57;3301;9054
202510;W96-9;58;2980;9047
202510;W96-9;37;10645;26011
202510;W96-9;40;9537;21142
202511;W96-9;01;12775;28285
202511;W96-9;70;11652;21398
202511;W96-9;71;19593;35850
202511;W96-9;72;19124;34785
202511;W96-9;73;31034;54493
202511;W96-9;74;20042;36125
202511;W96-9;75;28641;50085
202511;W96-9;76;19937;37844
202511;W96-9;77;10441;20603
202511;W96-9;80;29324;66893
202511;W96-9;81;14680;34289
202511;W96-9;82;15565;36184
202511;W96-9;83;16338;37154
202511;W96-9;84;13152;30772
202511;W96-9;85;12193;26667
202511;W96-9;53;16575;37126
202511;W96-9;56;3394;8523
202511;W96-9;60;6056;14080
202511;W96-9;62;5377;13295
202511;W96-9;94;4064;10925
202511;W96-9;08;5700;14893
202511;W96-9;67;12554;25368
202511;W96-9;11;3399;8514
202511;W96-9;86;879;2330
202511;W96-9;13;3088;7507
202511;W96-9;14;16992;42005
202511;W96-9;15;10881;28562
202511;W96-9;87;5669;14985
202511;W96-9;18;4761;12336
202511;W96-9;49;763;1717
202511;W96-9;19;10479;30340
202511;W96-9;20;37994;93312
202511;W96-9;21;6172;13729
202511;W96-9;22;14617;33213
202511;W96-9;23;6795;17462
202511;W96-9;51;8989;18939
202511;W96-9;88;1660;4118
202511;W96-9;89;1941;4683
202511;W96-9;63;1236;3221
202511;W96-9;90;1381;3477
202511;W96-9;61;680;1590
202511;W96-9;25;9316;23008
202511;W96-9;26;2702;6849
202511;W96-9;27;18718;39849
202511;W96-9;28;5938;14986
202511;W96-9;29;19931;43535
202511;W96-9;91;2993;9700
202511;W96-9;95;3848;8857
202511;W96-9;31;3976;9693
202511;W96-9;32;13322;31470
202511;W96-9;10;5356;10276
202511;W96-9;52;4998;9590
202511;W96-9;33;24643;61334
202511;W96-9;34;640;1573
202511;W96-9;17;5938;13668
202511;W96-9;64;8076;15036
202511;W96-9;59;7801;16777
202511;W96-9;65;5489;9904
202511;W96-9;09;14077;24951
202511;W96-9;36;13953;36139
202511;W96-9;92;9646;30747
202511;W96-9;38;11928;23171
202511;W96-9;39;38303;92768
202511;W96-9;96;5360;10153
202511;W96-9;16;32727;80582
202511;W96-9;93;1874;5467
202511;W96-9;57;3545;8372
202511;W96-9;58;2777;8409
202511;W96-9;37;6513;16092
202511;W96-9;40;10845;23780
202512;W96-9;01;11322;26892
202512;W96-9;70;9977;19595
202512;W96-9;71;14931;28772
202512;W96-9;72;15964;29512
202512;W96-9;73;24534;43938
202512;W96-9;74;22629;41676
202512;W96-9;75;23028;41258
202512;W96-9;76;16177;31270
202512;W96-9;77;9149;18295
202512;W96-9;80;30490;69295
202512;W96-9;81;14715;35719
202512;W96-9;82;16077;39879
202512;W96-9;83;18982;44184
202512;W96-9;84;13931;34103
202512;W96-9;85;13007;30571
202512;W96-9;53;16002;38534
202512;W96-9;56;5071;13005
202512;W96-9;60;13722;37809
202512;W96-9;62;6444;16652
202512;W96-9;94;6915;18570
202512;W96-9;08;8841;23617
202512;W96-9;67;14454;29731
202512;W96-9;11;3288;8748
202512;W96-9;86;1003;2525
202512;W96-9;13;3232;8293
202512;W96-9;14;25084;69321
202512;W96-9;15;21070;61640
202512;W96-9;87;8195;20787
202512;W96-9;18;5391;14408
202512;W96-9;49;576;1543
202512;W96-9;19;17659;54865
202512;W96-9;20;62336;165965
202512;W96-9;21;10036;22469
202512;W96-9;22;14721;33674
202512;W96-9;23;6684;19645
202512;W96-9;51;9147;18763
202512;W96-9;88;1997;4740
202512;W96-9;89;2372;5550
202512;W96-9;63;1542;4282
202512;W96-9;90;3157;9830
202512;W96-9;61;1060;2785
202512;W96-9;25;12148;33825
202512;W96-9;26;2425;6551
202512;W96-9;27;21180;42408
202512;W96-9;28;7824;21794
202512;W96-9;29;25364;58519
202512;W96-9;91;3534;11285
202512;W96-9;95;3212;8191
202512;W96-9;31;3627;9468
202512;W96-9;32;15313;38498
202512;W96-9;10;4984;9432
202512;W96-9;52;5994;10971
202512;W96-9;33;31017;83665
202512;W96-9;34;1487;4156
202512;W96-9;17;9130;22414
202512;W96-9;64;9243;20625
202512;W96-9;59;14117;34275
202512;W96-9;65;6767;13400
202512;W96-9;09;14689;25060
202512;W96-9;36;14286;37064
202512;W96-9;92;14475;42656
202512;W96-9;38;13672;25175
202512;W96-9;39;61399;159451
202512;W96-9;96;8763;19812
202512;W96-9;16;39391;105092
202512;W96-9;93;6095;18126
202512;W96-9;57;4533;11457
202512;W96-9;58;4509;13250
202512;W96-9;37;10506;27188
202512;W96-9;40;13537;31821
202601;W96-9;01;10439;26421
202601;W96-9;70;9203;16950
202601;W96-9;71;11912;21851
202601;W96-9;72;15119;25660
202601;W96-9;73;17995;30778
202601;W96-9;74;14176;24659
202601;W96-9;75;18682;32250
202601;W96-9;76;12654;22627
202601;W96-9;77;7493;13950
202601;W96-9;80;19883;44293
202601;W96-9;81;9057;19984
202601;W96-9;82;10251;23264
202601;W96-9;83;10615;23967
202601;W96-9;84;8786;20573
202601;W96-9;85;7478;16691
202601;W96-9;53;11529;23825
202601;W96-9;56;2581;6747
202601;W96-9;60;5786;15522
202601;W96-9;62;3280;8397
202601;W96-9;94;5960;16301
202601;W96-9;08;2789;7342
202601;W96-9;67;8049;17428
202601;W96-9;11;1550;3845
202601;W96-9;86;585;1431
202601;W96-9;13;1675;4091
202601;W96-9;14;10909;29378
202601;W96-9;15;10026;28987
202601;W96-9;87;5062;13079
202601;W96-9;18;3038;7786
202601;W96-9;49;252;707
202601;W96-9;19;7881;22264
202601;W96-9;20;33578;93355
202601;W96-9;21;4174;9987
202601;W96-9;22;9374;23259
202601;W96-9;23;2678;7166
202601;W96-9;51;5172;11585
202601;W96-9;88;979;2288
202601;W96-9;89;1317;2987
202601;W96-9;63;663;1551
202601;W96-9;90;961;2839
202601;W96-9;61;478;1254
202601;W96-9;25;5460;13994
202601;W96-9;26;1039;2590
202601;W96-9;27;16454;30937
202601;W96-9;28;3693;10522
202601;W96-9;29;11820;23724
202601;W96-9;91;2813;9774
202601;W96-9;95;2841;6932
202601;W96-9;31;1870;4791
202601;W96-9;32;7723;18920
202601;W96-9;10;3270;6551
202601;W96-9;52;2539;4420
202601;W96-9;33;15783;40623
202601;W96-9;34;449;1117
202601;W96-9;17;4793;9368
202601;W96-9;64;6957;15473
202601;W96-9;59;4664;10767
202601;W96-9;65;4511;8572
202601;W96-9;09;6372;11120
202601;W96-9;36;11731;31439
202601;W96-9;92;11057;34233
202601;W96-9;38;7179;14183
202601;W96-9;39;21073;56042
202601;W96-9;96;4305;8216
202601;W96-9;16;16430;40148
202601;W96-9;93;1732;5476
202601;W96-9;57;2527;6372
202601;W96-9;58;2178;7058
202601;W96-9;37;7042;18459
202601;W96-9;40;6112;12192
202602;W96-9;01;10951;27210
202602;W96-9;70;10292;20022
202602;W96-9;71;13571;25346
202602;W96-9;72;14585;26156
202602;W96-9;73;21157;37584
202602;W96-9;74;14269;25877
202602;W96-9;75;20285;35985
202602;W96-9;76;13031;24390
202602;W96-9;77;7932;15002
202602;W96-9;80;19970;44644
202602;W96-9;81;9435;22147
202602;W96-9;82;11049;25801
202602;W96-9;83;10582;24206
202602;W96-9;84;9052;21835
202602;W96-9;85;7734;19101
202602;W96-9;53;11247;25642
202602;W96-9;56;1604;3987
202602;W96-9;60;2531;6770
202602;W96-9;62;4280;10993
202602;W96-9;94;3829;10194
202602;W96-9;08;2863;7299
202602;W96-9;67;12872;27633
202602;W96-9;11;1886;4812
202602;W96-9;86;606;1518
202602;W96-9;13;1887;4917
202602;W96-9;14;12975;35247
202602;W96-9;15;7587;21785
202602;W96-9;87;3178;8365
202602;W96-9;18;3269;8803
202602;W96-9;49;235;649
202602;W96-9;19;5543;14266
202602;W96-9;20;27283;69154
202602;W96-9;21;7282;17120
202602;W96-9;22;9057;21354
202602;W96-9;23;2954;7892
202602;W96-9;51;3576;7547
202602;W96-9;88;1253;2927
202602;W96-9;89;1464;3177
202602;W96-9;63;842;2189
202602;W96-9;90;833;2121
202602;W96-9;61;984;1891
202602;W96-9;25;6342;16459
202602;W96-9;26;1309;3204
202602;W96-9;27;14134;29598
202602;W96-9;28;4488;12108
202602;W96-9;29;10961;22750
202602;W96-9;91;2255;7787
202602;W96-9;95;936;2299
202602;W96-9;31;2154;5239
202602;W96-9;32;9174;23094
202602;W96-9;10;4273;8729
202602;W96-9;52;3090;5858
202602;W96-9;33;15396;38347
202602;W96-9;34;447;1213
202602;W96-9;17;5145;10981
202602;W96-9;64;6523;14082
202602;W96-9;59;4321;9172
202602;W96-9;65;6985;14341
202602;W96-9;09;8743;15941
202602;W96-9;36;9562;24962
202602;W96-9;92;7240;25671
202602;W96-9;38;8607;16495
202602;W96-9;39;18074;44381
202602;W96-9;96;3121;5633
202602;W96-9;16;19446;47506
202602;W96-9;93;1313;4032
202602;W96-9;57;2096;5085
202602;W96-9;58;1732;6014
202602;W96-9;37;5152;13762
202602;W96-9;40;6455;13122
202603;W96-9;01;13062;32443
202603;W96-9;70;12305;24125
202603;W96-9;71;16725;31489
202603;W96-9;72;17534;32745
202603;W96-9;73;27297;49175
202603;W96-9;74;19228;35909
202603;W96-9;75;25005;45198
202603;W96-9;76;16359;30856
202603;W96-9;77;10470;20168
202603;W96-9;80;29619;69923
202603;W96-9;81;14042;34945
202603;W96-9;82;16664;41932
202603;W96-9;83;16798;40039
202603;W96-9;84;14186;35901
202603;W96-9;85;12411;30269
202603;W96-9;53;15765;39267
202603;W96-9;56;1317;3445
202603;W96-9;60;2468;6836
202603;W96-9;62;4410;10772
202603;W96-9;94;3840;10971
202603;W96-9;08;3979;10226
202603;W96-9;67;12719;26264
202603;W96-9;11;3436;9420
202603;W96-9;86;933;2149
202603;W96-9;13;3100;8204
202603;W96-9;14;13488;35081
202603;W96-9;15;8500;23313
202603;W96-9;87;5405;13820
202603;W96-9;18;3886;9973
202603;W96-9;49;320;850
202603;W96-9;19;2293;6360
202603;W96-9;20;34241;90414
202603;W96-9;21;7809;18654
202603;W96-9;22;8108;19918
202603;W96-9;23;5600;14723
202603;W96-9;51;4719;10062
202603;W96-9;88;2241;5691
202603;W96-9;89;1922;4486
202603;W96-9;63;993;2510
202603;W96-9;90;1129;2761
202603;W96-9;61;372;923
202603;W96-9;25;7887;19489
202603;W96-9;26;2201;6221
202603;W96-9;27;13348;27651
202603;W96-9;28;4225;11589
202603;W96-9;29;9550;22225
202603;W96-9;91;2711;9785
202603;W96-9;95;1113;2494
202603;W96-9;31;3591;9027
202603;W96-9;32;11539;28233
202603;W96-9;10;4150;8786
202603;W96-9;52;3219;6347
202603;W96-9;33;19609;49493
202603;W96-9;34;402;1146
202603;W96-9;17;4339;10323
202603;W96-9;64;6583;12752
202603;W96-9;59;5332;12611
202603;W96-9;65;5685;11057
202603;W96-9;09;9035;17045
202603;W96-9;36;13084;36090
202603;W96-9;92;9348;30723
202603;W96-9;38;9673;18720
202603;W96-9;39;33571;85331
202603;W96-9;96;2440;5638
202603;W96-9;16;22549;57153
202603;W96-9;93;978;2482
202603;W96-9;57;2624;6935
202603;W96-9;58;1980;7355
202603;W96-9;37;7266;18778
202603;W96-9;40;7974;18546
202604;W96-9;01;13693;32414
202604;W96-9;70;13141;25324
202604;W96-9;71;16922;31977
202604;W96-9;72;19293;38059
202604;W96-9;73;24608;46500
202604;W96-9;74;18606;35434
202604;W96-9;75;25855;48018
202604;W96-9;76;16930;33443
202604;W96-9;77;10617;21686
202604;W96-9;80;36774;92210
202604;W96-9;81;18702;48701
202604;W96-9;82;19186;51365
202604;W96-9;83;19543;52073
202604;W96-9;84;16445;44772
202604;W96-9;85;15426;41854
202604;W96-9;53;18519;47995
202604;W96-9;56;2121;9999
202604;W96-9;60;4887;11705
202604;W96-9;62;6490;17180
202604;W96-9;94;5098;13775
202604;W96-9;08;4896;13349
202604;W96-9;67;14989;30052
202604;W96-9;11;3631;10402
202604;W96-9;86;1193;3419
202604;W96-9;13;4588;12918
202604;W96-9;14;17947;49990
202604;W96-9;15;8122;23116
202604;W96-9;87;4748;11428
202604;W96-9;18;3977;11124
202604;W96-9;49;325;823
202604;W96-9;19;3112;8809
202604;W96-9;20;39629;103655
202604;W96-9;21;4771;10354
202604;W96-9;22;11205;25284
202604;W96-9;23;6651;17809
202604;W96-9;51;4739;10248
202604;W96-9;88;1312;4147
202604;W96-9;89;1469;3672
202604;W96-9;63;1202;3382
202604;W96-9;90;1080;2663
202604;W96-9;61;598;1576
202604;W96-9;25;11898;32272
202604;W96-9;26;2783;7290
202604;W96-9;27;16064;34377
202604;W96-9;28;4182;11188
202604;W96-9;29;11402;26777
202604;W96-9;91;2942;9931
202604;W96-9;95;1753;4044
202604;W96-9;31;5054;12945
202604;W96-9;32;20541;56000
202604;W96-9;10;4296;8400
202604;W96-9;52;4764;9478
202604;W96-9;33;18335;46296
202604;W96-9;34;691;1715
202604;W96-9;17;4706;10775
202604;W96-9;64;6854;13003
202604;W96-9;59;6448;14801
202604;W96-9;65;4790;10359
202604;W96-9;09;11501;21690
202604;W96-9;36;12894;33074
202604;W96-9;92;8654;28292
202604;W96-9;38;11687;23321
202604;W96-9;39;36421;94725
202604;W96-9;96;2477;5438
202604;W96-9;16;23848;61095
202604;W96-9;93;1776;4896
202604;W96-9;57;3091;7396
202604;W96-9;58;2831;9250
202604;W96-9;37;8347;20774
202604;W96-9;40;8271;17953
202605;W96-9;01;13619;32477
202605;W96-9;70;13702;26153
202605;W96-9;71;17569;34252
202605;W96-9;72;18557;34434
202605;W96-9;73;26633;48680
202605;W96-9;74;19420;37289
202605;W96-9;75;26366;47909
202605;W96-9;76;17774;35070
202605;W96-9;77;11576;23467
202605;W96-9;80;35921;92226
202605;W96-9;81;19715;53002
202605;W96-9;82;20457;55287
202605;W96-9;83;20809;56562
202605;W96-9;84;17709;49072
202605;W96-9;85;15636;42218
202605;W96-9;53;17911;46227
202605;W96-9;56;2147;4978
202605;W96-9;60;7136;18910
202605;W96-9;62;5817;15625
202605;W96-9;94;6146;17201
202605;W96-9;08;4627;12716
202605;W96-9;67;19163;42577
202605;W96-9;11;3884;11098
202605;W96-9;86;1390;3460
202605;W96-9;13;4573;11771
202605;W96-9;14;20550;54933
202605;W96-9;15;5991;15863
202605;W96-9;87;4967;12500
202605;W96-9;18;3693;10138
202605;W96-9;49;437;1338
202605;W96-9;19;6209;16731
202605;W96-9;20;33354;85724
202605;W96-9;21;9464;21452
202605;W96-9;22;9159;21106
202605;W96-9;23;10473;28566
202605;W96-9;51;4703;9982
202605;W96-9;88;1298;3396
202605;W96-9;89;2404;5092
202605;W96-9;63;1351;3702
202605;W96-9;90;757;2016
202605;W96-9;61;870;2255
202605;W96-9;25;11363;31701
202605;W96-9;26;2913;8361
202605;W96-9;27;19797;44159
202605;W96-9;28;3247;9024
202605;W96-9;29;10006;23449
202605;W96-9;91;3005;9970
202605;W96-9;95;3107;6854
202605;W96-9;31;5390;14703
202605;W96-9;32;17043;44185
202605;W96-9;10;4400;8781
202605;W96-9;52;3474;6647
202605;W96-9;33;16393;41447
202605;W96-9;34;705;1921
202605;W96-9;17;8542;19140
202605;W96-9;64;10122;21656
202605;W96-9;59;7347;16333
202605;W96-9;65;6732;14609
202605;W96-9;09;12971;25306
202605;W96-9;36;19401;52492
202605;W96-9;92;9440;30339
202605;W96-9;38;10116;20529
202605;W96-9;39;51533;137238
202605;W96-9;96;3952;8288
202605;W96-9;16;29985;77291
202605;W96-9;93;1458;3903
202605;W96-9;57;3214;8037
202605;W96-9;58;2720;8606
202605;W96-9;37;10816;26759
202605;W96-9;40;8055;17407
202606;W96-9;01;14367;31826
202606;W96-9;70;14547;27485
202606;W96-9;71;17681;33300
202606;W96-9;72;23126;43644
202606;W96-9;73;28535;51049
202606;W96-9;74;20728;38829
202606;W96-9;75;28989;53179
202606;W96-9;76;19065;37730
202606;W96-9;77;12523;25123
202606;W96-9;80;36224;88208
202606;W96-9;81;18542;46631
202606;W96-9;82;20425;51008
202606;W96-9;83;20015;50593
202606;W96-9;84;17607;44507
202606;W96-9;85;15349;37705
202606;W96-9;53;16908;41240
202606;W96-9;56;2614;6345
202606;W96-9;60;9169;22840
202606;W96-9;62;5454;13470
202606;W96-9;94;5111;14207
202606;W96-9;08;4100;10940
202606;W96-9;67;17950;40288
202606;W96-9;11;3582;9256
202606;W96-9;86;1358;3198
202606;W96-9;13;4594;11491
202606;W96-9;14;16058;40583
202606;W96-9;15;4210;11238
202606;W96-9;87;4547;11758
202606;W96-9;18;4680;11394
202606;W96-9;49;398;1060
202606;W96-9;19;8598;22807
202606;W96-9;20;25149;65596
202606;W96-9;21;8551;19750
202606;W96-9;22;8934;20034
202606;W96-9;23;10020;26021
202606;W96-9;51;4845;10638
202606;W96-9;88;1587;3826
202606;W96-9;89;3433;5893
202606;W96-9;63;995;2569
202606;W96-9;90;715;1781
202606;W96-9;61;1133;3044
202606;W96-9;25;11917;31028
202606;W96-9;26;3115;7931
202606;W96-9;27;26611;53252
202606;W96-9;28;3640;9304
202606;W96-9;29;10323;23845
202606;W96-9;91;2701;8818
202606;W96-9;95;3221;7443
202606;W96-9;31;5725;13651
202606;W96-9;32;14285;34818
202606;W96-9;10;4213;8286
202606;W96-9;52;3476;6494
202606;W96-9;33;17369;41436
202606;W96-9;34;851;2464
202606;W96-9;17;8065;19171
202606;W96-9;64;9218;20425
202606;W96-9;59;7142;18176
202606;W96-9;65;8511;17718
202606;W96-9;09;10345;19527
202606;W96-9;36;11707;31073
202606;W96-9;92;9767;29509
202606;W96-9;38;9863;19466
202606;W96-9;39;57417;151709
202606;W96-9;96;3552;7259
202606;W96-9;16;29352;71177
202606;W96-9;93;1119;3230
202606;W96-9;57;3190;8614
202606;W96-9;58;2745;8644
202606;W96-9;37;9812;24514
202606;W96-9;40;8437;18985
202607;W96-9;01;12813;31643
202607;W96-9;70;11989;21692
202607;W96-9;71;16989;31825
202607;W96-9;72;23577;42933
202607;W96-9;73;26291;47277
202607;W96-9;74;18038;32530
202607;W96-9;75;25093;44781
202607;W96-9;76;16526;31514
202607;W96-9;77;10408;20331
202607;W96-9;80;29917;71969
202607;W96-9;81;16059;40273
202607;W96-9;82;19066;49660
202607;W96-9;83;18923;49174
202607;W96-9;84;16631;43449
202607;W96-9;85;15793;41054
202607;W96-9;53;15873;40299
202607;W96-9;56;5507;14230
202607;W96-9;60;8312;20956
202607;W96-9;62;7940;19986
202607;W96-9;94;4970;14566
202607;W96-9;08;3464;8877
202607;W96-9;67;22107;49340
202607;W96-9;11;6887;18511
202607;W96-9;86;1692;3727
202607;W96-9;13;4760;12148
202607;W96-9;14;17788;48723
202607;W96-9;15;4188;11618
202607;W96-9;87;4556;12094
202607;W96-9;18;5366;12749
202607;W96-9;49;318;794
202607;W96-9;19;11093;27730
202607;W96-9;20;28234;77283
202607;W96-9;21;6805;15378
202607;W96-9;22;5080;12064
202607;W96-9;23;9786;25904
202607;W96-9;51;3122;7325
202607;W96-9;88;1676;4658
202607;W96-9;89;3899;7188
202607;W96-9;63;1221;3420
202607;W96-9;90;667;1666
202607;W96-9;61;1036;2696
202607;W96-9;25;15339;39656
202607;W96-9;26;4345;10736
202607;W96-9;27;36601;66533
202607;W96-9;28;3493;9284
202607;W96-9;29;12360;26865
202607;W96-9;91;2784;9298
202607;W96-9;95;9932;21663
202607;W96-9;31;7593;17422
202607;W96-9;32;14677;37588
202607;W96-9;10;4977;10260
202607;W96-9;52;3240;6498
202607;W96-9;33;25966;64657
202607;W96-9;34;663;1762
202607;W96-9;17;6171;14539
202607;W96-9;64;11149;24928
202607;W96-9;59;5250;12754
202607;W96-9;65;8026;18381
202607;W96-9;09;12940;24696
202607;W96-9;36;19822;50512
202607;W96-9;92;11851;34580
202607;W96-9;38;10366;22203
202607;W96-9;39;49219;127263
202607;W96-9;96;6757;15190
202607;W96-9;16;30015;71454
202607;W96-9;93;1915;5629
202607;W96-9;57;3287;9187
202607;W96-9;58;3168;10204
202607;W96-9;37;10563;26647
202607;W96-9;40;6896;15126