JAHR;GCD;GEM_NAME;BEV_ABSOLUT;BEV_UNTER15;BEV_UEBER65;AUSL_STAATSB;EWTQ_15BIS64;ALQ_15PLUS;EDU_15_SEK;EDU_15_TER;AUSPENDLER;PHH;HH_SIZE;FAMILIEN;UNT;AST;BESCH_AST
2011;10101;Eisenstadt;13101;13,8;18,2;9,4;70,9;4,3;59,5;18,7;43,6;5950;2,15;3597;1394;1768;16060
2011;10201;Rust;1896;13,8;22,2;4,7;74,9;3,2;61,4;7,6;62,4;798;2,33;549;191;216;865
2011;10301;Breitenbrunn am Neusiedler See;1902;12,1;22,4;5,6;71,2;3,7;62,4;10,7;78,6;866;2,18;571;157;173;573
2011;10302;Donnerskirchen;1742;12,3;20,2;3,8;71,5;4,3;66,1;7,1;76,4;735;2,37;508;149;162;413
2011;10303;Großhöflein;1929;12,9;17;3,4;72,9;3,8;61,9;10,3;85,7;796;2,42;593;122;133;455
2011;10304;Hornstein;2758;13;20,4;9;67,7;6,2;64,8;8,2;79,2;1241;2,22;832;212;233;1232
2011;10305;Klingenbach;1166;10,7;18,3;12,2;70,5;5,2;62,8;5,7;84,7;503;2,32;350;68;76;238
2011;10306;Leithaprodersdorf;1157;15,8;15,4;1,7;74;3,7;65;7,3;80;378;3,06;342;90;98;189
2011;10307;Mörbisch am See;2319;14,6;22,3;4,6;70,4;4,3;58,8;5,2;67,2;962;2,41;694;215;223;551
2011;10308;Müllendorf;1329;14,3;19,1;4,6;69,2;4,5;58,8;12,1;84;522;2,55;387;80;90;698
2011;10309;Neufeld an der Leitha;3182;15,9;18,6;7,3;72,7;4,3;64,5;8,8;79,6;1398;2,24;927;220;247;874
2011;10310;Oggau am Neusiedler See;1799;12;20,1;2,6;70,7;3,2;58,8;5,6;80,5;780;2,31;538;108;117;256
2011;10311;Oslip;1288;13,4;19,2;5,5;70;4,8;59,7;8,5;86;541;2,38;384;99;104;258
2011;10312;Purbach am Neusiedler See;2713;12,3;20,1;4,2;72,3;3,9;62,1;7,5;73;1163;2,32;800;209;232;756
2011;10313;Sankt Margarethen im Burgenland;2710;11,8;18,6;3,2;69,3;3,7;61,9;6,4;78,1;1139;2,36;797;186;204;568
2011;10314;Schützen am Gebirge;1399;14,7;19,5;5,1;67,4;4,4;58,3;9,1;85,3;551;2,54;418;88;98;250
2011;10315;Siegendorf;2938;14,1;19,2;10,9;68,2;6;64,3;8,7;80,6;1200;2,43;896;204;231;1196
2011;10316;Steinbrunn;2370;16,2;19,9;5,9;71,5;4,3;66,8;9;87,3;978;2,41;715;123;132;362
2011;10317;Trausdorf an der Wulka;1906;13,1;21,1;5,4;72,4;3,9;64,9;11,6;86,7;848;2,25;569;105;114;248
2011;10318;Wimpassing an der Leitha;1263;14,5;13,8;7,4;73;3,9;69,8;7;82,7;534;2,32;370;81;83;316
2011;10319;Wulkaprodersdorf;1878;14,5;16,7;7,7;71,6;3,5;63,9;8,7;79,4;747;2,5;562;123;138;640
2011;10320;Loretto;463;13,2;21;2,6;70,8;4,3;69,9;8,5;88,2;196;2,36;144;28;30;79
2011;10321;Stotzing;802;14,3;17;4,4;74,6;3,3;64,5;3,5;88,2;319;2,51;231;46;50;89
2011;10322;Zillingtal;935;14,1;15,3;7,6;71,8;4,2;65,9;8,1;89,8;382;2,45;272;49;53;86
2011;10323;Zagersdorf;988;13,1;21,5;8;73,1;4,4;59,8;9,3;87,3;385;2,5;289;57;62;120
2011;10401;Bocksdorf;801;13,6;24,2;1,9;70,5;5,8;59,1;3,8;84,9;330;2,43;242;38;45;119
2011;10402;Burgauberg-Neudauberg;1377;15,1;19;3,2;74,1;3,8;56,7;5;81,2;529;2,6;427;94;100;336
2011;10403;Eberau;996;11,5;24,8;9,6;62,6;6,5;52,3;8,5;74,1;377;2,6;289;66;74;215
2011;10404;Gerersdorf-Sulz;1049;11,9;22,9;4,9;71,2;5;56,1;6,4;80,4;414;2,53;307;68;71;175
2011;10405;Güssing;3792;12;22,2;7,4;67,5;5,1;55;11,1;49,4;1567;2,33;1091;323;440;3240
2011;10406;Güttenbach;942;7,6;26,2;6,3;71,9;4,2;46,2;7;76;347;2,63;259;45;50;175
2011;10407;Heiligenbrunn;841;10;19,1;5;67,8;5,1;49,5;5,9;79;323;2,6;242;67;71;143
2011;10408;Kukmirn;2025;12,5;20,7;5,4;69,3;4,8;53,4;7,6;75,6;763;2,6;611;175;188;509
2011;10409;Neuberg im Burgenland;1022;10,1;19,5;4,2;68,8;5,3;57,6;3,9;88,2;413;2,47;309;46;51;93
2011;10410;Neustift bei Güssing;509;8,1;26,1;4,5;63,9;7,7;49,4;4,1;84;212;2,4;158;38;40;67
2011;10411;Olbendorf;1415;10,3;23,9;2,2;71,4;5,8;57,7;4,6;81,8;584;2,38;420;84;89;213
2011;10412;Ollersdorf im Burgenland;971;10,2;20,8;4,6;68,8;5,9;60;5,8;76,4;391;2,48;296;61;67;206
2011;10413;Sankt Michael im Burgenland;1015;10,4;23,1;4,2;68,9;2,7;55,9;7,8;74;431;2,35;309;94;104;366
2011;10414;Stegersbach;2540;14,3;20,2;6,1;68,7;6,2;59,3;8,3;65,9;1113;2,25;713;210;255;1523
2011;10415;Stinatz;1402;13,8;17;17,1;59,4;6,9;55;7,4;83,1;487;2,71;386;59;66;171
2011;10416;Strem;931;9,8;27,1;4,5;66;6;52,3;5;75,7;361;2,42;261;70;78;194
2011;10417;Tobaj;1384;11,4;16,8;9,6;67,5;4,9;54,7;6,2;79,3;530;2,5;397;124;135;291
2011;10418;Hackerberg;362;12,2;20,2;3,3;72,7;4,3;60,1;4,7;84,9;140;2,59;110;15;16;53
2011;10419;Wörterberg;502;15,3;18,7;2,4;70,1;3,3;58,1;5,6;86,8;189;2,66;146;22;23;46
2011;10420;Großmürbisch;259;9,7;19,3;5,8;65,8;2,4;55,1;4,3;85,5;102;2,54;75;13;14;29
2011;10421;Inzenhof;325;13,2;19,4;2,8;65,8;4,6;53,9;3,9;85,9;136;2,39;95;20;21;36
2011;10422;Kleinmürbisch;250;14,4;20,4;0,8;79,1;3;56,1;4,2;85,4;93;2,69;75;14;14;21
2011;10423;Tschanigraben;72;11,1;23,6;8,3;48,9;8;53,1;4,7;85,7;32;2,25;22;3;3;4
2011;10424;Heugraben;224;11,2;24,1;2,7;74,5;5,2;58,8;3;90,7;88;2,55;65;21;21;29
2011;10425;Rohr im Burgenland;389;11,3;21,6;1;69,3;5,6;49;2;83;159;2,45;120;27;27;50
2011;10426;Bildein;364;11;26,9;12,1;65,5;4,5;52,2;5,9;70,8;145;2,51;106;37;39;85
2011;10427;Rauchwart;455;12,1;19,1;4,2;72,8;5,8;57,8;6,5;84;201;2,26;129;25;28;52
2011;10428;Moschendorf;410;12,4;22,7;3,9;72,2;2,5;49;5,3;74,9;153;2,68;119;37;38;88
2011;10501;Deutsch Kaltenbrunn;1766;11,7;20,7;3,5;69,4;4,9;54;6,4;82,3;696;2,53;526;102;112;280
2011;10502;Eltendorf;967;10,4;21,7;5,7;72,3;4,4;53,6;7,4;80,3;364;2,66;285;82;90;222
2011;10503;Heiligenkreuz im Lafnitztal;1284;11,1;22,5;8,1;68,9;5,5;54,6;5,5;69,1;520;2,43;393;103;115;699
2011;10504;Jennersdorf;4197;11,5;19,7;4,9;72,6;4,6;56,2;7,9;60,4;1800;2,3;1206;305;402;2576
2011;10505;Minihof-Liebau;1122;11,8;21,2;3,8;73,1;4,3;57;4,4;78,9;435;2,58;324;70;79;274
2011;10506;Mogersdorf;1180;12,5;20,4;8,2;62,5;8;57,3;6;83,7;485;2,41;349;70;77;143
2011;10507;Neuhaus am Klausenbach;946;12,3;21,5;4,2;72,6;4,1;57,5;4,5;77,1;354;2,67;269;68;74;180
2011;10508;Rudersdorf;2175;13,1;18,8;3,1;71,5;5,4;59,3;8,7;72,5;886;2,44;662;138;155;877
2011;10509;Sankt Martin an der Raab;2065;12,5;20,5;4,2;69,5;4,5;54,6;6,4;84,4;830;2,49;630;120;128;314
2011;10510;Weichselbaum;724;10,2;21,4;2,8;67,1;5,4;53,4;4,8;87,3;310;2,34;224;40;43;86
2011;10511;Königsdorf;727;11,8;21;3,4;72,3;4,5;56,3;5;80,9;302;2,41;214;63;71;161
2011;10512;Mühlgraben;420;11;16,9;2,1;72,9;5,9;57;3,7;87,6;162;2,59;116;20;23;37
2011;10601;Draßburg;1123;12,4;21,5;8,4;67,4;6;62,9;7,7;86,5;460;2,44;337;58;62;293
2011;10602;Forchtenstein;2793;15,3;19,1;4,9;72,3;3,7;64,4;9,2;79,1;1116;2,47;833;173;189;565
2011;10603;Hirm;944;12,9;17,5;8,6;72,3;7;69;6,1;80;401;2,35;282;50;55;361
2011;10604;Loipersbach im Burgenland;1258;14,5;20,3;6,2;67,8;7,2;62,7;5,2;81,8;518;2,43;365;62;69;205
2011;10605;Marz;1969;14,1;16,6;5,5;68,9;3,7;61,9;7,1;84,3;782;2,5;588;117;128;668
2011;10606;Mattersburg;7075;14,9;16,2;8;72,3;5,4;60,9;11,8;66,6;3045;2,32;2030;517;657;4372
2011;10607;Neudörfl;4267;15,2;17;10,1;69,4;5,7;60,6;7,9;74,6;1743;2,33;1175;244;275;2207
2011;10608;Pöttelsdorf;694;14,1;19,3;2,9;78,1;2,1;65,9;9,4;72,8;296;2,34;210;95;104;692
2011;10609;Pöttsching;2904;15,3;19,5;5,1;70,7;4,7;64,6;9,8;77,4;1208;2,35;860;208;221;787
2011;10610;Rohrbach bei Mattersburg;2716;14,3;18,4;6,7;70,8;5,2;61,2;6,1;83,6;1068;2,54;832;116;129;527
2011;10611;Bad Sauerbrunn;2129;15,5;19,8;7,5;68,1;6,7;64,2;13,5;79,8;918;2,3;614;142;158;685
2011;10612;Schattendorf;2432;12,5;20,5;4,1;71,2;4,6;61,3;5,4;86,4;1039;2,34;735;100;111;349
2011;10613;Sieggraben;1301;11,5;18,1;6,1;68,9;4,6;61,6;5,6;83,2;512;2,46;381;80;86;351
2011;10614;Sigleß;1126;12,8;20,9;3,6;71,6;3;66,7;10,7;84,6;463;2,43;343;74;79;209
2011;10615;Wiesen;2790;13,5;19,1;3,4;71,4;4,3;63,1;7,3;82,9;1074;2,58;835;137;146;425
2011;10616;Antau;761;13,4;17,6;6,8;75;4,1;64;5,6;80,7;308;2,47;225;59;64;131
2011;10617;Baumgarten;894;11,2;21;10,5;66,7;5,1;60,1;10,8;87,2;356;2,51;263;42;46;198
2011;10618;Zemendorf-Stöttera;1278;14,3;17,9;6,3;73,4;3,6;62,3;8,3;76,8;513;2,46;369;115;121;303
2011;10619;Krensdorf;596;16,6;15,6;2,5;73,3;4,5;67,2;6,6;83,3;232;2,57;173;41;43;88
2011;10701;Andau;2366;9,6;22,3;4,4;71,1;3,9;52,9;3,1;74;951;2,48;715;175;198;696
2011;10702;Apetlon;1804;10;23,8;2,3;74;3,2;51,2;6,5;72,9;729;2,47;557;217;226;505
2011;10703;Bruckneudorf;2870;15;11,9;7,6;74,6;4;69,2;8,2;90;1295;2,22;835;116;141;1069
2011;10704;Deutsch Jahrndorf;605;12,9;22,6;11,1;62,3;6,1;58,1;3,6;77;256;2,36;179;53;60;105
2011;10705;Frauenkirchen;2836;11,8;20,8;5,7;72,9;4,5;60;6,4;65,4;1142;2,45;815;277;328;1551
2011;10706;Gattendorf;1207;14,8;15,7;8,1;67,5;5,2;61,3;6;85,2;461;2,62;359;70;78;182
2011;10707;Gols;3725;14;18,7;5,7;74,4;2,7;56,1;8,1;61,7;1415;2,59;1075;485;517;1647
2011;10708;Halbturn;1898;13,3;22,8;1,9;73,9;2,1;57,6;7,5;71,9;721;2,63;575;188;198;514
2011;10709;Illmitz;2438;9,9;22,6;4,2;72,8;3,5;53;7,3;65,2;923;2,62;720;311;341;936
2011;10710;Jois;1440;14,8;17,9;5,8;74,2;2,9;64;9,4;76,3;610;2,35;408;143;148;395
2011;10711;Kittsee;2176;14,6;21,3;20,5;60,6;4,3;63;8;66;926;2,29;614;141;166;983
2011;10712;Mönchhof;2280;13,3;20,3;2,8;74,7;3,8;56,2;5,6;68,5;870;2,59;668;231;238;764
2011;10713;Neusiedl am See;7123;15,7;13,8;9,1;74,4;4;60,4;16,2;66,7;3163;2,24;2047;669;830;4308
2011;10714;Nickelsdorf;1629;12;21,1;9,9;68,4;4,7;60,5;5,4;74,8;679;2,4;484;130;144;457
2011;10715;Pama;1083;14;20,3;8,7;69,2;2;58,1;6,3;79,6;424;2,53;313;85;89;238
2011;10716;Pamhagen;1667;11,7;20,6;2,5;75,9;2,6;53;4,3;70,4;622;2,68;480;195;205;693
2011;10717;Parndorf;4214;17;12,4;12,1;68,9;6,4;63,9;6;75;1596;2,64;1224;271;394;3148
2011;10718;Podersdorf am See;2090;11,8;22;5,7;75,9;3,8;55,7;9,3;65,2;890;2,31;622;257;280;746
2011;10719;Sankt Andrä am Zicksee;1367;11,2;22,3;2,6;73;3,9;55,8;7,4;73,3;543;2,52;410;127;137;413
2011;10720;Tadten;1252;11,1;24,1;3,2;72,4;2,8;49,2;5,4;76,4;465;2,69;373;111;116;302
2011;10721;Wallern im Burgenland;1803;10,5;22;3,8;74,4;2,4;52,3;4,2;72,6;676;2,67;526;158;164;771
2011;10722;Weiden am See;2262;12,4;19,3;6,5;73,9;3,2;58,8;11,2;74,4;931;2,42;675;248;260;611
2011;10723;Winden am See;1277;13,9;19,3;4,5;71,4;3,1;61,1;5,5;85,1;530;2,41;384;85;96;177
2011;10724;Zurndorf;2059;13,5;18,5;6,7;68,6;4;61,1;6,4;74,7;869;2,35;606;161;174;427
2011;10725;Neudorf;713;12,5;23,4;4,6;69,8;4,6;58,7;6,7;84,8;290;2,44;211;60;64;157
2011;10726;Potzneusiedl;519;12,5;23,5;4,6;73,2;2;59,9;4,4;85,7;236;2,2;160;37;41;199
2011;10727;Edelstal;634;14;19,1;8,5;71;3,2;61,1;5,5;84,6;264;2,4;184;34;38;95
2011;10801;Deutschkreutz;3133;12,1;22,2;3,2;71,8;3,6;60,8;6,4;70,4;1289;2,41;943;254;292;1014
2011;10802;Draßmarkt;1377;13,2;20,8;3,3;73,5;2,9;60,7;6;73,7;522;2,64;397;109;115;399
2011;10803;Frankenau-Unterpullendorf;1192;9,7;24,2;4,5;65,7;4,2;61,2;7,4;84,8;507;2,35;338;77;87;192
2011;10804;Großwarasdorf;1459;10,3;26,8;6,6;64,1;7,2;56;8,3;78,4;660;2,19;425;107;119;253
2011;10805;Horitschon;1883;11,7;17,1;6,7;70,2;3,5;60;8,4;71,4;725;2,5;544;159;173;739
2011;10806;Kaisersdorf;608;15,5;23,7;4,3;67,3;7,4;66,1;5,4;87,1;258;2,36;179;28;29;68
2011;10807;Kobersdorf;1930;15,1;18;3,1;72,8;4,5;65,6;5,8;81,5;750;2,57;576;109;122;362
2011;10808;Lackenbach;1099;13,6;19,4;4,5;66,8;5,7;66,6;6,3;81,1;425;2,48;300;53;63;246
2011;10809;Lockenhaus;2005;12;21,6;3,5;69,9;4,4;59,1;7,4;65,2;824;2,4;565;117;138;839
2011;10810;Lutzmannsburg;884;10,9;22,7;5,8;67;5;59,4;7,1;62,1;402;2,19;253;102;108;567
2011;10811;Mannersdorf an der Rabnitz;1809;11,6;20,8;3,9;66,9;6;62,4;5,6;84;688;2,63;525;94;104;238
2011;10812;Markt Sankt Martin;1162;13,5;21,2;3,9;67,9;4,4;68,3;5,8;81,4;478;2,43;334;83;90;416
2011;10813;Neckenmarkt;1695;14,7;17,9;1,9;74,3;3,1;60,1;6,2;72,2;660;2,57;493;171;177;426
2011;10814;Neutal;1051;13;20,6;4,1;70,2;5,6;66,6;6,8;69,2;429;2,45;314;85;95;1058
2011;10815;Nikitsch;1429;9,9;30,5;3,4;64,4;4,6;51,7;6,2;76;618;2,24;385;125;134;286
2011;10816;Oberpullendorf;3004;12,8;18,9;8,7;69,6;6,5;62,1;11,8;59,8;1321;2,24;838;334;449;3476
2011;10817;Pilgersdorf;1658;13;20,6;2,2;72,4;4,6;62,6;5,8;87,2;623;2,64;462;87;92;232
2011;10818;Piringsdorf;865;12,5;19,8;1,5;72;4,7;60;5,3;81,6;331;2,61;249;57;60;141
2011;10819;Raiding;816;11,8;26,7;0,7;73,5;4,9;62,5;4,4;82,2;302;2,54;224;37;39;139
2011;10820;Ritzing;918;13,8;24,4;3,8;69,5;3,6;65,7;6,4;82,7;387;2,34;265;60;64;153
2011;10821;Steinberg-Dörfl;1268;11,3;22;3,7;70,8;5,8;63,6;8,9;80,7;508;2,48;379;75;85;540
2011;10822;Stoob;1455;14,2;17,7;5,8;70,2;6,3;62,7;8,8;69,4;562;2,58;427;109;144;994
2011;10823;Weppersdorf;1846;16,7;20,1;2,8;69,9;5,2;65,2;5,1;81,3;723;2,51;528;99;117;466
2011;10824;Lackendorf;570;9,6;23;2,8;75,8;5,1;68;2,3;83,2;227;2,51;171;39;43;129
2011;10825;Unterfrauenhaid;669;11,2;15,7;8,1;63,2;4;64,1;5,7;83,7;249;2,52;184;44;46;113
2011;10826;Unterrabnitz-Schwendgraben;652;16,7;15,5;1,8;70,4;2,5;65,9;4,6;80,1;240;2,72;192;45;50;131
2011;10827;Weingraben;364;10,2;23,1;4,7;66,7;7,3;60,9;7;87,2;149;2,44;108;32;34;57
2011;10828;Oberloisdorf;782;11,5;20,1;1,8;69,9;6,5;63;4,2;85,8;295;2,65;238;37;41;118
2011;10901;Bad Tatzmannsdorf;1366;12,1;22,2;7,2;72,3;4,1;61,9;15,1;56,3;613;2,23;397;146;174;1573
2011;10902;Bernstein;2265;11,9;22,3;5,8;68,2;4,8;60,3;8,4;74,7;849;2,58;650;133;155;498
2011;10903;Deutsch Schützen-Eisenberg;1107;9;25,8;2,1;65,2;8,5;52,1;5,5;73,2;450;2,46;332;120;125;210
2011;10904;Grafenschachen;1252;14,1;15,5;1,6;72,8;6,2;64,9;3,8;80;468;2,68;360;72;77;473
2011;10905;Großpetersdorf;3539;12,8;19,1;5,5;67,3;7,4;59,8;8,9;69,2;1555;2,24;1026;225;272;1704
2011;10906;Hannersdorf;779;10,4;26,8;4,2;63,4;7,6;58;6,3;84,9;341;2,28;222;30;36;103
2011;10907;Kemeten;1520;12,8;18;4,3;67,8;6,7;61,2;5;84;624;2,42;433;81;85;274
2011;10908;Kohfidisch;1443;11,4;21,5;4;66,5;6,5;59,8;4,8;79,1;571;2,46;425;89;101;305
2011;10909;Litzelsdorf;1121;13,1;19,3;4,4;69;6,7;63,2;5;77,4;455;2,46;337;84;92;249
2011;10910;Loipersdorf-Kitzladen;1284;18;11,7;2,8;73,1;6,5;61,1;2,9;75,8;463;2,77;366;86;94;437
2011;10911;Mariasdorf;1197;12,3;19,9;2,8;70,4;5,9;58,8;6,1;80,9;479;2,5;336;75;80;264
2011;10912;Markt Allhau;1855;15,3;17,3;4;71,1;5,1;61,7;10,6;71,1;714;2,6;543;164;184;906
2011;10913;Markt Neuhodis;670;11,9;20,7;2,7;71;6,4;63,4;4,2;79,9;272;2,46;197;41;48;109
2011;10914;Mischendorf;1693;11,1;21,4;2,2;66,6;5,9;56,9;5,2;86,6;632;2,66;517;89;97;185
2011;10915;Oberdorf im Burgenland;1038;13,4;18,8;2;69,2;6,7;61,1;3,3;88,2;421;2,47;308;49;52;142
2011;10916;Oberschützen;2393;15,6;21;6,4;68,1;5,7;55,6;15,2;73,8;902;2,62;695;191;216;718
2011;10917;Oberwart;7135;14,1;17,4;8,9;66;10,2;58,9;12;52,8;3229;2,19;2025;646;917;7374
2011;10918;Pinkafeld;5520;15;18,3;7,2;66,8;8,9;57,9;10,2;62,2;2141;2,44;1509;327;387;3240
2011;10919;Rechnitz;3112;13,8;21,9;6,5;64;7,1;58,6;6,2;67,1;1154;2,52;826;147;179;828
2011;10920;Riedlingsdorf;1678;15,1;17,6;5,7;69,6;6,6;62,4;5,5;81,6;631;2,63;497;81;88;406
2011;10921;Rotenturm an der Pinka;1429;13,6;17,5;6,5;67;5,1;62;6,4;83,8;567;2,47;424;82;92;322
2011;10922;Schachendorf;774;13,7;22,9;11,6;64,4;8,5;50,7;10;77,1;324;2,39;213;64;74;171
2011;10923;Stadtschlaining;2083;13,1;19,6;4,7;64,1;6,4;58,7;6,1;84;825;2,46;611;103;120;374
2011;10924;Unterkohlstätten;1030;13,6;19,1;1,7;70,6;4,1;61,6;5,7;82;356;2,89;312;61;67;216
2011;10925;Unterwart;913;14,1;17,4;9,9;65,9;8,8;60,3;4,6;84,2;383;2,36;263;60;85;496
2011;10926;Weiden bei Rechnitz;837;12,4;22;4,2;64,3;7,7;58,4;4,8;79,7;350;2,39;237;59;63;114
2011;10927;Wiesfleck;1111;14,3;17,2;1,5;72,3;4,2;63,2;4,6;81,3;395;2,78;326;78;83;174
2011;10928;Wolfau;1371;14,8;16,2;2,5;73,4;5;65,6;5,3;80,7;574;2,39;395;93;105;343
2011;10929;Neustift an der Lafnitz;745;17,4;11,5;1,6;75;4,3;63,4;4,4;85,7;271;2,75;229;44;46;131
2011;10930;Jabing;740;12,6;20,4;3,5;67,7;10,8;58,3;7,1;88,6;286;2,59;237;25;32;64
2011;10931;Badersdorf;297;12,8;20,5;0,3;72,7;4;54,1;3,1;76,6;126;2,36;92;26;27;74
2011;10932;Schandorf;288;9;27,4;5,9;67,2;6;52,7;7,3;79,2;130;2,22;85;33;35;68
2011;20101;Klagenfurt am Wörthersee;94483;13,3;18,9;11;67,5;7,1;60,3;17;24,4;47336;1,96;25175;7361;8832;71140
2011;20201;Villach;59324;13,5;19,3;12,8;65,8;9,4;64,2;12,3;33,8;28636;2,05;16368;3881;4687;36884
2011;20302;Dellach;1277;13,9;21,5;4,8;71,9;3,4;70;6,5;74,9;482;2,65;364;84;89;268
2011;20305;Hermagor-Pressegger See;7055;12,7;22,9;7;67,2;8,3;67,9;9,9;35;2919;2,41;2015;687;820;3523
2011;20306;Kirchbach;2671;14,2;20,8;4,7;68,7;5,6;67,9;5,8;61,4;889;2,86;713;216;237;787
2011;20307;Kötschach-Mauthen;3417;13,3;22,5;6,1;71,8;4,1;68,2;7,5;35,5;1356;2,48;951;337;376;1742
2011;20316;St. Stefan im Gailtal;1569;11,9;25;4,3;66,6;4,9;70;6,9;80,6;629;2,49;463;122;132;232
2011;20320;Gitschtal;1289;13,7;22,8;9;67,4;7,2;67,7;6,6;59,1;486;2,65;360;117;126;377
2011;20321;Lesachtal;1440;16,5;20,6;3,4;65,8;5,7;61,9;8,1;44;453;3,17;366;173;188;395
2011;20402;Ebenthal in Kärnten;7698;14,1;17,5;4,7;71,4;4,9;66,7;8,4;87,1;3200;2,38;2296;403;441;1310
2011;20403;Feistritz im Rosental;2536;13,4;22,1;7,2;64,4;6,5;65,6;8,7;73,7;1040;2,39;731;176;193;628
2011;20405;Ferlach;7273;11,9;22,1;8,2;66,5;6,3;64,1;8,8;59,7;3185;2,26;2041;450;505;2592
2011;20409;Grafenstein;2827;15,5;15,8;4,7;70,7;4,4;67,6;10,3;78,3;1136;2,48;815;215;237;812
2011;20412;Keutschach am See;2451;13,5;19,4;6,1;70,1;4,2;63,2;14,4;78,6;1010;2,43;725;224;239;472
2011;20414;Köttmannsdorf;2874;14,3;19,7;6,4;70,1;4,3;67,8;10,3;81,4;1184;2,43;879;197;209;509
2011;20415;Krumpendorf am Wörthersee;3337;14,1;20,8;8,2;69,6;4,3;57,3;26,6;79,4;1572;2,12;953;285;321;1315
2011;20416;Ludmannsdorf;1821;13,9;18,6;4,7;71,7;4,2;66,5;8,2;79,7;716;2,54;534;120;124;341
2011;20417;Maria Rain;2385;15,6;18,2;6,6;73,7;2,9;66,9;14,4;84,6;991;2,41;725;162;172;372
2011;20418;Maria Saal;3832;13,1;19,1;3,7;69,3;4,3;66;15;80;1561;2,44;1146;275;296;1087
2011;20419;Maria Wörth;1492;11,2;23,6;8;67;6,7;58,6;20,9;74,9;725;2;396;147;158;537
2011;20421;Moosburg;4422;15,5;19,9;4,2;68,8;4,6;68;9,9;75,4;1688;2,48;1227;314;335;1117
2011;20424;Pörtschach am Wörther See;2644;12,1;23,2;9,7;63,3;9,1;62,3;18,2;70,7;1234;2,14;760;291;326;1104
2011;20425;Poggersdorf;3082;15,3;15,7;4,1;74,5;4,2;70,3;6,2;84,4;1222;2,51;933;196;220;935
2011;20428;St. Margareten im Rosental;1069;12,9;21,2;3,9;73,7;2;66,2;7,5;82,2;437;2,45;303;68;72;134
2011;20432;Schiefling am Wörthersee;2614;15;17,1;10,6;66;5,9;67,5;10,6;78,5;1095;2,39;765;169;187;450
2011;20435;Techelsberg am Wörther See;2229;14,4;17,9;7,7;69,1;6,7;65,7;8,6;80,3;796;2,77;630;158;170;458
2011;20441;Zell;624;14,4;21,5;1,4;63,8;1,1;58,6;8,8;80,1;249;2,51;161;40;42;66
2011;20442;Magdalensberg;3289;15,8;17,6;3,7;70,2;3,8;69,7;9;79,7;1236;2,6;962;236;247;723
2011;20501;Althofen;4656;13,9;18,2;4,5;70,1;6,8;64,5;7,4;50,3;2240;2,08;1326;249;311;3510
2011;20502;Brückl;2848;14,3;19,2;3;71;5,3;67,3;6;71,2;1217;2,33;814;167;186;842
2011;20503;Deutsch-Griffen;940;12,1;21,7;3,3;60,1;7;60,7;4,4;67;312;2,71;243;78;82;181
2011;20504;Eberstein;1417;13,1;20,3;5,6;66,1;6,8;65,7;5,1;64,7;545;2,45;363;135;145;361
2011;20505;Friesach;5139;13,5;22,3;3,3;68,9;5,5;64,5;7,4;55,9;2142;2,3;1426;381;444;2189
2011;20506;Glödnitz;885;11,4;21,8;2,6;62,9;6,3;62,5;4,1;73,3;367;2,38;234;71;75;184
2011;20508;Gurk;1273;14,1;19,2;2,4;69,3;6,4;68,4;5,2;69,4;531;2,4;366;97;113;317
2011;20509;Guttaring;1516;14,2;19,1;4,9;69,9;4,2;66,2;7,9;71;622;2,4;425;138;145;399
2011;20511;Hüttenberg;1513;11,7;25,9;2,7;67,6;5,3;63,2;4,2;71,2;695;2,18;407;118;130;285
2011;20512;Kappel am Krappfeld;1985;15,4;18;3,5;72;4,8;69,1;7,5;78,3;803;2,47;578;154;160;373
2011;20513;Klein St. Paul;1904;13,2;21,3;2,4;66,1;6;65,3;4,7;56,7;819;2,32;541;139;154;720
2011;20515;Liebenfels;3290;16,4;16,8;4,3;68,4;4,9;67,5;8,3;71,6;1221;2,63;908;233;251;979
2011;20518;Metnitz;2114;14,1;21,1;1,6;68,3;3,9;65,1;5,1;63,3;737;2,87;586;236;248;456
2011;20519;Micheldorf;1040;9,8;21,4;4,1;65,2;5,6;60,8;5;77,7;422;2,36;300;52;54;306
2011;20520;Mölbling;1340;14,3;16,1;3,3;71,4;5,4;67,3;6,7;78,8;537;2,5;384;126;130;278
2011;20523;St. Georgen am Längsee;3610;14,5;17,6;3,4;69,8;5,3;66,1;11,1;80,1;1477;2,43;1030;250;266;745
2011;20527;St. Veit an der Glan;12602;13,8;19,4;7,4;68,7;7;64,1;8,9;53;5813;2,13;3468;939;1173;8138
2011;20530;Straßburg;2149;14,8;22;4,7;68,4;4,3;62,5;6,6;61,7;800;2,53;566;197;223;674
2011;20531;Weitensfeld im Gurktal;2181;14,3;21;3,2;68,5;5,2;65;6,2;65,8;847;2,54;604;207;228;615
2011;20534;Frauenstein;3659;16;18,2;3,6;72,6;3,2;67,3;11,8;80,9;1363;2,68;1086;298;313;684
2011;20601;Bad Kleinkirchheim;1690;12;23,8;9,9;65,2;12,5;64,8;8,9;42,9;740;2,26;452;264;313;1137
2011;20602;Baldramsdorf;1899;14,3;18,7;3,1;69,4;5,5;72,8;4,5;86,7;752;2,53;588;92;101;221
2011;20603;Berg im Drautal;1345;14,4;21,6;3,3;66,4;8;64,3;6,2;68,6;490;2,74;385;102;113;294
2011;20604;Dellach im Drautal;1633;12,6;22,6;2,6;68,6;5,9;66,6;5;65,1;685;2,38;474;109;123;503
2011;20605;Großkirchheim;1408;15,3;17,8;3,3;56,8;13,4;68,1;3,9;64,4;510;2,76;375;98;107;278
2011;20607;Flattach;1239;17,3;16,1;2,6;68,6;6,5;69,4;3,7;63,4;460;2,69;335;103;114;441
2011;20608;Gmünd in Kärnten;2580;15,2;20,1;2,8;65,9;8,7;69,5;6,7;59,7;1065;2,37;717;203;236;1040
2011;20609;Greifenburg;1818;15,2;19,7;7,8;65,4;10,5;66,5;6,5;57,4;732;2,47;502;148;171;739
2011;20610;Heiligenblut am Großglockner;1079;14,6;20,2;2,7;56;19,4;72,6;4,4;40,9;453;2,38;286;129;141;350
2011;20611;Irschen;2049;15,8;17,2;3,6;70,1;4,7;70,9;3,8;76,2;728;2,81;592;119;126;375
2011;20613;Kleblach-Lind;1189;14,1;19,5;1,5;70;5,5;71,3;5,5;70,5;411;2,89;335;93;101;224
2011;20616;Lendorf;1797;16;16,2;3,5;69,5;4,9;72,1;6,4;72,5;615;2,92;522;141;153;528
2011;20618;Mallnitz;811;10,6;25;6,8;57,9;13,9;69,4;7,6;57,9;361;2,25;229;74;90;242
2011;20619;Malta;2029;15;17,2;2,5;65,1;7,8;68,4;4,5;73,9;769;2,64;593;139;146;340
2011;20620;Millstatt am See;3380;13,2;22,2;7;64;9,1;66,2;10,7;69,2;1435;2,36;965;280;306;772
2011;20622;Mörtschach;823;16;15,2;1,1;66,4;10,2;66,1;2,7;72,5;276;2,98;230;65;74;137
2011;20624;Mühldorf;1007;14,5;20,9;6,4;67,4;6,6;66,2;6;75;387;2,44;271;69;75;284
2011;20625;Oberdrauburg;1269;14,5;20,3;4,5;66,4;6,6;63,4;4,9;70,8;473;2,68;363;85;94;264
2011;20627;Obervellach;2300;14,4;20,8;5,8;65,7;9,6;69,6;6,7;59,8;960;2,37;636;184;210;851
2011;20630;Radenthein;6210;11,8;23,3;5,7;62,6;11,4;68,3;5,4;54,8;2628;2,32;1803;356;422;2070
2011;20631;Rangersdorf;1755;18,1;15,9;3;64,3;9,1;68,5;3,1;67;664;2,64;491;111;117;499
2011;20632;Rennweg am Katschberg;1829;14,5;17,9;1,5;66,8;8,5;67,9;4,1;58,8;752;2,43;495;177;193;627
2011;20633;Sachsenburg;1322;15,7;21;6,4;62,3;9,4;66,5;4,9;73,4;506;2,61;383;66;70;545
2011;20634;Seeboden am Millstätter See;6133;13,7;20,9;6;64,8;9,1;67;10,4;67,7;2593;2,34;1779;468;516;1972
2011;20635;Spittal an der Drau;15753;13,3;19,3;11,4;64,7;10,1;65,4;8,5;42,7;7110;2,18;4405;1028;1349;10925
2011;20636;Stall;1641;15,5;16,3;1,4;63,9;8,4;67,1;2,2;76,1;579;2,83;459;94;100;250
2011;20637;Steinfeld;2066;14,1;22,5;3,3;65,4;9,8;68,4;5,2;67,4;797;2,53;572;137;156;458
2011;20638;Trebesing;1226;15,5;18,5;2,4;66,9;8,4;73,1;4;73,8;414;2,96;333;98;105;228
2011;20639;Weißensee;772;14;22,5;6;55,3;26;67,6;11;36,9;299;2,58;221;132;146;283
2011;20640;Winklern;1223;15,9;21,6;3,3;66,8;6,7;65,6;7;62,4;484;2,42;336;91;113;578
2011;20642;Krems in Kärnten;1899;14,2;19,4;2,8;66,2;10;67,9;3,1;64,9;675;2,81;515;184;197;441
2011;20643;Lurnfeld;2580;13,6;19,5;3,2;69,7;6;70,7;8,1;69;1024;2,52;757;183;206;801
2011;20644;Reißeck;2289;12,7;21,1;5,2;66,2;6,6;69,8;5,5;63,9;903;2,53;671;146;165;747
2011;20701;Afritz am See;1413;14,2;20,2;3,4;67,6;7,4;70,9;4;78,9;565;2,48;418;93;104;249
2011;20702;Arnoldstein;6879;14,7;18,3;9,6;66,5;6,8;67,3;6;69,9;3020;2,27;1985;342;394;2002
2011;20703;Arriach;1417;13,5;20,6;2,5;70,2;4,9;68,5;5,2;71,3;557;2,54;404;124;134;272
2011;20705;Bad Bleiberg;2404;11,1;23,3;5,4;64,2;9,4;67,5;6,2;67,9;1136;2,12;711;111;126;605
2011;20707;Feistritz an der Gail;652;15,3;22,1;2,8;71,3;6;67,2;7,1;77,7;267;2,44;191;50;55;150
2011;20708;Feld am See;1154;13,6;20,6;4,2;65,3;10,7;70,7;6,4;74,9;486;2,37;323;91;103;269
2011;20710;Ferndorf;2262;12,6;21;4;66,2;8;71,8;5,8;75,8;969;2,33;675;121;132;463
2011;20711;Finkenstein am Faaker See;8532;13,6;18;8,2;67;7,1;67,2;9;74,4;3770;2,26;2497;526;581;2619
2011;20712;Fresach;1232;11,4;19,5;2,4;70;5,1;72,3;4,8;74,8;458;2,69;360;97;104;197
2011;20713;Hohenthurn;817;13;18,7;5,4;69,5;3,2;68,2;9,4;81,8;329;2,48;234;63;69;165
2011;20719;Nötsch im Gailtal;2283;13,1;19,5;5,2;68,9;5,8;69,6;9;73,7;970;2,35;656;171;185;495
2011;20720;Paternion;6012;13,4;19,8;6,4;66,8;8;69,1;6,6;64,2;2435;2,42;1756;363;410;1996
2011;20721;Rosegg;1870;13,9;15,6;6,5;68,3;6,6;68,4;7,9;81,6;786;2,38;551;141;154;324
2011;20722;St. Jakob im Rosental;4318;12,5;21,5;5,2;65;7,3;66;8,4;73,7;1796;2,36;1252;261;293;903
2011;20723;Stockenboi;1654;14,7;18,6;2,8;72,5;4;70,9;5,9;73,3;615;2,69;481;129;136;330
2011;20724;Treffen am Ossiacher See;4356;13,1;23,5;5,6;67,2;6,7;63,7;13,4;72;1770;2,32;1207;323;369;1706
2011;20725;Velden am Wörther See;8793;12,6;21,5;8,8;66,7;8,2;66;11,4;66;3882;2,24;2463;767;847;2713
2011;20726;Weißenstein;3001;12,9;20,6;3,4;70,5;5,2;71;8;74,2;1212;2,48;898;165;188;976
2011;20727;Wernberg;5450;15,1;18,1;7,5;69,5;5,9;67,7;9,9;79,3;2104;2,52;1624;311;340;1437
2011;20801;Bleiburg;3896;14,1;19,4;7,3;68,2;6,8;63,9;7,5;63,6;1547;2,48;1050;296;331;1292
2011;20802;Diex;820;14,6;22,8;2,9;71,7;3,5;68,1;7,6;62,5;302;2,71;216;104;108;211
2011;20803;Eberndorf;5900;14,6;18,1;5,2;67,7;7;68;6,7;71,9;2415;2,44;1696;373;428;1787
2011;20804;Eisenkappel-Vellach;2404;11,7;25;5,7;65,3;7,3;60,3;5,3;60,9;1035;2,27;656;174;199;634
2011;20805;Feistritz ob Bleiburg;2092;16,6;15,6;3,7;70,6;5;66,2;8,5;60,4;802;2,61;592;132;139;2169
2011;20806;Gallizien;1785;13,8;18,4;3,1;72,3;4;65,3;7,3;81,6;704;2,51;525;129;139;319
2011;20807;Globasnitz;1616;14,5;16,8;2,8;70,5;5,6;67,8;5,2;83,8;616;2,62;440;110;118;231
2011;20808;Griffen;3522;15,8;17,5;4;71,5;4,4;67,8;5,8;67,1;1352;2,6;992;282;307;1439
2011;20810;Neuhaus;1103;13,1;23,9;3;71;5,2;58,8;7,2;74;377;2,77;297;95;103;234
2011;20812;Ruden;1551;15,1;18,6;4,3;72,2;5,3;65,7;5,1;80;598;2,59;447;102;114;443
2011;20813;St. Kanzian am Klopeiner See;4364;14,9;19,2;7,9;63,7;8,3;66,7;9,7;73,7;1789;2,38;1208;389;436;964
2011;20815;Sittersdorf;2074;12,9;19;4,2;67,3;5,6;65,3;6,8;78,3;818;2,5;574;133;143;438
2011;20817;Völkermarkt;11110;15,3;18,1;5,5;68,9;6,8;65,8;8,6;56,9;4495;2,46;3189;878;1049;5269
2011;20901;Bad St. Leonhard im Lavanttal;4528;15,2;19,9;3,1;73,1;3,3;63,2;5,1;41,6;1688;2,65;1244;341;378;2484
2011;20905;Frantschach-St. Gertraud;2742;13,3;22,8;7,3;69,7;7,1;59,2;4,6;65,5;1069;2,5;773;223;248;1401
2011;20909;Lavamünd;3124;14;19,5;2,7;69,6;5,1;61,5;4,4;70,3;1286;2,43;864;217;240;657
2011;20911;Preitenegg;1004;12,8;23,8;1,8;73,1;3,6;60,1;5;60,6;354;2,83;281;106;112;354
2011;20912;Reichenfels;1898;15,5;16,8;2,3;75;3,5;68,6;4,9;69,8;678;2,8;555;145;158;466
2011;20913;St. Andrä;10252;14,6;18,9;2,4;72,3;5,1;63,5;5,6;67,2;3981;2,55;2964;707;770;4099
2011;20914;St. Georgen im Lavanttal;2017;15,8;17;1,7;71,5;4,7;64,7;4,5;76,5;777;2,6;558;160;175;370
2011;20918;St. Paul im Lavanttal;3478;14,7;19,4;3,5;71,6;4,4;64,9;7;59,1;1292;2,65;1004;291;322;2125
2011;20923;Wolfsberg;24981;14,3;19,6;5,1;70,8;5,4;64,2;8,7;38,1;10656;2,33;7206;1882;2225;13480
2011;21001;Albeck;1057;14,9;21,1;4,6;71,6;4,6;67,1;6,7;68,6;437;2,42;283;95;101;275
2011;21002;Feldkirchen in Kärnten;14281;14,2;18,7;5,9;69,3;5,4;64,5;8,1;52,8;5849;2,4;3992;1002;1192;6619
2011;21003;Glanegg;1907;14,5;18,1;3,9;67,1;3,1;64,4;6,4;73,3;679;2,68;538;140;149;695
2011;21004;Gnesau;1137;16,3;18,4;6;70,1;5,8;67,6;6,9;62;424;2,68;318;102;104;416
2011;21005;Himmelberg;2335;14,1;17;4;70,7;4;68,3;6,5;72,7;892;2,62;674;203;219;508
2011;21006;Ossiach;723;12,3;22,1;6,5;67,9;5,8;65,3;15,1;75,2;346;2,08;205;60;71;210
2011;21007;Reichenau;1935;13,5;20,1;4,9;65,3;8,5;67,1;3,3;59,7;769;2,51;539;141;168;643
2011;21008;St. Urban;1528;16,8;14,8;9;63,1;6;65,5;7,2;75,3;552;2,61;411;102;109;335
2011;21009;Steindorf am Ossiacher See;3700;13,3;22,1;6,3;67,9;5,2;65,6;10,5;75,8;1587;2,28;1041;247;283;827
2011;21010;Steuerberg;1682;15,6;15,9;3,2;70,4;4;66,7;4,3;81,9;606;2,73;479;125;135;241
2011;30101;Krems an der Donau;24032;12,4;20,6;9,7;65,7;6,7;59;13,6;45,8;11534;2;6426;1826;2285;17560
2011;30201;St. Pölten;51955;14,3;19,3;12,3;67,5;7,7;59,3;10,4;33,5;23513;2,17;14399;3228;4100;53734
2011;30301;Waidhofen an der Ybbs;11455;15,9;20,1;4,6;74,7;3,2;62,2;10,7;42,9;4617;2,44;3082;941;1084;6363
2011;30401;Wiener Neustadt;41305;15,2;17,2;12,2;66,2;9;56;12,5;52,5;18497;2,2;11302;2980;3643;32442
2011;30501;Allhartsberg;2012;18,5;13,6;1,2;78,1;1,7;65,6;6,2;74,6;676;2,98;565;143;157;613
2011;30502;Amstetten;22847;14,6;18,2;8,7;70,2;6,2;61,9;8,8;45,7;10067;2,22;6355;1425;1850;17527
2011;30503;Ardagger;3368;17,5;13,7;2,6;76,1;2,3;65,5;7;76,6;1150;2,92;949;254;267;929
2011;30504;Aschbach-Markt;3660;17,2;15,5;5,8;75,6;3,5;64;6,2;69;1303;2,79;1041;253;280;1765
2011;30506;Behamberg;3244;16,2;15,4;3,3;76,1;2,8;69,3;6,5;82,2;1278;2,54;966;193;205;699
2011;30507;Biberbach;2197;18,2;14,7;2;79,7;2;64,2;5,5;75,4;747;2,93;609;164;176;460
2011;30508;Ennsdorf;2930;18,6;13,9;8,7;74,6;4,7;65;5,9;88,3;1187;2,47;840;123;143;923
2011;30509;Ernsthofen;2186;17,4;14,8;3,1;75,4;3,3;69,9;5,2;81,4;852;2,57;622;131;141;449
2011;30510;Ertl;1294;19,8;13,1;1,6;80,1;1,3;58,9;4,4;71,5;426;3,03;347;116;124;291
2011;30511;Euratsfeld;2534;18,8;12,6;1,3;78,8;2,3;65,6;6,3;72,9;754;3,36;702;192;203;534
2011;30512;Ferschnitz;1677;15,9;13,4;0,4;76,8;2,6;67,1;6,2;79,3;570;2,94;471;110;118;384
2011;30514;Haag;5405;15,7;17,2;2,9;75;4,1;65,6;7,9;63,4;2086;2,56;1488;441;491;1963
2011;30515;Haidershofen;3566;16,2;15,7;2,8;77,3;3,3;68,7;6,9;79,7;1324;2,69;1062;240;251;750
2011;30516;Hollenstein an der Ybbs;1733;15;20,3;2,6;75,6;2;67,5;7,1;55,4;692;2,5;486;157;176;609
2011;30517;Kematen an der Ybbs;2466;15,2;18,8;8,3;72,4;3,6;63,3;4,2;74,8;1070;2,3;711;121;150;1396
2011;30520;Neuhofen an der Ybbs;2825;19,2;13,1;2,3;77,6;3,4;64,2;8,5;73,1;924;3,05;791;252;265;730
2011;30521;Neustadtl an der Donau;2084;16;16,3;1;77,2;2,9;64,7;4,4;70,3;661;3,15;571;206;216;520
2011;30522;Oed-Oehling;1693;16,5;12,5;3,3;76,8;3,1;65,5;8,1;86,1;619;2,74;500;80;94;379
2011;30524;Opponitz;999;19,4;15,1;8;74,5;1,2;65,1;4;73;307;3,04;261;78;81;179
2011;30526;St. Georgen am Reith;576;17,2;19,8;2,1;75,5;2,1;65;3,6;66,5;195;2,95;157;57;60;121
2011;30527;St. Georgen am Ybbsfelde;2749;18,6;13,8;4,8;76,7;4;65;6,7;79,8;990;2,76;785;200;214;808
2011;30529;St. Pantaleon-Erla;2537;16,2;13,4;3,3;76,2;3,5;66;6,8;83,3;983;2,58;764;118;130;669
2011;30530;St. Peter in der Au;5023;17;16,6;2,3;76,9;2,7;62,2;7;69,2;1739;2,83;1396;384;423;1926
2011;30531;St. Valentin;9220;14,2;18,2;5,3;73,8;3,9;65;8,1;64,7;4015;2,29;2693;569;666;4754
2011;30532;Seitenstetten;3265;17,6;15,8;3,4;76,5;3,1;62,1;8,8;70,2;1116;2,89;920;224;257;1513
2011;30533;Sonntagberg;3842;13,5;21,6;4,8;70,6;4,4;62,1;5,1;71,3;1644;2,34;1091;170;197;1680
2011;30534;Strengberg;2022;16;17,1;2,5;76,4;3;62,5;6,6;67,9;758;2,67;581;203;217;547
2011;30536;Viehdorf;1299;16,2;17,3;3,5;76,9;2,6;66,3;6,2;75,6;437;2,86;362;98;101;302
2011;30538;Wallsee-Sindelburg;2152;15,5;20,6;3,3;75,7;3,6;64,1;6,8;73,2;735;2,76;575;159;172;505
2011;30539;Weistrach;2183;17,2;15,8;1,1;78,9;1,9;63,5;6,8;68,7;745;2,93;625;217;225;687
2011;30541;Winklarn;1547;15,5;15,7;2,9;77;3,8;66,6;7,7;81,4;559;2,77;452;132;135;309
2011;30542;Wolfsbach;1838;15,2;15,9;1,6;78;2,7;65,4;8,4;72,9;588;3,13;503;176;187;438
2011;30543;Ybbsitz;3622;16;18,9;1,7;76,5;1,7;61,9;5,2;51,2;1290;2,81;985;356;379;1632
2011;30544;Zeillern;1760;16,9;15,1;1,3;79,5;1,5;66,2;5,4;78,4;569;3,09;518;130;140;402
2011;30601;Alland;2456;13,4;19,8;8,6;72,7;4,3;62,8;11,7;71,5;966;2,43;680;221;251;860
2011;30602;Altenmarkt an der Triesting;2170;15,5;18,5;14,8;65,1;3,3;65,7;7,9;68,7;750;2,57;553;173;187;500
2011;30603;Bad Vöslau;11316;13,7;21,4;12,8;67,4;7,3;59,4;13;77,4;4851;2,27;3194;733;817;3116
2011;30604;Baden;25093;13,5;23,5;13,5;67,9;6,9;56,4;21;65,1;12238;2,02;6725;2141;2476;12661
2011;30605;Berndorf;8810;14,7;18,9;14,2;67,4;7,7;60;7,7;65,6;3957;2,2;2483;484;563;3341
2011;30607;Ebreichsdorf;9976;15,1;14,6;9,8;71;6,4;66,8;8,1;79,7;4127;2,4;2937;612;684;2722
2011;30608;Enzesfeld-Lindabrunn;4163;15,7;17,9;8,9;69,9;6,3;65,8;10,2;80;1850;2,24;1272;264;282;1302
2011;30609;Furth an der Triesting;825;18,9;17,6;2,5;76,7;2,6;70,3;5,8;73,2;306;2,7;239;71;77;142
2011;30612;Günselsdorf;1752;13,8;14,9;12,3;69,9;6,1;63,1;5,7;83,4;801;2,18;523;104;112;503
2011;30613;Heiligenkreuz;1558;15,1;17,8;15,5;65,8;3,7;60,9;19,7;75,3;586;2,45;432;133;142;466
2011;30614;Hernstein;1495;14;19,2;3,8;74,7;4,7;68,1;11,4;81,6;650;2,3;448;111;121;255
2011;30615;Hirtenberg;2668;14;15;20,9;57,4;7,7;58,5;6;86,9;981;2,36;652;105;122;831
2011;30616;Klausen-Leopoldsdorf;1617;17,2;14,2;6,1;76,3;3,6;68,9;8,9;83,2;692;2,34;461;98;105;256
2011;30618;Kottingbrunn;7473;14,4;16,8;9,4;70,5;6,8;65,8;8,8;85,4;3160;2,36;2252;371;413;2164
2011;30620;Leobersdorf;4717;16,9;15,8;13;69,6;7,9;60,9;7,6;75,6;2057;2,29;1340;424;491;2769
2011;30621;Mitterndorf an der Fischa;2138;18;12,1;9,4;75,1;5,2;65,3;6,4;88,8;909;2,35;626;92;101;228
2011;30623;Oberwaltersdorf;3975;16,9;13;8,2;74,2;5,8;63,2;12,3;80,3;1694;2,35;1183;305;327;1382
2011;30625;Pfaffstätten;3457;17,3;16,8;8,6;72,3;5,6;62,4;17;85,4;1441;2,4;1006;235;252;688
2011;30626;Pottendorf;6387;13,8;18,8;8,2;69,9;6,6;62,4;7;81,6;2759;2,28;1855;332;366;1363
2011;30627;Pottenstein;2982;16,5;18,3;11,3;70,4;6,3;61,6;7,5;77,7;1285;2,31;862;183;205;898
2011;30629;Reisenberg;1566;14,6;15,5;8,6;72,7;5,6;66,3;5,4;82,6;648;2,42;463;101;114;301
2011;30631;Schönau an der Triesting;2130;17;13;9,3;72,8;6,2;66,2;8,4;81,6;918;2,32;627;94;102;511
2011;30633;Seibersdorf;1424;16,8;14,5;3,9;72;4,3;70,5;6,8;73,7;558;2,55;412;125;144;803
2011;30635;Sooß;1115;15,2;19,4;12,1;72,2;4,8;60,4;12,8;71,8;473;2,36;328;141;148;292
2011;30636;Tattendorf;1321;14,5;16,4;10;75,9;3,4;66,8;9;75,7;540;2,42;387;151;165;480
2011;30637;Teesdorf;1738;17,4;14,7;8,1;75,7;6;64;8,9;81,5;699;2,48;505;104;119;658
2011;30639;Traiskirchen;17729;15,6;14,8;14,9;69,9;6,4;63,5;8,9;77,7;7423;2,31;4974;1109;1269;6202
2011;30641;Trumau;3436;16,2;13,8;13,6;73,1;5,5;63,7;10,2;80,2;1529;2,25;997;184;210;1339
2011;30645;Weissenbach an der Triesting;1727;15,6;17,7;10,4;72,5;4,6;65;9,3;70,1;779;2,22;497;122;135;850
2011;30646;Blumau-Neurißhof;1825;16,5;12,7;11,5;70;8;65,2;6,3;92;828;2,2;526;70;74;163
2011;30701;Au am Leithaberge;922;12,7;19,2;3,1;77,1;2,2;67,7;5;78,2;369;2,5;262;63;72;204
2011;30702;Bad Deutsch-Altenburg;1433;12,7;19,8;10,7;68,7;5,6;66,8;7,7;80,1;651;2,2;413;93;111;480
2011;30703;Berg;737;14,9;22,5;19,3;65,9;3,8;61,1;8;83,7;321;2,3;221;44;46;86
2011;30704;Bruck an der Leitha;7648;13,5;20,7;9,2;70,1;5,7;62,6;10;66,2;3443;2,19;2193;579;733;4430
2011;30706;Enzersdorf an der Fischa;2959;11,8;17,9;5,5;72,4;4;69;5,7;82;1224;2,41;881;209;226;945
2011;30708;Göttlesbrunn-Arbesthal;1379;14,9;15,7;4,6;74,5;2,7;69,2;8,3;72,2;562;2,44;401;151;160;479
2011;30709;Götzendorf an der Leitha;2053;15,7;16,6;12,6;72,1;3,8;68,3;6,7;85,3;831;2,47;602;108;119;332
2011;30710;Hainburg a.d. Donau;5906;15,5;19,9;22,2;63,2;7,9;62,9;7,5;63,3;2646;2,2;1674;313;378;2095
2011;30711;Haslau-Maria Ellend;1855;18;14,9;6,5;73,4;4;70,3;10,2;88,8;724;2,56;567;102;112;233
2011;30712;Höflein;1204;15,9;15,4;4,4;75,8;2,5;70;6,6;78,7;461;2,61;363;105;111;221
2011;30713;Hof am Leithaberge;1470;14,8;17,5;6,1;72;4,4;67,6;5,7;75,9;597;2,46;427;95;102;542
2011;30715;Hundsheim;606;13,4;22,4;7,9;69,2;4,6;68,4;4,2;87,6;241;2,46;183;36;36;51
2011;30716;Mannersdorf am Leithagebirge;3839;13,9;18,9;11,3;68,3;5,9;63;6,1;76,1;1673;2,29;1139;204;239;978
2011;30718;Petronell-Carnuntum;1192;11,5;19;7,7;66,6;8,1;65,2;8;79,3;540;2,21;356;78;91;395
2011;30719;Prellenkirchen;1448;14,7;18,2;7,8;68,3;3;67,5;6,1;81,5;597;2,43;415;121;134;230
2011;30721;Rohrau;1544;15,2;16,3;8,1;73,2;4,5;69;5;81,2;579;2,67;451;127;137;277
2011;30722;Scharndorf;1140;15;18,9;7;72,7;3;68,7;9,3;84,7;476;2,39;335;76;82;176
2011;30724;Sommerein;1932;13;16,8;3,8;74;4,2;66,8;6,8;83,5;781;2,47;602;105;111;546
2011;30726;Trautmannsdorf an der Leitha;2785;13;19;4,6;74,8;3,4;69,7;7;82,4;1161;2,4;830;221;236;503
2011;30728;Wolfsthal;858;15,4;17,4;21;60,8;4,1;64,2;7,4;81,1;340;2,52;246;47;55;180
2011;30801;Aderklaa;198;13,6;13,6;15,2;76,4;0,9;69,6;8,8;50;62;2,94;51;45;50;186
2011;30802;Andlersdorf;139;12,2;16,5;8,6;80,8;4,7;64,8;10,7;74,7;48;2,69;42;18;18;23
2011;30803;Angern an der March;3270;14,6;18,4;8,2;66,5;7,3;64,3;5,5;84,3;1416;2,31;973;184;206;458
2011;30804;Auersthal;1849;14,3;19,2;7,2;71,9;2,6;62;7,6;77,1;776;2,38;541;143;161;582
2011;30805;Bad Pirawarth;1688;13,9;16,9;5,1;71;5,8;64;6,9;79,6;708;2,38;493;120;129;599
2011;30808;Deutsch-Wagram;7882;15,4;16;8,4;71,8;5,6;67,2;10,5;82,9;3350;2,35;2327;431;483;1839
2011;30810;Drösing;1124;9,6;20,6;5,2;67,6;7,3;66,4;5,7;81,7;505;2,23;330;64;73;167
2011;30811;Dürnkrut;2275;13,8;18,9;4,7;66,8;6,6;66,6;4,4;83,7;1033;2,2;687;92;116;368
2011;30812;Ebenthal;841;14,3;18,7;6,7;74,5;6,2;67,3;5,3;87,7;360;2,33;252;46;49;83
2011;30813;Eckartsau;1151;11,2;20,6;8,3;73,5;4,5;66,6;5,2;81;493;2,33;338;112;118;217
2011;30814;Engelhartstetten;1894;12,3;19;6,4;71,7;4,7;65,4;4,6;71,3;777;2,44;563;180;190;515
2011;30817;Gänserndorf;10362;16,3;14,6;10,3;70;6,9;64,2;10,6;76,6;4480;2,28;2964;582;729;4761
2011;30819;Glinzendorf;261;11,9;19,2;11,9;83,3;1,3;66,5;3,9;65,1;97;2,69;77;49;54;214
2011;30821;Groß-Enzersdorf;9613;15,5;16,6;7,5;72;4,1;68,1;9,8;76,9;4186;2,3;2839;645;733;3269
2011;30822;Großhofen;91;17,6;19,8;27,5;82,5;5,9;61,3;9,3;72,3;34;2,68;25;11;11;35
2011;30824;Groß-Schweinbarth;1295;16,9;16;8,2;71,6;4,1;61;7;78,3;500;2,59;380;93;103;318
2011;30825;Haringsee;1181;15,7;16,5;6;72;4,1;67,1;6,2;82,1;473;2,5;345;78;84;199
2011;30826;Hauskirchen;1230;12,9;20,8;4,3;66,9;4,7;64,1;4,3;87,8;551;2,23;366;47;57;109
2011;30827;Hohenau an der March;2691;12,6;24;6,8;63;7,8;64,2;3,7;78,9;1275;2,11;779;114;151;570
2011;30828;Hohenruppersdorf;886;13;20,8;3,7;76,1;3,2;64,5;5,6;74,8;369;2,4;263;92;100;221
2011;30829;Jedenspeigen;1062;10,9;21,1;3,5;67,3;4,9;68;6,4;84,6;454;2,34;328;73;81;133
2011;30830;Lassee;2568;15,3;15,6;8,4;71,9;4,1;68,1;4,6;75;1070;2,4;744;197;225;736
2011;30831;Leopoldsdorf im Marchfelde;2531;14,2;17,3;10,4;70,3;5,7;66,8;7;75,2;1060;2,35;739;158;182;898
2011;30834;Mannsdorf an der Donau;398;10,1;15,8;13,3;66,8;4,7;64,2;5,3;71,6;156;2,5;104;46;46;154
2011;30835;Marchegg;2926;15,4;19,1;10,9;64,9;7,7;64,8;3,8;81,1;1226;2,38;834;146;175;440
2011;30836;Markgrafneusiedl;839;13,5;16,4;7,9;77,2;3,4;72,5;4,8;84;352;2,38;245;53;67;308
2011;30838;Matzen-Raggendorf;2675;15,4;18,2;9,6;69,5;5,4;64,2;8,2;83,1;1117;2,39;785;127;155;472
2011;30841;Neusiedl an der Zaya;1230;12,9;19,8;4,6;64,7;7,4;63,9;3,9;81,5;562;2,19;369;75;86;286
2011;30842;Obersiebenbrunn;1690;16,4;16;7,3;70,4;5,7;65,7;5;85,6;667;2,52;494;102;123;423
2011;30844;Orth an der Donau;2049;14;21,3;8,9;72,2;4,9;62,6;7,3;59,1;832;2,33;572;162;194;1678
2011;30845;Palterndorf-Dobermannsdorf;1243;13,9;21;4,3;68,2;6,3;60,6;5;82,7;548;2,27;360;82;88;191
2011;30846;Parbasdorf;159;15,1;13,8;11,3;67,3;3,8;69,6;10,4;57,1;49;3,24;47;35;35;52
2011;30848;Prottes;1382;13;17,7;8,9;69;6,7;64,9;6,2;84,8;586;2,36;428;87;98;288
2011;30849;Raasdorf;669;15,4;15,8;23;71,1;3,7;61,1;7,6;62,7;234;2,71;178;68;81;372
2011;30850;Ringelsdorf-Niederabsdorf;1303;11,3;22,2;2,8;66,4;5,8;63,8;3,1;85,6;608;2,14;369;75;81;182
2011;30852;Schönkirchen-Reyersdorf;1975;15,6;15,7;6,5;69,2;6,2;67,2;6,8;88,3;771;2,56;613;96;105;211
2011;30854;Spannberg;903;14,1;17,4;3,4;74;5,3;70,1;3,2;78,1;377;2,4;267;59;65;305
2011;30856;Strasshof an der Nordbahn;8595;15,1;18,2;8,7;70,7;6;66,9;7,8;86,4;3556;2,41;2629;435;482;1452
2011;30857;Sulz im Weinviertel;1177;12,2;19,4;3,9;72,5;3,3;65;4,7;80,4;504;2,34;355;88;95;241
2011;30858;Untersiebenbrunn;1416;12,3;16,9;6,9;71,7;4,7;64,3;4,2;82,4;573;2,47;431;87;100;341
2011;30859;Velm-Götzendorf;779;11,2;21,7;4,2;66,7;4,1;67,6;4;81,1;337;2,31;236;59;62;109
2011;30860;Weikendorf;1922;14,6;18,6;7,3;68,8;4,4;66,4;8,5;83,8;764;2,52;590;138;146;298
2011;30863;Zistersdorf;5437;12,8;21,6;4,3;70,8;4,4;62,5;5,1;64,9;2332;2,28;1549;362;415;1831
2011;30865;Weiden an der March;992;14,3;20;11,5;70,7;4,7;64,9;8,4;72,5;339;2,9;274;112;121;288
2011;30902;Amaliendorf-Aalfang;1131;13,4;22,5;3,5;69,2;6,3;58,1;4,4;80,7;501;2,26;327;44;52;216
2011;30903;Brand-Nagelberg;1659;10,6;26,5;2,8;68,5;8,1;53,3;3,6;80,9;761;2,18;499;93;107;252
2011;30904;Eggern;729;17,3;21;1;72,7;6,8;54,4;3,8;78,1;321;2,27;192;49;52;106
2011;30906;Eisgarn;668;13,3;24,9;1,2;75,3;4,4;60,8;3,1;70,8;270;2,47;197;61;68;170
2011;30908;Gmünd;5371;10,8;24,3;6,2;66;8,3;58,6;8,5;45,2;2648;2,03;1526;345;484;5316
2011;30909;Großdietmanns;2252;13,1;18,7;2;74,3;5,1;62,6;4,6;82,7;930;2,42;675;159;167;331
2011;30910;Bad Großpertholz;1359;10,7;23;1,8;71,3;5,3;59,2;6,3;63,7;580;2,34;378;127;138;434
2011;30912;Großschönau;1233;16,1;16,8;1,1;75;3,6;61,2;6;62,4;438;2,74;327;146;152;390
2011;30913;Moorbad Harbach;673;16,8;18,6;1,3;73,1;2,7;62,7;5,7;56,6;262;2,56;189;92;95;587
2011;30915;Haugschlag;501;15,2;24,2;4,8;73,7;4,6;64;3,8;74,4;217;2,31;142;45;51;117
2011;30916;Heidenreichstein;4078;11;27,1;2,1;68,2;7,3;58,7;5;60,7;1825;2,23;1167;264;296;1570
2011;30917;Hirschbach;575;13,6;20;1;76,2;6,1;65;6,6;82,7;243;2,37;174;39;43;88
2011;30920;Hoheneich;1471;13,2;22,1;5;66,7;7;62,1;7,4;83,2;641;2,26;440;67;75;294
2011;30921;Kirchberg am Walde;1374;15;21,4;1,4;72,7;5,6;59,3;4,3;70,2;556;2,47;387;114;121;323
2011;30925;Litschau;2263;10,2;26;1,9;69,6;7,3;60,2;5,5;55,5;1115;2,03;617;185;208;816
2011;30929;Reingers;688;14,2;19,8;1,5;74,9;4,6;61,2;4,4;74,6;288;2,39;190;68;74;143
2011;30932;St. Martin;1144;13,1;21;0,5;74,9;4,3;59,2;4,7;76,2;388;2,95;319;113;122;247
2011;30935;Schrems;5643;13;22,3;4,9;67,9;8;56,6;5;53,8;2443;2,26;1645;284;341;3660
2011;30939;Unserfrau-Altweitra;1003;15,2;18,6;0,9;77,6;3;62,3;5,4;71,4;390;2,57;277;117;121;263
2011;30940;Waldenstein;1194;16;16,2;1,3;78;2,8;57,6;5,4;82,4;450;2,65;325;98;102;164
2011;30942;Weitra;2752;13,4;25,4;1,6;74,3;2,8;58,7;7;60,4;1174;2,25;756;259;294;1278
2011;31001;Alberndorf im Pulkautal;734;12,1;18,9;2,7;70,6;1,9;63,9;3,3;85;315;2,33;220;51;53;121
2011;31008;Göllersdorf;2987;14,8;16,4;5,7;71,3;3,5;67,8;6,2;75,7;1167;2,49;846;218;235;797
2011;31009;Grabern;1418;15,9;15,4;4,2;72,7;4,4;67,8;5,4;82,7;530;2,68;417;104;108;192
2011;31014;Guntersdorf;1160;14,7;17,1;4,3;72,6;4;64,4;5,2;79,4;461;2,52;342;89;96;228
2011;31015;Hadres;1686;12,2;20,5;3,3;68,9;5,9;60,2;4,3;76,8;732;2,3;487;132;146;348
2011;31016;Hardegg;1380;11,7;25;3;69,4;4,6;63,1;5;70,6;633;2,18;386;116;125;324
2011;31018;Haugsdorf;1616;12,4;23,1;3,3;65,6;6,1;59,6;3,5;70,8;708;2,28;479;146;161;401
2011;31019;Heldenberg;1209;14,1;17,2;3,2;73,9;3,3;64,3;7,2;82,7;491;2,46;360;96;101;174
2011;31021;Hohenwarth-Mühlbach a.M.;1267;13,1;20,3;4,3;70,5;4,2;60,5;6,3;72;497;2,55;376;131;138;256
2011;31022;Hollabrunn;11489;13,4;18,3;7,5;68;4,9;61,7;11,2;60;4873;2,26;3167;720;912;6085
2011;31025;Mailberg;576;13;22;2,3;67,1;6,3;60,3;4,8;74,5;261;2,21;155;54;63;138
2011;31026;Maissau;1869;11,8;22,3;2,3;74,9;3,9;65,3;7,6;72,3;800;2,34;561;172;191;564
2011;31028;Nappersdorf-Kammersdorf;1252;12,5;21;3,1;69,4;3,8;60,6;6,6;76,9;526;2,38;359;104;115;288
2011;31033;Pernersdorf;1015;15,3;23;2,4;69,1;5,8;62,1;3,6;80,8;439;2,31;288;74;78;135
2011;31035;Pulkau;1574;12,3;24,8;3,3;71;3;62,8;7;67,5;690;2,26;438;138;158;430
2011;31036;Ravelsbach;1676;13,3;20,3;4,5;73,4;5,3;63,2;6,2;77,3;727;2,31;481;123;136;362
2011;31037;Retz;4176;12,1;23,2;3,3;66,4;4,7;60,2;8;56,8;1818;2,16;1096;358;422;2079
2011;31038;Retzbach;1054;14;26,5;3,5;71,9;3,6;59,7;5,1;72,7;474;2,22;311;95;99;191
2011;31041;Schrattenthal;856;14,1;22,9;2,1;71,4;2,9;67,2;4,8;72,5;352;2,43;232;96;102;163
2011;31042;Seefeld-Kadolz;938;10,7;24,3;4,7;65,1;8;62,9;3,5;79,5;461;2,03;265;50;56;156
2011;31043;Sitzendorf an der Schmida;2152;15;21,7;2,8;70,9;4,3;62;6;71;902;2,38;631;217;227;462
2011;31051;Wullersdorf;2368;13,3;17,7;2,7;69,6;4,8;65;6;75,4;964;2,44;683;224;242;540
2011;31052;Zellerndorf;2549;13,5;18,5;2,9;68,8;6;62,4;6,4;77;1041;2,44;737;190;205;428
2011;31053;Ziersdorf;3300;15,4;16,8;3,8;71;5,6;62;6,8;78,5;1348;2,45;961;212;241;634
2011;31101;Altenburg;821;17,3;16,2;3,5;70,3;3,7;67,7;8,2;81,1;298;2,72;223;55;57;169
2011;31102;Brunn an der Wild;858;12,9;19,3;1,7;75,4;2,4;66,8;4,7;66,9;326;2,63;238;105;110;283
2011;31103;Burgschleinitz-Kühnring;1389;15,3;17,5;1,9;76,1;4,3;64,2;5,4;77,8;544;2,55;389;129;134;259
2011;31104;Drosendorf-Zissersdorf;1215;11,7;27,7;2,5;66,6;5,1;62,3;7,3;59,8;549;2,21;339;126;138;331
2011;31105;Eggenburg;3492;13,3;21,1;4,9;68,7;5,1;59,6;11;63,6;1529;2,22;939;217;273;2096
2011;31106;Gars am Kamp;3498;12,8;22;3,5;71,4;3,9;66,5;9,1;61,1;1570;2,23;992;311;340;1451
2011;31107;Geras;1369;14,1;25,3;2,6;74,2;3,4;61,9;5,6;59;556;2,44;391;153;167;547
2011;31109;Horn;6548;13,9;20;5,1;71,6;4,8;62,9;10,8;47,9;2925;2,2;1811;490;664;6108
2011;31110;Irnfritz-Messern;1422;15,1;19,1;1,8;75,7;3,1;66,4;4,6;69,3;539;2,64;405;135;144;371
2011;31111;Japons;743;15,5;20,6;1,7;73,3;3,9;63,7;3;71,5;286;2,6;208;78;86;151
2011;31113;Langau;686;8,3;32,5;2,5;70,4;3,9;60,1;3,7;69,4;303;2,26;205;53;59;158
2011;31114;Meiseldorf;933;15,3;21,3;0,9;72,4;4;63,4;5,6;82,3;355;2,63;260;62;64;149
2011;31117;Pernegg;686;12,8;21,7;0,4;73,1;4,3;67,6;4,5;70,4;261;2,63;190;69;75;166
2011;31119;Röhrenbach;572;15,7;22,4;1,4;75,1;1,8;63,1;6,2;69;216;2,65;155;70;75;126
2011;31120;Röschitz;1029;11,5;21,6;2,4;74,3;2,6;60,9;6,7;73,3;446;2,31;299;95;100;214
2011;31121;Rosenburg-Mold;845;13;21,9;5,8;69,1;5,1;62,4;6,9;72,5;347;2,43;245;88;99;392
2011;31123;St. Bernhard-Frauenhofen;1263;15;16,2;1,6;76,8;2;69;4,9;77,6;467;2,7;362;109;140;653
2011;31124;Sigmundsherberg;1667;11,9;22,9;1,1;74,8;3,1;66,1;5,4;79,5;727;2,29;482;113;130;340
2011;31129;Weitersfeld;1628;11,4;22,7;3,2;71;4,5;61,4;6,5;61;653;2,49;470;205;225;523
2011;31130;Straning-Grafenberg;765;11,8;23,8;2;75,9;1,6;59,9;6,4;77,6;307;2,49;215;78;80;124
2011;31201;Bisamberg;4437;16,6;19,7;6,4;71,9;3,5;61,1;22,6;83,4;1888;2,35;1313;358;383;1367
2011;31202;Enzersfeld im Weinviertel;1621;14,7;20,4;3,8;77,4;3,5;70,1;10,6;82;674;2,41;520;123;130;305
2011;31203;Ernstbrunn;3068;12,5;19,6;4,9;75,1;3,4;65;6,6;68,5;1278;2,4;877;247;269;946
2011;31204;Großmugl;1584;14,1;19;3,6;75,7;3;67,5;6,8;76,3;603;2,63;449;157;170;314
2011;31205;Großrußbach;2131;17,1;18,9;5,5;73,3;4,5;68;9,2;80;848;2,51;611;143;152;371
2011;31206;Hagenbrunn;2002;16,5;16,6;10,4;75,6;3,3;66,1;13,8;80,6;825;2,43;587;237;267;1707
2011;31207;Harmannsdorf;3881;15,2;17,8;3,9;74,1;3;65,5;10,8;83,5;1601;2,42;1169;264;284;823
2011;31208;Hausleiten;3643;16,9;14;5,2;78,7;3,3;69,6;7,2;81,8;1431;2,54;1091;273;289;684
2011;31213;Korneuburg;12278;14,8;16,4;11,6;71,7;5,3;61,1;14,4;74,4;5540;2,17;3446;829;991;7232
2011;31214;Langenzersdorf;7961;15,1;19,6;6,8;71,6;3,7;62,8;20,7;83,4;3541;2,24;2324;548;619;2664
2011;31215;Leitzersdorf;1265;14,9;16,6;6,6;76,7;3,2;68,1;11,2;83,3;501;2,52;369;110;113;173
2011;31216;Leobendorf;4781;15,1;16,4;5,8;71,5;3,5;64,1;14,7;82;1960;2,43;1421;331;371;2853
2011;31224;Rußbach;1388;16,1;16,1;2,9;73,1;5,3;65,9;6,2;80,1;515;2,69;418;114;120;264
2011;31226;Sierndorf;3619;13,9;14,3;2,8;74,5;3,8;67,2;8,9;81;1432;2,53;1097;277;295;671
2011;31227;Spillern;2132;14,7;16,3;8,1;74,4;4,7;66,6;10,5;87,2;934;2,28;649;130;152;661
2011;31228;Stetteldorf am Wagram;1021;14,2;16,1;3,4;75,6;2,9;68,5;5,7;81,1;408;2,5;287;108;111;255
2011;31229;Stetten;1256;17,4;15,4;3,3;75;2,6;67,5;11,2;84,3;525;2,39;386;106;119;402
2011;31230;Stockerau;15624;13,7;19,2;9,7;72,4;5,4;63,7;11,6;65,3;7073;2,17;4443;936;1110;8028
2011;31234;Niederhollabrunn;1589;16,4;15;3,5;77,7;1,9;66,1;10,2;79,2;603;2,64;461;142;157;332
2011;31301;Aggsbach;683;10,7;22;3,8;65;4,7;68;7;81,5;295;2,32;201;40;44;87
2011;31302;Albrechtsberg an der Großen Krems;1063;13,5;21;1,3;76,2;2,3;61,5;4;68,1;404;2,63;299;105;111;260
2011;31303;Bergern im Dunkelsteinerwald;1252;13,3;17,2;2,4;73,2;3;66,5;6,5;84;495;2,5;378;99;105;171
2011;31304;Dürnstein;868;11,6;23,3;3,2;78,4;2,5;62,2;12,3;62,9;376;2,31;258;131;144;493
2011;31308;Grafenegg;2991;14,4;16;4,5;74;4,2;64,3;8;73,4;1215;2,46;920;280;304;930
2011;31309;Furth bei Göttweig;2911;15,5;18;5,1;73,4;3,7;64,5;13,1;81,2;1195;2,4;848;276;297;768
2011;31310;Gedersdorf;2172;15,1;15,3;5,8;71,6;4,7;63,6;6,3;81,5;818;2,66;656;135;150;496
2011;31311;Gföhl;3702;14,3;20,9;1,9;75,9;2,9;64;5,2;67,6;1466;2,52;1050;332;365;1148
2011;31315;Hadersdorf-Kammern;1980;14,1;17,4;6,4;71,5;4,4;65,3;7,7;83,1;884;2,21;554;105;121;424
2011;31319;Jaidhof;1169;16,8;14,5;2,1;76,9;3,5;64;6,3;75,2;433;2,7;318;119;125;291
2011;31321;Krumau am Kamp;785;12,1;25,9;3,3;71;4,8;62,3;5,7;77,6;342;2,29;226;62;68;122
2011;31322;Langenlois;7392;14,8;18,8;4,2;73,3;4;62,6;10,4;62,3;3154;2,3;2100;693;771;3255
2011;31323;Lengenfeld;1435;16,9;15,9;2,4;73,3;4;64,8;6,6;78,4;530;2,71;420;123;131;255
2011;31324;Lichtenau im Waldviertel;2043;15,7;19,9;1,7;77,4;3,5;58;2,9;69,8;743;2,73;565;206;224;480
2011;31326;Maria Laach am Jauerling;947;16,4;19,4;2,2;78,6;2,2;61,1;6,1;63,3;336;2,82;274;112;122;276
2011;31327;Mautern an der Donau;3465;14;20,7;5,1;73,5;3,6;64,7;12,8;84;1554;2,18;1003;169;193;1133
2011;31330;Mühldorf;1393;13;21,6;2,9;69,5;3,4;63;5,6;74,4;544;2,53;397;172;179;315
2011;31333;Paudorf;2454;15,5;18,6;3,1;73,4;3,6;66,4;9,4;83,7;1007;2,44;726;146;157;387
2011;31336;Rastenfeld;1396;13,8;20;1,9;75;3,4;63,8;5,7;65,5;592;2,36;407;116;129;782
2011;31337;Rohrendorf bei Krems;2028;17,1;14,9;5,2;71;3,8;63,7;9,5;83,2;778;2,61;589;160;172;467
2011;31338;Rossatz-Arnsdorf;1098;12,2;22,7;3,6;70,2;3,1;63,8;8,8;69,6;465;2,36;321;125;132;250
2011;31340;St. Leonhard am Hornerwald;1154;13,4;20,5;1,9;76;2,6;59,5;5,7;62,6;404;2,86;334;163;172;379
2011;31343;Senftenberg;1888;12,1;21,1;3,1;72,6;5,2;62,8;9;81,7;874;2,16;556;134;143;379
2011;31344;Spitz;1680;13,6;22,1;4,3;75,1;2,9;66,4;9,4;57,3;689;2,41;477;199;223;777
2011;31346;Straß im Straßertale;1557;16,8;17,3;5,8;71,8;4,9;63,9;9,1;75;622;2,5;429;143;149;293
2011;31347;Stratzing;808;14,2;15,3;2,1;76,3;2,9;61,6;14,1;82,7;295;2,74;225;67;69;135
2011;31350;Weinzierl am Walde;1281;12,7;21,2;0,6;78,5;2,5;60,5;3;70,2;434;2,95;370;159;163;301
2011;31351;Weißenkirchen in der Wachau;1432;13,1;20,7;2,9;75,2;1,9;65,8;9,5;59,2;565;2,53;417;187;197;578
2011;31355;Schönberg am Kamp;1896;15,1;19,6;4,1;74,1;3,4;64,5;9,6;74,7;793;2,35;545;192;201;477
2011;31356;Droß;951;16,4;12,8;2,8;72,8;2,7;63,8;13,3;86,2;333;2,86;278;63;70;131
2011;31401;Annaberg;562;8,5;27,4;8;65,3;3,2;68,1;5,1;52,7;243;2,2;151;72;79;173
2011;31402;Eschenau;1361;16,4;16,6;6;77,4;2,7;65,4;4,7;76,1;492;2,63;368;107;114;408
2011;31403;Hainfeld;3721;13,9;22,3;6,9;71,3;5;64,2;5,6;54,7;1582;2,23;1015;282;320;3058
2011;31404;Hohenberg;1527;13;26,4;5;74,5;5,5;66,3;4,8;57,3;707;2,16;436;127;143;601
2011;31405;Kaumberg;1005;16,1;17,5;5,2;75,6;4,6;71,4;7,4;69,5;406;2,47;290;107;113;217
2011;31406;Kleinzell;840;14,8;22,7;4,3;73,1;4,8;67,6;5;56,5;349;2,4;232;108;115;325
2011;31407;Lilienfeld;2811;14,2;19,1;12,2;67,5;5,6;59,3;11,7;54,3;1255;2,19;764;172;230;2151
2011;31408;Mitterbach am Erlaufsee;548;11,5;25,5;7,8;63,5;5,9;70,1;6;68;214;2,39;150;66;71;137
2011;31409;Ramsau;873;15,3;18,9;9,9;72,6;3,8;61,6;6;66,7;359;2,43;239;74;82;276
2011;31410;Rohrbach an der Gölsen;1668;16,2;18,9;4,9;73,4;4,1;64,6;6,2;78,8;666;2,45;469;92;105;518
2011;31411;St. Aegyd am Neuwalde;2057;11,9;27;3,4;69,4;4,7;69,1;5,1;50,5;953;2,16;596;180;201;757
2011;31412;St. Veit an der Gölsen;3911;14,3;19;4,4;73,5;4,4;65,1;5,7;76,4;1612;2,43;1139;293;321;809
2011;31413;Traisen;3571;15,1;20,8;12,8;66,3;7,4;57,6;5,5;66,2;1607;2,22;1016;140;183;1812
2011;31414;Türnitz;1914;11,8;25,2;2,4;75,4;4,3;64,9;5,9;65,2;778;2,41;512;146;169;584
2011;31502;Artstetten-Pöbring;1167;14,9;18,8;2,3;78,6;2;64,2;5,8;74,5;385;3,03;338;121;126;276
2011;31503;Bergland;1847;17,4;15,4;2,6;74,9;2,2;67,5;4,9;73,5;623;2,93;519;186;198;814
2011;31504;Bischofstetten;1171;14;17,4;4,4;74,6;2,7;67,1;4;81,3;471;2,49;350;71;78;194
2011;31505;Blindenmarkt;2556;16,8;13,5;9,4;71;4,8;63,5;7,9;80,9;973;2,57;722;124;145;584
2011;31506;Dorfstetten;596;16,3;15,9;1;77;3,7;60,5;1,8;70,3;213;2,8;157;48;53;121
2011;31507;Dunkelsteinerwald;2333;16,9;15,3;2,4;75,9;3,4;68,8;6;82,6;829;2,81;690;169;182;359
2011;31508;Erlauf;1104;16,8;17,3;4,9;67,3;5,1;66,7;4,7;80,4;425;2,6;324;71;79;210
2011;31509;Golling an der Erlauf;1539;13,9;18,8;6,2;70,7;5,8;59,2;3,2;92;698;2,2;449;39;49;203
2011;31511;Hofamt Priel;1699;15,4;16;2,2;76,7;2,1;66,7;5,9;85,2;660;2,57;521;99;106;291
2011;31513;Hürm;1732;17,2;15,6;1,8;79,2;2,2;66,2;5,9;71;589;2,94;493;192;204;631
2011;31514;Kilb;2541;15,6;16,6;2,7;76,9;2,9;66,5;6,6;68,8;928;2,72;707;237;254;797
2011;31515;Kirnberg an der Mank;1019;18;15,2;1,4;83,7;2,2;64,8;5,7;72,8;347;2,94;296;86;92;193
2011;31516;Klein-Pöchlarn;976;11,8;18,3;3,6;71,8;2,2;69,1;6;84,7;445;2,19;283;48;58;182
2011;31517;Krummnußbaum;1464;15,1;15,9;5,3;70,5;3,6;66,1;6,8;78,3;576;2,52;436;71;79;420
2011;31519;Leiben;1357;14,9;17,2;4,6;75,6;3,6;71;4,5;81,5;584;2,31;391;79;84;302
2011;31520;Loosdorf;3777;15,6;15,8;3,8;71,1;4;63,4;6,8;75,2;1611;2,33;1090;217;266;1928
2011;31521;Mank;3090;16,1;18,4;3,4;74,3;3,5;64,8;6,6;58,2;1041;2,83;835;263;301;1473
2011;31522;Marbach an der Donau;1642;15,5;18,1;4;73,8;3,1;66,7;5,1;75,7;684;2,4;482;122;134;434
2011;31523;Maria Taferl;853;17,5;15,8;1,6;76,6;2,6;66,8;6,5;75,3;310;2,75;233;63;72;226
2011;31524;Melk;5254;14,8;19,7;7,9;71,5;3,6;62,7;13,1;61,5;2332;2,19;1446;394;510;4202
2011;31525;Münichreith-Laimbach;1675;16;15,5;2,5;75,7;2,6;61,3;4,2;69,2;606;2,75;478;135;148;429
2011;31527;Neumarkt an der Ybbs;1783;15,3;18,8;4,6;72,4;3,7;67,2;5,9;85;760;2,35;531;94;107;413
2011;31528;Nöchling;1033;19,3;13,1;1,2;77,3;1,6;63,7;6;66,7;384;2,69;272;91;99;247
2011;31530;Persenbeug-Gottsdorf;2269;14,5;18,1;3;73,7;3,6;67,3;6;78,3;978;2,32;660;115;140;826
2011;31531;Petzenkirchen;1316;14,5;18,8;5,6;78,2;2,5;66,7;6;78,7;569;2,31;386;66;74;903
2011;31533;Pöchlarn;3924;14,8;19,4;8,8;69,2;5;63,4;7,2;66,8;1647;2,32;1084;232;290;2910
2011;31534;Pöggstall;2468;14,2;20,5;2,8;74,2;3,7;61,5;5,9;57;921;2,67;676;248;286;1047
2011;31535;Raxendorf;1057;14,7;17,1;0,9;76,7;2,7;63,9;2,9;70,8;373;2,81;289;119;128;242
2011;31537;Ruprechtshofen;2257;17,2;15,2;3,1;76,9;1,2;63,9;5,5;74,4;792;2,82;631;181;206;748
2011;31539;St. Leonhard am Forst;2997;14;18,3;1,1;75,5;2,3;62,9;6;72,2;1077;2,77;850;246;269;820
2011;31540;St. Martin-Karlsbach;1662;12,6;16,6;1,6;76;1,8;65,4;6,6;79,7;574;2,9;487;123;133;517
2011;31541;St. Oswald;1123;19,5;15,3;1,2;76,6;1,2;58,8;4,1;60;317;3,54;297;115;121;288
2011;31542;Schönbühel-Aggsbach;1033;11,5;17,9;2,8;73,4;2,2;64,7;9,3;82,5;462;2,24;292;66;71;151
2011;31543;Schollach;926;13,8;14,9;2,5;76,5;2,3;66,2;6,6;80,2;333;2,78;279;82;88;357
2011;31546;Weiten;1120;17;21,1;2,4;75,9;3,2;61;4,1;71;402;2,78;332;95;103;297
2011;31549;Ybbs an der Donau;5592;14;22,3;9,6;67,2;4,8;61,4;7,1;62,3;2155;2,4;1477;338;430;3496
2011;31550;Zelking-Matzleinsdorf;1260;16,4;17,9;2,4;74,7;2,5;68,6;6;82,7;433;2,91;358;80;86;182
2011;31551;Texingtal;1597;16,7;16,2;3,1;79,3;0,8;65,5;4,7;64,1;524;2,99;436;165;173;483
2011;31552;Yspertal;1815;15,8;16,9;1;77,1;2,8;61,4;5,9;64,7;677;2,68;498;153;173;638
2011;31553;Emmersdorf an der Donau;1720;14;17,5;4,5;74,4;2,6;64,9;9,7;78,3;660;2,6;511;136;150;367
2011;31601;Altlichtenwarth;735;10,7;21;4,4;65,5;9;62,5;2,6;81,7;335;2,19;216;54;57;105
2011;31603;Asparn an der Zaya;1763;16,1;17,2;3,6;70,3;5,6;64,2;5;79,1;705;2,5;516;121;131;334
2011;31604;Bernhardsthal;1599;8,6;27,5;4,2;65,9;4,5;60,7;4,6;77,8;762;2,1;488;98;113;246
2011;31605;Bockfließ;1335;14,3;18,1;6,7;71,2;5,8;67;7,6;80,8;572;2,33;410;96;102;254
2011;31606;Drasenhofen;1142;14,4;22,5;9,7;69,9;3,7;59,6;4,1;69,4;494;2,31;321;101;110;420
2011;31608;Falkenstein;462;12,1;23,4;4,1;67,1;4,7;65;9,4;71,9;192;2,41;128;41;45;103
2011;31609;Fallbach;836;12,1;22;3,1;73,7;4,2;59,9;7,5;79,2;332;2,52;230;69;75;214
2011;31611;Gaubitsch;886;13,9;15,7;1,2;77,4;2,4;64,7;6,3;83,7;331;2,67;251;65;69;117
2011;31612;Gaweinstal;3727;13,2;16,4;7,1;72,8;4,8;66,5;6,6;81,4;1566;2,38;1092;223;250;708
2011;31613;Gnadendorf;1141;14,2;21,7;2,3;73,3;3,2;62,5;5,1;79,8;466;2,45;326;99;106;199
2011;31614;Großebersdorf;2262;13,5;18,3;5,9;73,4;3,6;68,2;8,9;83,2;964;2,34;681;171;188;679
2011;31615;Großengersdorf;1484;15,4;16,6;8,6;71,5;3,7;66,3;4,6;79,9;585;2,54;433;102;107;317
2011;31616;Großharras;1138;10,6;20,7;1,9;69,6;4;60,5;3,8;77,6;479;2,38;326;87;96;273
2011;31617;Großkrut;1551;13,8;19;1,8;70,7;5,2;64,9;5,8;79,3;690;2,25;452;97;111;321
2011;31620;Hausbrunn;831;11,1;25,6;5,4;68,6;5,9;61,7;3,1;84,4;406;2,04;237;40;44;96
2011;31621;Herrnbaumgarten;956;13,4;19,5;3,7;71,3;3,9;58,3;5,1;74;403;2,37;275;94;99;222
2011;31622;Hochleithen;1146;13,5;16,6;4,5;69,7;3,9;67,7;5,8;82,7;475;2,41;346;76;81;182
2011;31627;Kreuttal;1421;13,4;19,4;3,3;69,6;2,7;69,6;9,8;86,1;592;2,4;429;79;86;169
2011;31628;Kreuzstetten;1511;14,5;17,9;2,3;69,2;4,8;66,2;10,2;80,4;643;2,35;434;104;113;303
2011;31629;Laa an der Thaya;6187;13,4;19,5;3,8;70,9;4,9;63,6;7;52,4;2666;2,28;1760;367;454;3033
2011;31630;Ladendorf;2216;14,5;18,2;3;73,8;4,1;66,4;6;82,2;907;2,44;645;154;164;342
2011;31633;Mistelbach;10963;13,5;18,4;6,4;70,3;4,3;63,9;9,4;55,3;4750;2,25;3045;1047;1260;7386
2011;31634;Neudorf bei Staatz;1425;16,9;16,1;1,7;71;6,2;63,4;4,3;78,2;580;2,46;405;97;104;252
2011;31636;Niederleis;830;12,9;18,3;0,6;74,4;5,1;69,2;5;84,9;346;2,4;239;42;49;104
2011;31642;Pillichsdorf;1118;13,8;16,5;4;75,3;4,2;67,5;10,2;84,3;470;2,38;327;80;86;219
2011;31644;Poysdorf;5519;13,9;21;6,2;72;4,1;62,4;5,9;61;2305;2,36;1581;462;521;2522
2011;31645;Rabensburg;1125;12,4;21,2;3,7;63;7,3;63;3,9;90;507;2,22;334;29;35;78
2011;31646;Schrattenberg;834;11,9;24,8;2,5;72,3;2,8;59,3;2,4;69,9;364;2,29;249;75;82;160
2011;31649;Staatz;1993;13,1;18,8;2,1;71,9;4;63,6;4,9;83;821;2,43;583;130;146;299
2011;31650;Stronsdorf;1647;13,6;19,7;2,6;73,2;4,3;61,5;3,9;70,5;656;2,51;474;152;164;527
2011;31651;Ulrichskirchen-Schleinbach;2589;14,3;17,9;6;72,2;4,3;66,5;9,7;87,6;1121;2,31;774;116;126;308
2011;31652;Unterstinkenbrunn;565;14;17,3;0,9;73,2;3,1;67,3;3,9;80,9;216;2,62;153;51;55;94
2011;31653;Wildendürnbach;1574;14,7;19,6;3,6;74,3;2,9;61,2;5,1;74,7;616;2,56;439;137;145;300
2011;31654;Wilfersdorf;2124;13,7;15,7;4,5;73,6;4;67,5;4,4;84,2;888;2,39;639;122;133;499
2011;31655;Wolkersdorf im Weinviertel;6739;14,8;17,2;8,3;73,7;3,7;64,9;13,9;70,4;2796;2,37;1934;517;603;3719
2011;31658;Ottenthal;588;11,9;21,1;2;72,3;3,7;58,7;3,9;80,5;217;2,71;161;48;52;90
2011;31701;Achau;1219;15,4;15,9;5,3;73,7;4,3;67,1;9,8;84,1;533;2,29;355;89;110;671
2011;31702;Biedermannsdorf;2864;13,3;18,1;8;72,4;4,2;65,7;17,7;83,6;1224;2,34;863;327;378;3322
2011;31703;Breitenfurt bei Wien;5850;14,5;23,4;6,3;71,2;3,2;64,2;19,7;79;2476;2,31;1698;455;488;1379
2011;31704;Brunn am Gebirge;11308;16;17,4;10,1;74,1;4,1;62,2;19,5;82,6;5114;2,2;3264;1048;1182;7185
2011;31706;Gaaden;1625;16,9;14,7;6,5;72,1;4,6;62,4;21,4;79,3;645;2,51;478;473;485;691
2011;31707;Gießhübl;2154;19,3;17,1;8,6;73,4;2,6;55,8;31,2;82,4;849;2,54;625;204;218;449
2011;31709;Gumpoldskirchen;3634;16,1;18,3;7,8;73,9;4,4;62,9;19,5;77,5;1677;2,17;1035;305;336;3598
2011;31710;Guntramsdorf;8949;14,2;16,9;11,5;71,4;5,7;63,8;11,4;78,3;4042;2,2;2625;674;758;4833
2011;31711;Hennersdorf;1450;12,8;17,7;4,1;74,2;2,7;68,1;13;86,1;642;2,26;440;97;106;437
2011;31712;Hinterbrühl;4040;17,9;20,3;10,8;70,6;3,8;56,7;26,4;79,6;1598;2,42;1129;394;428;1405
2011;31713;Kaltenleutgeben;3339;16,3;17,7;7,6;74,9;4,6;65,4;17,1;84,9;1512;2,21;966;202;216;469
2011;31714;Laab im Walde;1141;13,6;22,4;6,6;70,7;3,5;60,4;21,4;76,8;454;2,37;326;85;89;345
2011;31715;Laxenburg;2778;13,6;20,4;11;70,2;5,1;59,9;20,1;79,6;1156;2,28;762;246;279;2542
2011;31716;Maria Enzersdorf;8627;15,2;26,5;10,5;70,5;4,9;57,7;25,7;80,8;3908;2,15;2445;778;840;5487
2011;31717;Mödling;20411;14,3;20;13,1;70,5;5,5;56,9;23;73,8;9655;2,07;5531;1872;2089;10513
2011;31718;Münchendorf;2613;16,7;15,6;5,9;75,1;4,7;67,8;13,4;84,8;1141;2,29;796;203;223;661
2011;31719;Perchtoldsdorf;14522;14,7;24;7;70,3;3,6;58,5;26,6;76,7;6533;2,2;4166;1351;1453;5348
2011;31723;Vösendorf;6245;15,7;14,8;9,9;73,7;6,2;66,1;10;81,3;2821;2,18;1743;515;771;7433
2011;31725;Wiener Neudorf;8826;13,1;19,4;8,4;69,9;5,6;66;12,5;80,7;4081;2,16;2584;747;907;14687
2011;31726;Wienerwald;2491;15,8;18,5;5,1;74;3,3;67,3;15,6;78,7;1005;2,48;760;248;261;503
2011;31801;Altendorf;308;14,3;14;3,9;71,5;5,3;73,1;5,7;85,4;126;2,44;90;24;26;38
2011;31802;Aspang-Markt;1825;10,6;23,5;1,8;72,5;3,8;65,7;9,1;70,4;843;2,16;505;142;181;1004
2011;31803;Aspangberg-St. Peter;1883;14,1;19,3;1,3;73,6;2,2;64,5;6,4;74,7;724;2,55;517;164;176;570
2011;31804;Breitenau;1408;12,9;16,7;4,3;75,4;4,6;72,2;6,2;87;641;2,2;443;55;61;497
2011;31805;Breitenstein;337;10,1;27,3;3,9;63,5;3,5;66,7;5,9;75,7;144;2,25;97;22;26;148
2011;31806;Buchbach;346;12,4;22,3;2,3;66,8;3,1;67,3;10,2;92,1;144;2,4;104;22;22;26
2011;31807;Edlitz;900;12,9;20,1;2,3;76,3;2,5;66,6;8,7;78,3;389;2,31;251;76;86;210
2011;31808;Enzenreith;1888;13;21;3,4;70,6;2,9;68,5;7,7;87,3;813;2,32;582;101;108;357
2011;31809;Feistritz am Wechsel;1050;12,4;17,7;1,7;75,7;3,7;68,8;6,1;75,4;421;2,49;312;91;99;242
2011;31810;Gloggnitz;6041;13,5;22,1;8,5;67,7;7;62,8;6,4;65,1;2796;2,11;1700;348;421;2863
2011;31811;Grafenbach-St. Valentin;2249;14;19,2;8;68;5,9;67;6,8;86,1;922;2,36;649;129;135;297
2011;31812;Grimmenstein;1332;12;24,2;4,7;73,1;2,9;63;7,9;69,1;557;2,2;356;81;99;914
2011;31813;Grünbach am Schneeberg;1641;13,3;21,3;7,1;64,3;6,7;62,9;6,3;82,8;730;2,17;457;65;78;268
2011;31814;Kirchberg am Wechsel;2353;14,9;18,8;3,8;73,1;3;63,5;10;65,5;945;2,43;626;196;213;739
2011;31815;Mönichkirchen;585;11,3;25;0,5;69,4;4,3;63;5,2;71,4;229;2,48;158;64;74;201
2011;31817;Natschbach-Loipersbach;1718;15,8;14,7;4,8;71,7;4;68,7;8,3;83,8;665;2,55;504;79;86;652
2011;31818;Neunkirchen;12249;16,3;18,2;12,2;64,1;11,4;56,5;8,4;65,2;5474;2,22;3385;741;928;6227
2011;31820;Otterthal;577;18;13,9;2,4;79,4;1,9;67,9;7,6;83,2;219;2,63;159;38;41;100
2011;31821;Payerbach;2141;11,5;25;4,4;68,8;6,9;64,4;7,8;80,9;1063;2,01;602;139;156;552
2011;31823;Pitten;2472;13,5;21,8;4,5;69,2;6,2;65,3;10,4;78,2;1096;2,24;699;157;177;847
2011;31825;Prigglitz;478;13,4;19,9;4,6;70,2;5,3;65,7;5,1;70,7;185;2,58;128;49;53;141
2011;31826;Puchberg am Schneeberg;2639;11,2;26,3;3,8;70;4,3;68;7,2;57,5;1265;2,08;739;225;259;905
2011;31827;Raach am Hochgebirge;290;14,1;21,7;2,1;75,8;4,6;62,2;7,2;73,8;104;2,79;78;44;45;96
2011;31829;Reichenau an der Rax;2695;12,4;27,1;7,3;67,5;5,7;65;9,1;52,5;1316;2,01;723;192;222;1324
2011;31830;St. Corona am Wechsel;381;17,3;18,1;1,6;72;1,6;67,9;8,6;75,1;119;3,2;102;33;34;71
2011;31831;St. Egyden am Steinfeld;1908;14,5;16,5;3,7;70;3,3;64;8,4;85,6;758;2,46;540;84;95;259
2011;31832;Scheiblingkirchen-Thernberg;1909;15,2;19,2;3;76,6;3;64,4;9,5;75,2;695;2,6;517;146;155;556
2011;31833;Schottwien;710;15,4;21,5;7,7;68,5;8,8;65,6;4,5;77,8;336;2,1;196;40;46;160
2011;31834;Schrattenbach;372;13,2;17,2;5,6;68,7;4,8;75,9;5,9;77,7;147;2,53;106;42;44;148
2011;31835;Schwarzau am Steinfeld;1892;15,1;14,4;5,3;67,8;3,3;67,4;7,1;86,5;761;2,32;532;101;116;288
2011;31836;Schwarzau im Gebirge;713;11,8;21,9;10,8;72,1;3,1;65,3;3,3;43,8;316;2,19;190;78;90;266
2011;31837;Seebenstein;1313;12,6;17,2;3,4;74,7;4,5;70;10,5;88,3;606;2,17;381;59;67;227
2011;31838;Semmering;550;8,4;30;9,3;67,8;5,6;68,7;9,1;64,4;295;1,77;128;51;65;421
2011;31839;Ternitz;14800;14,3;21,3;8,3;65,8;8,8;60,7;7;69,8;6778;2,18;4341;711;807;4375
2011;31840;Thomasberg;1204;15,3;18,5;1;78,2;3,2;66,8;6;78,1;445;2,7;347;114;121;806
2011;31841;Trattenbach;542;13,7;16,8;3;76,1;2,3;64,1;3;72,8;220;2,46;148;41;45;128
2011;31842;Bürg-Vöstenhof;176;14,2;22,7;3,4;72,1;4,7;68,2;8,6;76,3;67;2,63;57;19;19;27
2011;31843;Warth;1518;12,7;20,2;1,6;73,5;3,2;66,9;7;81,1;586;2,59;454;100;114;397
2011;31844;Wartmannstetten;1593;13,7;17,2;1,5;76,6;2,5;69,2;10,8;85,8;661;2,41;475;111;115;208
2011;31845;Willendorf;901;13,2;15,3;5;69,9;5,2;67,8;10,1;79,9;384;2,34;266;75;80;187
2011;31846;Wimpassing im Schwarzatale;1707;14,1;19,7;13,2;67,3;7,9;57,9;5,6;79,2;819;2,08;465;66;90;1215
2011;31847;Würflach;1568;14,5;20,2;2;73,2;3,6;68,1;9,8;84,8;671;2,33;482;99;109;243
2011;31848;Zöbern;1441;15,3;16,7;1,2;79,8;2,1;67;5,3;70,5;524;2,75;401;136;144;414
2011;31849;Höflein an der Hohen Wand;857;13,4;17,4;3,3;75,2;5;68,3;9,2;82,2;388;2,21;246;63;67;170
2011;31901;Altlengbach;2725;13,8;17,8;5,2;72,9;3,5;68,1;9,1;78,2;1191;2,29;804;218;239;815
2011;31902;Asperhofen;2097;15,6;14,7;5,4;76,4;3,2;69,8;7;76,1;793;2,63;615;189;197;503
2011;31903;Böheimkirchen;4902;15,2;16,6;5,7;74,4;4;67;7,9;69,1;2006;2,44;1378;358;404;2675
2011;31904;Brand-Laaben;1216;14,8;17,8;4,6;73,8;4,3;64,9;9,9;72,7;473;2,57;340;132;137;276
2011;31905;Eichgraben;4353;16,2;19,6;8,6;69,9;4,3;66,1;16,3;82,4;1782;2,43;1280;299;316;660
2011;31906;Frankenfels;2040;15,7;17,8;3;73,3;3,1;64,2;3,8;64,9;691;2,88;594;181;194;507
2011;31907;Gerersdorf;909;16,4;20;2,2;74,7;2,4;68,6;8,7;75,1;334;2,72;270;88;95;326
2011;31909;Hofstetten-Grünau;2570;15,9;15,5;2,7;76,9;2,7;64,6;6;71,4;930;2,76;753;211;227;626
2011;31910;Hafnerbach;1558;13,5;17,7;3,2;74,5;3,5;68,2;7,7;77,7;623;2,5;448;136;148;337
2011;31911;Haunoldstein;1034;16;14,3;4,4;75,9;4,2;67,1;5,8;86,6;415;2,47;297;65;68;135
2011;31912;Herzogenburg;7790;14,5;21,5;8,9;70;5,5;60,1;6,7;66,5;3208;2,35;2189;496;575;3669
2011;31913;Inzersdorf-Getzersdorf;1454;16,6;14,6;3,2;75,1;4,1;69,1;5;84,3;578;2,51;417;107;115;361
2011;31915;Kapelln;1394;15,2;14,1;4;74,9;3,2;67,5;5,8;76,7;514;2,68;398;137;149;295
2011;31916;Karlstetten;2071;17,6;16,4;2,2;74,8;3,1;66,8;8,5;74,3;762;2,72;611;143;157;596
2011;31917;Kasten bei Böheimkirchen;1321;18,8;15,5;2,7;78,7;2,4;68;12,3;75,6;496;2,66;375;116;122;298
2011;31918;Kirchberg an der Pielach;3116;15,3;17,5;1,7;73,7;3,1;65,9;6,8;64,3;1212;2,57;888;263;294;1015
2011;31919;Kirchstetten;2040;14,7;18,5;4,3;72;4,6;67,1;8;81;794;2,44;570;126;143;553
2011;31920;Loich;607;16;20,1;3;75,3;2,6;62,9;3,3;69,9;209;2,9;174;64;68;164
2011;31921;Maria-Anzbach;2786;15,2;18,9;6,2;73,1;3,2;63,9;16,5;80,9;1160;2,36;804;215;232;697
2011;31922;Markersdorf-Haindorf;1943;16,1;14,2;3,1;75,4;2,8;64,7;8,4;82,7;744;2,61;574;141;149;439
2011;31923;Michelbach;873;15,1;18,2;2,9;74,1;5,7;64;3,5;70,1;330;2,65;237;97;101;185
2011;31925;Neidling;1468;14,8;17,6;2,9;73;2,9;66,4;11,2;81,1;555;2,64;449;101;107;466
2011;31926;Neulengbach;7849;15,8;18,8;6,9;71,6;4,2;63;13,1;67,6;3138;2,43;2223;628;716;3007
2011;31927;Neustift-Innermanzing;1477;14,4;16,5;5,1;70,4;2,5;67,7;8,9;78,5;594;2,37;424;111;122;342
2011;31928;Nußdorf ob der Traisen;1678;14,4;16,9;2,1;74,4;3,7;67,8;6,2;78,2;671;2,5;490;145;157;724
2011;31929;Ober-Grafendorf;4591;13,7;18,2;7,1;71,5;5,3;64,6;7,5;73,6;1972;2,33;1360;278;309;1935
2011;31930;Obritzberg-Rust;2282;16,8;15,5;3,2;74,6;3,7;64,9;6,6;72,5;831;2,73;649;238;246;613
2011;31932;Prinzersdorf;1606;15,2;16,6;6,2;72,6;4,2;67,4;9,5;81,6;678;2,37;480;116;132;613
2011;31934;Pyhra;3412;15,2;17,7;3,6;75,3;3;64,7;9,9;72;1372;2,49;991;341;358;867
2011;31935;Rabenstein an der Pielach;2403;13,4;18,5;2,8;76,5;4;68,6;4,5;76,7;963;2,49;699;164;180;518
2011;31938;St. Margarethen an der Sierning;994;12,4;18,5;2,4;75,4;3,1;65,1;8,3;81,9;380;2,62;297;88;91;175
2011;31939;Schwarzenbach an der Pielach;392;11;22,2;1,3;75,6;1,9;59,9;2,6;65;143;2,73;114;49;53;95
2011;31940;Statzendorf;1372;15,9;15,2;6;75,6;3,6;65,2;6,9;77,8;555;2,47;390;115;125;450
2011;31941;Stössing;772;15,9;16,6;8,4;69,7;4,6;67,3;7,2;64;291;2,62;216;98;102;208
2011;31943;Traismauer;5919;16,6;16,8;8,2;69,8;6,2;63,1;6,3;75,2;2530;2,34;1666;338;385;1410
2011;31945;Weinburg;1303;15;16,9;1,2;74,2;5;69,9;4,2;72,8;552;2,36;381;62;70;1023
2011;31946;Perschling;1315;14,5;16,8;5,4;73,2;3,3;65,2;6,9;72,7;485;2,71;384;160;170;359
2011;31947;Wilhelmsburg;6446;13,6;20,8;8,9;69,5;6,4;62,5;6,8;71,5;2820;2,25;1841;377;435;1934
2011;31948;Wölbling;2444;14,4;16,1;5,3;71,3;5,1;62,7;9;75,7;951;2,55;695;168;185;646
2011;32001;Gaming;3244;13,5;23,2;5,4;69,8;2,7;64,8;6,2;65,6;1371;2,35;940;228;266;907
2011;32002;Göstling an der Ybbs;2085;15,8;21,3;1,4;76,9;2,2;64,4;5,5;42,7;781;2,67;585;223;242;889
2011;32003;Gresten;1966;14,8;15,2;4,2;74,1;4,4;66,6;7,5;62,4;841;2,34;557;129;160;1475
2011;32004;Gresten-Land;1541;17,3;14,1;1,4;77,9;2,5;67;4;72,5;479;3,22;424;170;173;357
2011;32005;Lunz am See;1842;13,6;23,3;1,1;72,8;3,1;66,2;6,1;51,7;789;2,33;522;203;226;764
2011;32006;Oberndorf an der Melk;2974;17,8;15,5;0,8;80,8;1,7;65,6;4,5;67,9;952;3,12;825;257;269;848
2011;32007;Puchenstuben;319;12,2;23,8;12,9;57,8;4;55,4;5,7;73,1;109;2,29;75;28;33;105
2011;32008;Purgstall an der Erlauf;5354;17,3;18,2;2,4;76,9;2,7;66,5;5,8;60,1;1883;2,81;1491;453;512;2461
2011;32009;Randegg;1914;18,5;16,5;0,7;79,2;1,8;62,3;4;59,6;662;2,89;531;182;194;738
2011;32010;Reinsberg;1010;18,4;11,9;0,6;80,1;1;69,9;4,2;73,3;307;3,29;276;93;100;209
2011;32011;St. Anton an der Jeßnitz;1229;16,3;19;1,1;77,3;2;60,6;3;74,1;419;2,93;345;122;127;258
2011;32012;St. Georgen an der Leys;1324;16,5;13,5;0,8;80,2;1;68,3;2,7;74,2;361;3,67;373;120;124;286
2011;32013;Scheibbs;4199;14,6;22,7;2,9;75,2;3,1;61,9;11,3;48,7;1737;2,36;1122;365;459;3374
2011;32014;Steinakirchen am Forst;2267;15,8;15,4;0,6;77,9;1,1;64,2;7,2;69,3;752;3,01;635;221;237;650
2011;32015;Wang;1325;19,5;13,8;0,7;79,6;1,6;67,6;3,3;74,7;385;3,43;361;116;121;270
2011;32016;Wieselburg;3702;14,4;16,3;7,6;73,6;3,9;63,9;9,9;65,8;1777;2,08;1006;245;319;3664
2011;32017;Wieselburg-Land;3249;16,9;15,5;1,5;76,9;1,9;67,5;7,7;79,2;1158;2,8;938;231;241;820
2011;32018;Wolfpassing;1476;19,5;14,4;0,5;78,1;2,3;66;7,8;78,2;490;3,01;426;125;132;341
2011;32101;Absdorf;1812;14,3;15,6;7,9;73,6;3,3;66,8;6,8;82,3;776;2,31;519;106;125;504
2011;32104;Atzenbrugg;2600;12,8;16,7;5,2;75,7;3,1;67,5;6,8;74,9;1042;2,5;776;201;221;954
2011;32106;Fels am Wagram;2096;14,9;16,4;7,1;72,3;3,8;59,6;8,2;77,4;827;2,53;616;158;169;448
2011;32107;Grafenwörth;3021;14,4;20;3,4;73,7;3,6;61,7;6,9;75,6;1173;2,49;861;221;246;759
2011;32109;Großriedenthal;941;11,6;19,3;1,9;78;2,8;63,1;4,3;66;355;2,65;260;128;133;243
2011;32110;Großweikersdorf;3045;13,9;18,4;3,4;73;3,5;65,2;6,5;75,3;1251;2,43;908;231;256;693
2011;32112;Judenau-Baumgarten;2149;17,1;14,2;9,6;72,3;2,9;67;7,6;81,4;828;2,57;630;147;155;483
2011;32114;Kirchberg am Wagram;3498;16;17,8;5,1;73,4;2,6;61,2;7,8;71,3;1390;2,52;1031;318;350;997
2011;32115;Königsbrunn am Wagram;1330;14,7;16,2;4,9;78,4;2,1;64,9;6,7;78,5;522;2,55;396;106;114;304
2011;32116;Königstetten;1982;14,9;15,8;4,9;72,5;3,7;67,1;11,8;83,6;828;2,38;572;133;142;322
2011;32119;Langenrohr;2299;17,4;12,1;8,4;74,6;3,4;69,4;6,3;80,1;898;2,56;669;152;192;990
2011;32120;Michelhausen;2609;14,8;17,4;5,8;75,5;3,1;67,1;6,8;71,5;985;2,63;754;234;250;1222
2011;32131;Sieghartskirchen;7129;13,6;17,8;9,7;73,8;3,3;67,3;8,9;75;2900;2,45;2086;483;518;1846
2011;32132;Sitzenberg-Reidling;2030;14,2;16,8;4,2;73,9;3,7;66,7;6,7;75;833;2,43;562;135;149;621
2011;32134;Tulbing;2896;13,3;20,1;4,5;73,1;4,1;69,6;11,5;83;1236;2,34;871;197;209;456
2011;32135;Tulln an der Donau;15169;14,3;17,2;12,3;72,6;4,5;62,8;12,5;59,9;6765;2,2;4269;1100;1362;10930
2011;32139;Würmla;1269;13,5;18,8;5,1;74,7;4,2;68,1;5,6;74,6;508;2,5;369;106;111;316
2011;32140;Zeiselmauer-Wolfpassing;2266;15,8;18,9;6;71,8;3,7;67,1;14;88;963;2,35;668;121;132;473
2011;32141;Zwentendorf an der Donau;3955;15,4;16,4;9,9;72,1;5,1;66,1;4,8;73,2;1618;2,43;1134;176;213;1305
2011;32142;St. Andrä-Wördern;7552;15;18,8;8,1;71,5;3,6;65,3;15,7;79,7;3341;2,24;2176;536;574;1524
2011;32143;Muckendorf-Wipfing;1315;13,4;18,2;6,5;74,8;2,6;72;7;88,3;595;2,21;392;62;64;118
2011;32202;Dietmanns;1090;9,3;24,8;0,9;68,4;6,8;59;4,8;84,7;515;2,12;329;28;29;135
2011;32203;Dobersberg;1678;14,1;20;1,5;72,2;3,9;65,3;4,9;56,3;682;2,46;481;174;193;644
2011;32206;Gastern;1284;13,9;19,6;0,6;72,2;3,4;59,5;3,3;71,6;499;2,57;373;96;100;408
2011;32207;Groß-Siegharts;2804;12,6;21,4;2,2;65,9;8,3;62,8;4,4;62,7;1339;2,09;782;206;238;1161
2011;32209;Karlstein an der Thaya;1503;14;21,5;2,2;72,5;6,5;61,5;5,9;55,1;655;2,29;414;137;144;865
2011;32210;Kautzen;1188;11,8;23,9;1,5;73,3;4,9;58,6;5,2;72,3;521;2,28;343;113;119;307
2011;32212;Ludweis-Aigen;995;13,9;25,5;1,5;75,3;5,8;65,8;4,4;71,9;383;2,6;279;105;109;199
2011;32214;Pfaffenschlag bei Waidhofen a.d.Thaya;953;14,5;19,7;0,5;71,6;5,9;62;3,4;74,4;386;2,47;265;89;93;231
2011;32216;Raabs an der Thaya;2772;10;28,8;2,3;71,8;2,9;63,1;5,2;48;1220;2,19;757;342;377;1235
2011;32217;Thaya;1415;13;20,6;0,9;77,4;2,9;60,6;5,4;75,7;563;2,51;398;106;112;283
2011;32219;Vitis;2643;15,6;18,7;0,8;74,8;4;60,7;3,9;65,2;1085;2,44;743;239;263;1277
2011;32220;Waidhofen an der Thaya;5649;13;21,2;1,8;72;4,7;62,1;10,7;45,2;2457;2,24;1540;422;549;4552
2011;32221;Waidhofen an der Thaya-Land;1192;15,3;14,8;0,3;78,9;2,5;65;5,2;82,1;430;2,77;337;97;98;178
2011;32222;Waldkirchen an der Thaya;571;9,6;28;1,2;70,2;6,4;59,1;4,5;67,8;258;2,21;169;67;75;125
2011;32223;Windigsteig;1001;12,5;21,4;1,2;72,4;5,6;59,7;4,5;78,7;405;2,47;288;76;81;197
2011;32301;Bad Fischau-Brunn;2974;14;19;5,1;71,5;4,4;62,1;16;79,5;1301;2,27;872;227;262;982
2011;32302;Bad Schönau;757;14,3;20,2;4,1;71,4;2,9;64,6;6;57,3;267;2,66;201;81;91;889
2011;32304;Ebenfurth;2853;15,2;17,5;14,4;67,9;8,9;59,8;6,7;84,1;1314;2,16;819;138;164;2244
2011;32305;Eggendorf;4508;13,8;21;10,4;64,7;8;66,2;6;89,4;1897;2,38;1406;194;215;656
2011;32306;Bad Erlach;2812;14,4;19;4,9;72,8;6,1;67;7,7;85;1199;2,26;802;147;170;732
2011;32307;Felixdorf;4241;15,2;20,5;10,6;63,6;9,9;61,7;6,1;85,9;1894;2,24;1254;195;226;743
2011;32308;Gutenstein;1305;13,6;24,8;7;66;4,5;63,8;6,2;63,3;536;2,25;329;120;136;419
2011;32309;Hochneukirchen-Gschaidt;1685;15,1;18,9;0,8;78,7;2,9;62;3,8;76,7;629;2,68;479;138;150;305
2011;32310;Hochwolkersdorf;1003;13,6;20;2,1;75,1;3,6;65,4;7,2;80,5;419;2,38;297;72;80;161
2011;32311;Hohe Wand;1426;14,9;16;4,3;74,4;4,7;66,4;11,8;78,5;566;2,51;420;115;124;294
2011;32312;Hollenthon;1029;15,9;15,8;1,9;75,2;2,4;69;6,4;76,2;367;2,78;285;84;89;183
2011;32313;Katzelsdorf;3175;16,5;15,5;4,4;73,2;2,9;61,9;19,4;83,8;1272;2,5;957;219;235;644
2011;32314;Kirchschlag in der Buckligen Welt;2921;15,2;19,9;3,5;75,3;2,4;68,6;6,4;56,3;1132;2,55;812;275;315;1177
2011;32315;Krumbach;2245;15,4;16;3,4;76,9;3,2;69,7;6,2;64,1;900;2,49;626;232;252;1021
2011;32316;Lanzenkirchen;3814;15,6;16,8;5,3;73,3;4,6;65,6;8,6;84,9;1544;2,47;1121;218;238;774
2011;32317;Lichtenegg;1073;17;18,1;1,1;78,3;2,6;67,1;6,1;60,7;365;2,94;285;136;143;293
2011;32318;Lichtenwörth;2943;15,7;17,3;8,8;68,9;7;65,7;6,4;77,6;1213;2,42;891;170;189;813
2011;32319;Markt Piesting;2930;16,2;16,9;10,6;72,2;5,4;63,5;11,7;75,3;1260;2,31;828;169;190;971
2011;32320;Matzendorf-Hölles;1907;13,8;20,8;3,8;72,5;5,2;71,5;7,5;86,3;804;2,35;580;128;139;258
2011;32321;Miesenbach;682;13,8;20,1;3,7;73,6;2,6;71,4;4,4;65,9;264;2,58;194;75;77;265
2011;32322;Muggendorf;514;16,7;17,3;7;69;3,3;60,5;8,4;73,6;211;2,43;153;44;46;103
2011;32323;Pernitz;2529;14,2;21,6;8,1;65,7;7,1;56,9;6,3;55;1212;2,08;699;170;201;1337
2011;32324;Rohr im Gebirge;485;14,2;18,8;3,3;76,6;1,9;59,9;5,3;54,2;187;2,59;132;72;77;151
2011;32325;Bromberg;1214;16,6;17;2,1;77,2;2,8;67,4;8,7;71,5;389;3,08;343;127;131;349
2011;32326;Schwarzenbach;1001;12,3;20,8;2,1;70,9;1,8;62;4,1;76,7;373;2,68;308;80;84;168
2011;32327;Sollenau;4757;14;21,8;9,7;63,9;8,5;62,3;5,6;81,8;2118;2,22;1396;248;288;1962
2011;32330;Theresienfeld;2942;16,8;16;11,7;68,8;6,2;62,9;7,9;87,7;1222;2,41;878;156;182;656
2011;32331;Waidmannsfeld;1615;10,9;20,7;6,3;68,9;5,8;62;5,4;86;751;2,14;470;87;92;253
2011;32332;Waldegg;1996;13,4;18,7;12,8;68,6;7,7;60,8;6,9;73,6;888;2,25;583;114;124;1214
2011;32333;Walpersbach;1072;13,8;16,2;2,7;73,2;3,6;67;8,1;85;427;2,51;316;73;78;159
2011;32334;Weikersdorf am Steinfelde;1077;15,7;13,7;3,7;74,2;4,7;65,2;7,6;73,2;431;2,5;314;91;104;843
2011;32335;Wiesmath;1533;14,4;17,4;0,9;75,2;2,7;65,9;6,6;71,3;573;2,68;427;124;136;360
2011;32336;Winzendorf-Muthmannsdorf;1859;13,2;18,9;8,1;67,5;6,7;64,9;10,5;77,9;842;2,15;521;104;118;473
2011;32337;Wöllersdorf-Steinabrückl;4173;15;15,2;7,9;71,7;6,1;66,3;7,6;81,5;1811;2,3;1234;251;290;1604
2011;32338;Zillingdorf;2014;15,6;16,2;6,4;73,5;5,2;66,6;6,7;89,4;875;2,3;619;93;100;167
2011;32401;Ebergassing;3880;16,5;13,2;16,4;69,6;6,8;60,9;5,7;78,7;1639;2,37;1130;152;177;1079
2011;32402;Fischamend;4798;13,9;17,8;10,9;72,7;5,6;66,1;6,8;80,2;2296;2,07;1354;259;288;1998
2011;32403;Gablitz;4652;14,8;21,3;7,8;70,7;4,3;61,4;20,9;81,5;1916;2,36;1351;362;388;1057
2011;32404;Gerasdorf bei Wien;10278;15,5;17;6,8;72,1;4;67,5;11,4;84,8;4208;2,44;3105;668;790;3990
2011;32405;Gramatneusiedl;2929;18,2;12,8;12,5;71,7;5,5;62,6;8,9;85,4;1223;2,39;851;135;160;682
2011;32406;Himberg;6671;14,7;19,7;7,9;73,4;5,5;67,3;8,5;80;2860;2,28;1939;430;486;2715
2011;32407;Klein-Neusiedl;798;11,4;23,2;6,1;73,8;4,9;65,5;5,4;85,8;403;1,98;236;53;59;160
2011;32408;Klosterneuburg;25828;15,6;22,7;9,6;70,6;3,2;57,2;25,7;66,8;11330;2,23;7236;2327;2548;9408
2011;32409;Lanzendorf;1664;12,7;16,2;9;71,2;4;66,1;7,2;88;686;2,33;482;71;86;467
2011;32410;Leopoldsdorf;4780;16,2;15,6;6,8;74,8;4,3;66,2;13;87,8;2104;2,27;1433;275;307;1715
2011;32411;Maria-Lanzendorf;2069;13,5;17,9;10,2;68,9;6,2;65,1;9,9;86,8;916;2,18;603;116;140;1134
2011;32412;Mauerbach;3636;15,5;18,6;6,7;70,6;3,2;61,2;21,8;82,6;1532;2,37;1083;267;287;979
2011;32413;Moosbrunn;1632;13,2;17,5;6,5;72,9;4,7;68,7;7,8;87,4;716;2,28;503;79;89;290
2011;32415;Pressbaum;7058;16,8;18,3;9,8;71,5;4,4;63,4;17,6;79,7;2881;2,41;2035;481;526;1779
2011;32416;Purkersdorf;9259;16,1;16,4;9,6;73,9;3,9;61,5;20,3;80,1;4120;2,2;2578;686;764;2729
2011;32417;Rauchenwarth;658;14,1;15,2;8,4;76,6;3,7;65,3;8,8;78;273;2,41;177;69;74;157
2011;32418;Schwadorf;1918;16;16,2;11,1;71,2;5,8;66,1;5,6;84,1;820;2,34;558;105;121;7298
2011;32419;Schwechat;16529;14;18;14,8;69,6;6,7;64,5;7,3;65;7849;2,1;4701;1338;1687;24621
2011;32421;Tullnerbach;2697;15,4;18,4;7,5;71,5;3;62,2;21;84,4;1138;2,37;784;200;218;507
2011;32423;Wolfsgraben;1614;16,2;15,1;5,5;77,1;2,8;67,8;17,7;81,7;668;2,42;473;148;153;405
2011;32424;Zwölfaxing;1572;12,5;18,1;8,6;73,2;4,8;66,5;8,1;86,6;666;2,36;477;99;109;737
2011;32501;Allentsteig;1998;12,5;25,6;2,1;69;6,9;59,3;5,9;70;909;2,19;580;101;124;1164
2011;32502;Arbesbach;1715;16,9;18;0,3;77,1;2,8;58,1;5,1;53,9;546;3,14;459;217;238;595
2011;32503;Bärnkopf;349;12;18,6;0,6;72,7;4,8;62,2;2,6;78,1;132;2,64;99;22;25;60
2011;32504;Echsenbach;1196;14,5;17,1;0,9;76,7;4,6;65,8;2,7;70,4;476;2,51;335;94;101;495
2011;32505;Göpfritz an der Wild;1846;15,8;19,1;1;72,6;4,6;61;3,3;74;737;2,5;519;150;162;437
2011;32506;Grafenschlag;892;14,6;18,8;2,1;79;2,1;65,1;4,5;67;297;3;246;122;129;318
2011;32508;Groß Gerungs;4624;14,2;17,9;0,8;77,8;2,5;62;5,9;56,6;1639;2,82;1271;456;495;1835
2011;32509;Großgöttfritz;1427;15,3;15,9;1,2;82,8;1,1;62,2;3;68,8;503;2,84;389;168;175;685
2011;32511;Gutenbrunn;564;14,7;23,9;3,2;75,4;2,6;58,4;6,9;77,6;232;2,43;160;38;41;128
2011;32514;Kirchschlag;668;15;18,1;0,7;77,6;2,4;66,9;3,5;67,6;256;2,6;181;96;98;181
2011;32515;Kottes-Purk;1536;15;20;1;73,7;3,9;60,6;4,3;55,3;588;2,61;426;207;217;526
2011;32516;Langschlag;1802;14,4;17,7;1,3;75,4;3,6;59,2;5,4;64,8;664;2,71;499;190;198;463
2011;32517;Martinsberg;1153;13,9;19,1;3,3;78,1;1,9;65,6;3,9;59,5;383;2,97;326;122;131;433
2011;32518;Ottenschlag;980;11,7;23,3;2;73;3,8;65,2;9,5;48,7;399;2,46;282;119;148;913
2011;32519;Altmelon;868;13,7;17,9;0,3;77,8;2,3;62,3;2,4;72,2;318;2,73;237;86;90;178
2011;32520;Pölla;980;13,9;20,6;1,9;71,7;3,5;60,7;4,5;72,6;414;2,36;284;98;107;221
2011;32521;Rappottenstein;1746;15,1;18;0,9;75,4;2,5;62,7;5,1;62,9;686;2,54;457;205;217;563
2011;32522;Sallingberg;1371;14,7;23;2,8;76,6;3,9;61,5;4,4;62,9;491;2,79;385;161;170;474
2011;32523;Schönbach;858;15,6;18,5;1,2;79,8;2,5;60,1;4,7;56,9;294;2,92;236;109;118;379
2011;32524;Schwarzenau;1546;16,2;20,7;1,9;69,1;5,1;61,2;6,1;71,6;655;2,36;437;117;132;432
2011;32525;Schweiggers;2000;14,2;18,6;2;79;3,7;64;4,3;65,5;749;2,67;577;232;243;546
2011;32528;Bad Traunstein;1075;16,3;19,3;1,5;78;2,6;65,2;5,6;60,8;394;2,73;297;134;145;376
2011;32529;Waldhausen;1266;14,8;22,2;1,6;79,6;2,1;58,5;4,9;68;501;2,53;346;120;135;562
2011;32530;Zwettl-Niederösterreich;11247;13,2;20,5;1,6;75,7;2,7;62,2;8,7;36,7;4469;2,46;3105;1092;1308;7776
2011;40101;Linz;189889;13,2;19,2;15,3;68,9;5,5;55,5;14,7;29,3;100330;1,85;46291;12334;14793;177330
2011;40201;Steyr;38205;14,1;19,9;14;66,6;9,1;59,3;9,3;40,4;18804;2;10285;2069;2553;26802
2011;40301;Wels;58591;15,7;17,3;18,3;68,5;7,3;56,4;9,7;40,1;26215;2,2;15643;4263;5079;46681
2011;40401;Altheim;4784;13,7;19,8;7,4;72,4;3,4;59,9;6,4;63,4;2038;2,31;1385;340;382;2153
2011;40402;Aspach;2396;16,1;16,1;4;76,1;3,3;58;5,6;67;966;2,48;666;209;232;1029
2011;40403;Auerbach;525;16,8;11,4;8,2;79,3;2,6;62,5;4,6;80,9;200;2,63;154;54;59;101
2011;40404;Braunau am Inn;16197;13,6;20,4;14,8;67;7,6;56;8,8;34,3;7426;2,15;4490;822;1082;12308
2011;40405;Burgkirchen;2554;15;14,3;6,5;74,6;4,5;59,7;6,5;77,7;918;2,78;735;204;213;687
2011;40406;Eggelsberg;2276;17,4;13,6;6,9;76,7;4;61;7;63;868;2,62;661;180;202;2044
2011;40407;Feldkirchen bei Mattighofen;1891;15,7;15,1;2,7;77,7;2,4;55,5;6,1;72,1;684;2,76;547;178;185;458
2011;40408;Franking;930;16,6;14,3;8,7;72;4,7;61;4,8;69,1;352;2,64;269;77;82;360
2011;40409;Geretsberg;1073;15,4;17;7,5;74,7;2,3;57,6;3,9;67,1;425;2,44;302;81;92;604
2011;40410;Gilgenberg am Weilhart;1292;14,8;14,6;6,7;74,4;3,1;56,6;4,9;75,3;464;2,76;355;115;122;317
2011;40411;Haigermoos;590;15,4;14,2;4,1;74;4;61,3;8,6;85,4;216;2,73;177;36;40;65
2011;40412;Handenberg;1304;16,6;16,6;4,1;72,2;3,3;56,2;4,5;69,2;470;2,77;359;128;132;344
2011;40413;Helpfau-Uttendorf;3366;16,6;14,6;14,8;74,1;5,8;53,3;4,3;74,1;1296;2,6;961;226;244;1008
2011;40414;Hochburg-Ach;3092;13,4;19,3;18;69,9;1,4;62;7,2;75,8;1236;2,5;915;205;222;676
2011;40415;Höhnhart;1369;15,5;15,9;2,5;77,3;3,2;55,7;3,9;67,3;553;2,48;376;127;135;479
2011;40416;Jeging;671;20;13;6,9;75,1;5;64,6;3,7;79,9;242;2,77;197;42;46;200
2011;40417;Kirchberg bei Mattighofen;1119;16;14,3;4,8;77,7;3;61,5;7,3;77;398;2,81;317;89;96;226
2011;40418;Lengau;4380;15;15,2;6,5;74,6;3,4;63,2;4,4;71,5;1713;2,56;1276;254;282;1695
2011;40419;Lochen am See;2488;17,1;14,1;2,7;79,8;2,2;64,4;6,6;71,7;946;2,63;719;222;236;695
2011;40420;Maria Schmolln;1373;14,8;21,8;2,8;77,8;2;52,7;5,8;68,1;461;2,76;368;114;122;385
2011;40421;Mattighofen;5730;16,1;16,3;23,5;71,7;5,6;51,8;6,5;56,1;2282;2,45;1621;334;434;4862
2011;40422;Mauerkirchen;2299;14;18,1;14,4;69,6;6,1;53,6;5,3;76,8;960;2,31;621;109;133;875
2011;40423;Mining;1146;15,3;16,5;4,6;74,8;1,8;63,3;8,2;80,3;458;2,5;346;86;94;212
2011;40424;Moosbach;922;15,2;15,9;4;76,7;4,4;56,9;3,8;79,4;358;2,58;267;83;88;163
2011;40425;Moosdorf;1532;15,2;14,2;5,1;77,8;1,8;63;5,9;78,4;571;2,68;455;102;108;450
2011;40426;Munderfing;2741;14,9;15,5;7,7;75;4;60,4;6;76,8;1076;2,55;791;176;197;972
2011;40427;Neukirchen an der Enknach;2093;14,2;16;4,4;73,4;3,1;60,8;5;74,3;785;2,67;617;183;198;603
2011;40428;Ostermiething;3156;16,7;16,9;10,4;72,3;4,1;59,5;5,6;75,7;1239;2,47;873;155;184;821
2011;40429;Palting;904;12,5;14,8;3,8;80,2;0,9;61,3;7,2;73,6;338;2,67;254;89;93;274
2011;40430;Perwang am Grabensee;884;18,7;12,8;5,1;75,9;3,1;63,7;8,5;82,6;334;2,65;263;62;66;158
2011;40431;Pfaffstätt;1000;13,8;15,2;12;72;3,8;61,8;6,7;76,8;389;2,55;284;54;60;768
2011;40432;Pischelsdorf am Engelbach;1638;16,5;17,1;4,4;77,9;3,7;59;4;74,1;609;2,69;470;166;172;346
2011;40433;Polling im Innkreis;942;12,6;19,4;6,6;77,8;2,7;55,7;3,6;75,7;367;2,57;267;74;77;243
2011;40434;Roßbach;950;15,7;14,7;2;77,9;2,4;59,7;3,6;77,2;377;2,52;277;77;81;185
2011;40435;St. Georgen am Fillmannsbach;398;15,8;14,8;2;77,9;1,8;57,6;4,2;77,2;143;2,78;108;41;42;230
2011;40436;St. Johann am Walde;2056;14,7;15,3;3,3;75,7;2,2;55,9;3,4;72,5;756;2,72;580;142;150;489
2011;40437;St. Pantaleon;3093;14,1;17,4;11,1;71,5;4,7;59,2;5,5;76,8;1324;2,34;910;184;203;859
2011;40438;St. Peter am Hart;2421;13,9;16,3;10,6;68,1;3,3;61,1;8,3;81,9;916;2,53;713;129;143;530
2011;40439;St. Radegund;563;13;16,9;6,2;70,9;2,4;54,3;8;77,3;211;2,67;156;38;41;107
2011;40440;St. Veit im Innkreis;406;14,3;14;3,7;75,3;2,6;62,9;3,4;83,6;147;2,76;116;26;27;55
2011;40441;Schalchen;3688;15,4;14,8;9,8;74,2;3,7;60;5,5;81,2;1429;2,58;1088;207;225;956
2011;40442;Schwand im Innkreis;871;16,2;19,2;2,8;80,8;1,5;63,4;5,8;71,2;316;2,76;261;89;93;227
2011;40443;Tarsdorf;1998;14,5;15;5,3;76,7;1,8;59,8;4,4;69,9;711;2,81;573;158;163;757
2011;40444;Treubach;718;14,3;17,4;3,8;72,2;2,2;55,6;3,9;69,6;275;2,61;199;79;81;167
2011;40445;Überackern;642;12,9;16,8;24;69,2;2,2;62,1;7,7;89,7;263;2,44;197;23;25;47
2011;40446;Weng im Innkreis;1365;13,4;17,1;4,1;76,9;3,1;59,7;5,9;70,9;522;2,61;394;124;135;702
2011;40501;Alkoven;5368;14,4;17,3;4,9;73,2;2,3;62,1;9,2;76,9;2183;2,39;1556;337;373;1622
2011;40502;Aschach an der Donau;2191;15,6;17,9;10,5;71,9;2,4;57,5;9,8;78,2;938;2,34;619;117;150;849
2011;40503;Eferding;3866;16,4;17,9;12,5;74,1;3,1;56,7;9,3;67,1;1683;2,23;1019;332;436;3214
2011;40504;Fraham;2218;15,5;16,2;4,2;78,4;2,3;64,4;7,8;83,6;870;2,55;685;148;154;883
2011;40505;Haibach ob der Donau;1305;15,5;18,3;1,2;77,1;2,6;58,7;5,5;73,9;464;2,81;365;124;131;296
2011;40506;Hartkirchen;4070;14,4;15,6;3,3;75,7;1,8;62,1;5,5;75,9;1470;2,77;1176;308;327;1063
2011;40507;Hinzenbach;1989;17,7;14,4;4,1;75,6;2,6;61,5;5,9;80,7;724;2,75;598;133;144;735
2011;40508;Prambachkirchen;2826;17,2;15,4;2,9;77,6;2,3;58,7;7;72,1;1048;2,67;792;214;234;1126
2011;40509;Pupping;1931;14,9;21,3;2;76,3;1,9;61;6,8;80;689;2,62;521;131;152;926
2011;40510;St. Marienkirchen an der Polsenz;2244;16;15,8;3;75,7;2,5;63,3;5,9;78,9;825;2,72;651;173;186;513
2011;40511;Scharten;2177;16,9;14,3;6,4;73,9;2,6;62,4;9,9;84,5;788;2,7;622;145;154;378
2011;40512;Stroheim;1556;14,7;15,4;1,1;79,7;2,2;57,7;4,5;77,9;537;2,9;441;155;161;324
2011;40601;Freistadt;7458;15,7;16,1;5,9;71;5,5;58,8;10,7;57,3;3270;2,25;2087;545;737;5290
2011;40602;Grünbach;1881;17,8;13,2;1,6;75,4;2,6;61,9;3,9;76,7;665;2,83;540;156;168;414
2011;40603;Gutau;2668;17;14,7;1,5;78,4;2,3;60,3;6,5;72,9;939;2,84;763;221;237;662
2011;40604;Hagenberg im Mühlkreis;2651;13,6;13,8;2,5;76,9;1,6;60,8;13,1;81,3;1050;2,49;770;159;187;837
2011;40605;Hirschbach im Mühlkreis;1127;14,7;16,6;1,2;80;1,4;60,4;5,5;74,1;396;2,85;320;115;124;294
2011;40606;Kaltenberg;624;18,6;15,4;0,2;78,9;0,6;52,6;3,5;69,8;184;3,39;168;67;71;174
2011;40607;Kefermarkt;2055;16,6;13,6;2;77,5;2,5;65,4;7,8;77,6;774;2,66;598;165;179;720
2011;40608;Königswiesen;3192;17,7;14,7;0,5;77,6;2,1;57,3;4,2;64,3;994;3,21;876;251;278;914
2011;40609;Lasberg;2795;16,5;16,8;1,7;76,2;2,9;62,2;6,5;76,2;980;2,78;768;192;202;695
2011;40610;Leopoldschlag;1031;14,1;15,8;4,3;75,7;4,1;61,5;3,7;72,1;388;2,66;276;104;109;235
2011;40611;Liebenau;1723;15,4;18,9;0,9;76,5;1,2;54,6;4,3;59,2;623;2,75;447;175;188;516
2011;40612;Neumarkt im Mühlkreis;3078;16,1;15,3;1,8;74,9;2,2;64,2;7,4;76,4;1066;2,89;885;240;259;793
2011;40613;Pierbach;1005;17,4;14,6;2,1;77,3;2,2;57,3;2,9;73,5;317;3,13;263;91;98;205
2011;40614;Pregarten;5098;16,3;14,8;3;77,2;2,5;63,6;7,5;75,7;1914;2,62;1496;334;402;1729
2011;40615;Rainbach im Mühlkreis;2912;17,6;16,3;3;75,4;2,1;59,9;5,5;70;991;2,85;791;211;224;798
2011;40616;Sandl;1452;16,5;18,6;1,2;73,1;3,7;54,9;4,8;73,4;527;2,76;402;105;116;279
2011;40617;St. Leonhard bei Freistadt;1426;15,8;17,2;0,8;79,5;2,3;56,8;5,6;74,7;533;2,68;394;107;120;283
2011;40618;St. Oswald bei Freistadt;2767;19,1;14,6;1,5;79,6;3,1;62,6;4,9;73,5;1039;2,66;793;181;193;678
2011;40619;Schönau im Mühlkreis;1881;16,4;15,3;0,6;74,9;1,9;59,2;4,5;67,5;714;2,6;502;162;170;492
2011;40620;Tragwein;3082;17,7;15,5;2;78,6;2,4;61,7;6,1;70,3;1071;2,88;860;234;251;967
2011;40621;Unterweißenbach;2315;16,5;18,7;0,6;78,7;1,6;55,5;3,9;57,6;744;3,01;633;199;222;1006
2011;40622;Unterweitersdorf;2009;17,6;11,8;2;77,4;2,2;66;8,5;86,5;735;2,73;601;137;153;618
2011;40623;Waldburg;1371;17,4;13,9;2;76,7;2,8;59,5;6,7;79,1;489;2,8;400;110;116;224
2011;40624;Wartberg ob der Aist;4039;15,7;14,4;1,7;73,8;2,3;64;8,7;83,3;1502;2,6;1197;188;211;1048
2011;40625;Weitersfelden;1061;14,6;19,2;2,4;78,6;2,6;58,1;5,1;68;380;2,79;285;112;119;328
2011;40626;Windhaag bei Freistadt;1652;17,3;14,2;4,3;72,6;2,5;59,4;2,9;65,9;575;2,84;445;156;168;434
2011;40627;Bad Zell;2760;15,6;15,7;3,5;75;2,2;59;7,3;60,8;845;3,21;756;264;294;1029
2011;40701;Altmünster;9522;14,8;19,4;4,9;73,3;2,6;62,3;12,3;71,1;3987;2,35;2689;671;740;2696
2011;40702;Bad Goisern am Hallstättersee;7525;14,9;19,2;5;72;2,9;68,8;7,8;50;3088;2,39;2160;464;523;3048
2011;40703;Bad Ischl;13876;13,6;21,6;9,6;69,9;4;62;11,9;40,4;6434;2,13;3828;1026;1250;7092
2011;40704;Ebensee;7817;13;21,2;4,7;68,8;4;64,9;9,1;60,5;3532;2,19;2288;333;404;2543
2011;40705;Gmunden;13086;12,8;23,1;11,7;70,2;4,9;58;16,6;53,7;6155;2,06;3488;1172;1472;10459
2011;40706;Gosau;1782;12;21,9;5,1;65,7;7,1;67,7;6,4;59,9;736;2,38;493;133;153;431
2011;40707;Grünau im Almtal;2101;17,1;21;6,8;69,4;4,7;62,2;9,2;63,1;845;2,46;575;196;210;574
2011;40708;Gschwandt;2685;18,9;13,7;2,2;76,7;2,7;65,7;7,8;81,9;992;2,71;775;196;210;720
2011;40709;Hallstatt;799;11,3;24,3;6,8;67,8;3,5;66,1;11,1;48,2;399;2;230;79;102;416
2011;40710;Kirchham;1908;16,6;14,3;2,7;76,5;2,8;62,5;5,6;67,1;722;2,64;539;168;181;679
2011;40711;Laakirchen;9468;16,7;16,5;10,2;72,9;4,1;63;5,4;54,7;3867;2,42;2689;524;581;6023
2011;40712;Obertraun;717;13;22,6;9,1;72,3;3,7;72,4;7,9;63,9;327;2,19;214;42;55;225
2011;40713;Ohlsdorf;4880;14,9;15,6;5,4;73,4;2,9;65,2;9,2;78,1;1930;2,53;1433;304;330;1593
2011;40714;Pinsdorf;3643;14;16,1;7,9;73,4;3,1;64,6;7,4;83,6;1525;2,39;1080;207;231;1174
2011;40715;Roitham;1982;15,5;15,3;2,8;75,7;2;66,1;7,5;75,8;755;2,63;576;147;158;658
2011;40716;St. Konrad;1082;17,4;13;1,9;74,9;2,5;63;6,2;78;391;2,77;307;90;98;237
2011;40717;St. Wolfgang im Salzkammergut;2843;16,4;17,4;8;72,2;4,5;65,8;8,4;58,2;1152;2,46;790;304;333;1178
2011;40718;Traunkirchen;1640;12,5;22,5;5,7;73,7;2,1;63,3;12,8;76,6;728;2,25;486;145;162;429
2011;40719;Scharnstein;4739;16,5;17;6;73,4;3,2;63;7,4;53,3;1909;2,44;1333;338;375;2447
2011;40720;Vorchdorf;7308;15,6;15,3;6,2;74,4;4;60,6;5,8;54,4;2767;2,61;2058;526;587;3824
2011;40801;Aistersheim;841;18,2;13,4;4,2;73,9;2,3;63,5;6,4;73,8;313;2,69;228;78;86;293
2011;40802;Bad Schallerbach;3518;13,9;18,8;7,8;74,1;3,9;61,5;10,1;70,4;1663;2,1;966;218;257;2133
2011;40803;Bruck-Waasen;2316;16,5;15,4;2,5;76,9;1,4;61,4;5,6;74,8;792;2,92;658;199;208;856
2011;40804;Eschenau im Hausruckkreis;1083;14,2;15,4;1,3;77,2;1;56,8;3,2;79,8;345;3,14;296;91;96;251
2011;40805;Gallspach;2602;15,3;19,1;15,3;71,7;5,6;59,4;6,9;79,9;1127;2,23;693;138;160;630
2011;40806;Gaspoltshofen;3486;14,3;18,2;5;71,3;2,9;60,4;5,9;57,4;1208;2,71;916;273;304;1704
2011;40807;Geboltskirchen;1436;16,5;14,3;3,8;70,8;2,9;62,7;6,7;74,9;507;2,83;400;111;118;306
2011;40808;Grieskirchen;4803;15,7;19,7;12,3;71,6;4;56,1;12,1;60,5;2082;2,26;1320;422;561;5509
2011;40809;Haag am Hausruck;2128;17,4;17;6,5;74,5;2,8;59,9;9,4;61,2;808;2,6;591;186;211;1378
2011;40810;Heiligenberg;688;19,8;14,7;1,2;77,6;2,5;53,6;6,2;74,7;207;3,32;184;73;77;141
2011;40811;Hofkirchen an der Trattnach;1596;16,9;14,2;6,8;77,7;2,2;59,1;6,6;73,6;617;2,59;455;125;137;744
2011;40812;Kallham;2543;14,9;17,9;3,5;74,2;3,7;59,3;6,7;78,9;979;2,6;719;174;188;598
2011;40813;Kematen am Innbach;1345;18,7;11,8;5,8;74,8;3,7;65,7;4,8;83,8;485;2,77;374;87;93;267
2011;40814;Meggenhofen;1369;19,4;13,8;2,9;76,8;1,9;61,2;7,3;79,7;494;2,77;378;111;123;282
2011;40815;Michaelnbach;1278;17,9;16,2;1,3;75,5;1,5;58,1;5,4;76,3;364;3,51;360;109;116;261
2011;40816;Natternbach;2321;15,9;15,7;2;74,2;2,8;54,7;3,7;70,4;802;2,89;657;168;182;667
2011;40817;Neukirchen am Walde;1630;15;16,9;2;74,3;2,1;56,3;4;69,2;595;2,74;449;123;141;511
2011;40818;Neumarkt im Hausruckkreis;1484;17,7;18,1;10,4;72,1;5;58,6;7,3;75,9;613;2,42;415;82;106;848
2011;40819;Peuerbach;2140;12,7;20,4;5,7;77,2;2,9;56,4;7,8;68,4;903;2,25;567;218;263;1427
2011;40820;Pötting;540;16,9;15,9;0,6;78;1,4;61,7;6,5;74,8;181;2,98;156;51;59;175
2011;40821;Pollham;989;18,1;12,4;1,6;76,7;2,2;61,6;7,4;84,5;308;3,21;281;63;65;110
2011;40822;Pram;1730;14;18,2;2,2;73,7;3,1;54,7;8,5;68;624;2,67;457;125;143;632
2011;40823;Rottenbach;1087;19,4;14;3,4;78,2;1,7;59,7;6,7;76;385;2,82;310;99;103;304
2011;40824;St. Agatha;2144;17,5;15,6;0,9;79,6;1,9;56;4,8;76;682;3,14;601;159;174;431
2011;40825;St. Georgen bei Grieskirchen;1168;17,8;12,9;2,1;75,9;2,5;59,1;11,1;86;443;2,64;334;77;86;408
2011;40826;St. Thomas;490;18,8;14,1;0,2;78,1;3;63,6;5;83,3;159;3,08;131;42;47;92
2011;40827;Schlüßlberg;2959;16,3;15,4;4,3;75;3,9;61,1;6,7;81,2;1137;2,58;861;174;206;1258
2011;40828;Steegen;1046;13,7;15,9;0,9;70,1;2,6;52,3;3,8;73,4;344;2,89;289;77;84;806
2011;40829;Taufkirchen an der Trattnach;1994;14,7;15,8;2,1;74,9;2,1;58,4;5,8;76,4;722;2,76;583;153;166;612
2011;40830;Tollet;906;15,9;15,7;2;78,2;1,6;61;10,2;82,2;310;2,92;263;67;69;254
2011;40831;Waizenkirchen;3621;15,3;18,8;3,9;76,4;1,9;58,9;6,7;68,5;1276;2,77;991;270;304;1291
2011;40832;Wallern an der Trattnach;2863;14,8;17,1;5;75,6;2;64,8;9,1;78,6;1178;2,43;856;215;243;1431
2011;40833;Weibern;1604;16,6;17,2;4,7;76,1;1,8;61,4;7,9;67,7;549;2,92;459;115;129;769
2011;40834;Wendling;807;18,8;14;1,6;80,4;0,9;56;7,3;72,5;273;2,96;224;78;84;153
2011;40901;Edlbach;646;17,3;16,7;3,4;74,2;3,3;63,3;10,5;67,9;214;2,88;168;75;80;258
2011;40902;Grünburg;3849;16,4;18,5;8,2;72,4;4,6;56,1;4,4;72,7;1475;2,56;1049;242;272;1117
2011;40903;Hinterstoder;916;12;28,3;7;70,2;4,7;61,8;7,6;44,2;411;2,23;265;128;150;421
2011;40904;Inzersdorf im Kremstal;1881;16,4;17,2;4,1;77;3,7;61;5,1;78,6;705;2,67;552;152;164;484
2011;40905;Kirchdorf an der Krems;4075;15,5;19,3;9,5;71,9;5,3;57,3;11,5;56,1;1856;2,12;1079;318;453;4326
2011;40906;Klaus an der Pyhrnbahn;1106;15,6;17,4;7,8;73,3;2,8;60,1;6,5;72,8;473;2,31;307;73;85;338
2011;40907;Kremsmünster;6458;16,4;18,1;10,9;73,7;3,9;59;8,7;56,3;2583;2,43;1772;460;519;3636
2011;40908;Micheldorf in Oberösterreich;5858;15,7;17,4;7,8;72,8;5;59,8;8,3;68,9;2333;2,44;1671;334;377;2508
2011;40909;Molln;3595;16,1;18;7,7;73,1;4,1;56,6;6;56;1363;2,64;1045;228;256;1807
2011;40910;Nußbach;2269;16,5;14,2;2,6;79,1;2,1;63,7;5,6;66;743;3,03;647;203;209;1107
2011;40911;Oberschlierbach;465;16,6;17,4;3;79,8;1,9;58,8;8,8;75,1;174;2,67;132;49;52;118
2011;40912;Pettenbach;4969;17,6;14,5;5,9;74,2;3,4;59,2;6,3;63,4;1849;2,69;1375;439;475;1842
2011;40913;Ried im Traunkreis;2647;17,5;16,1;3,1;74,5;3,5;61,1;4,7;64,3;962;2,66;724;259;273;1376
2011;40914;Rosenau am Hengstpaß;689;14,7;19,7;7,4;75,4;4,9;59,4;2,7;61,7;263;2,62;211;46;54;297
2011;40915;Roßleithen;1869;16,7;18,5;4,1;74,1;2,5;63,1;6,2;69,3;729;2,56;533;162;172;549
2011;40916;St. Pankraz;358;16,8;22,3;8,4;76,1;4,4;57,7;3;81,2;139;2,53;105;32;38;87
2011;40917;Schlierbach;2776;18,2;13,8;4,7;76,8;2,8;60;10,7;70,2;979;2,8;780;267;283;1310
2011;40918;Spital am Pyhrn;2210;16,7;18,6;4,5;72,6;4,8;63,8;4,3;53,1;890;2,48;616;181;202;1203
2011;40919;Steinbach am Ziehberg;819;16,7;17,6;2,2;74,5;2,6;56;4,4;71;301;2,69;216;77;85;154
2011;40920;Steinbach an der Steyr;1977;17;16;2,7;75,5;3,3;61,2;4,8;76;704;2,81;566;152;158;360
2011;40921;Vorderstoder;774;13,6;18,5;3,6;75,7;3,6;65,9;6;62,3;300;2,58;217;92;95;208
2011;40922;Wartberg an der Krems;2930;15,6;14,2;5,5;76,2;2,6;59,4;6,2;66;1063;2,76;842;284;307;1576
2011;40923;Windischgarsten;2421;12,8;22;10,4;73,3;3,1;61,2;9,7;65,7;1059;2,18;655;181;229;1012
2011;41001;Allhaming;1060;13,1;15,4;4,1;77,2;1,3;62,8;9,6;76,8;422;2,51;314;106;110;422
2011;41002;Ansfelden;15672;16,7;15,8;16,2;70,1;5,5;57;6,7;71,8;6722;2,31;4439;835;1060;8082
2011;41003;Asten;6220;16,8;11,3;9,3;74,6;3,9;64,8;6;84,6;2524;2,45;1856;248;309;2295
2011;41004;Eggendorf im Traunkreis;776;14,8;13,9;5,5;78,3;2,2;64,8;10,4;85,5;292;2,66;241;48;51;125
2011;41005;Enns;11361;15,6;16,9;14,6;72;4,9;59,1;9,6;63,1;4963;2,26;3224;718;874;7257
2011;41006;Hargelsberg;1231;16,8;12,5;2,8;73,9;3;65,8;11,2;81,1;456;2,7;374;97;101;301
2011;41007;Hörsching;5780;15;16,7;8,1;74,9;3,9;64;7,7;76,4;2417;2,35;1695;393;481;6116
2011;41008;Hofkirchen im Traunkreis;1728;19,7;11,3;3,5;77,5;2,4;63,3;11,2;86;657;2,59;511;100;110;253
2011;41009;Kematen an der Krems;2510;18,6;12,8;6,1;77,7;3;62,3;8,4;77,9;978;2,57;717;177;186;723
2011;41010;Kirchberg-Thening;2298;15,4;19,4;2,5;76,4;2,5;64,5;13,2;86,1;953;2,41;719;154;162;391
2011;41011;Kronstorf;3140;15,8;16,5;5,8;74;2,9;65,8;8,1;83,3;1267;2,48;923;186;203;1063
2011;41012;Leonding;25582;15,4;17,1;9,6;73,9;3,5;58,6;16,9;80,4;11693;2,17;7339;1602;1838;11676
2011;41013;St. Florian;5976;13,8;17,8;3,3;74,1;2,6;62,9;15,4;77,8;2472;2,37;1775;451;506;5155
2011;41014;Neuhofen an der Krems;5609;15,5;17,7;6,4;73,2;3,3;62,5;11,2;73,4;2362;2,3;1583;379;423;2042
2011;41015;Niederneukirchen;1928;14,6;14,7;2,3;79,1;2,4;66,9;9,7;78,9;719;2,68;580;165;177;472
2011;41016;Oftering;1968;15,9;16,4;5,4;76,3;1,6;70,2;9,2;84;820;2,39;586;124;137;592
2011;41017;Pasching;6584;14;19,1;9,8;73,1;3,3;62,2;9,6;79,4;2874;2,27;1923;474;644;6122
2011;41018;Piberbach;1845;17;15,1;4;78,4;2,7;64,6;6,7;87,4;700;2,64;550;107;113;201
2011;41019;Pucking;3742;16;12,7;3,8;76,5;2,3;67,7;7,8;82,7;1421;2,63;1136;240;258;1099
2011;41020;St. Marien;4619;15,8;12,2;3,3;76,7;2,7;65,3;10;82,5;1723;2,68;1374;305;325;1257
2011;41021;Traun;23709;15,7;17;17,8;69,8;5,7;56,5;6,6;74,4;9684;2,4;6646;1189;1399;11907
2011;41022;Wilhering;5778;17,3;16;5,2;74,7;2;60,9;17,3;80,8;2256;2,54;1740;352;386;1371
2011;41101;Allerheiligen im Mühlkreis;1185;17,9;14,1;1;76,9;2,6;62,6;5,8;77,9;406;2,92;346;103;106;227
2011;41102;Arbing;1365;14,9;14,7;3,7;77,3;3,2;62,1;7;82,2;484;2,81;396;97;105;443
2011;41103;Baumgartenberg;1609;16;15,4;3,5;74,3;3,1;64,6;7,3;68,4;544;2,91;457;114;128;918
2011;41104;Dimbach;1044;16,2;19,7;1,5;78,9;2,4;52,9;2,2;63,6;356;2,93;279;115;118;275
2011;41105;Grein;3024;14,4;20,5;5,7;71,8;3;61;6,8;61,3;1130;2,53;821;190;242;1510
2011;41106;Katsdorf;2839;16,4;12;2,7;77,1;2,5;65,4;10,3;83,4;1094;2,6;855;174;199;603
2011;41107;Klam;910;21,2;11,8;2,1;77,9;3;65,4;4,5;84,4;308;2,95;240;64;68;147
2011;41108;Bad Kreuzen;2325;17,9;17,8;5,9;74,8;2,4;54,7;5,8;65,5;637;3,36;584;208;226;684
2011;41109;Langenstein;2473;14,5;14,9;5,5;73,9;2,6;62,2;5,3;82,6;1028;2,4;743;117;128;763
2011;41110;Luftenberg an der Donau;3882;14,4;16;3,2;77,8;3,2;65,4;8;87,5;1603;2,42;1215;196;208;690
2011;41111;Mauthausen;4945;16,1;18,1;11,1;72,2;4,6;59,2;7,6;77;2023;2,39;1393;262;342;1910
2011;41112;Mitterkirchen im Machland;1698;16,6;15;1,8;76,2;3;64,6;3,5;75,7;577;2,94;490;142;151;370
2011;41113;Münzbach;1726;18,1;14,5;6,4;78,4;2,1;59,3;4,1;63,5;595;2,89;465;163;173;974
2011;41114;Naarn im Machlande;3530;17,3;14,6;4,9;78,3;2,3;64,1;5,5;74,2;1241;2,84;1022;247;264;1111
2011;41115;Pabneukirchen;1731;18,1;14,4;2;77,2;1,1;57,4;5,7;56,1;491;3,51;473;188;200;766
2011;41116;Perg;7823;16,3;15;9,9;72,5;4,1;59,9;9,7;58,8;3115;2,48;2231;585;739;6436
2011;41117;Rechberg;927;20,3;9,3;1,5;79,2;1,3;63,7;4,9;76,2;288;3,17;249;69;74;185
2011;41118;Ried in der Riedmark;4087;17,7;12,8;1,9;75,2;2,3;63,4;8,3;83,1;1444;2,82;1204;229;245;646
2011;41119;St. Georgen am Walde;2094;17,2;14,2;0,9;75,9;1,7;54,5;4,6;65,3;647;3,22;562;200;215;583
2011;41120;St. Georgen an der Gusen;3624;14,2;18,6;3,4;75,5;3;63,3;9,2;82,1;1552;2,28;1076;191;221;995
2011;41121;St. Nikola an der Donau;751;15,7;18,2;10,5;70,2;5,5;59,7;6,6;75,2;299;2,45;206;60;66;137
2011;41122;St. Thomas am Blasenstein;937;19,9;18,7;2,5;75;1,5;56,9;4,4;64,9;295;3,17;256;94;100;253
2011;41123;Saxen;1733;16,7;16,9;4;75,1;3,1;61,8;5,8;79,5;609;2,85;500;105;115;332
2011;41124;Schwertberg;5141;16;16;6,7;71,4;4,4;60;7,9;66,2;2019;2,51;1483;246;282;3209
2011;41125;Waldhausen im Strudengau;2902;16,8;14,8;3,6;74,8;2;58,6;5,2;68,3;941;3,08;821;187;204;652
2011;41126;Windhaag bei Perg;1433;16,6;13,3;5,5;76,2;2,3;62,9;5,9;81,1;468;3,06;410;93;101;221
2011;41201;Andrichsfurt;712;18,3;16,6;1,3;78,7;2,8;57,6;5;73,5;271;2,63;187;76;80;191
2011;41202;Antiesenhofen;1087;15,6;13,7;10,5;74,9;4,1;56,5;4,4;79,9;408;2,66;311;61;69;383
2011;41203;Aurolzmünster;2913;15,1;15,6;5,1;75,5;3,9;60,6;5;80,1;1184;2,46;846;154;180;1443
2011;41204;Eberschwang;3385;14,8;17;4,8;75,7;3,1;60,6;6,5;65,3;1319;2,57;970;260;281;1020
2011;41205;Eitzing;721;16,1;15,8;2,8;75,8;4,4;57,9;6,3;83,8;273;2,64;218;57;61;234
2011;41206;Geiersberg;545;16,9;18;1,8;74,1;2,6;53;5,3;83,5;200;2,73;153;29;33;80
2011;41207;Geinberg;1385;16,2;16,5;4,3;73,9;2,6;60,9;5,6;73,1;576;2,38;396;98;111;946
2011;41208;Gurten;1174;14,8;18,1;7,4;75;4,2;59,4;6,6;67,1;483;2,43;345;97;105;827
2011;41209;Hohenzell;2044;16,4;16,9;2,8;75,3;2,1;57,6;10,9;72,2;759;2,69;588;196;211;1198
2011;41210;Kirchdorf am Inn;606;17;17,3;4,3;70,6;2,4;57,7;6,4;76,3;229;2,65;162;49;53;128
2011;41211;Kirchheim im Innkreis;708;17,1;14,8;3,5;78,8;1,5;57,6;4,8;79,4;269;2,63;206;63;69;180
2011;41212;Lambrechten;1297;15,5;16,6;2,3;76,5;2,3;54,3;4,3;69,9;486;2,67;359;117;122;377
2011;41213;Lohnsburg am Kobernaußerwald;2201;13,8;17;3;76,4;2,4;56,8;6;69,8;823;2,67;627;172;185;797
2011;41214;Mehrnbach;2320;15,3;19,3;4;75,7;2,9;57,3;7,6;83;880;2,55;667;136;144;622
2011;41215;Mettmach;2435;15,2;15,9;2,5;77,3;2,7;57,5;4;72;909;2,67;676;176;188;617
2011;41216;Mörschwang;309;14,6;16,5;2,9;75,1;1,2;62,9;11,7;67,1;100;3,09;87;43;45;93
2011;41217;Mühlheim am Inn;629;13,2;15,3;5,4;74,2;2,6;62,1;6;83;267;2,36;186;50;54;118
2011;41218;Neuhofen im Innkreis;2213;14,8;14,9;4,1;75,3;3,2;61,2;10,2;83,3;848;2,61;648;144;150;448
2011;41219;Obernberg am Inn;1448;9,8;24,9;12,5;68,5;4,5;55,4;6,5;75,5;634;2,12;386;70;91;486
2011;41220;Ort im Innkreis;1221;18;16,4;7;74,7;3,5;55,1;5;70,8;467;2,61;353;92;100;649
2011;41221;Pattigham;880;15,7;18;1,5;79,3;2,9;63,1;6,9;81,6;331;2,66;266;70;76;159
2011;41222;Peterskirchen;679;14,6;17,1;1,8;74,6;4,1;61,4;6,7;73,7;231;2,94;198;68;70;139
2011;41223;Pramet;1024;14,6;15,9;4,5;76,9;2,5;59,4;6,2;70;391;2,62;302;83;93;415
2011;41224;Reichersberg;1453;14,9;16,7;8,5;73;3,5;58,9;7,2;75,5;556;2,59;413;102;115;1139
2011;41225;Ried im Innkreis;11394;14,2;20,1;14,1;69,4;5,6;54,3;12,5;41,9;5309;2,08;3029;894;1158;14211
2011;41226;St. Georgen bei Obernberg am Inn;589;17;18,7;4,9;78,4;1;63,2;9,8;72,7;221;2,67;171;76;79;162
2011;41227;St. Marienkirchen am Hausruck;839;20,4;10,8;2,6;80,2;3,3;61,2;8,2;77,9;287;2,92;235;71;75;183
2011;41228;St. Martin im Innkreis;1776;17,5;13,7;14,6;76,3;3,9;59,5;8,1;67,5;698;2,54;484;119;141;1325
2011;41229;Schildorn;1101;16,4;14,3;1,2;79,2;2,5;61,7;4,5;80,4;409;2,69;304;79;85;186
2011;41230;Senftenbach;738;16,8;14,2;5,4;75,2;3,7;60,3;6,8;80,7;270;2,73;205;56;59;176
2011;41231;Taiskirchen im Innkreis;2442;16,6;16,7;2,2;75;3,3;54,4;7;74,2;881;2,77;683;179;193;520
2011;41232;Tumeltsham;1515;15,9;13,3;5,2;75,5;2,7;61;12,6;79,1;551;2,75;438;149;175;1222
2011;41233;Utzenaich;1536;16,3;17,1;4,9;77,4;3,5;58;6,4;78,7;575;2,67;442;119;126;355
2011;41234;Waldzell;2086;14,8;16,1;2,1;74,5;3,4;56,6;3,8;67,9;840;2,48;585;183;192;574
2011;41235;Weilbach;622;17;19,6;5,3;77,4;1,2;61,8;8,1;78,8;233;2,67;184;57;63;173
2011;41236;Wippenham;526;12,2;16,7;3;80,7;1,6;61;6,7;88;204;2,58;149;32;34;87
2011;41301;Afiesl;408;14,7;16,7;2,7;79,6;1,7;56,9;3,4;82;146;2,79;115;35;35;97
2011;41302;Ahorn;492;15;17,7;2;74;1,6;58,6;8,1;78,7;193;2,55;137;36;36;100
2011;41303;Aigen im Mühlkreis;1925;14,3;20,6;4,3;76,5;2,3;60,5;8,4;68,8;789;2,37;525;127;148;853
2011;41304;Altenfelden;2142;15,5;16;2;77,8;2,3;57,6;8;72,7;799;2,68;612;174;192;913
2011;41305;Arnreit;1141;19,4;13,5;1,6;77,8;1,4;62,7;6,4;72,5;405;2,82;312;95;100;329
2011;41306;Atzesberg;453;14,6;14,6;1,3;80,1;1,9;52,7;2,8;83,5;164;2,76;124;34;34;53
2011;41307;Auberg;593;19,4;15,3;2;75,2;1,6;59,4;3,3;72,1;201;2,95;158;61;62;139
2011;41308;Berg bei Rohrbach;2536;14,6;18;2,5;72,1;1,9;54,5;9,2;82,9;980;2,58;713;144;155;690
2011;41309;Haslach an der Mühl;2532;14,7;23,2;2,7;75,3;2,8;56,9;8,6;67,9;1004;2,43;690;156;182;960
2011;41310;Helfenberg;961;13,1;22,3;4,1;75,2;1,9;54,5;6,2;73,2;372;2,58;264;73;81;291
2011;41311;Hörbich;416;19,5;14,2;1,2;84,4;1,6;59,1;2,7;74;137;3,04;110;44;46;165
2011;41312;Hofkirchen im Mühlkreis;1440;14,7;15,9;2,9;76,6;1,8;59,4;5,5;64,6;551;2,6;408;116;136;618
2011;41313;Julbach;1586;12,9;17;2,3;75,4;2,8;56,9;3,8;82,1;609;2,6;436;90;97;205
2011;41314;Kirchberg ob der Donau;1059;16,8;15,1;1,1;77,1;2,9;59,3;5,7;74,2;414;2,56;287;84;91;292
2011;41315;Klaffer am Hochficht;1299;14,3;15,5;3,6;74,5;2,4;57,1;3,1;83,3;523;2,48;354;63;72;209
2011;41316;Kleinzell im Mühlkreis;1467;16,5;18;1,9;77;2,3;58,9;5,4;78,4;510;2,69;393;85;95;324
2011;41317;Kollerschlag;1505;17;11,8;3,2;77,6;2,1;57,3;3,5;77,6;510;2,95;400;98;107;290
2011;41318;Lembach im Mühlkreis;1558;13,3;23;4,2;75,7;2,9;54,3;7,2;71,7;581;2,51;418;94;123;738
2011;41319;Lichtenau im Mühlkreis;518;13,1;18,5;1,4;77,7;0,4;55,8;4,2;83,6;180;2,88;145;37;37;70
2011;41320;Nebelberg;619;15,7;12,4;1,9;76,2;1,7;57,3;4,4;80,3;202;3,06;169;40;42;178
2011;41321;Neufelden;1273;16,2;17,7;7,8;71,6;2,8;56,5;11,3;67,4;478;2,54;343;120;138;775
2011;41322;Niederkappel;977;15;18,4;0,4;78,2;1,1;55,9;4,1;75,3;365;2,68;271;89;96;260
2011;41323;Niederwaldkirchen;1758;16,9;14,6;1,5;77,7;1,7;60,8;6,8;71;648;2,71;477;154;167;616
2011;41324;Oberkappel;733;18,6;15;10,5;71,7;1,7;60;6,2;77,9;243;2,86;180;46;54;148
2011;41325;Oepping;1543;15,4;13,9;0,8;81,3;1,5;60,3;5,1;77,8;579;2,66;429;102;109;508
2011;41326;Peilstein im Mühlviertel;1595;15,5;17,4;1,7;78,7;1,5;57,4;4,2;71,6;594;2,69;444;125;145;489
2011;41327;Pfarrkirchen im Mühlkreis;1509;18,8;16,1;4,4;79,2;1,1;55,5;5,2;71,9;527;2,86;403;132;137;353
2011;41328;Putzleinsdorf;1546;16,2;13,7;3,6;77,1;0,8;60,4;5,8;72,9;557;2,78;414;133;145;381
2011;41329;Neustift im Mühlkreis;1453;16,7;15,1;3,7;77;1,5;58,1;4,9;70,7;511;2,84;379;97;110;310
2011;41330;Rohrbach in Oberösterreich;2478;15,8;15,3;5,9;75,6;2,5;57,5;14;56,8;1104;2,23;674;258;388;3481
2011;41331;St. Johann am Wimberg;1003;17,1;17,3;2,2;76,1;1,7;55,7;5,8;73,1;386;2,6;272;100;106;227
2011;41332;St. Martin im Mühlkreis;3612;16,8;12,7;2,4;78,9;1,4;63,3;8;72,2;1337;2,7;1031;262;292;1350
2011;41333;St. Oswald bei Haslach;497;12,3;13,5;1,4;78;2,7;62,6;3,2;80,6;186;2,67;134;40;41;96
2011;41334;St. Peter am Wimberg;1743;17,3;14,9;1;81,2;1,5;58,4;5,2;72,5;619;2,82;476;117;128;482
2011;41335;St. Stefan am Walde;808;14;17,2;1;75,4;2,5;57;6,6;78,5;300;2,69;230;62;67;199
2011;41336;St. Ulrich im Mühlkreis;673;21,5;13,4;2,1;78,1;1,1;56,4;8,7;76,7;230;2,93;179;58;59;136
2011;41337;St. Veit im Mühlkreis;1192;15,9;15,1;1,4;75,3;1;61,8;6,7;75,5;449;2,65;333;92;103;258
2011;41338;Sarleinsbach;2236;15,4;14,6;1,3;78,2;1,3;58,9;5,7;59,8;801;2,76;581;185;206;1563
2011;41339;Schlägl;1293;13,1;18,2;2,4;75,6;3;58,2;8,3;76,7;517;2,45;363;89;107;465
2011;41340;Schönegg;518;12,9;14,9;3,1;73,5;1,4;58,1;3,8;75,7;197;2,63;148;38;41;164
2011;41341;Schwarzenberg am Böhmerwald;638;13,8;22,1;9,6;70,7;2,6;58;4,4;78,2;255;2,5;171;45;48;87
2011;41342;Ulrichsberg;2960;13,7;19,3;2,6;74,1;2,5;55,5;6,3;61,2;1151;2,51;818;197;227;1249
2011;41401;Altschwendt;665;17,6;18,2;1,7;76,1;1,5;57,1;6,4;74,8;232;2,87;187;63;67;125
2011;41402;Andorf;5060;16,6;15,7;4,6;72,2;4,5;54,4;6,9;68,6;1855;2,68;1413;324;379;1951
2011;41403;Brunnenthal;1975;15,2;15,7;7;71,4;2,5;58,5;12,2;83,5;683;2,89;597;123;132;466
2011;41404;Diersbach;1614;15,5;16,1;3,2;75,7;2,4;54,5;5,8;77,9;563;2,87;442;132;140;277
2011;41405;Dorf an der Pram;1029;15,8;13,9;1,8;76,8;2,1;58,4;7,4;72,6;374;2,75;281;91;95;442
2011;41406;Eggerding;1242;17,2;15,5;2,2;75,7;2,9;59,1;4,7;75,5;459;2,71;354;114;122;296
2011;41407;Engelhartszell;964;10,2;22,2;6,7;68,6;2,1;52,3;5,2;56,4;359;2,46;241;73;98;582
2011;41408;Enzenkirchen;1783;15,9;15,6;2,6;78,2;1,6;54,5;2,9;72,9;652;2,73;494;141;149;464
2011;41409;Esternberg;2902;15,1;18,3;4,8;74;1,8;54,6;4;73,4;988;2,83;785;175;192;614
2011;41410;Freinberg;1466;15,4;18,5;20,1;62,2;3,3;59,2;6;69,1;537;2,73;421;69;78;864
2011;41411;Kopfing im Innkreis;1961;15,2;17,4;2,5;73,7;2,3;50,8;5,7;60,5;766;2,56;544;163;178;1090
2011;41412;Mayrhof;297;22,2;13,1;2,4;88;0,6;65,4;3,5;83,3;92;3,23;80;27;27;39
2011;41413;Münzkirchen;2556;15,7;16,2;2,3;73,9;2,9;59,8;5,6;71,6;907;2,8;710;159;180;764
2011;41414;Raab;2270;16,1;16,2;3,8;75,5;2,6;58,2;6,8;68,4;880;2,58;646;185;205;911
2011;41415;Rainbach im Innkreis;1518;17,9;15,3;2,3;76,1;1,9;58;5,6;78,2;496;3,06;423;131;136;266
2011;41416;Riedau;1969;15,7;15,3;6,3;73,1;4,4;56,6;5,6;74,3;809;2,43;569;85;103;880
2011;41417;St. Aegidi;1604;15,9;15,5;2,9;75,7;2,2;51,6;3,3;70,3;588;2,7;432;135;142;445
2011;41418;St. Florian am Inn;3089;15,7;16,5;7;72,1;4,6;58,7;7,5;77,2;1267;2,44;903;186;217;1877
2011;41419;St. Marienkirchen bei Schärding;1841;15,7;16,6;5,4;73,5;3,7;55,3;5,9;71,7;669;2,75;533;144;160;682
2011;41420;St. Roman;1754;15,5;14,9;1,3;81,1;1,7;53,6;3,3;71,1;618;2,84;449;161;168;454
2011;41421;St. Willibald;1123;15;15,8;2,3;77,2;2,1;54,3;2,7;72,2;418;2,68;323;86;92;418
2011;41422;Schärding;4876;12,7;21,5;12,1;67,2;6,1;55,7;11,3;59,1;2298;2,08;1303;418;557;4285
2011;41423;Schardenberg;2287;15,7;17,6;10,6;68,6;1,8;60,2;4,9;71,6;841;2,69;637;184;195;565
2011;41424;Sigharting;796;16,7;16,7;3,5;77,5;2,1;60,8;3,8;63,7;278;2,86;225;69;77;473
2011;41425;Suben;1398;12;13;15,4;55,8;5,6;56,8;7,8;80,8;489;2,38;330;68;81;567
2011;41426;Taufkirchen an der Pram;2926;15,9;17,8;4,9;72,5;3,1;54,4;5,4;66;1111;2,63;856;191;207;1406
2011;41427;Vichtenstein;687;14,4;18,6;17,5;68,7;1,8;50,7;4,6;81,3;255;2,58;180;41;47;89
2011;41428;Waldkirchen am Wesen;1215;13;18,1;2,4;74,8;1,7;57,8;3,3;76,4;450;2,65;329;101;112;353
2011;41429;Wernstein am Inn;1546;14,7;15,5;8,8;71;3,1;60,3;7,4;76;592;2,61;425;108;116;407
2011;41430;Zell an der Pram;2013;17,3;18,7;5,9;77,4;1,5;55,7;6,7;66,6;702;2,78;549;155;172;753
2011;41501;Adlwang;1676;17,3;13,6;4,2;75,7;2,3;62;6,6;75,7;570;2,94;467;131;142;563
2011;41502;Aschach an der Steyr;2213;16,4;14,1;1,1;73,9;3,7;66,9;10;79;755;2,93;645;162;170;445
2011;41503;Bad Hall;4773;13,8;22;7,2;72,4;4,9;61,5;9,2;66,4;2072;2,21;1281;313;377;2612
2011;41504;Dietach;2972;17,3;12,9;5,8;74,9;3,6;67,6;9,9;81,6;1173;2,53;879;185;213;1482
2011;41505;Gaflenz;1852;17,7;16,5;2,7;76,2;1,6;64,5;4,7;66,9;659;2,81;520;159;170;627
2011;41506;Garsten;6683;14,3;17,9;4,1;69,9;3,7;62,9;11,5;79,1;2447;2,55;1846;399;439;1731
2011;41507;Großraming;2687;14,7;21;1,5;72,6;2,6;62,4;6,2;66;1034;2,58;772;192;217;1133
2011;41508;Laussa;1278;17,6;16;0,6;77,6;2,2;63,2;3,5;68,7;438;2,92;359;122;131;307
2011;41509;Losenstein;1631;16;19,2;2,5;76,2;3,5;65,8;6,5;65,3;622;2,62;470;121;145;809
2011;41510;Maria Neustift;1637;16,1;15,2;0,5;76,9;2,1;60,5;4;74,3;488;3,35;439;146;156;308
2011;41511;Pfarrkirchen bei Bad Hall;2143;16,1;16,1;3,3;75,9;3,4;66,3;7,4;85,9;871;2,46;635;118;128;350
2011;41512;Reichraming;1806;14,8;19,3;1,3;75,4;4,2;65,1;3,8;71,6;730;2,47;525;121;137;532
2011;41513;Rohr im Kremstal;1205;17,2;13,2;2,7;76,2;4,5;65,8;6,7;80,7;485;2,48;348;99;107;299
2011;41514;St. Ulrich bei Steyr;3001;15,8;19,1;2,2;74,6;2,4;60,5;13,4;82,6;1112;2,7;914;227;244;925
2011;41515;Schiedlberg;1243;15,3;17,6;4;72,4;3,3;63,2;7,7;68,5;466;2,63;350;158;169;399
2011;41516;Sierning;9115;14;18,8;5,7;74,8;4,6;65,5;6,8;75,4;3850;2,32;2628;544;608;2772
2011;41517;Ternberg;3308;15,8;17,1;1,8;76;3,1;66,6;6,5;65,1;1319;2,5;940;293;326;1166
2011;41518;Waldneukirchen;2246;17,4;14,9;3,3;76,1;2,3;64;6,5;69,7;806;2,79;640;221;232;1089
2011;41521;Wolfern;3005;14,8;19;1,9;74,5;2,4;65,2;8,4;75;1133;2,57;881;250;270;1240
2011;41522;Weyer;4226;14,1;21,9;2,8;72,1;2,9;62,2;7,4;60,5;1748;2,36;1178;284;336;1329
2011;41601;Alberndorf in der Riedmark;3872;17,5;13,7;1,9;79,1;2,3;66,1;7,8;82;1357;2,84;1110;248;265;634
2011;41602;Altenberg bei Linz;4391;16,4;15,1;2,2;77,4;1,1;61,5;14,9;77,4;1594;2,75;1293;370;390;966
2011;41603;Bad Leonfelden;4086;16,6;16,5;3,9;76,6;2,1;62,1;9,2;57,2;1604;2,48;1111;309;377;2249
2011;41604;Eidenberg;2044;18,2;14,5;2,2;82;1,3;64,3;8,9;80,9;741;2,76;581;170;178;335
2011;41605;Engerwitzdorf;8518;16,8;14,1;2,3;75,5;1,6;62,9;12;83;3153;2,62;2495;465;500;2360
2011;41606;Feldkirchen an der Donau;5134;14,5;18;2,7;77,1;1,8;63,6;7,4;75,6;1928;2,6;1487;362;395;1420
2011;41607;Gallneukirchen;6183;15,9;14,4;3,8;73,5;2,5;60,4;15,9;79,5;2624;2,33;1721;717;793;2974
2011;41608;Goldwörth;930;15,7;13,1;1,9;81,6;1,3;63,1;10,3;86,7;359;2,59;275;64;66;174
2011;41609;Gramastetten;4745;15,9;18;2,7;75,9;1,6;61;15,6;77,6;1780;2,61;1387;375;397;1131
2011;41610;Haibach im Mühlkreis;862;15,9;15,1;3,1;76,1;0,9;62,2;9,4;82,5;290;2,97;258;80;80;127
2011;41611;Hellmonsödt;2160;14,4;16,6;3,5;76,6;1,9;61,6;14,1;80,3;899;2,4;632;156;181;605
2011;41612;Herzogsdorf;2432;16,6;13,1;0,9;79,7;1,4;64,9;4,6;77,8;838;2,9;694;209;222;520
2011;41613;Kirchschlag bei Linz;2021;16;14,9;4,3;76,4;2,3;62,7;13,4;78,4;828;2,44;586;169;180;545
2011;41614;Lichtenberg;2588;16,2;16,5;1,7;77,2;1,7;60,1;18,4;81,9;1028;2,52;779;193;202;487
2011;41615;Oberneukirchen;3160;16,1;17,4;1,7;77,9;1,3;62,7;8,7;70,2;1203;2,62;900;246;271;1038
2011;41616;Ottenschlag im Mühlkreis;509;15,3;15,3;1,2;79,3;1,7;61,5;4,4;86,2;167;3,05;148;42;43;68
2011;41617;Ottensheim;4503;15,9;16,1;4,9;73,2;2,2;63,2;16,5;79,5;1952;2,3;1304;323;371;1486
2011;41618;Puchenau;4433;12,6;21,2;3,7;72,7;1,7;58,3;24,8;86,5;2051;2,15;1357;267;295;742
2011;41619;Reichenau im Mühlkreis;1238;15,8;13,7;1,8;78,3;2,7;66,3;10,1;80,6;467;2,65;360;85;89;233
2011;41620;Reichenthal;1471;19;13,9;1,6;76,2;2,3;61,4;6,6;70,2;559;2,63;422;115;134;450
2011;41621;St. Gotthard im Mühlkreis;1279;15,4;18,1;2;77,6;1,8;64,6;9,9;85,2;521;2,45;375;82;87;165
2011;41622;Schenkenfelden;1535;16,5;14,5;1,3;77,8;0,8;64,5;5,4;75,4;569;2,67;422;132;142;328
2011;41623;Sonnberg im Mühlkreis;861;16,4;15;0,7;78;2,1;62,4;7,8;83,5;325;2,65;246;73;73;193
2011;41624;Steyregg;4779;13,7;19,6;4,3;76,6;2,9;63,5;12;80,4;2162;2,21;1437;286;324;1621
2011;41625;Vorderweißenbach;2040;17,9;14,6;1,2;78,3;1,4;63,9;6,7;73,7;717;2,84;550;151;162;480
2011;41626;Walding;3898;14,8;18,9;3,6;74,6;1,7;62,4;11,6;79,1;1547;2,45;1127;261;282;1111
2011;41627;Zwettl an der Rodl;1728;17,2;14,1;2,4;75,8;1,4;63;9,7;76,9;685;2,52;480;140;152;451
2011;41701;Ampflwang im Hausruckwald;3450;14,1;19,3;7,4;70,1;4,8;60,7;5,1;68,8;1503;2,27;1014;163;183;1042
2011;41702;Attersee am Attersee;1585;13,6;18,7;6,1;71,1;4,2;60,7;14,1;74,3;688;2,28;430;170;187;383
2011;41703;Attnang-Puchheim;8862;14,8;18,1;17,7;67,8;6,7;57,4;6;69,9;3866;2,23;2429;407;497;4850
2011;41704;Atzbach;1171;17,9;16,2;2,3;73,4;2,4;59,3;7;68,4;447;2,62;332;109;120;551
2011;41705;Aurach am Hongar;1599;16,6;13,8;3,5;78,9;1,7;66,5;4,8;82,3;602;2,66;474;106;113;289
2011;41706;Berg im Attergau;1006;18,1;13,8;4;76,1;2,8;59;5,3;73,4;379;2,65;278;112;113;231
2011;41707;Desselbrunn;1690;16,9;14,2;2,6;77,2;3;66,9;5,4;81,4;627;2,7;497;112;121;383
2011;41708;Fornach;935;17,8;13;2,6;80,1;3;63,6;4,6;77,5;334;2,8;260;85;90;247
2011;41709;Frankenburg am Hausruck;4802;14,7;17,7;3,5;76,1;2,8;61,6;5,1;63,8;1841;2,57;1350;343;375;1673
2011;41710;Frankenmarkt;3498;15,7;18,5;7,8;73,6;3,8;59,1;6,3;61,7;1441;2,36;960;221;259;1881
2011;41711;Gampern;2701;18,8;13;2,8;75,2;2,5;64,6;7,8;78,3;978;2,76;786;193;205;1146
2011;41712;Innerschwand am Mondsee;1113;16,4;14,9;5,4;77,2;1;61,2;10;76,7;412;2,7;300;117;121;346
2011;41713;Lenzing;4971;13,7;19,5;7,9;72,1;5,3;61,2;5,6;59,4;2242;2,16;1428;211;262;4855
2011;41714;Manning;808;17;16;1,1;73,8;3,8;65,7;5,5;85,8;293;2,76;231;46;50;100
2011;41715;Mondsee;3312;14,3;18,5;15,9;74,6;4;60,7;13,2;62;1601;2,03;864;442;511;2888
2011;41716;Neukirchen an der Vöckla;2485;15,6;16,1;2;72,9;2,5;64,1;7,4;73,8;926;2,65;707;172;191;813
2011;41717;Niederthalheim;1028;18,3;18,1;2,6;75,7;1,9;59,6;5,2;72;345;2,98;299;93;99;222
2011;41718;Nußdorf am Attersee;1109;13,9;23,6;8,8;72;4,3;64,3;11,6;60,7;479;2,31;307;139;151;340
2011;41719;Oberhofen am Irrsee;1498;17,9;13,4;4,7;78,8;2,8;64,3;6,6;78,3;578;2,59;405;127;139;382
2011;41720;Oberndorf bei Schwanenstadt;1410;15,7;16,6;4,1;72;3,2;66,2;7;86,7;570;2,47;411;73;74;406
2011;41721;Oberwang;1599;19,3;14,1;2,2;81,1;1,7;62,3;2,9;65,5;566;2,83;440;179;188;494
2011;41722;Ottnang am Hausruck;3847;16,8;16,6;3,8;72;3,3;61,7;5,9;76,9;1508;2,55;1092;251;275;828
2011;41723;Pfaffing;1408;17,5;16,3;2;73,9;3,2;60,2;5,8;80,4;548;2,57;388;86;90;445
2011;41724;Pilsbach;626;16,6;15,3;0,8;72,8;1,9;62,8;9,8;81,5;222;2,82;171;56;58;93
2011;41725;Pitzenberg;495;14,3;12,7;1,4;77;2,1;66;5,2;85,7;181;2,73;142;28;28;61
2011;41726;Pöndorf;2282;16;14,4;3,5;76,6;2,5;60,4;3,7;79;834;2,74;641;163;176;446
2011;41727;Puchkirchen am Trattberg;967;16,6;12,5;2,9;73,6;3,4;64,1;8,6;81,9;334;2,9;268;75;80;253
2011;41728;Pühret;592;16,6;14,4;0,8;77;2,2;68;4;84,4;207;2,86;176;42;43;265
2011;41729;Redleiten;494;18;11,5;2,2;76,7;2,5;60,5;3,2;80,7;176;2,81;146;33;34;71
2011;41730;Redlham;1476;16,2;16;5,4;73,3;2;65,3;5,8;86,1;567;2,6;435;90;95;594
2011;41731;Regau;6255;16,8;15,1;7;73,7;3,7;64;7,3;78,5;2386;2,62;1821;396;443;2580
2011;41732;Rüstorf;1959;14,1;16,9;4,2;73,4;3,9;60,7;5,2;83,8;799;2,45;581;97;102;485
2011;41733;Rutzenham;254;13;11,8;2;69,6;2,9;61,5;12,7;80;93;2,73;76;29;33;72
2011;41734;St. Georgen im Attergau;4113;16,5;14,1;11,7;71,3;4,2;62,5;7,3;60,8;1553;2,55;1114;302;352;1966
2011;41735;St. Lorenz;2336;19,3;12,6;7,1;78,1;2,3;62;12,8;72,6;847;2,76;653;243;251;821
2011;41736;Schlatt;1314;17;16,5;5,1;74,2;2,4;63,8;6,9;82,3;500;2,63;398;86;92;364
2011;41737;Schörfling am Attersee;3208;13,7;18,5;5,4;72,2;3,4;64;12,5;74,9;1368;2,34;950;258;283;1209
2011;41738;Schwanenstadt;4120;15,6;17,1;15,1;70,2;6,9;56,4;8,3;72,9;1756;2,3;1143;273;341;2131
2011;41739;Seewalchen am Attersee;5311;15,6;17,3;5,1;73,5;3,6;63,6;11,3;79,2;2244;2,37;1576;345;380;1481
2011;41740;Steinbach am Attersee;851;15,4;22,3;7,1;70;3,1;63,5;12,2;65,2;377;2,25;231;78;87;263
2011;41741;Straß im Attergau;1474;18,2;12,8;7,2;76,4;2,7;60,7;6,2;79;527;2,73;386;135;144;325
2011;41742;Tiefgraben;3733;19,2;12,8;7,1;78,8;2,3;61,7;11,4;75,8;1384;2,7;1034;317;341;1225
2011;41743;Timelkam;5941;15,8;17,4;9,1;70,3;4,7;62,8;7,1;78,9;2425;2,37;1692;284;341;1716
2011;41744;Ungenach;1418;16,6;15,7;2,2;74,2;3,1;62,3;9,7;81;500;2,84;401;92;99;240
2011;41745;Unterach am Attersee;1427;13,7;21,5;10,5;72,8;3,8;63,6;12,6;55,6;625;2,28;395;142;158;858
2011;41746;Vöcklabruck;11909;13,2;20,8;12,4;68,3;5,4;57,6;12,9;54,1;5457;2,09;3186;863;1173;12653
2011;41747;Vöcklamarkt;4763;16,7;15,7;7,7;73,6;3,3;61,6;5,9;64,5;1821;2,58;1319;765;810;2614
2011;41748;Weißenkirchen im Attergau;930;15,8;15,5;3,2;75,3;1,4;56,7;5,9;74,4;336;2,76;266;93;99;235
2011;41749;Weyregg am Attersee;1490;13,8;21,4;2,8;74,2;2,9;61,3;12,9;69;610;2,44;415;155;166;381
2011;41750;Wolfsegg am Hausruck;2021;17;18,2;6,2;68,9;5;63,1;7,6;73;794;2,52;584;133;144;565
2011;41751;Zell am Moos;1524;16,7;14,2;8;75,1;1,9;60,4;10,5;67,1;589;2,55;431;160;171;667
2011;41752;Zell am Pettenfirst;1146;14,6;16,3;4;74,2;2,6;61,9;7,7;82,6;431;2,66;335;82;90;172
2011;41801;Aichkirchen;549;19,3;14,2;5,1;76,4;1,4;61,4;9,5;83;195;2,82;159;43;48;72
2011;41802;Bachmanning;665;18,9;13,4;9,2;76,2;1,1;66,6;7,6;70,5;234;2,84;195;62;69;264
2011;41803;Bad Wimsbach-Neydharting;2434;16,2;15,1;4,4;75;4,5;64,4;6,6;74,1;962;2,53;693;189;205;1017
2011;41804;Buchkirchen;4044;17,3;14,9;4,3;75,7;2,2;65;10,1;78,6;1543;2,58;1170;292;307;1293
2011;41805;Eberstalzell;2337;18,1;15;4,4;79;2,2;62,6;5,3;67,4;750;3,03;639;213;226;771
2011;41806;Edt bei Lambach;2023;14,9;15,9;6,4;73,7;2,6;65,4;6,7;79,6;825;2,45;615;166;174;1333
2011;41807;Fischlham;1318;15,7;16,2;2,3;76,3;2,2;63,8;6,6;78,5;495;2,66;392;108;119;337
2011;41808;Gunskirchen;5689;15,9;17;6,4;76,9;2,7;64,9;8,5;65,7;2134;2,61;1672;397;433;4281
2011;41809;Holzhausen;783;16,2;10,6;4,1;81,7;2,1;64,6;11,1;78,4;309;2,49;232;79;84;363
2011;41810;Krenglbach;2980;17,1;14,2;3,4;77;2,5;67,3;9,2;81,5;1162;2,56;910;212;225;1301
2011;41811;Lambach;3344;14,4;20,5;16,2;69,1;5,3;57;8,9;77,9;1420;2,24;870;198;243;1443
2011;41812;Marchtrenk;12359;15,8;15,9;10,2;75,2;3,7;62,3;6,6;73,1;5100;2,41;3570;730;821;5229
2011;41813;Neukirchen bei Lambach;886;15;16;2,4;74,1;2,5;67,1;7,4;81,2;323;2,74;265;79;82;217
2011;41814;Offenhausen;1607;16,4;14,4;5,7;77,1;3,3;65;6,1;78,9;626;2,57;437;113;123;379
2011;41815;Pennewang;879;16,3;15,8;1,7;78,9;2,3;66,4;7,5;78,5;328;2,68;261;83;87;172
2011;41816;Pichl bei Wels;2795;17,5;14,1;6,8;74,9;3,2;62,2;8,5;77,4;996;2,81;810;217;235;994
2011;41817;Sattledt;2410;16,4;14,4;7,8;77,7;2,8;63,6;6,3;65,5;902;2,67;677;228;260;2683
2011;41818;Schleißheim;1236;19;11,7;4,4;76,3;2,9;65,2;12,7;82,6;468;2,64;368;87;94;232
2011;41819;Sipbachzell;1798;16,8;14,6;4,1;79,1;2,3;65,6;7,9;75,1;671;2,68;530;174;182;468
2011;41820;Stadl-Paura;4931;14,8;17,8;14,2;69,7;5,7;60,3;5,1;81,5;2098;2,31;1411;169;210;1025
2011;41821;Steinerkirchen an der Traun;2345;17,4;17,7;3,2;80,5;1,6;62,7;7,2;71,7;730;3,09;647;228;245;677
2011;41822;Steinhaus;1877;14,4;17,5;2,9;76;3,5;65,3;7;73,8;677;2,77;569;193;206;1953
2011;41823;Thalheim bei Wels;5504;15,3;18,6;8,1;74,1;3,3;60,6;16,2;78,3;2317;2,33;1569;474;517;3293
2011;41824;Weißkirchen an der Traun;3152;17,2;11,7;5,7;74,7;2,1;66,8;9;81;1184;2,63;956;240;259;1025
2011;50101;Salzburg;145270;13,4;19,5;20,5;68;5,3;54,4;18;28,3;71732;1,98;36799;12547;14576;108101
2011;50201;Abtenau;5773;16;16;8,1;75,4;3,2;63,9;5,9;41,5;2018;2,8;1581;540;593;2619
2011;50202;Adnet;3471;16,1;15,1;5;76;1,7;66,3;9,9;74,8;1317;2,64;1033;292;313;1256
2011;50203;Annaberg-Lungötz;2270;17,4;17;9;74,3;3,4;59,8;3,8;59,2;823;2,75;637;182;205;721
2011;50204;Golling an der Salzach;4094;16,4;17;12,1;73,7;2,8;65,7;8,2;68,7;1687;2,4;1166;309;347;1484
2011;50205;Hallein;19974;16,6;14,8;17,9;71,4;5;60;10,4;66,6;8741;2,27;5555;1252;1493;9267
2011;50206;Krispl;862;15,8;14,5;1,9;78,5;2,7;67,8;5,1;72;307;2,81;242;101;104;227
2011;50207;Kuchl;6808;17,6;15,3;8;75,2;2,9;66,1;10,2;68,3;2526;2,67;1893;548;598;2414
2011;50208;Oberalm;4232;16,1;18,4;10,6;73,6;3;61,9;15,7;81,9;1713;2,39;1203;280;319;1436
2011;50209;Puch bei Hallein;4442;15,8;14,9;10,2;74,7;3,3;65,4;15,2;81,8;1789;2,42;1245;321;346;1758
2011;50210;Rußbach am Paß Gschütt;785;15;18;3,6;73;4,9;63,1;3;65,5;294;2,67;226;71;76;247
2011;50211;Sankt Koloman;1616;18,9;14,2;4,6;77,2;2,6;68,9;6,4;76,9;583;2,77;447;158;164;297
2011;50212;Scheffau am Tennengebirge;1318;17,9;15,9;2,4;75;1,6;70;6,2;73,7;496;2,66;379;127;131;335
2011;50213;Bad Vigaun;2006;16,6;15,9;6,3;76,2;3,4;67;8,4;77,4;830;2,41;578;153;160;619
2011;50301;Anif;4015;13;20,6;12,3;72,2;3;61,3;19,5;73,8;1671;2,37;1136;392;429;3135
2011;50302;Anthering;3550;16,3;13,3;5,9;77,5;2,1;66,2;12,4;76,2;1482;2,39;1024;290;311;1099
2011;50303;Bergheim;4876;13,9;17,1;9,1;75,3;2,5;63,7;14,4;75,3;1978;2,42;1391;485;571;4738
2011;50304;Berndorf bei Salzburg;1659;15,7;12,8;3,2;79,2;1,9;67,7;6,6;75,5;636;2,61;480;140;148;410
2011;50305;Bürmoos;4730;16,3;14,7;8,1;73,1;4,5;63,9;7;77,8;1800;2,58;1372;183;204;1748
2011;50306;Dorfbeuern;1433;16,1;15,9;4,3;79,2;1,4;64,2;7,3;76,3;515;2,76;404;119;126;332
2011;50307;Ebenau;1377;15,6;17,9;4,7;77,3;1,8;65,5;11,4;73,1;519;2,65;403;122;130;358
2011;50308;Elixhausen;2819;16,9;16,7;5,4;75,1;2,5;63,8;15,5;77;1115;2,53;831;230;250;926
2011;50309;Elsbethen;5227;14,7;18,1;9,1;73,9;2,9;59,7;20,1;83,2;2269;2,28;1473;384;426;1462
2011;50310;Eugendorf;6715;17;14,4;8,5;76,3;2,8;66,6;10,1;71,7;2481;2,66;1917;604;687;3962
2011;50311;Faistenau;2934;16,4;12,3;4,9;77,8;1,7;67,5;7,6;72,8;1037;2,83;837;253;270;713
2011;50312;Fuschl am See;1478;15,6;14,1;15;74,9;4,3;65,4;10,8;63,3;587;2,47;409;160;171;1057
2011;50313;Göming;701;17;15;3,1;81,3;1,3;69,1;8,2;74,6;254;2,76;198;73;78;421
2011;50314;Grödig;6986;14,2;17,6;14,2;74,5;2,9;64;10,8;74,8;3065;2,25;1969;474;529;3419
2011;50315;Großgmain;2465;14,2;19,2;16,8;72,3;2,1;62,6;16,4;75,3;1032;2,33;685;195;214;838
2011;50316;Hallwang;3887;15,6;18,9;6;76,3;2,5;64,8;13;78,3;1571;2,42;1099;361;398;1977
2011;50317;Henndorf am Wallersee;4757;16;13;6,6;75;2,5;64,6;11,6;72,5;1901;2,5;1395;392;421;1803
2011;50318;Hintersee;456;15,8;14,5;6,4;77,7;3,8;64,8;4,7;77,9;156;2,92;126;46;48;86
2011;50319;Hof bei Salzburg;3311;16,2;16,5;7,8;74;3,6;64,3;10,6;73;1259;2,57;959;300;333;1461
2011;50320;Köstendorf;2535;16,8;16;5,2;78,3;2,2;66;8,7;73,6;913;2,72;690;207;216;908
2011;50321;Koppl;3284;17,9;12,7;4,6;77,4;1,7;66,7;13,9;78,7;1203;2,73;943;272;292;814
2011;50322;Lamprechtshausen;3632;16,8;13;7,2;75,5;3,1;64,6;9;71;1331;2,73;1050;323;361;1738
2011;50323;Mattsee;3114;14,8;16,6;8,5;75,6;2,5;63,6;14,9;70,9;1270;2,42;873;265;299;1001
2011;50324;Neumarkt am Wallersee;5844;16,4;13,2;10,3;74,6;3,1;63,1;9,7;67;2310;2,48;1608;476;530;2822
2011;50325;Nußdorf am Haunsberg;2275;17;14;5,7;78,3;2;65;6,9;78,5;820;2,76;658;189;197;689
2011;50326;Oberndorf bei Salzburg;5591;15;15;13,3;72,3;4,4;61,8;11,2;73,7;2323;2,37;1566;394;458;2420
2011;50327;Obertrum am See;4567;16,6;12,3;4,8;78;2,1;69,6;11,2;71,2;1869;2,42;1309;385;427;1786
2011;50328;Plainfeld;1228;18,3;11,5;5,7;78,4;2,8;69,6;12,5;80,7;459;2,68;337;103;111;323
2011;50329;Sankt Georgen bei Salzburg;2847;15,4;13,3;4,5;77,2;2,5;68,2;5,6;76,5;1020;2,78;828;205;217;784
2011;50330;Sankt Gilgen;3791;14,6;18,8;13,8;69,8;3,5;64;11,9;56,3;1571;2,33;980;425;470;1588
2011;50331;Schleedorf;1021;19,5;11,6;5,2;80;2,2;67,9;6,4;77,5;352;2,9;289;88;95;213
2011;50332;Seeham;1785;14,5;14,6;6,7;79,5;2,2;68,1;12,1;75,2;742;2,41;510;180;189;435
2011;50335;Straßwalchen;6980;16;13,7;8,1;77,3;2,9;63,7;6,1;62,5;2654;2,61;1936;608;675;3683
2011;50336;Strobl;3619;17;18,4;6,2;71,6;3,1;64,7;10;65,8;1454;2,47;970;282;311;1085
2011;50337;Thalgau;5498;16,9;14,5;5,8;77,8;2;66,8;8,3;67,4;2061;2,64;1547;490;538;3032
2011;50338;Wals-Siezenheim;12173;16,2;14,8;7,8;76,5;2,2;67,6;11,7;68,2;5012;2,4;3497;969;1191;13224
2011;50339;Seekirchen am Wallersee;9921;17;15,3;7,5;75,5;2,1;65,8;12,7;68,9;3840;2,55;2887;815;897;5048
2011;50401;Altenmarkt im Pongau;3730;18,3;15,1;10,2;74,7;5,6;65,4;8,4;47,4;1367;2,67;1030;409;461;2767
2011;50402;Bad Hofgastein;6710;14,5;18,6;12,5;72;6,9;64,5;7,5;35,4;2858;2,31;1841;567;637;3164
2011;50403;Bad Gastein;4287;13,2;21,4;21;65,6;9,8;63,7;7,5;38,6;1947;2,11;1137;323;386;1945
2011;50404;Bischofshofen;10286;15,8;18,6;13,4;70,4;5,6;62;6,4;58,3;4435;2,29;2937;669;822;4820
2011;50405;Dorfgastein;1628;16,5;16,6;3,9;73,1;6,5;67,3;6,2;63,1;601;2,71;454;158;173;472
2011;50406;Eben im Pongau;2183;18,9;12,9;10,5;74,9;5,5;63,3;6,6;65,2;824;2,65;632;198;215;912
2011;50407;Filzmoos;1461;20,9;14;12,7;67,2;13,9;67,5;4,5;45,9;521;2,8;395;194;211;485
2011;50408;Flachau;2680;17,3;12,5;7,9;71;9,1;69;6,9;50,8;1010;2,65;738;380;430;1374
2011;50409;Forstau;533;16,9;11,6;4,1;68,8;7,3;68,2;4,7;69,1;174;3,06;149;56;60;239
2011;50410;Goldegg;2446;18,6;15,5;4,7;78,1;2,2;63,8;11;76,2;897;2,71;696;195;206;509
2011;50411;Großarl;3750;18;13,7;5,2;75,4;6,4;66,5;3,7;40,6;1272;2,9;1000;336;369;1621
2011;50412;Hüttau;1474;16,4;18,3;8,6;74,8;4,6;58,4;3,3;70,7;541;2,66;406;127;139;388
2011;50413;Hüttschlag;889;17,3;18;3,4;74,3;5,3;62;4,5;74,9;329;2,7;252;49;54;134
2011;50414;Kleinarl;767;17,6;15,5;7,2;64,3;15,7;67,4;3,2;59,3;275;2,79;225;84;95;185
2011;50415;Mühlbach am Hochkönig;1516;15,5;20,3;7,2;65,7;11,4;66,7;3,6;67,9;644;2,28;428;109;124;331
2011;50416;Pfarrwerfen;2221;17;16,3;6;79,1;3,3;68,9;6;70,1;792;2,77;639;225;242;679
2011;50417;Radstadt;4845;17;15,6;15,6;71,4;7,1;61,7;7,4;51,8;1873;2,55;1330;463;527;2489
2011;50418;Sankt Johann im Pongau;10698;16,2;14;13,3;75,1;5;62,7;9,8;51,2;4229;2,49;3008;904;1072;7112
2011;50419;Sankt Martin am Tennengebirge;1590;18;12,7;9,7;75;4,1;62,3;4,4;70,8;594;2,68;459;148;159;408
2011;50420;Sankt Veit im Pongau;3490;16,8;14;4,3;76;3,4;66,6;7,8;74;1319;2,58;973;240;264;1056
2011;50421;Schwarzach im Pongau;3550;14,7;19,6;14,2;70,4;5,5;58,4;5,6;63,2;1474;2,21;928;165;212;2733
2011;50422;Untertauern;476;17,6;10,5;17;71,1;11,3;73,7;5,6;49,4;203;2,34;127;123;142;368
2011;50423;Wagrain;3001;14,4;16,9;10,7;70,1;9,3;64,2;5,1;47,1;1131;2,6;848;331;363;1427
2011;50424;Werfen;3022;14,9;17,5;9,4;74,7;3,9;65;5,6;68,3;1222;2,44;853;200;231;1141
2011;50425;Werfenweng;905;20,3;10,4;6,7;75,9;5,5;67,4;8,6;71,3;334;2,71;252;101;107;212
2011;50501;Göriach;364;18,4;14;0,3;75,6;3,5;66,3;5,4;68,6;97;3,75;100;36;37;70
2011;50502;Lessach;559;17,2;16,5;3;75,2;4,4;59,2;5;77,8;193;2,9;149;42;45;78
2011;50503;Mariapfarr;2381;16,7;19,5;4;69,7;5,6;63,8;7,8;64,9;798;2,91;654;228;250;657
2011;50504;Mauterndorf;1688;12,7;21,7;10,4;66,7;8,6;63;7,7;53,8;692;2,4;472;167;188;828
2011;50505;Muhr;565;15,8;17,7;3,4;70,5;3,6;61,8;2,5;82;207;2,72;156;34;40;96
2011;50506;Ramingstein;1168;12;17,3;2,8;70;5,2;62,5;4,9;72,9;450;2,59;332;82;89;228
2011;50507;Sankt Andrä im Lungau;750;17,3;18;2,7;72,6;4,3;65,2;6,5;77,4;262;2,86;217;57;58;140
2011;50508;Sankt Margarethen im Lungau;763;16,6;16,3;6,3;74;5,9;60,8;7,5;69,9;264;2,89;214;69;76;313
2011;50509;Sankt Michael im Lungau;3513;15,4;16,6;8,3;71,7;5,3;62,8;7;48,5;1255;2,72;970;277;321;1887
2011;50510;Tamsweg;5628;14,6;18,9;5,1;74,1;5,3;62,8;9,5;43,7;2195;2,52;1527;482;591;3247
2011;50511;Thomatal;344;16,3;20,1;2,6;74,9;3,5;67;4,5;75,2;109;3,16;93;22;26;61
2011;50512;Tweng;280;13,6;17,5;13,9;63,2;10,2;68,6;5,8;33,8;121;2,24;72;79;95;217
2011;50513;Unternberg;999;20,6;14,2;4;73,9;3,7;68,1;6,1;66,7;330;3,03;276;82;87;437
2011;50514;Weißpriach;316;13,3;17,1;1,6;73,6;2,9;64,6;5,5;62,7;99;3,19;82;41;43;93
2011;50515;Zederhaus;1184;16,6;17,5;1,4;72,7;5,5;56,7;3,1;72,4;370;3,2;327;76;86;219
2011;50601;Bramberg am Wildkogel;3931;16,4;14,3;3,1;70,4;7,6;64,5;3,9;59,2;1422;2,71;1119;264;296;1260
2011;50602;Bruck an der Großglocknerstraße;4443;16,4;16,3;9,9;71,3;6,9;64,7;6,7;63,1;1741;2,51;1275;288;349;1974
2011;50603;Dienten am Hochkönig;758;16,4;20,4;4,7;65,3;13,7;57,3;2,8;64,4;275;2,76;215;77;82;210
2011;50604;Fusch an der Großglocknerstraße;664;12,3;16,1;7,7;70,3;10;68,7;5,2;71,8;267;2,49;183;65;75;200
2011;50605;Hollersbach im Pinzgau;1116;16,1;15,7;6,1;73,9;3,9;65,4;4,8;63,1;434;2,57;325;118;132;713
2011;50606;Kaprun;2950;13,7;18,3;14,7;71,8;7,1;68;6,9;44,2;1343;2,16;831;327;370;2273
2011;50607;Krimml;834;16,4;17,9;5,4;68,6;13,6;67,4;4,2;49,5;299;2,79;235;102;112;307
2011;50608;Lend;1411;13,7;21;3,3;71,7;6,9;60,2;4,2;62,4;598;2,29;394;95;109;588
2011;50609;Leogang;3089;16,3;16,3;6,8;72,6;5,6;66,2;6,2;55,3;1138;2,7;888;316;339;1231
2011;50610;Lofer;1922;14,3;20,8;8,6;72;6,8;71,4;6,3;50,9;778;2,41;542;210;236;831
2011;50611;Maishofen;3269;16,9;14,8;9,9;73,7;6,5;67,7;8,6;64,3;1303;2,46;925;289;317;2475
2011;50612;Maria Alm am Steinernen Meer;2013;16,7;15,9;8,8;69,1;9,4;63,4;6,2;50,6;784;2,57;551;265;293;765
2011;50613;Mittersill;5405;16;16,5;14,2;69,8;6;59,5;6,9;40,2;2031;2,56;1499;495;552;3539
2011;50614;Neukirchen am Großvenediger;2529;14,4;15,7;6,1;68;10,9;65,1;5,4;54;946;2,63;706;246;272;941
2011;50615;Niedernsill;2497;16,3;13,3;5;73,1;3,8;69,3;4,6;75,4;975;2,56;735;177;192;535
2011;50616;Piesendorf;3764;16,5;15,6;9,4;69,4;5,2;67,1;7,4;68,4;1414;2,63;1073;261;283;1297
2011;50617;Rauris;3064;17,9;15,9;5,1;68,3;8,7;66,7;4,5;49,6;1131;2,67;841;279;307;882
2011;50618;Saalbach-Hinterglemm;2867;12,1;15,7;15,2;60,7;19,8;64;5,8;23,2;1192;2,33;774;521;569;1660
2011;50619;Saalfelden am Steinernen Meer;15950;15,6;15,4;12,4;71,3;6,5;65,4;8,6;43;6842;2,3;4489;1084;1246;6879
2011;50620;Sankt Martin bei Lofer;1110;14,4;16,8;10,5;74,5;5,1;69,6;5,1;63,3;413;2,69;301;114;126;427
2011;50621;Stuhlfelden;1545;18,4;13,1;3,9;75,1;5,1;66,2;5,2;75,1;551;2,8;445;109;117;379
2011;50622;Taxenbach;2783;15,8;14,9;7,1;73,9;5,1;65,5;4;69;978;2,79;759;223;248;721
2011;50623;Unken;1925;14,5;19,7;9,9;73,6;3,5;69,3;7,6;53,7;708;2,72;556;163;171;662
2011;50624;Uttendorf;2891;15,4;15,7;6,7;72,1;5;65,1;5,4;58,8;1116;2,55;822;250;269;1052
2011;50625;Viehhofen;584;15,8;15,8;7,5;72;10,7;66,7;3,9;69,4;236;2,47;174;71;75;166
2011;50626;Wald im Pinzgau;1155;14,5;15,1;8,1;67,3;12,5;63,9;4,9;57,4;417;2,77;316;132;142;384
2011;50627;Weißbach bei Lofer;427;19;15,2;7,7;70,1;5,6;66,5;4,6;55,5;137;3,12;117;43;46;166
2011;50628;Zell am See;9528;12,2;18;20,3;65,1;10,4;60,9;10,2;45,2;4278;2,18;2659;929;1145;6860
2011;60101;Graz;261726;13;17,2;15,2;64,7;7,2;55,5;22,8;26;128849;1,99;64694;19084;22061;179833
2011;60201;Aflenz Kurort;1001;12,6;26,1;4,1;69,9;3,3;68,5;13,3;66,9;456;2,2;302;94;109;403
2011;60202;Aflenz Land;1487;10,6;22,3;5;68,7;4,5;66,7;7,1;74,9;596;2,46;438;113;124;429
2011;60203;Breitenau am Hochlantsch;1812;9,2;27,3;2,4;66,5;4,2;63,9;4,1;51,9;775;2,34;573;131;146;494
2011;60204;Bruck an der Mur;12548;11,1;24,2;7,4;68,3;6,7;64,8;9,4;55,8;6485;1,89;3457;769;1011;8354
2011;60205;Etmißl;510;13,3;19,8;1,2;78,3;1,8;66,7;5,4;77,9;185;2,76;156;53;54;96
2011;60206;Frauenberg;157;12,7;22,9;1,3;74,3;6;59,1;2,9;59,2;61;2,57;45;23;24;44
2011;60207;Gußwerk;1282;7,9;25,7;2,5;70,4;3,3;68,8;3,6;57,4;623;2,03;376;84;94;447
2011;60208;Halltal;336;13,4;22,9;0,9;77,6;3,4;64,9;3,4;67,1;134;2,5;86;41;42;84
2011;60209;Kapfenberg;21637;13,7;21,5;13,3;63,9;9,3;63,3;6,1;46,5;10314;2,06;6090;900;1162;12287
2011;60210;Mariazell;1492;10,2;27,4;8,8;71,3;2,8;70,5;7,1;40,6;720;1,99;399;151;198;894
2011;60211;Oberaich;3101;13,4;19,5;2,2;72,6;2,8;68;9,5;83,5;1217;2,47;933;166;184;692
2011;60212;Parschlug;1735;13,9;19,2;1,4;73,2;4;71,3;9,1;86,4;638;2,72;568;95;101;197
2011;60213;Pernegg an der Mur;2392;12,3;22,7;3,3;72,1;4,4;64,4;7,9;77,6;1034;2,31;714;129;153;447
2011;60214;Sankt Ilgen;272;11;24,3;1,1;74,4;1,5;67,4;5;74,6;114;2,39;85;24;26;55
2011;60215;Sankt Katharein an der Laming;989;9,2;23,1;1;66,3;4,1;66,6;4,2;76,9;466;2,12;303;69;76;195
2011;60216;Sankt Lorenzen im Mürztal;3494;13,8;19,1;3,7;73,8;4,2;67,2;9;82,2;1428;2,41;1042;206;226;1211
2011;60217;Sankt Marein im Mürztal;2521;13,6;21,2;5,4;72;4,8;66,6;7,1;83;1086;2,24;728;140;163;678
2011;60218;Sankt Sebastian;1005;10,2;26,8;4,1;72,4;4,8;67,7;5,8;72,9;444;2,2;295;58;76;412
2011;60219;Thörl;1667;10;27,6;3,6;67,1;6,3;62,1;4,9;68,3;750;2,18;490;99;116;597
2011;60220;Tragöß;1000;10,6;23,7;3,2;68,5;5,3;69,6;4,1;72,9;408;2,45;298;68;76;154
2011;60221;Turnau;1565;13,9;24;2,6;74,6;2,7;67,5;4,2;67,1;604;2,52;461;135;144;354
2011;60301;Aibl;1426;13,5;17,4;2,8;71,7;3,6;57,1;4,2;73,2;543;2,63;404;141;145;466
2011;60302;Deutschlandsberg;8127;13,7;19,1;5,6;70;5,5;61,4;11;49,3;3693;2,17;2261;673;854;6648
2011;60303;Eibiswald;1397;13,3;21,3;2,2;67,8;6,4;64,2;8,5;64,7;619;2,18;386;124;161;1034
2011;60305;Frauental an der Laßnitz;2937;14,2;18,9;3,1;73,5;4;64,8;6,9;72,8;1158;2,52;852;169;184;1661
2011;60306;Freiland bei Deutschlandsberg;155;19,4;13,5;6,5;75;3,6;69,6;5,6;63;50;3,1;45;27;27;52
2011;60307;Bad Gams;2292;13;21,6;3;71,4;3,9;65,5;5,9;79,2;933;2,44;678;182;194;405
2011;60308;Garanas;267;16,1;20,2;3,4;81,8;1,4;53,6;5,8;58;74;3,36;73;50;55;157
2011;60309;Georgsberg;1473;16;14,5;2;74,7;3,1;68,6;6,9;83,5;536;2,75;445;126;129;410
2011;60310;Greisdorf;1019;13,2;18,2;1,8;74,5;3,3;66,9;5,1;75;357;2,85;289;97;99;244
2011;60311;Gressenberg;309;15,2;19,7;0;75,6;2,5;61,8;3,4;64,2;109;2,83;93;48;50;88
2011;60312;Groß Sankt Florian;2927;14,6;19,3;2,5;71,5;4,1;61,7;7,7;73,9;1118;2,61;863;247;278;1198
2011;60313;Großradl;1437;14,1;14,9;1,1;73,4;4,1;62,6;2,9;83,3;490;2,93;415;112;114;169
2011;60314;Gundersdorf;415;14,2;17,8;4,8;79,8;1,7;63,2;7,9;82,7;138;3,01;118;44;45;74
2011;60315;Hollenegg;2135;13,4;17,2;3,5;71,4;3,4;62,9;6,1;83,9;751;2,8;619;125;139;298
2011;60316;Kloster;192;10,9;20,3;3,6;66,7;3,2;62,6;4,7;52,2;87;2,21;51;34;35;80
2011;60318;Lannach;3315;14,6;16,8;3,2;76,1;2,7;66,7;9,5;76,1;1282;2,56;971;260;308;3216
2011;60319;Limberg bei Wies;929;16,5;14,7;1,5;68,4;8,3;59,7;4,3;82,1;338;2,75;285;55;57;211
2011;60320;Marhof;1034;13,2;18,4;2,2;72,3;4,3;66,1;6,2;82;405;2,54;299;77;78;188
2011;60321;Osterwitz;147;12,2;18,4;2;75,5;2,4;59,7;12,4;55,6;54;2,72;39;30;30;43
2011;60322;Pitschgau;1573;14,1;16,3;2;69,2;6;61,4;3,4;82,8;595;2,64;469;99;101;317
2011;60323;Pölfing-Brunn;1665;11,5;24,5;2,7;69,6;4,6;60,5;3,8;74,5;733;2,18;476;264;270;748
2011;60324;Preding;1684;13,2;17,9;2,7;74,2;4,2;65,8;7;75,7;653;2,51;495;150;175;728
2011;60325;Rassach;1433;14;15,6;2,7;71,5;3,8;63,9;6,6;84,4;541;2,62;408;108;113;184
2011;60326;Sankt Josef (Weststeiermark);1387;13,5;17,4;2,2;75,1;4,6;65;8,2;80,9;505;2,75;430;107;117;310
2011;60327;Sankt Martin im Sulmtal;1816;13,2;19;3,3;71,6;5,1;61,1;5,2;73,2;680;2,65;525;138;145;696
2011;60328;Sankt Oswald ob Eibiswald;562;12,3;25,8;5,2;66,1;4,5;55,6;4,3;72,1;235;2,3;149;47;56;131
2011;60329;Sankt Peter im Sulmtal;1356;14,7;16,9;2;70,8;5,9;64,8;5;74,4;490;2,68;379;112;116;469
2011;60330;Sankt Stefan ob Stainz;2191;14,2;17,7;2,2;77,3;3,4;65,8;6,5;77,5;805;2,72;639;183;197;581
2011;60331;Schwanberg;2078;13,4;20;3,8;66,1;4,4;59,6;7,1;73,3;775;2,51;580;123;142;774
2011;60332;Soboth;342;10,5;26;1,2;69,6;4,9;55,9;6,5;60,8;142;2,41;91;40;46;80
2011;60333;Stainz;2524;14,8;19,1;4,9;74,4;3,8;64,1;11,9;70,1;1173;2,1;685;229;271;1653
2011;60334;Stainztal;1467;15,4;14,5;2,4;71,2;3,5;66,4;5,5;80,8;518;2,83;438;112;119;238
2011;60335;Stallhof;525;14,1;15;4,4;69,1;4,4;60,5;7,8;87;233;2,25;151;30;32;45
2011;60336;Sulmeck-Greith;1339;11,5;19,3;1,3;72,9;3,5;57,7;5,1;80,9;448;2,94;399;96;100;381
2011;60338;Trahütten;391;15,6;19,2;4,6;72,2;2,1;69,1;5,8;69,8;156;2,51;99;50;52;98
2011;60339;Unterbergla;1371;13,4;17,7;1,2;72,5;4,4;62,3;4,2;81,5;463;2,96;391;119;120;226
2011;60340;Wernersdorf;642;14,2;20,7;2;69,6;4,4;60,3;2,5;77,7;240;2,68;189;58;59;136
2011;60341;Wettmannstätten;1544;15;14,8;1,4;71,7;4,2;65,1;4,6;76,2;558;2,77;443;140;145;517
2011;60342;Wielfresen;574;10,6;19,5;2,1;72,1;4,2;57,5;3,5;70,7;183;3,14;163;68;70;136
2011;60343;Wies;2292;11,1;20,2;2,6;68,9;5,8;61,2;6,1;69,7;929;2,43;672;180;213;1001
2011;60401;Auersbach;880;14,4;16,7;1,9;77,7;2,7;60,2;4,8;77,8;299;2,91;256;90;92;195
2011;60402;Aug-Radisch;289;12,5;17,3;1,7;78,3;4,2;56,9;0,8;78;85;3,4;76;26;27;45
2011;60403;Bad Gleichenberg;2229;13,1;21,4;9,7;68,9;4,6;58,4;9,2;60,1;988;2,21;616;228;274;1968
2011;60404;Bairisch Kölldorf;1060;15,7;18,4;4,1;73,8;3,9;58,7;5,8;82,2;403;2,48;304;52;59;377
2011;60405;Baumgarten bei Gnas;578;13,3;17,8;0,7;74,6;4,6;51,3;1,8;78;171;3,38;164;53;53;100
2011;60406;Breitenfeld an der Rittschein;794;13,7;19,1;2,5;77,1;4,7;55,8;5,4;76,3;274;2,9;235;73;76;217
2011;60407;Edelsbach bei Feldbach;1398;16,7;15,7;2,9;74,8;3,6;58,9;5;77,2;485;2,88;420;120;127;488
2011;60408;Edelstauden;450;14;16,4;0,2;79,9;3,4;63;3,4;82,9;146;3,08;133;40;41;75
2011;60409;Eichkögl;1235;15,5;17,7;2,6;75,9;3,9;59,5;4,3;84,1;430;2,87;380;101;104;156
2011;60410;Fehring;3026;13,6;20,5;4,5;70,4;4,1;57,7;7,2;62,1;1171;2,51;852;277;321;1853
2011;60411;Feldbach;4608;13,6;18,9;15,5;68;7,8;56,1;9,3;52,1;2196;2,05;1234;454;649;7213
2011;60412;Fladnitz im Raabtal;755;17,9;15,1;1,7;72,1;5,4;58,4;5,6;78,9;279;2,71;223;54;57;164
2011;60413;Frannach;555;15,5;15,3;0,5;75;3,3;58,6;3,2;80,9;177;3,14;166;36;41;106
2011;60414;Frutten-Gießelsdorf;645;10,7;20,5;1,6;75,9;2,5;58,9;3;74,8;219;2,95;187;71;73;159
2011;60415;Glojach;247;17,8;19,8;0;81,2;1,5;62,6;3,9;72,4;68;3,63;74;28;29;65
2011;60416;Gnas;1931;15,2;15,3;2,6;75,4;4,7;61,4;6;63,9;708;2,73;542;204;235;1110
2011;60417;Gniebing-Weißenbach;2181;15,5;18,5;3,5;73,4;4,8;63,4;7,1;84,3;821;2,66;647;147;156;591
2011;60418;Gossendorf;910;16,2;13,3;1,2;78,2;3,3;62;3;87,6;323;2,82;268;60;64;106
2011;60419;Grabersdorf;350;14,9;20,6;1,7;73,9;3,9;57;1,7;72,3;117;2,99;103;45;47;125
2011;60420;Hatzendorf;1736;13,5;16,5;1,2;72,5;3,6;58,2;4,9;72,6;620;2,8;520;176;182;472
2011;60421;Hohenbrugg-Weinberg;979;14,7;19,2;1,7;69,4;3;56,5;3,7;83,3;389;2,52;283;71;74;148
2011;60422;Jagerberg;1667;14,2;18,5;0,5;77,3;2,4;58,1;3,6;70;554;3,01;478;206;215;524
2011;60423;Johnsdorf-Brunn;781;15,6;19;6,8;70,8;3,9;63;3;77,5;286;2,71;228;53;58;233
2011;60424;Kapfenstein;1604;14,6;18,6;1,6;76;3,5;56,1;4,2;73,8;507;3,16;459;136;141;465
2011;60425;Kirchbach in Steiermark;1567;14,8;16,9;1,9;76,2;2,9;60,6;8,2;75,2;582;2,69;465;158;187;585
2011;60426;Kirchberg an der Raab;2001;14,7;17;2,5;74;2,9;62,3;6;71,7;752;2,63;580;180;194;905
2011;60427;Kohlberg;524;14,5;17,9;1;76,6;2,5;62,7;3,3;76,6;193;2,72;153;51;52;130
2011;60428;Kornberg bei Riegersburg;1159;13,4;19,1;0,9;75,9;2,7;58;3,7;79,8;376;3,08;338;97;99;312
2011;60429;Krusdorf;398;16,3;19,1;1,5;80,2;0,9;59,8;2,4;71,7;117;3,33;107;47;48;102
2011;60430;Leitersdorf im Raabtal;658;13,7;14,9;2,1;75,7;3,3;65,5;6,5;87,9;252;2,61;201;41;43;164
2011;60431;Lödersdorf;704;11,9;19,5;3,7;74,3;3,9;58,7;3,9;80,9;244;2,89;213;63;64;179
2011;60432;Maierdorf;532;11,5;23,5;1,1;75,1;3,6;56,1;1,9;78,1;165;3,22;156;48;48;93
2011;60433;Merkendorf;1153;12,7;18,6;3;74,5;4,8;64,5;3,9;85,1;452;2,55;340;81;91;173
2011;60434;Mitterlabill;415;12;20,5;1,4;75,4;2,2;56,2;1,6;71,6;132;3,14;122;50;51;107
2011;60435;Mühldorf bei Feldbach;3075;14,2;17,7;2,9;71,9;4;61,9;6,7;84,8;1212;2,52;922;207;244;1060
2011;60436;Oberdorf am Hochegg;722;11,2;19,4;1,8;73,7;1,8;59,3;1,7;75,3;253;2,85;218;78;80;143
2011;60437;Oberstorcha;631;15,4;16,5;1,7;70,7;4,3;55,8;3,2;80,6;211;2,99;183;42;43;83
2011;60438;Paldau;2080;13,7;18,8;1,8;74,9;4,2;60,7;3,1;75,6;731;2,81;596;183;196;581
2011;60439;Perlsdorf;352;14,5;19,3;0;75,5;1,1;55,1;6,3;69,9;107;3,29;104;46;46;80
2011;60440;Pertlstein;801;13,2;23,8;3,1;73,4;1,8;58,1;4,7;84,6;270;2,68;218;47;52;95
2011;60441;Petersdorf II;866;15,9;15,7;4;77,9;1,9;63,5;4,5;78,4;284;3,05;252;84;86;144
2011;60442;Pirching am Traubenberg;1623;18,5;13,6;2,8;78,2;2,1;63,3;5,4;84,1;555;2,92;460;96;97;285
2011;60443;Poppendorf;700;14,9;15,9;1;78,6;1,5;59,7;4,2;75,7;209;3,35;197;67;68;146
2011;60444;Raabau;598;16,1;18,2;2;71,8;3;63,1;9;86,3;200;2,99;183;43;46;113
2011;60445;Raning;812;16,5;16,5;1;78,9;2,2;61,4;2,4;78,8;228;3,56;231;80;81;149
2011;60447;Riegersburg;2389;13,9;18,8;2,6;76,5;2;55,2;5,5;70,5;837;2,81;708;231;242;712
2011;60448;Sankt Anna am Aigen;1758;11,8;19,3;1,6;77,8;2,4;55,8;4,2;73,3;587;2,96;508;164;180;475
2011;60449;Sankt Stefan im Rosental;3781;15,3;17,7;2;77,3;3;56,4;4,2;64,3;1239;3,04;1058;354;384;1337
2011;60450;Schwarzau im Schwarzautal;641;14,4;15,3;1,2;76,1;5,1;58,8;4,9;74,9;197;3,25;180;62;65;317
2011;60451;Stainz bei Straden;987;13,9;18,2;2;70,9;3,4;62,7;5,6;79,1;342;2,89;291;98;101;191
2011;60452;Studenzen;695;18;14,7;1,4;74,1;3,3;65,4;4;74;254;2,74;210;66;67;414
2011;60453;Trautmannsdorf in Oststeiermark;860;14,8;17,1;1,7;74,7;3,7;61,3;6,5;83,5;311;2,77;255;60;63;163
2011;60454;Unterauersbach;450;12,4;17,8;1,1;77,4;2;55,3;2,3;67,2;134;3,36;131;53;55;148
2011;60455;Unterlamm;1261;12,7;18,2;1,8;74,9;5,7;52,9;4,1;78,3;452;2,75;364;102;108;250
2011;60456;Zerlach;1714;13,2;19,3;1,3;77,2;3,1;59;3,5;76,8;558;3,01;491;148;151;343
2011;60501;Altenmarkt bei Fürstenfeld;1153;14,3;19,2;1,6;72,1;3,6;64,3;8,2;84,2;454;2,54;347;81;89;229
2011;60502;Bad Blumau;1615;17,4;15,5;3,4;74,9;5;65,2;4,8;69,5;553;2,84;446;160;170;714
2011;60503;Burgau;992;11,7;24,4;3;69,1;6;62,4;6,8;71,7;442;2,24;288;78;89;333
2011;60504;Fürstenfeld;5986;13,2;21;7,6;68,5;6,7;59,1;11,2;49,8;2880;2,03;1681;501;694;5980
2011;60505;Großsteinbach;1329;16,3;15,2;2,6;74,9;3,9;63,3;5,8;75,8;470;2,83;391;105;112;340
2011;60506;Großwilfersdorf;1384;13,2;20,4;6,2;75,3;4,1;60,6;7,1;65,8;535;2,59;409;131;144;890
2011;60507;Hainersdorf;656;15,5;17,2;2,4;72,3;4,1;60,8;7,8;76;248;2,65;177;73;75;137
2011;60508;Ilz;2570;14,2;17,1;3,9;73,1;4,2;62,6;7;71,1;1013;2,54;743;223;258;1553
2011;60509;Loipersdorf bei Fürstenfeld;1383;12,9;19,1;3,9;73,4;3,5;64,5;4,8;70,5;558;2,48;419;136;148;794
2011;60510;Nestelbach im Ilztal;1108;15,3;16,4;1,2;80,2;1,9;63,3;5,2;78,7;393;2,82;340;112;116;300
2011;60511;Ottendorf an der Rittschein;1504;14,8;16;2;76,6;3,5;61,2;3,3;82,7;513;2,93;434;103;106;237
2011;60512;Söchau;1446;12;23,2;3,3;71,5;5;57,4;5,4;79;528;2,56;409;113;122;376
2011;60513;Stein;487;11,5;14;1,4;69,7;5,5;60,1;3,9;84,7;176;2,77;149;37;39;80
2011;60514;Übersbach;1164;12,2;18,5;2,6;75,2;3,6;59,1;8,9;81,5;483;2,41;346;85;94;242
2011;60601;Attendorf;1789;14,8;18,6;3,2;72,5;3,6;65,9;12,7;87,5;672;2,64;542;123;128;212
2011;60602;Brodingberg;1244;15;16,8;1,6;75,8;2,1;62,7;8,4;77;452;2,72;358;135;140;314
2011;60603;Deutschfeistritz;3892;14,9;18;7,1;72,5;4,8;64,2;7,9;80,3;1586;2,39;1109;210;239;914
2011;60604;Dobl;1750;17,9;12,9;5,7;73,8;3,2;67,6;10,4;81;655;2,62;496;164;182;870
2011;60605;Edelsgrub;699;18,3;15,7;1,3;77,9;2,4;59,9;9,6;82,7;244;2,86;198;62;64;127
2011;60606;Eggersdorf bei Graz;2092;16,2;15,2;5,7;74,7;2,7;62,5;14;78,5;807;2,57;613;161;184;775
2011;60607;Eisbach;2993;15,6;17;3,3;74,2;2,6;63,2;12,7;78,2;1105;2,67;857;230;240;974
2011;60608;Feldkirchen bei Graz;5516;14,5;16,6;10,3;72,8;5,9;65,8;8,1;83,8;2320;2,33;1595;379;463;3701
2011;60609;Fernitz;3169;14,5;15,7;3,1;74,5;3,8;66,9;9,3;84,7;1198;2,61;947;204;222;682
2011;60610;Frohnleiten;6023;11,7;22,8;5,4;73,3;2,7;65,9;7,8;50,3;2719;2,18;1728;429;501;3153
2011;60611;Gössendorf;3697;14,4;17;5,8;76,3;4,2;66,2;9,6;85,2;1467;2,47;1117;239;264;1733
2011;60612;Grambach;1642;16,9;16,2;4,6;74;3;62,2;16,4;84,6;605;2,71;501;162;173;1278
2011;60613;Gratkorn;7538;14,6;18,3;6,2;73,5;4,8;67;8,5;73,3;3323;2,21;2161;420;476;4804
2011;60614;Gratwein;3681;14,1;15,6;6,4;72,2;5,2;66,9;10,4;85,9;1596;2,28;1069;191;227;1081
2011;60615;Großstübing;337;12,8;19;0,9;77;1,6;57,8;3,7;73,6;122;2,76;97;38;40;70
2011;60616;Gschnaidt;350;13,1;21,1;0,6;77,4;1,6;58,2;3;69,4;109;3,21;91;52;54;76
2011;60617;Hart bei Graz;4453;14,5;17;4,7;72,7;2,8;60,9;20,5;83,4;1744;2,55;1341;346;376;2803
2011;60618;Haselsdorf-Tobelbad;1349;14,2;15,8;3,3;72,1;3,9;69,2;11,7;78,7;532;2,54;425;82;88;630
2011;60619;Hausmannstätten;2855;15,4;17,8;3,9;74,7;2,7;63,5;15,1;83,8;1128;2,52;855;225;258;1189
2011;60620;Hitzendorf;3646;15,8;16,6;2,5;77,2;2,5;66,8;9,3;81,7;1348;2,68;1075;267;291;711
2011;60621;Höf-Präbach;1435;15,7;14,7;4,8;70,2;3,5;63,4;11,2;85,7;532;2,7;435;95;98;163
2011;60622;Judendorf-Straßengel;5678;15,4;17,3;4,1;73,5;3,7;65,5;14,9;86,9;2317;2,42;1690;277;302;1089
2011;60623;Kainbach bei Graz;2628;12;19,3;3;55,5;4,1;54,3;15,4;81,4;794;2,64;622;180;194;1376
2011;60624;Kalsdorf bei Graz;5839;14,2;15,2;9,6;74,2;5,2;65,1;6,8;79,9;2430;2,36;1692;349;441;4951
2011;60625;Krumegg;1445;14;14,7;2,4;75,6;2,5;63,6;7,5;84,1;496;2,91;431;113;116;197
2011;60626;Kumberg;3594;16,8;15,2;2,5;76,4;2,6;63;15,4;77,8;1331;2,7;1068;320;334;768
2011;60627;Langegg bei Graz;839;15,1;16,6;1,7;74;2,7;64,2;8,3;86,9;307;2,73;255;61;61;107
2011;60628;Laßnitzhöhe;2681;13,4;19,9;4,8;73,2;3,9;64;14,9;81,7;1084;2,38;743;201;221;1065
2011;60629;Lieboch;4691;13,9;17,7;4,9;75;3,4;68;10,8;82,1;1932;2,37;1399;305;350;2223
2011;60630;Mellach;1199;14,2;14,5;2,8;77,7;3,3;69,2;6,6;83,9;467;2,57;365;80;85;291
2011;60631;Nestelbach bei Graz;1085;12,9;16,7;3,3;73,6;3,1;62,8;10,4;79;412;2,55;317;106;117;359
2011;60632;Peggau;2128;14,6;16,4;9,7;70;5,3;67,4;6,8;79,8;943;2,21;600;97;121;1147
2011;60633;Pirka;3173;15;13,9;6,4;74,5;4,4;67,9;9,3;89,6;1269;2,49;928;184;199;798
2011;60634;Hart-Purgstall;1621;13,6;15,9;2,2;75,6;2,8;67;10,1;84,7;577;2,81;489;124;126;242
2011;60635;Raaba;2186;15,6;16,5;6,8;75,4;4,5;65,4;13,1;77,5;889;2,45;657;224;260;3199
2011;60636;Röthelstein;218;17;15,1;3,2;75,7;4,2;69,6;3,3;82;83;2,63;62;18;21;129
2011;60637;Rohrbach-Steinberg;1432;14,4;17;1,4;76,2;2,3;68,3;9,2;84,9;568;2,52;434;106;113;234
2011;60639;Sankt Bartholomä;1372;13,6;19,4;2,6;74,2;3,6;64,8;7,1;82,4;526;2,61;409;106;113;316
2011;60640;Sankt Marein bei Graz;1246;13,3;16,4;2,1;73,9;4,4;63;9,5;82;466;2,67;380;101;111;297
2011;60641;Sankt Oswald bei Plankenwarth;1168;13,4;18,1;1,9;77,4;3,7;64,8;10,3;84,9;458;2,52;354;86;96;181
2011;60642;Sankt Radegund bei Graz;2046;14,1;19,4;2,5;71,9;4,7;61,2;14,9;77,9;788;2,56;580;165;177;661
2011;60643;Schrems bei Frohnleiten;596;17,4;15,4;3,4;81,3;3,2;66,1;5,1;83,3;231;2,58;161;53;53;122
2011;60644;Seiersberg;7338;15,4;15,4;8,7;73,9;4,4;64,2;13,8;85,3;3065;2,37;2094;541;772;4809
2011;60645;Semriach;3256;16,2;18,9;6,4;73,4;3;64,8;7,9;68,7;1107;2,88;897;301;323;923
2011;60646;Stattegg;2740;15,5;18,4;4,7;72,8;3,7;60,3;23,4;85,5;1110;2,47;815;192;206;390
2011;60647;Stiwoll;715;15,5;18,6;1;74,5;3;65,2;6;82,3;229;3,12;209;61;64;95
2011;60648;Thal;2235;16,2;16,1;5,7;72,2;3,5;63,6;15,7;86,6;860;2,59;651;127;137;343
2011;60649;Tulwitz;516;17,6;17,8;0,4;78,4;0,7;66,4;3,1;66,5;141;3,66;144;73;74;129
2011;60650;Tyrnau;152;18,4;15,1;1,3;80,2;1,2;71,8;0,8;70;49;3,1;40;21;21;45
2011;60651;Übelbach;1948;10,9;20,3;2,7;72,6;3;65,2;4,8;68;825;2,36;574;160;177;848
2011;60652;Unterpremstätten;3630;12,9;19,6;6;72,2;3,7;64,2;9,4;77,4;1406;2,46;1030;306;376;3914
2011;60653;Vasoldsberg;4220;14,9;15,9;3,3;73,7;2,6;63,9;10,3;81,5;1560;2,7;1282;298;319;801
2011;60654;Weinitzen;2527;14,6;19,1;3,6;73,6;2,8;63;16,3;83,5;948;2,67;758;191;206;653
2011;60655;Werndorf;2189;14,9;15,1;6,6;77,9;3,8;71,5;5,8;85;922;2,37;676;116;152;1663
2011;60656;Wundschuh;1515;14,9;16,3;3,7;75,4;3;66,8;7,2;78,9;586;2,59;449;128;140;644
2011;60657;Zettling;1530;15,9;11,8;5,8;75,3;3,8;67,9;6,5;83,7;582;2,63;447;124;135;712
2011;60658;Zwaring-Pöls;1534;16,4;14,6;3,3;75,7;2,6;66,6;7;82,9;556;2,76;445;121;126;298
2011;60701;Blaindorf;667;15,1;16,9;2,1;77,3;4,2;61;3;78,5;224;2,98;198;64;65;151
2011;60702;Buch-Geiseldorf;1026;14,7;15,9;0,6;75,6;3,4;65,3;4,7;81,8;333;3,08;307;82;85;296
2011;60703;Dechantskirchen;1612;13;18,8;1,1;74,6;2,5;61,7;4,1;74,3;567;2,84;470;130;140;338
2011;60704;Dienersdorf;698;14,8;13,2;5;75,5;3,5;65,7;3,9;87,1;243;2,87;201;52;54;87
2011;60705;Ebersdorf;1229;15,7;14,2;2,3;74;2,8;63,5;4,2;75,4;406;3,03;370;119;126;310
2011;60706;Friedberg;2580;13,2;19,3;1,2;71,7;4,2;65,2;5,7;71,8;992;2,57;733;194;224;736
2011;60707;Grafendorf bei Hartberg;2528;14,5;15,3;2,6;74,1;4,1;65,5;5,9;68,4;884;2,86;734;228;247;1055
2011;60708;Greinbach;1768;14,1;15,4;1,9;75,2;3,9;66,3;4,2;77,3;613;2,87;508;172;186;552
2011;60709;Großhart;626;16,3;14,4;0,8;78,8;2,8;66,6;2,3;73,3;194;3,23;184;58;61;139
2011;60710;Hartberg;6529;13,9;19,1;7,1;70,1;6,2;60,6;11,6;51,9;2821;2,26;1804;636;831;6420
2011;60711;Hartberg Umgebung;2141;16,7;16;5,7;72,4;3,9;64,9;7,2;75,8;651;3,16;608;201;209;809
2011;60712;Hartl;819;14,8;14,7;0,9;75,8;4,1;59,7;2,6;74,1;245;3,34;230;99;100;388
2011;60713;Hofkirchen bei Hartberg;629;16,7;11,4;0,2;74,3;3,7;69,7;2,7;78,3;201;3,08;183;63;64;142
2011;60714;Kaibing;371;11,6;20,5;2,4;73,4;1,6;59,8;5,5;79,1;144;2,58;104;37;41;74
2011;60715;Kaindorf;1480;14,5;15,7;5,3;75;4,7;62,7;6,5;61,4;553;2,68;411;175;193;1177
2011;60716;Eichberg;1220;14,5;19,8;1;74,8;2,7;60,3;5,3;77;402;3,03;353;96;100;259
2011;60717;Lafnitz;1409;16,2;18,7;5,8;70,5;4,8;61,9;5,3;70,8;544;2,52;397;111;122;682
2011;60718;Limbach bei Neudau;330;15,2;17;0,9;75,4;5;66,1;4,3;79,2;120;2,75;100;32;32;76
2011;60719;Mönichwald;898;14,7;16;1,4;71,7;4,8;63,8;5,1;66,2;296;3,03;250;87;94;219
2011;60720;Neudau;1220;14,9;19,8;13,6;63,3;10,7;54,4;4;60;516;2,28;331;58;74;656
2011;60721;Pinggau;3096;15,2;17,2;2;74,5;3,1;64,9;5,4;71,4;1153;2,66;872;226;256;1110
2011;60722;Pöllau;2071;12,7;19,8;1,7;72,1;4,7;63,2;10,3;65,3;863;2,37;602;169;209;1224
2011;60723;Pöllauberg;2103;12,9;18;1,5;75,4;3,1;59,8;4,5;77,1;658;3,2;618;173;177;413
2011;60724;Puchegg;559;15,4;15,2;0,9;76,3;1,6;68,7;2,1;73,7;153;3,65;157;53;54;101
2011;60725;Rabenwald;615;14;15,4;0,8;75,1;3,2;63,1;3,4;77,5;175;3,51;181;57;58;108
2011;60726;Riegersberg;996;12,8;18,6;0,8;75,7;2;64,8;3,2;74,5;300;3,32;299;105;106;199
2011;60727;Rohr bei Hartberg;1084;12,1;18;3,7;72,8;6,5;63,5;3,4;85,2;420;2,58;327;83;90;191
2011;60728;Rohrbach an der Lafnitz;1061;13,3;17,2;3,2;70,9;7,1;64;4,6;76;401;2,64;310;67;84;525
2011;60729;Saifen-Boden;1045;13,6;16,1;0,4;78,1;3,7;58,6;2,3;70,1;316;3,31;301;115;119;334
2011;60730;Sankt Jakob im Walde;1067;12,6;17,7;2,4;78,6;1,5;68,2;2,4;68,5;339;3,12;301;107;113;250
2011;60731;Sankt Johann bei Herberstein;373;16,1;17,7;4,8;70;7,7;63,6;7;79,1;145;2,57;109;27;29;106
2011;60732;Sankt Johann in der Haide;1996;15,6;15,4;4,7;71,5;5,2;66;3,9;79,4;766;2,5;553;171;191;894
2011;60733;Sankt Lorenzen am Wechsel;1573;14,4;17,7;0,8;71,1;4,1;63,8;2,7;75,4;521;3,02;449;121;127;254
2011;60734;Sankt Magdalena am Lemberg;1135;14,2;17,2;1,1;73,2;4;62,6;4;83;388;2,93;346;92;94;182
2011;60735;Schachen bei Vorau;1187;13,6;14,6;0,7;74,6;4;68,6;4,1;78;352;3,37;353;110;113;192
2011;60736;Schäffern;1459;14,9;16;6;70,7;1,7;63,2;4,4;72,9;435;3,19;377;136;142;283
2011;60737;Schlag bei Thalberg;932;13,4;18,2;2,3;71,3;4,1;61,2;3,8;83,4;353;2,64;267;66;70;297
2011;60738;Schönegg bei Pöllau;1367;15,3;15,8;2;78,2;2,1;63;2,8;75,8;398;3,43;393;154;157;373
2011;60739;Sebersdorf;1415;14,1;15,7;1,7;75,7;4;61,5;3,6;77;510;2,77;416;114;121;591
2011;60740;Siegersdorf bei Herberstein;296;15,2;14,2;1;75,1;2,5;59;4,4;81;83;3,57;82;30;30;43
2011;60741;Sonnhofen;1036;15,5;16,3;1,1;77,6;2,5;61,6;3,5;74,1;271;3,82;300;99;101;234
2011;60742;Stambach;632;16,9;15,3;0,9;77,6;3,4;63,6;4;73,2;166;3,81;172;70;72;123
2011;60743;Stubenberg;2316;12,5;19,7;2,5;72,7;4,4;58,6;6,6;62,1;808;2,77;644;243;267;856
2011;60744;Tiefenbach bei Kaindorf;688;12,6;14,7;1,9;73,4;4,4;64,7;3,5;74,6;253;2,72;199;59;61;198
2011;60745;Vorau;1362;13,2;22,9;2,1;73,2;2,3;63,1;8,5;58,1;510;2,53;372;122;149;1057
2011;60746;Vornholz;716;14,2;14,7;0,4;73,1;2,6;59,9;3,1;73;217;3,3;215;75;75;155
2011;60747;Waldbach;723;14,5;21,7;1,8;75,1;4;63,3;5,5;65,3;255;2,84;207;69;74;239
2011;60748;Bad Waltersdorf;2175;15,1;16;3,9;72,9;4,8;62,6;6;64,4;806;2,7;627;214;241;1252
2011;60749;Wenigzell;1416;14,6;16,6;1,3;77,5;2;61,9;6,8;58;429;3,3;402;161;173;487
2011;60750;Wörth an der Lafnitz;369;13,3;20,9;5,1;67,5;7,3;56,6;4,1;80,1;152;2,43;106;26;26;54
2011;60801;Amering;1069;14,6;21;0,6;72,4;2,8;64,4;4,7;71,6;335;3,04;289;108;113;255
2011;60802;Bretstein;310;11,9;17,7;0,6;72;3;66,3;4,4;69;113;2,74;87;37;37;70
2011;60803;Eppenstein;1237;15,7;18,3;1,1;72;2,1;67,2;3,8;70,3;420;2,95;364;128;133;427
2011;60804;Fohnsdorf;7930;12,3;25,1;4,4;65,8;6,4;66,2;5,8;66,1;3568;2,2;2299;493;606;3477
2011;60805;Hohentauern;456;12,7;24,1;1,3;70,5;3,7;72,1;5,5;65,5;209;2,18;134;53;59;101
2011;60806;Judenburg;9312;12;24;6,3;66,4;7,6;63,8;7,4;52,1;4642;1,95;2558;526;691;6260
2011;60807;Sankt Wolfgang-Kienberg;371;14,3;21;3,2;74,2;2,6;66;6;78,5;129;2,88;91;42;42;60
2011;60808;Sankt Anna am Lavantegg;417;12,5;20,6;3,1;74,6;3,2;59,5;2,5;72,9;133;3,14;117;49;51;84
2011;60809;Maria Buch-Feistritz;2288;16;15,7;1,4;75;2,5;69,9;7,5;82;811;2,82;674;165;174;548
2011;60810;Obdach;2108;17;14,7;4,3;73,8;3,1;65;6,8;58,1;798;2,64;581;149;171;978
2011;60811;Oberkurzheim;711;14,6;16,9;1,8;74,1;4,7;69,7;8,6;78,4;274;2,59;214;55;59;123
2011;60812;Oberweg;576;9,9;21,9;2,1;67,7;4,9;69,4;9,8;89,5;252;2,29;171;37;39;118
2011;60813;Oberzeiring;849;10,6;24,1;4,7;72,9;3,5;65,1;4,9;62,4;337;2,37;222;74;84;293
2011;60814;Pöls;2413;12;28,1;2,6;69,7;5,4;64,5;4,2;57,7;1094;2,17;708;125;153;975
2011;60815;Pusterwald;474;11,6;21,9;2,1;72,1;1,3;68,3;3,6;72,6;171;2,77;134;50;52;84
2011;60816;Reifling;382;13,1;18,1;1,3;80,6;2,7;69,3;6,9;83;150;2,55;114;35;36;45
2011;60817;Reisstraße;172;13,4;20,9;1,7;77;4,3;61,7;4,7;71,1;72;2,39;47;21;23;41
2011;60818;Sankt Georgen ob Judenburg;883;13,9;19,6;2;73,6;3,1;68,6;3,8;73,9;343;2,51;238;73;76;203
2011;60819;Sankt Johann am Tauern;484;13,4;25,8;3,3;68,7;4,1;61,6;4,5;61,5;191;2,45;125;55;58;108
2011;60820;Sankt Oswald-Möderbrugg;1175;13,6;23,2;1,9;75,9;3;65,2;4;53,6;459;2,53;322;116;127;468
2011;60821;Sankt Peter ob Judenburg;1115;13,5;20,9;1,7;75;3,3;73,9;6,8;76,8;451;2,47;337;88;94;261
2011;60822;Unzmarkt-Frauenburg;1373;12,5;25,1;2,5;68,8;2,4;66,6;3,7;74,1;555;2,36;394;78;89;258
2011;60823;Weißkirchen in Steiermark;1307;13,8;21,7;2,9;72,4;4,4;64,9;8,6;75,4;554;2,32;380;85;98;535
2011;60824;Zeltweg;7176;12,7;21,8;7,9;66;7,1;64,2;4,8;66,2;3468;2,06;2136;301;393;4765
2011;60901;Apfelberg;1133;13,8;18,7;4,7;66,7;3,5;69,8;6,9;87,4;512;2,21;345;54;59;217
2011;60902;Feistritz bei Knittelfeld;771;19,3;13,5;2,6;76,3;2,9;67,8;11,1;83;295;2,61;238;52;55;113
2011;60903;Flatschach;207;15;15;0,5;68,3;3,8;65,9;3,4;77,8;71;2,92;59;17;18;31
2011;60904;Gaal;1444;14,6;19,3;4,1;72,3;1,3;66,7;5,4;65;489;2,93;430;145;150;292
2011;60905;Großlobming;1178;15,8;17,7;3,7;73,4;3,3;64,8;9,6;86,9;455;2,5;347;51;55;207
2011;60906;Kleinlobming;643;13,1;21,3;3,4;75,8;3,8;59,2;3,9;62,3;241;2,66;187;70;73;228
2011;60907;Knittelfeld;11553;13;22,7;12,1;63,7;7,6;62,4;5,7;55,1;5714;1,98;3119;567;748;6337
2011;60908;Kobenz;1845;15,6;18,4;3;72,6;3,1;66,7;9,6;77;675;2,68;540;143;156;610
2011;60909;Rachau;607;13,7;14,3;4,6;77,6;1,1;69,7;5;71,7;215;2,82;171;65;66;172
2011;60910;Sankt Lorenzen bei Knittelfeld;789;13,3;20,3;2,9;73,5;4,4;66,7;6;73,2;316;2,5;235;72;83;246
2011;60911;Sankt Marein bei Knittelfeld;1220;16,7;18,3;5,7;70,1;2,4;66,3;8,8;72,1;410;2,84;342;112;127;301
2011;60912;Sankt Margarethen bei Knittelfeld;1338;14,3;20,9;3,2;70;4,2;68,8;6,5;84,7;513;2,61;414;65;73;190
2011;60913;Seckau;1267;14,2;19,7;2,7;74,6;2,5;62,6;12,1;69,9;464;2,71;359;103;109;306
2011;60914;Spielberg;5101;14,6;17,2;3,2;71,5;4,4;68,9;7;79,2;2290;2,22;1557;296;339;2005
2011;61001;Allerheiligen bei Wildon;1434;13,2;18,8;2,6;73,7;3,9;61,7;8,2;78,4;529;2,64;416;119;124;323
2011;61002;Arnfels;1076;16;19,6;5,3;68,8;5,7;57,3;7,9;71,4;377;2,65;289;81;107;472
2011;61003;Berghausen;648;16;15,9;3,2;71,4;4,5;62,5;4;83;248;2,61;193;51;53;146
2011;61004;Breitenfeld am Tannenriegel;201;9;16,9;2,5;81,9;2,4;60,7;3,3;84,6;62;3,24;61;19;19;30
2011;61005;Ehrenhausen;1050;12,6;17,5;4,3;66,9;9;61;5,4;84,2;479;2,19;312;67;81;235
2011;61006;Eichberg-Trautenburg;796;14,1;17,8;2,3;68,1;5,3;54,2;4,2;68,1;273;2,92;218;103;106;172
2011;61007;Empersdorf;1327;14,7;14,8;2;76,8;3,1;65,2;5,5;83,7;483;2,75;399;89;93;367
2011;61008;Gabersdorf;1100;15,8;16,5;2,9;75,7;3,7;66,5;3,9;73,4;397;2,77;325;111;118;693
2011;61009;Gamlitz;3112;14,8;16,8;2,5;73;4;58,7;4;65,8;1119;2,74;911;313;341;1012
2011;61010;Glanz an der Weinstraße;1405;15,9;19,1;2,9;71,7;2,6;58,6;4;65,7;441;3,11;377;171;176;385
2011;61011;Gleinstätten;1471;16,3;15,8;3,2;73,9;4,9;58,7;8;70,8;557;2,64;419;110;129;801
2011;61012;Gralla;2023;15,6;12,9;4,8;72,2;6,2;67,9;4;86,4;805;2,46;583;114;161;1046
2011;61013;Großklein;2262;14,3;16,4;2,5;72,9;3,9;63,1;4,2;72,3;810;2,76;648;206;221;594
2011;61014;Hainsdorf im Schwarzautal;286;14,7;19,2;0,7;76,7;1,3;62,7;2;64,4;83;3,34;78;35;35;96
2011;61015;Heiligenkreuz am Waasen;1863;14,8;16,3;4,1;76,8;3,9;61,2;7,3;78,2;685;2,67;546;138;157;595
2011;61016;Heimschuh;1959;15,4;16,3;1,3;72,3;4,3;63,4;5,3;78,2;737;2,66;602;148;158;405
2011;61017;Hengsberg;1390;15,6;15,5;2,7;77,3;3;62,5;6,6;81,5;495;2,81;413;136;143;283
2011;61018;Kaindorf an der Sulm;2532;12;17,7;5,8;70;7,4;61,4;7;82,5;1113;2,26;743;172;190;1284
2011;61019;Kitzeck im Sausal;1208;12,3;19,1;3,6;69,1;3,5;61,6;6,3;75,9;480;2,52;353;122;129;269
2011;61020;Lang;1217;14,9;15,5;3,1;76,2;4,8;64,7;7,3;77,2;484;2,51;360;124;133;430
2011;61021;Lebring-Sankt Margarethen;2003;12,9;17,2;5;74,2;4,3;66,4;7,3;77;797;2,49;608;162;184;1463
2011;61022;Leibnitz;7862;14;17,6;9;69,5;7,5;61,6;9,9;67,6;3664;2,14;2251;714;912;5862
2011;61023;Leutschach;547;15,9;16,8;2,6;78,3;2,7;59,8;7,4;73,4;238;2,3;149;59;74;275
2011;61024;Oberhaag;2266;14,4;17,8;2,3;70,2;3,6;58,1;3,6;74,6;811;2,75;631;176;185;469
2011;61025;Obervogau;879;16,2;15,7;5,2;72;3,6;64;2,8;91,4;334;2,63;270;41;43;115
2011;61026;Pistorf;1410;12,8;15,5;3,8;71,9;6,5;59,3;4,6;74,8;538;2,62;417;111;123;459
2011;61027;Ragnitz;1456;12,3;15,7;2,3;71,3;5,1;62,8;4,7;75,2;516;2,81;424;122;131;469
2011;61028;Ratsch an der Weinstraße;448;16,7;17;5,1;71,4;3,5;57,4;7,5;64,7;162;2,77;125;59;63;136
2011;61029;Retznei;425;16,7;13,4;2,1;65;8,4;64,1;2,5;84,5;186;2,28;129;12;20;143
2011;61030;Sankt Andrä-Höch;1753;12,8;18,8;2,7;68,9;4,8;58,8;4,1;78,8;617;2,76;482;142;156;330
2011;61031;Sankt Georgen an der Stiefing;1099;14,8;17,4;3;73,6;3,5;63,1;9,6;75,2;441;2,49;323;101;111;299
2011;61032;Sankt Johann im Saggautal;2071;13,7;16,9;1,6;71,7;4,5;59,1;4,2;75,9;701;2,93;588;175;187;483
2011;61033;Sankt Nikolai im Sausal;2217;13,5;18,8;2,1;72,5;4,6;62,6;5,8;74,7;794;2,71;621;189;200;589
2011;61034;Sankt Nikolai ob Draßling;1064;13;17,9;6,3;72,4;5;59,4;4,3;66,8;367;2,9;312;121;127;352
2011;61035;Sankt Ulrich am Waasen;769;14,4;14,7;3,4;74,1;3,3;62,2;7,8;81,6;293;2,62;224;70;73;172
2011;61036;Sankt Veit am Vogau;1891;15;17,7;2,3;74,3;4,2;60,8;3,6;69,8;658;2,84;556;184;193;739
2011;61037;Schloßberg;1070;13,8;17;2;74,9;3,3;56,6;2,8;71,6;369;2,9;292;117;123;262
2011;61038;Seggauberg;979;12,4;19,8;3,9;71,8;3,4;56,4;11,2;78,6;379;2,58;293;84;89;248
2011;61039;Spielfeld;960;13,9;17,6;6,4;70,1;5,1;60,9;4,1;78,9;376;2,55;291;82;98;383
2011;61040;Stocking;1462;15,3;17,2;2,5;73,8;4,1;62,6;7,7;83,9;529;2,76;445;103;105;320
2011;61041;Straß in Steiermark;1747;14,5;18,1;8,9;69,3;6,9;64,6;5,3;74;727;2,36;515;99;119;1238
2011;61042;Sulztal an der Weinstraße;131;9,9;15,3;1,5;74,5;1,4;61;11;57,1;48;2,73;35;31;32;55
2011;61043;Tillmitsch;3168;13;13,3;3,3;71,9;5,6;64,6;4,6;83,9;1153;2,67;935;191;204;877
2011;61044;Vogau;1121;14,3;15;6,5;71,8;4,9;64,6;5,7;85,6;436;2,57;324;77;85;463
2011;61045;Wagna;5319;13,8;17,3;7,5;68,9;7,5;62,2;6,9;83,3;2298;2,29;1556;234;275;1750
2011;61046;Weitendorf;1522;14,8;16,6;3,5;71,8;4,5;67,8;3,9;83,7;596;2,55;445;120;139;401
2011;61047;Wildon;2532;14,5;18;7,9;71,1;6,2;62,5;10,1;82,4;1126;2,18;710;173;199;966
2011;61048;Wolfsberg im Schwarzautal;801;12,5;18,2;6;73,3;4,6;60,8;5,3;69;284;2,82;237;79;88;617
2011;61101;Eisenerz;4826;8;36,8;3,4;63,7;5,5;65,3;5,4;42,1;2490;1,9;1425;206;265;1451
2011;61102;Gai;1783;13,6;21,2;2;69;3,2;68,3;12,8;80,7;736;2,42;575;167;174;391
2011;61103;Hafning bei Trofaiach;1613;13,8;21,5;2,5;72,5;5,1;68,2;5,4;85;702;2,3;476;78;84;219
2011;61104;Hieflau;777;8,2;34,4;3,1;62,1;2,1;63,5;3,9;72,4;382;2,03;236;25;38;251
2011;61105;Kalwang;1081;13,9;22,5;3,5;74,1;2,4;68,3;4,5;53,3;501;2,16;314;58;70;587
2011;61106;Kammern im Liesingtal;1664;13,9;21,9;2,9;74,2;3,9;67,6;4,8;64,8;658;2,47;478;151;164;630
2011;61107;Kraubath an der Mur;1292;11,8;21,8;2,4;72;2,8;66,8;6,1;76,1;540;2,35;384;93;103;307
2011;61108;Leoben;24598;11,3;22,6;11,5;63,4;7,7;62,8;9,8;39,9;12378;1,92;6631;1178;1577;15998
2011;61109;Mautern in Steiermark;1832;11,8;25,1;2,4;71,1;4,2;64,5;3,8;59;781;2,2;501;110;130;657
2011;61110;Niklasdorf;2537;12,8;23,5;7,4;68,6;6;66,5;5,5;71,6;1274;1,97;754;147;180;1336
2011;61111;Proleb;1576;11;21,7;1,6;71;4,2;70,3;8,3;84,5;696;2,26;499;85;90;500
2011;61112;Radmer;656;8,8;29;0,6;67,2;4,4;65,6;3,3;78,5;293;2,24;208;31;35;92
2011;61113;Sankt Michael in Obersteiermark;3079;12,4;22,2;5,4;71,3;3,3;68,8;5;77,8;1449;2,09;916;147;186;1260
2011;61114;Sankt Peter-Freienstein;2418;13,5;25;3,7;70,3;6,2;68,1;5,1;81,6;1114;2,14;703;105;121;828
2011;61115;Sankt Stefan ob Leoben;1976;12,7;23,3;1,6;70;3,5;65,1;6,1;77,5;873;2,26;607;108;118;371
2011;61116;Traboch;1379;11,9;19,2;3,4;74,8;3,2;71,4;4,5;77,9;591;2,33;429;101;118;764
2011;61117;Trofaiach;7902;11,7;26;4,5;66,9;5,8;66,7;7,4;76,1;3946;1,97;2325;302;369;1832
2011;61118;Vordernberg;1063;7,6;30,7;3,8;63,9;7;65,9;3;76,5;571;1,81;312;55;72;260
2011;61119;Wald am Schoberpaß;637;12,4;25,1;5;73,6;3,2;64,5;3;70,8;290;2,16;181;51;60;575
2011;61201;Admont;2525;13,3;21;7,1;73,5;4;61,6;7,9;58,9;1195;2,08;731;158;194;1110
2011;61202;Aich;919;18,8;14;5,3;74,4;7,2;69,8;5,8;78,3;320;2,87;253;72;77;174
2011;61203;Aigen im Ennstal;2570;14,9;18,2;2,6;75,2;3,3;69;7,2;73;976;2,63;775;196;216;1004
2011;61204;Altaussee;1772;11,9;22,5;6,4;66,7;4,5;67,5;12,1;65,3;745;2,38;493;151;170;551
2011;61205;Altenmarkt bei Sankt Gallen;868;13,8;24;5,6;69,8;5,7;62,8;4,1;59,8;369;2,35;261;46;53;684
2011;61206;Ardning;1185;12,7;18,1;2,2;72,2;1,8;68,3;5,9;80,9;449;2,57;354;76;83;227
2011;61207;Bad Aussee;4879;12,1;25;11,8;69,8;4,2;66,9;10,3;42;2038;2,33;1337;365;457;2556
2011;61208;Donnersbach;1108;16;16,5;2,1;72,9;6,1;66,8;5,3;71;395;2,81;312;92;99;230
2011;61209;Donnersbachwald;326;13,2;19,9;1,5;67,4;8,4;66,8;4,2;66;141;2,31;89;36;42;76
2011;61210;Gaishorn am See;1020;11,7;21,1;5,2;72,3;2,7;66,8;6,7;78,5;411;2,48;315;59;65;345
2011;61211;Gams bei Hieflau;572;12,2;23,6;2,3;67;4,5;60,4;3;66,3;234;2,44;171;50;53;115
2011;61212;Gössenberg;274;19,7;14,6;3,3;78,3;7,6;68,2;2,3;72,7;79;3,47;70;37;37;54
2011;61213;Gröbming;2828;15,9;17,8;8,6;73,1;4,7;66,9;9;52,4;1205;2,31;778;220;283;1789
2011;61214;Großsölk;488;14,1;20,7;5,9;77,7;2,7;67,1;6,9;76,9;202;2,42;143;40;48;169
2011;61215;Grundlsee;1246;11,6;24,8;4,1;71,6;4;65,8;8,7;71,1;580;2,14;356;90;101;312
2011;61216;Hall;1754;13;22,1;2,2;73,1;2,9;67,7;8;80;687;2,49;543;103;116;380
2011;61217;Haus;2382;14,7;18,6;4,8;73,4;5,7;71,6;6;63,6;845;2,8;682;247;269;916
2011;61218;Irdning;2735;15,9;18,5;3,5;73,5;3,6;65,8;11;63,1;1113;2,43;781;194;225;1060
2011;61219;Johnsbach;143;14;28,7;4,9;74,4;3;57,7;13,8;55,6;57;2,35;39;22;23;63
2011;61220;Kleinsölk;586;16,4;18,1;2,6;76,6;2,6;66,9;2,7;75,3;219;2,68;161;55;57;125
2011;61221;Landl;1271;13,1;27;2,9;70;4,4;64,9;3,3;54,5;544;2,27;347;111;127;503
2011;61222;Lassing;1663;14,8;19,1;1,3;72;4,3;68,2;4,7;68,7;580;2,77;488;139;151;448
2011;61223;Liezen;6848;13,8;20,2;12,1;69,6;6,2;65,3;6,4;44,5;3232;2,1;1888;480;698;5971
2011;61224;Michaelerberg;540;17,4;16,7;3,9;71,3;3,4;67,9;4,5;78,3;197;2,74;147;52;54;252
2011;61225;Mitterberg;1171;17,2;15,8;5,2;75,7;3,4;69,3;7;80;430;2,72;343;98;103;221
2011;61226;Bad Mitterndorf;3088;13,1;21,3;12;70,5;4;69,5;6,9;50,6;1362;2,26;876;269;302;1099
2011;61227;Niederöblarn;593;18,5;13,3;3,4;74,5;0,7;69,6;8,7;73,1;204;2,91;172;51;55;211
2011;61228;Öblarn;1442;15,4;19,3;8;71,1;5,3;62,5;7,3;74,5;572;2,46;409;90;104;295
2011;61229;Oppenberg;240;14,6;19,2;1,3;71,1;2,5;63,4;6,3;63,2;90;2,67;68;31;32;68
2011;61230;Palfau;401;13,2;21,4;1,5;77,1;1,9;59,8;2,6;64;159;2,52;117;38;41;102
2011;61232;Pichl-Preunegg;940;17,1;16,5;5,7;72,9;8,3;70,6;3,6;60,2;322;2,92;272;116;128;421
2011;61233;Pichl-Kainisch;746;13,4;19,6;4,3;73;2,4;68,9;5,9;69,9;329;2,27;223;67;79;388
2011;61234;Pruggern;631;16,3;17,1;9,5;76,4;4,4;69,5;4;77,1;225;2,8;180;56;61;137
2011;61235;Pürgg-Trautenfels;924;12,6;24,5;7,6;72;3,6;63,5;6,3;68,3;343;2,59;252;88;96;299
2011;61236;Ramsau am Dachstein;2736;16,5;16,2;8,6;67,4;10,9;69,5;8,3;49,8;975;2,8;768;370;390;881
2011;61237;Rohrmoos-Untertal;1385;17,8;16,2;4;67,2;11,1;71,4;6,4;56,1;480;2,88;375;217;231;471
2011;61238;Rottenmann;5108;13,7;21,4;8,8;71,4;5;64,4;6,3;62,7;2365;2,15;1455;286;344;2077
2011;61239;Sankt Gallen;1415;13,5;24,9;2,9;73,3;3;64,1;5;56;608;2,33;404;104;123;586
2011;61240;Sankt Martin am Grimming;757;17,8;16,6;3,2;75,4;2,8;71,2;4,3;77,7;285;2,66;226;60;68;195
2011;61241;Sankt Nikolai im Sölktal;496;16,9;18,1;2,8;74,2;3,6;67,7;2,4;76,8;163;3,04;148;43;45;77
2011;61242;Schladming;4434;14,3;17,6;13,3;68,6;8,2;66,5;8,3;39,4;1971;2,18;1150;457;561;3428
2011;61243;Selzthal;1677;10,2;21,2;6;68,5;4,1;65,7;3,7;79,2;847;1,98;488;47;71;526
2011;61244;Stainach;1961;13,6;21,4;11,1;67,4;5,5;63,7;6,6;60,6;934;2,09;562;116;148;1382
2011;61245;Tauplitz;1004;12,7;21,6;7,5;71,5;6,4;68,5;7,2;69,6;435;2,3;292;98;112;237
2011;61246;Treglwang;367;13,1;21,3;4,6;68,9;4,5;67,4;5,6;77,6;157;2,34;107;26;32;78
2011;61247;Trieben;3428;10,8;26,3;6,2;68;4,7;63,1;3,6;47,2;1634;2,07;1001;146;182;1804
2011;61248;Weißenbach an der Enns;509;15,7;20,8;2,2;69,3;3,4;60,1;4,2;71,6;210;2,42;138;40;45;198
2011;61249;Weißenbach bei Liezen;1116;12,5;19,7;3,3;75;3,4;70,2;8,1;77,5;486;2,3;337;75;85;465
2011;61250;Weng im Gesäuse;609;14,6;18,2;2,5;78;4,2;71,2;5,2;82,9;251;2,43;187;36;44;110
2011;61251;Wildalpen;528;10,8;26,7;2,7;71,5;4,3;65,2;4,5;46,3;217;2,43;155;34;39;186
2011;61252;Wörschach;1159;16,4;18,7;4,5;73,1;4,2;67,4;7,4;77,8;500;2,32;353;78;81;255
2011;61301;Allerheiligen im Mürztal;1940;14,4;19,7;1,2;71,8;3,2;65,7;5,4;83,1;748;2,59;588;121;127;258
2011;61302;Altenberg an der Rax;334;13,5;18,3;1,5;66,2;3,1;70,2;5,9;75,2;129;2,59;95;30;31;47
2011;61303;Ganz;345;13,3;19,1;0,6;70,4;2,3;71,9;5,4;64,5;118;2,92;100;54;55;111
2011;61304;Kapellen;599;12,4;21,4;1,2;70;4;70,7;3,2;79,9;237;2,53;184;47;53;98
2011;61305;Kindberg;5499;11,5;25,5;4,1;70,4;4,9;63;6,9;53,6;2500;2,09;1594;316;375;3028
2011;61306;Krieglach;5163;13,3;21,2;2,2;71,1;4,3;66,8;7;63,7;2304;2,22;1532;325;378;1722
2011;61307;Langenwang;4006;13,5;21,1;3;71,5;3,6;67,1;6,1;73,1;1733;2,31;1208;284;308;1224
2011;61308;Mitterdorf im Mürztal;2431;10,9;23,7;3;68,7;5,1;66,9;5,8;73,2;1062;2,25;742;128;148;982
2011;61309;Mürzhofen;943;13,5;17;2,4;72;3,3;69,5;6,7;83;399;2,36;296;49;54;361
2011;61310;Mürzsteg;604;9,9;22,2;34,9;41,2;5,4;59,4;4,8;68;207;2,13;118;19;22;107
2011;61311;Mürzzuschlag;8693;12,3;25,4;8,9;62,9;7,1;64,2;6,3;49,5;4201;2,03;2507;378;506;4294
2011;61312;Neuberg an der Mürz;1308;10,6;27,4;6,3;64,9;4;66,6;5;69;618;2,12;379;100;110;320
2011;61313;Spital am Semmering;1608;10,7;26,1;5,2;68,4;4,2;68,9;5,3;74,3;723;2,17;470;126;146;413
2011;61314;Stanz im Mürztal;1910;12,6;18,8;1,1;75,7;2,2;63,4;3,6;76,3;721;2,65;559;163;168;314
2011;61315;Veitsch;2500;8,9;30,2;4,2;63,8;4,5;62,1;4,5;52,3;1157;2,13;754;113;129;769
2011;61316;Wartberg im Mürztal;2093;10,9;24,4;1,7;66,8;6,3;64,8;5,5;76,3;1007;2,08;640;106;121;612
2011;61401;Dürnstein in der Steiermark;284;11,6;19,4;5,3;75;3,2;66,5;3,6;76,9;119;2,39;76;23;23;120
2011;61403;Frojach-Katsch;1195;17;16,3;2,1;73,7;3,7;65,7;4,8;72,4;453;2,64;346;97;107;396
2011;61404;Krakaudorf;635;14,3;17;1,1;74,8;2,1;59,7;5,1;77,6;221;2,87;181;48;51;106
2011;61405;Krakauhintermühlen;553;14,3;15;1,6;73,7;6,4;61,4;4,6;68,3;169;3,27;151;57;57;110
2011;61406;Krakauschatten;316;17,7;13;3,8;68;5,6;63,8;6,9;75,2;113;2,8;86;31;32;60
2011;61407;Kulm am Zirbitz;329;12,8;19,8;0,3;70,7;2,4;71,8;5,2;67,5;109;3,02;91;34;36;63
2011;61408;Laßnitz bei Murau;1041;15;21,5;2,3;72,5;2,4;64;12,4;70,2;358;2,91;298;114;152;633
2011;61409;Mariahof;1337;15,7;18,5;1,8;69,7;3,8;65,4;7,2;77,1;494;2,7;381;97;103;212
2011;61410;Mühlen;938;12,8;21,2;1,7;68,8;4,6;66,4;5,4;69,2;335;2,8;275;78;84;191
2011;61411;Murau;2113;10,4;26;5,5;70,2;5,1;60,8;13,3;48,9;999;2,01;591;210;301;2044
2011;61412;Neumarkt in Steiermark;1779;13;22,9;4,3;70,6;5,1;67,8;8,3;61,5;775;2,23;491;166;212;876
2011;61413;Niederwölz;602;13,3;17,4;2,7;75,5;4,5;68;6,1;79;265;2,27;181;40;45;202
2011;61414;Oberwölz Stadt;986;14,4;19,3;2;70,8;4,1;65,3;7,5;65,2;386;2,43;273;75;88;353
2011;61415;Oberwölz Umgebung;792;13,4;19,2;1,8;71,9;4,3;62,4;3,1;67,8;254;3,12;227;107;110;205
2011;61416;Perchau am Sattel;303;12,9;14,5;2,3;74,1;2,9;73,5;6,4;74,4;106;2,86;86;32;36;55
2011;61417;Predlitz-Turrach;843;12,5;18;12,1;68,4;6,7;67,8;4,6;60,9;302;2,61;220;92;102;266
2011;61418;Ranten;1047;17;18,1;0,6;76,4;3,8;67;4,8;76,6;364;2,88;293;83;87;180
2011;61419;Rinegg;160;16,3;15;3,8;73,6;3,5;61,9;3,7;64,2;55;2,89;41;21;21;35
2011;61420;Sankt Blasen;566;12,7;18;2,5;76,8;3,5;65,2;3,8;73,8;198;2,86;163;62;65;128
2011;61421;Sankt Georgen ob Murau;1363;13,7;18;6;70,6;5,2;66,1;8,8;65,7;511;2,65;387;140;149;395
2011;61422;Sankt Lambrecht;1453;10;24,1;8,4;67,1;6,2;63,7;7,8;61;632;2,22;411;107;120;468
2011;61423;Sankt Lorenzen bei Scheifling;621;12,9;17,1;3,7;72,2;3,6;66,5;4,6;79,9;230;2,7;178;60;60;150
2011;61424;Sankt Marein bei Neumarkt;966;17,3;18,7;3,2;74,3;4,3;70,7;5,1;69,4;356;2,67;266;97;102;248
2011;61425;St. Peter am Kammersberg;2091;14,8;19;2;74,5;3,6;66,8;4,8;67,4;712;2,89;591;177;197;514
2011;61427;Scheifling;1538;15;19,7;3,8;71,1;4,1;63,9;6,9;66,3;653;2,36;449;105;134;892
2011;61428;Schöder;1013;14,1;21;1,8;74,4;4;67;7,4;76,6;353;2,87;292;74;85;167
2011;61429;Schönberg-Lachtal;442;17;16,5;4,1;73,1;8,1;59,7;4,1;64,2;145;3,05;116;73;77;127
2011;61430;Stadl an der Mur;1001;12,7;19,7;2,1;71,8;5,7;64,5;5,6;69,2;386;2,47;266;65;81;306
2011;61431;Stolzalpe;444;13,7;15,3;5,2;76,8;3,2;62,1;15,9;58,1;189;2,35;130;26;31;637
2011;61432;Teufenbach;707;13;21,8;7,5;70,7;2,9;62,6;7,2;61,2;279;2,3;189;47;56;604
2011;61433;Triebendorf;137;13,9;19,7;2,9;79,1;3,9;67,8;4,2;71,6;50;2,74;39;20;20;32
2011;61434;Winklern bei Oberwölz;895;15,2;21,5;1,7;69,7;2,8;60,3;4,2;70;267;3,35;259;81;84;169
2011;61435;Zeutschach;223;11,7;23,3;1,3;77,9;5,5;69;4,6;53,4;79;2,82;64;34;35;68
2011;61436;St. Ruprecht-Falkendorf;473;13,7;20,3;0,8;73,4;2,9;64,7;5,1;70,7;150;3,15;135;44;45;87
2011;61501;Bierbaum am Auersbach;481;15,2;12,5;4;69,8;5;60,3;2,9;76,4;150;3,21;141;44;46;138
2011;61502;Deutsch Goritz;1234;12,9;19,9;1,1;74,8;2,9;60,5;5,4;67,3;458;2,69;365;133;148;508
2011;61503;Dietersdorf am Gnasbach;375;13,6;20,3;1,3;80,6;1,4;56,8;4,9;78,2;125;3;110;36;38;1020
2011;61504;Eichfeld;892;13,6;20,2;1,5;74,3;3,9;68,1;4,4;78,4;318;2,8;269;84;89;242
2011;61505;Gosdorf;1159;13,1;19,5;6,5;71,1;6,1;62,4;4,2;81,9;418;2,77;352;89;97;228
2011;61506;Halbenrain;1788;11,7;22,1;2,7;73,5;4,2;62,2;6;68,5;650;2,67;517;171;190;704
2011;61508;Hof bei Straden;878;15,4;19,4;1,9;72,9;3,2;58,4;5,4;65,6;310;2,83;260;93;95;479
2011;61509;Klöch;1226;14,2;17,9;1,4;75,9;2,6;64,2;5;67,6;467;2,62;365;137;146;461
2011;61510;Mettersdorf am Saßbach;1321;15,3;18,5;2,1;76,1;2,8;60,4;3,3;67,6;439;3,01;399;136;140;601
2011;61511;Mureck;1570;12,8;22;7,3;65,2;8,1;59,8;10;64,7;781;2;414;129;181;1039
2011;61512;Murfeld;1675;14,5;16,8;2,4;72,4;3,8;63,6;5,7;80,8;611;2,74;494;118;124;265
2011;61513;Bad Radkersburg;1332;7,6;30,4;8,6;65,5;5,8;57,6;13,5;42,6;617;1,98;355;133;202;2342
2011;61514;Radkersburg Umgebung;1766;12,6;22,3;3,9;70,4;4,2;64,6;6,3;77,6;697;2,49;523;148;166;507
2011;61515;Ratschendorf;622;13,3;18,3;3,1;72,5;3,1;62,9;3,5;80,1;238;2,61;184;49;51;232
2011;61516;Sankt Peter am Ottersbach;2251;12,6;21,1;1,7;73,9;4;57,3;3,8;73,8;748;2,95;627;195;211;513
2011;61517;Straden;1555;11,8;18,9;5,3;71,6;2,5;59,3;7,5;72,6;594;2,57;439;144;165;527
2011;61518;Tieschen;1323;12,6;21;0,9;72,9;3,4;62,8;5,4;75;477;2,74;381;129;136;283
2011;61519;Trössing;277;15,9;18,8;1,1;72,9;4,2;60,9;3,4;78,7;82;3,38;76;28;29;38
2011;61520;Weinburg am Saßbach;1058;14,5;18,5;2,6;72,6;3,7;65,7;5,9;79;374;2,83;302;99;104;148
2011;61601;Bärnbach;5272;13,6;20;2,9;68,7;5,5;63,4;7,1;77,7;2314;2,25;1558;337;385;1901
2011;61602;Edelschrott;1625;14,1;21,8;3;71,8;4,1;63,3;5,6;64;613;2,61;456;182;188;562
2011;61603;Gallmannsegg;312;15,4;15,1;1,6;69,6;4,3;60,6;6,1;76,2;96;3,25;90;30;33;69
2011;61604;Geistthal;841;12,8;17,7;1,5;73,6;4,5;59,9;3;70,8;292;2,86;237;97;101;174
2011;61605;Gößnitz;452;10,6;20,1;1,5;74,1;2;66,8;4,7;69,2;175;2,57;134;65;66;97
2011;61606;Graden;482;11,2;18,9;0,6;71,2;3,9;65,7;2,8;73,4;178;2,71;141;50;55;245
2011;61607;Hirschegg;682;11,3;22;2,3;72,5;3,4;62,1;4,1;62,7;252;2,7;192;84;86;191
2011;61608;Kainach bei Voitsberg;671;11,2;18,5;1,3;75,4;3,7;66,8;5,4;80,6;261;2,57;205;49;54;112
2011;61609;Köflach;9747;11,1;24,4;3,6;66,8;7;63,2;6,6;65,5;4698;2,06;2903;499;588;3582
2011;61610;Kohlschwarz;711;14,1;16,2;2,5;67,5;4,7;66,4;2,6;83,3;276;2,58;203;47;48;80
2011;61611;Krottendorf-Gaisfeld;2429;14,6;17;2,1;71,2;4,7;67,3;5,8;79,3;907;2,66;733;171;187;615
2011;61612;Ligist;3226;13,6;17,7;1,7;72,5;4,3;62,7;8,7;75,9;1266;2,55;965;236;251;726
2011;61613;Maria Lankowitz;2177;11,9;21,1;3,4;71,4;4,5;65,3;6;83,1;966;2,25;648;156;168;399
2011;61614;Modriach;212;9,9;20,8;3,8;77,6;4,8;64,9;3,7;67,2;70;3,03;57;30;31;49
2011;61615;Mooskirchen;2062;14,6;16,2;2,6;73,6;3,5;67,2;5,7;78;758;2,66;589;202;216;694
2011;61616;Pack;418;7,7;25,6;1,4;73,1;4,5;62,4;6;66,7;175;2,39;116;56;61;98
2011;61617;Piberegg;362;13;22,1;2,5;68,9;5,6;63,2;1,9;76,4;135;2,68;105;38;39;65
2011;61618;Rosental an der Kainach;1706;12,7;22;3;69,1;5,7;66,6;4,2;83,5;766;2,22;509;136;182;791
2011;61619;Salla;290;10,3;24,5;0,7;67,7;4,3;62,7;3,8;66,4;127;2,28;70;32;37;119
2011;61620;Sankt Johann-Köppling;1779;14,1;18,4;3;73,1;3,1;66,1;8,6;83,4;665;2,6;525;123;131;361
2011;61621;Sankt Martin am Wöllmißberg;831;13,2;18,7;1,7;72,6;4,1;64,4;4,4;78;294;2,83;246;67;69;122
2011;61622;Söding;2176;14,2;16,1;4;71,2;4,1;66,9;8,5;84,4;869;2,47;662;158;180;750
2011;61623;Södingberg;834;15,1;14,9;1,3;74,3;2;64,4;5,5;82,8;300;2,78;246;68;70;118
2011;61624;Stallhofen;3147;15;16,8;1,6;74,2;3,4;65,6;6,1;78;1146;2,72;945;232;246;892
2011;61625;Voitsberg;9619;12,3;22,1;3,8;66,1;7,6;63,3;6,2;63;4348;2,16;2745;570;715;4819
2011;61701;Albersdorf-Prebuch;1990;17,5;13,9;3,8;76,5;4,2;64,4;6,8;80,7;698;2,85;589;152;164;1409
2011;61702;Anger;833;12,4;21,4;2,3;75;3,2;66;6,7;73,9;362;2,3;239;82;99;553
2011;61703;Arzberg;554;12,3;22,7;1,8;81,4;1,9;58,8;4,5;71,6;170;3,26;156;55;58;166
2011;61704;Baierdorf bei Anger;1671;15,3;16,9;1,6;77,7;2,9;64,5;4,6;72,9;583;2,87;505;101;103;774
2011;61705;Birkfeld;1618;13,2;22;2,2;75,2;2,7;60;11;51,9;631;2,48;457;152;190;1411
2011;61706;Etzersdorf-Rollsdorf;1137;16,4;17,3;0,7;74,3;1,9;62,9;4,9;76,3;371;3,06;348;113;116;216
2011;61707;Feistritz bei Anger;1069;15,7;16,3;2,2;72,9;3,3;65;5,9;84,7;412;2,59;323;68;71;278
2011;61708;Fischbach;1569;14;19,9;0,8;75;2,1;60,1;4,1;68;508;3,09;449;130;140;343
2011;61709;Fladnitz an der Teichalm;1180;15,6;17,6;3,3;80,5;2;70,4;3,4;63,5;437;2,66;330;123;137;578
2011;61710;Floing;1202;13,6;16,8;1,7;76,1;2,7;64,6;3,4;76,9;410;2,93;355;95;102;284
2011;61711;Gasen;934;18,6;17,6;0,7;77,9;1;61,3;3,6;57,5;283;3,3;258;98;107;278
2011;61712;Gersdorf an der Feistritz;1217;16,4;16,7;2,1;73,1;3;61,2;4,8;72,1;368;3,18;341;117;120;497
2011;61713;Gleisdorf;5741;13,9;18,7;7,9;73,7;4,1;61,4;12,4;67,5;2645;2,12;1576;574;732;5679
2011;61714;Gschaid bei Birkfeld;922;15,3;15,6;1,2;76,1;1,8;66,1;3,6;78,3;293;3,15;271;73;74;204
2011;61715;Gutenberg an der Raabklamm;1256;15,4;12,7;1,4;77,4;1,7;65,5;8,9;86,4;443;2,84;370;76;79;154
2011;61716;Markt Hartmannsdorf;2947;16,5;15,8;3,8;76,1;3,5;61,4;6,6;71,2;1047;2,81;848;254;277;827
2011;61717;Haslau bei Birkfeld;445;16;16,2;0,7;82,5;1,2;62,8;1,6;71,1;118;3,77;127;37;38;96
2011;61718;Hirnsdorf;697;12,5;18,2;2,4;77;4,8;65,6;4,1;79,5;257;2,71;217;54;57;314
2011;61719;Hofstätten an der Raab;2059;15,3;15,3;4,9;76,8;2,8;66;7,7;80,8;744;2,76;620;161;174;1089
2011;61720;Hohenau an der Raab;1317;16;17,1;1,9;78,4;1,5;64,8;2,7;76,6;366;3,6;378;139;142;249
2011;61721;Ilztal;1732;13,5;18,4;1,9;73,8;2,8;59,8;4,9;78,3;596;2,91;532;148;151;454
2011;61722;Koglhof;1118;14,2;16,6;2,5;74,6;1,6;61,3;3;72,8;350;3,19;314;108;116;246
2011;61723;Krottendorf;2368;14,7;19,1;3,4;75,2;2,4;68,1;7,3;78,7;935;2,53;717;136;157;2358
2011;61724;Kulm bei Weiz;483;12,4;16,8;1,9;75,1;3,3;58,2;4,7;82;163;2,96;150;30;30;60
2011;61725;Labuch;788;15,4;13,6;2,2;75;3,4;69,1;4,8;86,7;291;2,71;240;53;54;92
2011;61726;Laßnitzthal;1087;14,6;16,2;4;75,4;3,5;65,3;5,7;86,6;402;2,7;313;70;73;180
2011;61727;Ludersdorf-Wilfersdorf;2031;16,9;13,7;4,5;75,6;3,3;67,1;8,2;84,5;777;2,61;605;172;189;833
2011;61728;Miesenbach bei Birkfeld;743;17,4;13,3;0,7;73,8;1,8;64;3,9;65,9;207;3,59;213;73;77;157
2011;61729;Mitterdorf an der Raab;2078;15,8;15,4;2,6;76,5;2,8;66,2;6,4;83,8;758;2,74;616;171;173;326
2011;61730;Mortantsch;2008;16,5;17,8;1,9;75,8;2,7;65,3;8,1;82,5;705;2,85;595;131;135;302
2011;61731;Naas;1382;16,6;14,6;1,3;79,9;1,9;65,5;3,7;78,8;413;3,35;405;112;116;328
2011;61732;Naintsch;619;13,9;19,9;0,5;77,8;2,1;65,9;1,9;68,5;186;3,33;179;68;72;180
2011;61733;Neudorf bei Passail;498;13,5;21,9;1,6;77;1,1;58,7;3;74,3;179;2,78;138;59;62;129
2011;61734;Nitscha;1443;15,3;16,9;2,1;75,7;3,7;64,1;8,9;83,3;511;2,82;430;120;123;268
2011;61735;Oberrettenbach;460;14,3;18,7;1,5;77,3;1,6;63,5;3,3;73,7;133;3,46;135;62;62;84
2011;61736;Passail;1992;15,1;18,5;2,4;77,9;2,3;68;6,2;63,1;740;2,65;577;171;192;1006
2011;61737;Pischelsdorf in der Steiermark;2516;15,4;16,5;1,6;74,4;3,3;62,1;8,1;68,6;963;2,61;740;207;231;1338
2011;61739;Preßguts;394;17,3;13,5;0,5;80,6;1,3;67,2;3,7;79;130;3,03;112;44;46;85
2011;61740;Puch bei Weiz;2097;14,9;17,2;1,5;77,9;2,2;66,9;4,5;68,9;714;2,87;594;220;231;534
2011;61741;Ratten;1175;12,3;20,4;3,1;76;1,8;61,6;5;58,2;408;2,72;318;104;124;640
2011;61742;Reichendorf;612;14,1;16,7;1,8;77,6;2,3;59,1;3,6;83,1;178;3,44;178;46;48;86
2011;61743;Rettenegg;760;12,5;23,8;1,1;75,6;1,6;61,8;4,7;63;308;2,39;214;63;68;199
2011;61744;St. Kathrein am Hauenstein;682;13,8;21,1;1,2;76,1;3,1;62,6;2;70,6;230;2,97;187;57;60;124
2011;61745;Sankt Kathrein am Offenegg;1145;12,9;19;0,9;75,6;2,3;60;2,8;69,3;342;3,35;324;111;116;295
2011;61746;St. Margarethen an der Raab;3918;15,3;17;1,8;75,9;2,6;63,1;5,5;74,3;1383;2,8;1173;364;391;1240
2011;61747;Sankt Ruprecht an der Raab;2071;17,8;13,1;5;77,5;3,9;69;7,2;72,8;831;2,49;590;181;197;1235
2011;61748;Sinabelkirchen;4058;16,6;13,3;5;76,4;3,4;64,9;4;74,7;1388;2,91;1177;309;328;1303
2011;61749;Stenzengreith;519;14,3;20;1,5;83;2;62,7;3,6;80,8;174;2,98;146;47;47;74
2011;61750;Strallegg;1996;16,1;16,5;1,5;75,4;2;62,9;3,2;69,3;677;2,95;577;165;178;417
2011;61751;Thannhausen;2361;14,7;16,9;3;75,1;2;65,4;7,7;82,4;807;2,89;701;179;188;434
2011;61752;Ungerdorf;845;16,8;10,7;2,4;80,9;4,2;68,8;7,3;89,8;342;2,47;255;47;48;86
2011;61753;Unterfladnitz;1500;12,8;17,1;2,7;74,9;3;66;5,5;74,5;545;2,74;437;150;158;1260
2011;61754;Waisenegg;1093;13,4;16,7;0,2;76,2;1,5;62,9;3;72,2;332;3,29;315;115;118;271
2011;61755;Weiz;8872;12,1;21;7,9;73,3;4,3;63,7;10,1;54,3;4296;2,02;2497;599;765;8276
2011;70101;Innsbruck;119617;12,3;18,6;16,4;65,6;5,3;54,7;20,4;26,5;60234;1,93;28971;10126;12038;93784
2011;70201;Arzl im Pitztal;2981;16,8;13,7;6,4;70,1;6,1;60,2;6,7;82,2;1120;2,66;863;149;166;542
2011;70202;Haiming;4449;17,9;13,8;7;70,7;5,6;61,4;7,6;66,5;1654;2,67;1258;301;351;1993
2011;70203;Imst;9506;16,8;14,5;11,3;68,7;6,2;58,5;10,3;45,7;3818;2,44;2624;733;962;7310
2011;70204;Imsterberg;742;15,5;14,2;1,9;70,1;3,4;64,9;6,1;81,8;238;3,12;204;29;34;175
2011;70205;Jerzens;993;17,5;12,5;9;62,9;11,5;57,8;4,3;67,9;357;2,76;276;75;80;271
2011;70206;Karres;611;16,4;15,5;1,5;78,6;1,5;62,4;4,1;86,3;214;2,86;178;35;40;139
2011;70207;Karrösten;685;13;14,5;3,8;70,6;3,6;62,6;9,7;86,4;263;2,58;202;37;39;144
2011;70208;Längenfeld;4300;17,4;11,3;7,5;70;9,6;60,2;3,8;52,5;1481;2,89;1155;334;374;1628
2011;70209;Mieming;3444;18,1;14,4;8,9;73,1;2,9;60,1;16;70,4;1339;2,52;970;234;257;992
2011;70210;Mils bei Imst;544;15,1;13,8;2,9;72,4;3,1;58,7;8,2;82,7;191;2,85;154;29;30;174
2011;70211;Mötz;1244;17;13,7;10,9;67,4;3,3;66,1;8,6;86,1;460;2,63;348;51;58;136
2011;70212;Nassereith;2059;16;17,8;7,6;69;4,7;59,6;5,4;73,2;765;2,64;578;106;120;452
2011;70213;Obsteig;1187;18,3;13,9;9,4;73,5;3,1;60,5;15,1;73,5;455;2,61;332;104;111;270
2011;70214;Oetz;2308;15,9;15,6;8,6;66,8;10;61,8;7,5;64,5;887;2,58;649;163;192;923
2011;70215;Rietz;2109;15,9;14,6;4;76,3;2,4;66;6;81,2;816;2,58;618;127;136;642
2011;70216;Roppen;1646;15,4;15,6;5,6;74,6;3,5;65,8;5,7;84,7;624;2,64;473;80;88;542
2011;70217;St. Leonhard im Pitztal;1463;14,5;14,2;5,8;67,5;8,8;55,7;2,9;48,5;510;2,87;393;111;125;557
2011;70218;Sautens;1423;18,4;15,3;8,7;67,6;6,6;63,6;5,9;82,2;542;2,63;397;81;87;173
2011;70219;Silz;2478;14,2;17,3;7,7;69,6;3,9;60,7;10,2;70,9;946;2,51;689;194;222;864
2011;70220;Sölden;3365;14,3;11,5;19,5;67,2;12,8;60;5,1;17,3;1167;2,77;860;587;650;2695
2011;70221;Stams;1335;15,4;15;5,8;74,3;3,6;59,2;11,9;78,5;519;2,51;376;83;104;850
2011;70222;Tarrenz;2650;15,1;14;6,4;71,7;5,8;62,5;6,6;80;1024;2,59;757;160;175;473
2011;70223;Umhausen;3083;18,7;11,6;8,3;71,1;7,8;57,7;5,1;67;1099;2,8;821;200;228;774
2011;70224;Wenns;1952;15,5;15,4;5,1;69,5;5;60,2;5,5;69,9;724;2,68;540;116;129;482
2011;70301;Absam;6718;14;17,5;5,8;74,5;2,6;63,3;15,1;78,5;2834;2,33;1955;524;560;2690
2011;70302;Aldrans;2206;18,1;15,7;9,2;74,9;1,8;57,8;24,1;81,7;921;2,36;608;166;186;527
2011;70303;Ampass;1676;17,2;13,4;10,3;77,3;4,1;66;13,4;82,8;676;2,48;483;135;147;376
2011;70304;Axams;5581;14,1;15,9;7,2;73,4;3;63,1;14,3;78,8;2333;2,36;1655;354;393;1258
2011;70305;Baumkirchen;1149;17;16,2;4,6;78,6;2,5;65,1;9;86,8;442;2,56;339;68;73;129
2011;70306;Birgitz;1314;13,7;15,4;9,5;74,3;3,3;62,2;18,2;85,8;555;2,37;387;84;93;229
2011;70307;Ellbögen;1062;14,9;16,7;3,1;78;2,7;66,7;7,3;84;391;2,71;297;62;67;123
2011;70308;Flaurling;1220;18,1;14,8;7;75,6;2,7;57,9;11,4;85,9;441;2,77;343;62;70;214
2011;70309;Fritzens;2041;15,4;17,4;5,5;79,7;2;65,1;9,5;86,3;840;2,41;600;98;114;393
2011;70310;Fulpmes;4183;16,9;12,8;14,5;72,7;5,7;57,5;8,5;56,6;1591;2,59;1175;342;377;1937
2011;70311;Gnadenwald;725;20,1;13,7;5,5;76,9;1,3;64,8;15,4;76,6;291;2,48;201;78;82;181
2011;70312;Götzens;3906;14,8;14,6;10,2;73,4;3;61,9;15,1;82,8;1642;2,34;1123;249;270;796
2011;70313;Gries am Brenner;1276;16,3;16,5;6,1;74,6;2,7;58,8;6,8;72,2;502;2,54;347;91;109;352
2011;70314;Gries im Sellrain;570;14,6;13,9;4,6;71,8;6;61,6;5,3;80,8;216;2,64;171;34;38;80
2011;70315;Grinzens;1329;15,6;15,7;6,3;72,9;3,2;61,1;11,4;89,9;501;2,65;378;57;64;124
2011;70317;Gschnitz;425;17,2;17,2;3,8;75,3;4;57,1;2,6;72,2;136;3,13;129;39;44;82
2011;70318;Hatting;1233;18,8;13,8;6,4;76,4;1,8;64,5;12,1;86,3;473;2,59;361;60;65;157
2011;70319;Inzing;3516;16;14,3;6,3;75,3;2,9;65,3;13,1;79,8;1393;2,5;1003;196;219;1255
2011;70320;Kematen in Tirol;2558;14,9;14,1;7,6;75,9;2,5;64,9;13,7;77,2;1086;2,35;730;164;199;1837
2011;70322;Kolsass;1534;15,6;16;4,4;78,1;2,6;62,2;10,3;82,8;639;2,4;448;103;112;465
2011;70323;Kolsassberg;747;16,7;14,3;4,6;73,8;4,2;60,5;7,9;82,1;270;2,76;202;49;51;89
2011;70325;Lans;924;14,7;18,1;7,9;74,6;2,6;58,4;22,6;74;370;2,5;257;87;100;544
2011;70326;Leutasch;2212;14;17,1;18,3;63,9;10,2;64;7,6;52,3;910;2,39;616;293;304;683
2011;70327;Matrei am Brenner;898;12;18,9;6,7;72,7;3,5;65,9;5,9;78;390;2,3;261;69;80;336
2011;70328;Mieders;1752;16;13,7;13,2;73,5;4,5;59;13,3;76,5;676;2,59;502;125;135;763
2011;70329;Mils;4125;15,4;18,9;6,4;73,4;2,1;60,3;18,5;80,7;1610;2,49;1187;375;416;2022
2011;70330;Mühlbachl;1342;16,1;20,9;8,7;74,8;3,9;53,3;4,6;78,9;534;2,37;348;72;81;524
2011;70331;Mutters;2003;13,7;19;8;74,9;2,6;59,6;17,6;80,6;832;2,41;589;170;184;718
2011;70332;Natters;1854;13,5;17,5;6,7;77;1,4;62,5;19,7;79;778;2,38;524;140;152;720
2011;70333;Navis;1961;16,2;13,1;3,1;77,1;2,6;60,6;4,7;82,5;732;2,68;549;120;128;442
2011;70334;Neustift im Stubaital;4557;16;13,5;10,5;74;3,6;59,1;5,3;49;1675;2,69;1250;440;484;2074
2011;70335;Oberhofen im Inntal;1693;17,8;13;7,7;72,4;4,2;57,9;9;77,2;618;2,74;498;94;103;521
2011;70336;Obernberg am Brenner;353;16,1;15,3;2,8;73,6;1,6;56,4;9,1;69,8;132;2,67;89;33;37;70
2011;70337;Oberperfuss;2836;15,2;14,8;4,2;77;2;63,6;11,5;82,8;1084;2,62;814;176;193;436
2011;70338;Patsch;1014;13,7;16,9;6,8;76,4;2,3;61,1;15,9;83,6;401;2,53;289;82;97;162
2011;70339;Pettnau;902;11,4;18;4,5;77,9;3,3;60,1;10,4;79,9;377;2,39;265;67;72;241
2011;70340;Pfaffenhofen;1081;17,5;14,5;7,2;71,7;4,1;57,1;10,2;85,8;427;2,53;297;60;71;444
2011;70341;Pfons;1246;14,3;15,7;2,5;78,4;1,6;66;9,4;85,1;466;2,67;362;70;79;224
2011;70342;Polling in Tirol;960;18,5;12,2;6,3;77,6;3;64,3;8,4;85,5;332;2,84;278;73;75;218
2011;70343;Ranggen;976;17,8;13,8;5;77,8;1,7;64,8;11,2;83,8;382;2,55;282;63;67;137
2011;70344;Reith bei Seefeld;1175;13,7;16,4;15,3;68,2;6,7;65,8;11,2;72,9;501;2,29;323;107;119;361
2011;70345;Rinn;1654;17,2;11,9;5,7;75,2;2,1;63,3;14,8;82,9;638;2,59;462;110;116;244
2011;70346;Rum;8843;15,4;18;9,1;72,1;3,6;61,7;12,8;82,4;3858;2,26;2500;424;514;4176
2011;70347;St. Sigmund im Sellrain;171;12,3;19,9;13,5;62,9;9,6;59,3;2,7;75,7;68;2,51;44;22;22;28
2011;70348;Scharnitz;1315;16,5;17,9;23;60;8,5;68,9;6,8;74,2;530;2,39;366;80;84;190
2011;70349;Schmirn;874;17,6;15,1;2,4;73,6;1,6;56,3;3,5;86,5;304;2,88;241;32;39;75
2011;70350;Schönberg im Stubaital;1007;17,6;15,3;14,3;75,9;3,1;62,3;7,3;78,5;379;2,66;277;72;86;452
2011;70351;Seefeld in Tirol;3193;13,5;18,9;26,6;61;15,6;61,2;10,5;43,8;1500;2,1;860;382;438;1686
2011;70352;Sellrain;1353;12,6;18,8;3,4;74,6;2,9;59,9;6;89,4;531;2,55;413;49;51;116
2011;70353;Sistrans;2105;18,9;16;6;75,5;1,7;56,7;27,1;84,2;836;2,52;619;145;156;374
2011;70354;Hall in Tirol;12835;14,9;19,8;15,3;70,2;4,7;55,9;13,5;65,2;5459;2,22;3393;937;1154;9976
2011;70355;Steinach am Brenner;3352;14,9;16,9;8,3;74,9;3,6;66;6,8;72;1407;2,35;933;220;270;1319
2011;70356;Telfes im Stubai;1476;14,6;17;6,9;72,2;5,1;63,2;12,8;83;595;2,48;418;104;110;233
2011;70357;Telfs;14670;17,1;13,1;13,7;69,9;5,4;53,7;10,3;61,5;5869;2,46;4070;842;996;5666
2011;70358;Thaur;3790;17,2;14,4;6,8;77,6;2,2;66,3;14,6;79,9;1547;2,43;1073;305;342;1654
2011;70359;Trins;1269;15,6;13,6;6,9;72,6;3,3;62,6;10,3;85;480;2,64;373;80;84;164
2011;70360;Tulfes;1415;14,3;11,9;7,6;72,3;3,2;64,8;10,4;80,9;555;2,53;393;121;136;326
2011;70361;Unterperfuss;203;7,9;41,4;3,9;70,9;1,3;57,2;7,5;68,5;64;2,2;38;20;22;145
2011;70362;Vals;559;17,9;15,2;3,4;77,3;2,3;55,6;2,6;78,4;202;2,77;146;43;48;104
2011;70364;Völs;6489;13,1;17,3;8,2;71;3,6;61,9;14,7;83,2;2947;2,19;1892;330;441;2390
2011;70365;Volders;4334;15,4;14,2;5,9;77,6;2,7;62,4;9,3;85,3;1763;2,45;1272;262;290;894
2011;70366;Wattenberg;714;17,8;15,7;2;78,9;1,8;64,4;5,8;80,8;263;2,71;204;66;69;159
2011;70367;Wattens;7698;13,6;17,1;8,4;73,4;3,4;59,6;7,8;54,6;3452;2,19;2213;387;463;7872
2011;70368;Wildermieming;873;18,3;16,8;7,1;76,9;3,1;58,9;16,3;78,5;325;2,69;242;77;80;194
2011;70369;Zirl;7737;16,7;13,1;10,2;75,3;3,1;61,6;14,8;76,2;3094;2,44;2215;479;550;2701
2011;70401;Aurach bei Kitzbühel;1143;12,3;21,1;12,3;65,4;5,2;64,3;9,3;58,7;501;2,28;319;139;150;475
2011;70402;Brixen im Thale;2656;14,7;17,2;9,9;69,7;7,3;64,6;5,6;59,2;1112;2,37;742;255;282;874
2011;70403;Fieberbrunn;4364;14,2;18,8;10,3;71,3;5,1;64,7;6,8;48,4;1735;2,42;1225;373;427;1910
2011;70404;Going am Wilden Kaiser;1863;15,4;15;16,4;69,5;6,8;64,7;6;63,7;749;2,48;522;180;193;755
2011;70405;Hochfilzen;1130;15,7;17,4;7,4;68,9;5,7;65,4;6,1;67,9;436;2,59;330;78;91;459
2011;70406;Hopfgarten im Brixental;5550;16;17;8,6;71,9;6,1;62,8;6,1;53,9;2295;2,39;1525;548;591;2041
2011;70407;Itter;1172;16,4;15,7;8,6;74,9;2,7;63,8;6,7;76;465;2,52;345;108;121;453
2011;70408;Jochberg;1581;13,8;19,8;12,5;64,9;6,6;65,3;4,7;66,6;681;2,32;443;151;173;415
2011;70409;Kirchberg in Tirol;5120;14,1;18,9;15,8;64,8;10,6;64,7;7;51,2;2368;2,14;1392;571;633;1806
2011;70410;Kirchdorf in Tirol;3846;15,8;14,7;11,6;75,1;4,8;66,9;5,9;62,1;1498;2,53;1094;335;360;1642
2011;70411;Kitzbühel;8076;11,6;23,8;15,5;64,9;8,8;61,9;11,2;33,7;3904;2,03;2175;1229;1395;6779
2011;70412;Kössen;4176;14,7;16,3;15,7;71,9;4,5;66,3;6,3;49,6;1700;2,43;1173;408;453;1550
2011;70413;Oberndorf in Tirol;2017;13,7;17;11,5;72,4;5,8;65,3;8,7;66,9;873;2,31;567;203;224;996
2011;70414;Reith bei Kitzbühel;1667;13,7;21,8;17,2;64,8;4,8;64,7;10,9;62,3;745;2,24;446;169;182;507
2011;70415;St. Jakob in Haus;754;17,8;12,9;9;71,3;5;71,6;5,2;78,8;303;2,49;206;64;69;144
2011;70416;St. Johann in Tirol;8696;14,7;17,2;13,1;70;6,7;63,4;9,2;43,9;3772;2,29;2437;829;973;5984
2011;70417;St. Ulrich am Pillersee;1606;15;16,1;15,1;71,9;6,1;65,9;6,4;55,6;634;2,53;460;149;159;756
2011;70418;Schwendt;786;14,1;16,2;15,1;72,8;4,2;61,2;5,6;71;294;2,67;225;68;72;175
2011;70419;Waidring;1922;16,1;16,4;9,6;70,8;6;67,9;4;60,3;744;2,58;558;159;176;580
2011;70420;Westendorf;3580;14,9;18,3;9,2;68,5;8,4;63,5;6,6;54,9;1496;2,36;995;401;431;1137
2011;70501;Alpbach;2589;16,8;16,8;9,3;69,5;4,5;62,9;5,9;55,7;962;2,68;676;232;251;755
2011;70502;Angath;917;17,4;13;9,2;73,2;4,6;62,2;7;83,5;342;2,68;254;54;63;250
2011;70503;Bad Häring;2566;15,1;16,2;7,6;72,4;4;62,1;8,9;72,6;1077;2,35;734;133;143;841
2011;70504;Brandenberg;1551;17;18,4;4,4;75,5;1,7;64,6;3,7;75,8;525;2,93;437;122;126;277
2011;70505;Breitenbach am Inn;3322;16,9;14,9;6;77,5;2,1;61;7,3;81,4;1217;2,73;942;215;230;543
2011;70506;Brixlegg;2800;14;16,9;10,6;74,3;3,5;62,9;8,9;65,2;1188;2,35;788;255;302;2047
2011;70508;Ebbs;5221;15,6;16,3;11,1;73,3;3,7;66,7;6,9;64,9;2114;2,44;1489;409;446;1915
2011;70509;Ellmau;2653;13,2;16,7;18,4;63,9;11,3;63,9;6,7;48,9;1153;2,3;751;330;360;1139
2011;70510;Erl;1442;16,3;17,3;15;70,6;3,2;65;6;70,7;552;2,61;405;111;118;382
2011;70511;Kirchbichl;5348;15,1;18,2;8,2;73,7;3,6;62,3;6,6;75,7;2265;2,34;1566;367;416;2178
2011;70512;Kramsach;4587;15,9;17;6,9;74,7;2,8;66,2;10,6;71,3;1875;2,42;1291;302;348;1873
2011;70513;Kufstein;17469;15,2;16,4;20,1;68;6,3;56,6;10,9;43,2;7928;2,18;4684;1300;1550;11232
2011;70514;Kundl;3960;16,3;16,9;8,9;76;3,4;63,6;8,2;49,4;1628;2,41;1121;299;353;4802
2011;70515;Langkampfen;3705;15,6;15,8;6,7;73,8;3,5;65,7;6,4;73,1;1497;2,46;1074;215;237;1879
2011;70516;Mariastein;318;20,4;10,1;6,3;75,1;2,9;61,7;13;82,8;107;2,97;88;34;36;70
2011;70517;Münster;3025;16,1;13,8;4,7;76,4;3,6;64,9;7,7;81,2;1202;2,5;894;168;180;686
2011;70518;Niederndorf;2613;16,9;14,9;10,8;71,8;2,3;66,3;7,3;76,5;1034;2,53;753;169;196;836
2011;70519;Niederndorferberg;663;17,5;13,6;13,3;70,7;2,1;63,4;6;72,6;249;2,66;184;55;60;124
2011;70520;Radfeld;2295;20;11,7;11,1;73,5;5,7;61,7;7;80,2;895;2,56;637;133;156;1278
2011;70521;Rattenberg;409;10,3;19,3;17,8;72,2;5,4;56,1;11,7;74;214;1,91;108;70;89;390
2011;70522;Reith im Alpbachtal;2668;15;16,1;10,2;73,4;3,8;63;6,8;68,4;990;2,61;720;240;266;814
2011;70523;Rettenschöss;469;16;16;13;70,5;3,8;64,7;6,6;72;166;2,81;132;54;57;99
2011;70524;Scheffau am Wilden Kaiser;1311;15,1;16,9;11,7;68,6;6,8;61,5;5,1;57,3;513;2,48;364;143;157;466
2011;70525;Schwoich;2294;16,4;13,8;6,8;74;3,6;67;6,5;75;898;2,55;669;186;199;779
2011;70526;Söll;3530;16,1;14,4;10,4;70,4;10,4;65,2;5,5;61,2;1382;2,55;1017;343;381;1297
2011;70527;Thiersee;2851;15,8;16,8;11,3;71,3;3,4;65,3;6,7;67,8;1143;2,49;787;237;253;723
2011;70528;Angerberg;1768;16,3;15,7;5,3;73;2,4;65;10;82,2;684;2,58;531;128;140;266
2011;70529;Walchsee;1800;15,9;13,2;15,1;69,7;5,8;66,8;6,3;56,7;696;2,59;487;192;209;733
2011;70530;Wildschönau;4152;17,9;15,6;8,2;69,8;8,1;64,1;5,7;50,1;1576;2,6;1099;457;483;1245
2011;70531;Wörgl;12751;16,3;14,4;15,6;70,2;5,7;57,9;7;55,6;5631;2,24;3580;824;1102;8236
2011;70601;Faggen;370;21,6;11,4;4,9;68,5;9,5;63,1;3,1;86,7;122;3,03;105;18;20;33
2011;70602;Fendels;260;16,2;12,7;8,1;63,8;19,7;64,7;3,2;77,1;92;2,83;64;12;14;33
2011;70603;Fiss;920;17,2;12,8;8,6;60,4;24,1;64,4;5,1;34,4;318;2,85;239;175;188;573
2011;70604;Fließ;2923;16,4;14;3,4;68,1;9,7;58,5;5,5;79,7;1013;2,88;811;133;154;553
2011;70605;Flirsch;942;14,2;19,1;7,4;65,4;11,9;59,9;4,6;78,6;353;2,63;260;41;46;162
2011;70606;Galtür;780;17,2;14,7;5,5;52,7;33,6;59,6;4,5;34,4;295;2,63;207;116;124;259
2011;70607;Grins;1389;18,4;16,8;4,2;68,5;7,9;62,5;6,6;81,3;509;2,71;407;60;70;436
2011;70608;Ischgl;1540;18,2;11,4;4,9;56,1;28,2;60,2;4,8;20,4;569;2,69;413;323;346;945
2011;70609;Kappl;2620;17,8;13,9;2,2;58,5;18,9;54,4;4,7;58,2;886;2,96;735;157;172;647
2011;70610;Kaunerberg;393;18,1;11,5;2,5;65,3;11,2;67,4;1,6;85;127;3,09;109;22;22;34
2011;70611;Kaunertal;608;14,1;16,8;7,6;71;8,5;67,6;2,9;48,3;200;2,99;164;64;69;300
2011;70612;Kauns;475;17,3;15,6;2,5;74;6,3;61,8;5,6;85,2;174;2,73;128;20;23;49
2011;70613;Ladis;534;14,8;13,7;8,8;57,6;24,2;62,4;2,6;63,2;199;2,68;151;68;72;137
2011;70614;Landeck;7709;15,9;17,7;11,6;64,2;12,7;55,8;8,5;56,1;3115;2,43;2132;489;651;4297
2011;70615;Nauders;1537;16,4;13,5;10,9;57,3;22;59,5;4,6;43;591;2,6;428;151;165;459
2011;70616;Pettneu am Arlberg;1446;14,7;14,7;9,2;59,7;18,4;63,7;6,7;76,7;547;2,64;413;90;97;251
2011;70617;Pfunds;2541;15,5;14,8;8,1;62,2;16,2;63,3;3,6;63,3;989;2,56;709;137;161;675
2011;70618;Pians;799;15,5;15,6;8,9;65,5;10,6;53,5;10,7;79,8;285;2,8;231;40;46;327
2011;70619;Prutz;1741;17,2;13;12,6;64,7;15,5;61;5,8;70,7;672;2,59;517;110;134;599
2011;70620;Ried im Oberinntal;1263;15;15,7;9,5;66,3;13,5;63,9;7,4;58,9;465;2,59;340;119;140;707
2011;70621;St. Anton am Arlberg;2490;13,9;17,1;13,9;52,8;23,6;61,7;8,9;35;998;2,46;689;377;421;1140
2011;70622;Schönwies;1713;17,3;15,6;4,8;67,9;5,4;60;6,9;85,6;615;2,79;489;61;68;406
2011;70623;See;1164;18,8;12,3;3,3;67,6;15,3;61,1;4,3;72,7;381;3,06;313;64;71;247
2011;70624;Serfaus;1074;14,5;14,9;5,8;57,5;26,1;64,6;6,1;29,8;377;2,85;289;192;214;736
2011;70625;Spiss;133;13,5;13,5;15;74,2;6,4;50,4;0,9;84,9;54;2,46;33;6;7;15
2011;70626;Stanz bei Landeck;592;17,4;14,2;1,4;75,3;3,5;62,4;12,5;87,9;203;2,92;168;29;32;80
2011;70627;Strengen;1214;17,4;14,3;2,6;65,5;9,1;61,9;5,8;88,1;411;2,95;339;33;40;100
2011;70628;Tobadill;495;14,1;16,2;3;70,4;9,3;58,4;5,2;88,5;185;2,68;138;19;21;38
2011;70629;Tösens;667;15,1;14,7;5,7;70,3;12;64,8;3;84,9;230;2,9;184;32;35;74
2011;70630;Zams;3259;14,5;19,7;6,8;69,2;6,6;59,8;11,1;61,7;1263;2,49;898;189;232;2730
2011;70701;Abfaltersbach;655;22,7;14,7;3,1;69,8;4;63,6;8,3;60,4;214;3,06;172;45;50;535
2011;70702;Ainet;918;15,7;18,2;2;72,7;3,4;62,8;7,6;75,8;325;2,82;250;63;66;220
2011;70703;Amlach;378;18;15,6;3,7;70,9;9;67,1;9,4;80,7;135;2,79;99;30;31;123
2011;70704;Anras;1289;17,8;16;1,4;69,9;4,3;61,3;5,7;71,3;410;3,14;338;83;90;266
2011;70705;Assling;1869;15,4;20,9;1,9;71,6;5;63,4;6;61;636;2,94;512;128;138;628
2011;70706;Außervillgraten;785;16,2;18,3;0,6;73,2;4,2;64,1;3,3;62,7;227;3,46;198;83;85;243
2011;70707;Dölsach;2263;16,3;15,9;4,7;71,4;6,3;66;7,3;79,2;914;2,47;634;146;160;489
2011;70708;Gaimberg;838;15,2;17,4;2,5;70,8;6,9;68,8;11,8;79,1;310;2,7;245;70;77;198
2011;70709;Hopfgarten in Defereggen;764;14,1;23,7;2,1;70,7;9,7;58,7;5;62,9;255;3;209;59;66;212
2011;70710;Innervillgraten;974;22,8;16,1;1,3;71,8;8;56,5;1,6;52,5;250;3,9;222;114;116;238
2011;70711;Iselsberg-Stronach;609;14,3;15,9;4,4;69,2;9,1;65,1;8,6;75,8;250;2,44;165;51;55;138
2011;70712;Kals am Großglockner;1227;15,2;15,7;3,8;65,4;15,8;65,3;5,4;69,9;399;3,08;325;117;130;211
2011;70713;Kartitsch;831;14,2;23,8;2,3;65,2;8,5;58,3;8,3;65,9;260;3,2;221;91;94;169
2011;70714;Lavant;292;17,1;12;3,1;81,2;2,3;65,7;8,7;71,6;113;2,58;80;23;29;167
2011;70715;Leisach;817;14,3;20,2;2,9;68,6;7;68,7;8,3;86,4;316;2,59;234;39;44;213
2011;70716;Lienz;11761;12,5;21,3;6,4;66,5;8;62,6;12,6;34,4;5697;2,01;3135;1002;1261;10195
2011;70717;Matrei in Osttirol;4741;17,5;16,3;1,6;70,7;7,9;63,8;5,3;49,3;1573;2,96;1255;360;404;1849
2011;70718;Nikolsdorf;908;18,4;19,9;2,9;74,3;4,3;67,6;7,4;73,5;338;2,69;250;75;82;184
2011;70719;Nußdorf-Debant;3282;16,1;15,1;3,2;72,3;5,3;68,5;8,8;74,4;1320;2,47;936;198;243;1344
2011;70720;Oberlienz;1396;16,2;17,1;1,8;73,4;5,8;68;6,8;79;435;3,21;375;110;116;351
2011;70721;Obertilliach;707;18,4;18,1;1,7;66,8;10,8;58,4;5,4;54,8;240;2,95;180;93;99;216
2011;70723;Prägraten am Großvenediger;1225;16;17;1,1;68,7;11;59,1;2;73,7;352;3,48;305;97;104;192
2011;70724;St. Jakob in Defereggen;922;14,2;18,9;3,4;56,4;25,5;65,2;6,2;49,3;341;2,7;251;106;115;236
2011;70725;St. Johann im Walde;291;17,9;15,1;2,7;73,3;6,5;69;1,3;65,5;86;3,38;76;31;36;97
2011;70726;St. Veit in Defereggen;729;19,5;17,7;2,3;59,6;21,1;59,5;3,9;74,5;235;3,1;182;41;46;94
2011;70727;Schlaiten;471;16,6;16,6;1,9;68,6;6;64,4;3,3;77,9;162;2,91;121;35;39;63
2011;70728;Sillian;2063;16;18,9;4;67,5;7,5;62,7;6,3;51,7;769;2,63;515;171;206;993
2011;70729;Strassen;835;15,6;15,4;3,6;67,2;4,4;60,1;7,7;78,6;259;3,22;208;66;69;218
2011;70731;Thurn;635;15;18,6;2,8;72,5;3,1;62,4;11,7;81,3;237;2,68;176;44;49;94
2011;70732;Tristach;1398;19;17,8;2,5;70,9;6,1;66,4;9,5;86,8;514;2,72;399;72;79;201
2011;70733;Untertilliach;249;16,1;20,5;5,2;66,5;10,8;52,2;4,3;64,8;78;3,19;61;32;35;52
2011;70734;Virgen;2193;17,7;13,9;2;68,9;7,6;63,4;4,4;73,2;682;3,21;585;127;140;359
2011;70735;Heinfels;1004;17;16,2;3,5;69,7;4,6;62,1;8,3;65,7;335;2,99;255;64;73;653
2011;70801;Bach;688;16,4;12,2;7,6;62,3;15,7;61,4;3,3;73,2;232;2,95;191;64;67;118
2011;70802;Berwang;578;13,3;18,5;12,8;60,2;13,5;63,5;4;52,2;240;2,41;167;91;99;211
2011;70803;Biberwier;633;15,8;17,2;15,8;64,6;14,2;62,3;6,8;72,5;265;2,39;173;41;50;121
2011;70804;Bichlbach;800;15,8;17,6;15,9;64,9;10,7;60,2;6,8;77,8;319;2,51;234;45;54;115
2011;70805;Breitenwang;1503;13,6;16,1;14,8;65,3;4;64,2;9,3;62,5;570;2,55;414;53;66;2399
2011;70806;Ehenbichl;819;13,3;22,5;11,6;73;3,2;61,1;10;76;317;2,39;229;52;58;665
2011;70807;Ehrwald;2568;11,2;21,4;20,8;59,9;12,1;63,3;7,1;46,7;1179;2,18;764;247;269;894
2011;70808;Elbigenalp;861;14,8;13,9;9,8;69,7;8,3;61;7,4;56,6;324;2,66;246;68;77;472
2011;70809;Elmen;376;13,3;19,9;6,9;71,3;4,2;62,9;3,4;78,5;152;2,47;110;28;29;57
2011;70810;Forchach;280;14,3;13,6;11,1;63,9;5,1;60,8;2,5;74,6;96;2,92;85;11;12;103
2011;70811;Grän;570;14,6;14,9;22,6;74,1;4,7;62;3,7;33,9;193;2,78;155;82;94;589
2011;70812;Gramais;53;22,6;20,8;7,5;56,7;10,5;51,2;2,4;62,5;18;2,94;15;5;5;9
2011;70813;Häselgehr;671;16,2;16,5;8,8;72,3;6,7;58,5;6,2;78;245;2,74;194;56;60;94
2011;70814;Heiterwang;510;12,5;16,1;6,1;71,7;7,4;66,4;6,1;81,3;203;2,51;151;34;40;74
2011;70815;Hinterhornbach;96;12,5;14,6;6,3;68,6;5,8;60,7;0;63,8;31;3,1;27;14;14;18
2011;70816;Höfen;1269;14,7;17,7;9;73,3;3,2;65,7;6,4;74,5;490;2,59;371;77;85;593
2011;70817;Holzgau;435;19,1;16,6;10,3;61,8;17,1;58,2;8,5;55,5;163;2,67;118;43;49;103
2011;70818;Jungholz;293;14;19,1;55,6;59,2;2,4;62,7;8,3;40;117;2,5;84;35;39;163
2011;70819;Kaisers;73;13,7;13,7;8,2;58,5;13,2;54;7,9;56,3;26;2,81;16;12;12;14
2011;70820;Lechaschau;2022;17,5;15,5;13,6;69,7;6,3;62,4;7,6;81,6;822;2,46;586;110;124;724
2011;70821;Lermoos;1104;14,2;18,3;19,7;61,5;14,1;61,9;9,8;46,6;482;2,29;300;143;162;631
2011;70822;Musau;395;15,7;20,8;11,4;73,7;3;68,5;4,5;86,2;161;2,45;124;21;22;44
2011;70823;Namlos;90;8,9;14,4;8,9;72,5;7,3;45,1;1,2;78;34;2,56;22;10;12;17
2011;70824;Nesselwängle;414;12,3;16,7;9,9;73,5;9,1;63,6;5,2;69,8;168;2,45;121;48;50;114
2011;70825;Pfafflar;120;12,5;23,3;14,2;77,9;0;42,9;3,8;63,9;44;2,73;33;11;13;26
2011;70826;Pflach;1256;16,5;13,9;17,2;69;2,6;61;8,6;89,5;486;2,58;380;58;63;203
2011;70827;Pinswang;417;17;14,4;15,3;65,4;2,1;69,9;6,1;80,6;159;2,62;120;28;28;74
2011;70828;Reutte;6024;15,3;17,4;20,4;68;5,5;53,1;9,7;55,8;2648;2,25;1648;384;521;3863
2011;70829;Schattwald;430;15,8;16,7;16,7;70;3,7;64,6;5;71,4;166;2,58;116;47;49;93
2011;70830;Stanzach;422;11,8;17,8;8,5;69;3,3;64,2;8,9;69;172;2,45;128;33;36;146
2011;70831;Steeg;693;19,8;12,7;3,3;68,6;11,6;57,4;3,6;62,9;236;2,94;186;66;73;169
2011;70832;Tannheim;1043;15,1;14,5;19;68,4;9;65,6;3,7;41;403;2,59;291;159;172;597
2011;70833;Vils;1482;13,7;18,3;15;68,8;1,4;66,1;5,4;58,3;603;2,46;434;86;94;600
2011;70834;Vorderhornbach;263;9,1;12,9;6,1;68,8;4,7;59,4;11,3;88,5;98;2,67;77;16;18;23
2011;70835;Wängle;849;15,5;18;10,2;71,1;3,1;66,7;9,5;86,2;331;2,56;250;47;52;99
2011;70836;Weißenbach am Lech;1284;13,1;16,4;9,2;72,5;3,6;63;3,9;80,8;508;2,53;384;80;94;262
2011;70837;Zöblen;234;12,4;22,6;11,5;75;5,6;61;7,3;60,7;78;2,94;69;28;29;60
2011;70901;Achenkirch;2146;14,2;17,8;15;71,4;6;64,5;5,3;46,1;861;2,43;599;205;226;939
2011;70902;Aschau im Zillertal;1717;16,8;12,2;7,9;74,5;7,2;61,1;3,5;76;635;2,7;490;124;141;368
2011;70903;Brandberg;351;19,1;16,5;1,4;73,9;6,1;59,5;3,5;71,9;127;2,76;91;40;41;88
2011;70904;Bruck am Ziller;997;19;16,2;2,8;74,8;2,2;56,2;6,3;80;372;2,68;291;67;71;146
2011;70905;Buch in Tirol;2543;16,6;15,4;4,9;76,3;2,5;65,9;7,1;80,8;1005;2,53;755;157;174;677
2011;70907;Eben am Achensee;2800;14,4;15,1;17,4;68,7;8,9;65,5;6,9;50,1;1200;2,27;772;285;309;1281
2011;70908;Finkenberg;1493;13,9;18,1;8,6;68,3;9,6;60,5;4;64,1;539;2,74;436;139;149;446
2011;70909;Fügen;3801;15,9;14,7;16,2;71,9;7,4;61,7;5,9;54,1;1503;2,48;1071;338;390;2717
2011;70910;Fügenberg;1331;19,9;13,1;5,6;75;5,6;59,4;4,3;78;498;2,67;379;108;114;259
2011;70911;Gallzein;596;21;11,7;4,4;76,8;1,9;59,2;5,1;76,4;227;2,63;172;52;54;97
2011;70912;Gerlos;779;15,5;17,8;9,4;64,2;19,3;62,2;2,9;21,8;284;2,61;215;140;154;395
2011;70913;Gerlosberg;478;21,3;11,1;2,1;69;9,9;53,7;1,1;77,8;157;3,04;122;35;37;54
2011;70914;Hainzenberg;682;17,6;13,2;7;67,6;10,5;56,8;2,8;79,4;232;2,94;195;46;48;102
2011;70915;Hart im Zillertal;1498;17,6;13,2;6,7;75,9;4,5;57;6,1;75,4;561;2,66;422;118;120;285
2011;70916;Hippach;1368;17,4;15,2;4,6;69;8,8;58,2;1,9;77,1;474;2,89;382;107;112;250
2011;70917;Jenbach;6841;15,3;16,2;14,8;70,7;5,3;59,4;7,1;67,5;3040;2,24;1924;329;393;3860
2011;70918;Kaltenbach;1190;17,2;14,4;12,9;66,5;9,8;57,3;4,3;65;454;2,62;341;110;137;911
2011;70920;Mayrhofen;3743;16;15,4;18,1;61,9;17,1;64,1;5,4;36,5;1535;2,41;1044;466;527;2437
2011;70921;Pill;1102;15,3;14;4,6;78,4;2;63;8,3;78,3;413;2,67;321;84;89;511
2011;70922;Ramsau im Zillertal;1568;17,1;12,1;7,9;73;7,9;59;4,2;69,3;589;2,66;453;135;151;910
2011;70923;Ried im Zillertal;1226;15,2;12,3;10,8;71,7;8,4;60;4,6;75,7;513;2,39;350;87;95;530
2011;70924;Rohrberg;534;24,2;9,6;3,6;68,6;7,8;59;3,2;73;187;2,86;144;49;58;180
2011;70925;Schlitters;1377;17,8;13,6;10,7;74,4;5,5;60,1;3,4;78,5;510;2,7;382;92;104;401
2011;70926;Schwaz;13023;15,5;16,5;11,2;71,6;4,5;58,1;9,8;57,4;5580;2,28;3588;857;1036;7722
2011;70927;Schwendau;1596;18,4;13,7;8,1;68,2;9,3;60,7;4,3;75,4;579;2,76;451;130;142;483
2011;70928;Stans;1935;14;16,3;7,3;74,2;2,6;62,8;10,3;77,4;778;2,49;576;118;135;999
2011;70929;Steinberg am Rofan;295;11,2;29,5;14,9;68;4,5;62,2;6,1;64,6;121;2,44;80;30;33;67
2011;70930;Strass im Zillertal;842;17,2;15,9;6,8;79;3;64,6;5,7;72,2;323;2,61;230;85;98;870
2011;70931;Stumm;1807;15,9;16;9,1;70,9;6,8;62,2;6,5;69,4;717;2,52;504;144;158;627
2011;70932;Stummerberg;842;19,2;16,4;3,6;74,7;3,8;52,6;2,6;77,6;293;2,87;239;62;66;105
2011;70933;Terfens;2079;16,8;13,7;6,1;78,2;2,5;66,1;8;77,1;827;2,51;605;165;174;871
2011;70934;Tux;1924;14,7;16;11,2;79,3;2,9;61,2;2,8;22,1;697;2,72;529;247;275;1327
2011;70935;Uderns;1657;17,7;11,6;7,7;73,2;4,9;64,1;4,3;78;645;2,57;470;98;112;514
2011;70936;Vomp;4657;16,9;15,8;9,6;75,1;2,7;63,8;8,3;73,7;1826;2,51;1333;308;373;2437
2011;70937;Weer;1547;16;15,8;8,1;76,7;2,5;62,7;9,3;79;635;2,43;449;116;128;552
2011;70938;Weerberg;2328;16,8;12,9;4;79,4;2,2;60,6;4,4;80,5;866;2,69;669;153;164;334
2011;70939;Wiesing;2043;17,3;16,2;7,4;76,9;2,4;65,8;7,2;82,5;797;2,54;604;133;147;521
2011;70940;Zell am Ziller;1739;12,5;21,7;11,3;68;11;59,9;4,9;60,2;677;2,49;487;173;214;1256
2011;70941;Zellberg;628;15,1;16,1;6,7;69,7;9,4;61,9;1,3;72,3;230;2,73;170;70;75;279
2011;80101;Bartholomäberg;2265;16,7;15,8;6,3;71,4;4,7;64,7;5,3;83,6;839;2,65;628;109;125;378
2011;80102;Blons;323;23,2;14,6;4;80,6;2,4;54,8;7,7;70,1;115;2,8;78;35;41;82
2011;80103;Bludenz;13701;15,4;18;17,6;69,1;6;54,2;9,1;58,1;6074;2,22;3755;778;963;7156
2011;80104;Bludesch;2225;18,3;10,2;17,2;72,9;5,3;55,6;7,5;85,1;885;2,51;623;105;118;929
2011;80105;Brand;654;13;18,3;17,9;67;16,2;63,1;8,3;47,9;258;2,46;173;82;92;296
2011;80106;Bürs;3096;15,4;15,6;12,7;72,1;4,9;60,2;7,3;73,7;1287;2,39;881;181;259;2257
2011;80107;Bürserberg;533;14,4;18,2;9;70,8;7,5;66,2;5,9;75,9;200;2,63;139;49;52;103
2011;80108;Dalaas;1506;16,1;16,4;6,4;68,6;6,8;66,5;5,5;77,6;580;2,56;427;81;96;277
2011;80109;Fontanella;428;20,8;15;2,8;74,5;10;62,8;3,2;61,3;148;2,89;111;46;50;107
2011;80110;Gaschurn;1503;13,4;19,7;8;62,1;12,5;64,3;4,8;65,6;610;2,46;428;145;162;392
2011;80111;Innerbraz;936;15,6;19,7;5,2;73,1;4,1;64,8;6,1;88,4;351;2,58;265;35;41;157
2011;80112;Klösterle;668;12,9;20,2;7,2;69,8;8,8;64,8;6,7;61,8;280;2,39;189;81;91;376
2011;80113;Lech;1549;13,1;17;13,2;63,2;17,1;65,7;9,4;16,8;636;2,33;402;401;422;1150
2011;80114;Lorüns;274;16,1;16,1;10,6;69,4;2,2;61,7;7;88,2;97;2,64;76;12;15;47
2011;80115;Ludesch;3377;18,9;11,6;14,5;71,8;4,8;60;6,5;82,5;1276;2,62;956;157;185;955
2011;80116;Nenzing;5986;16,7;15,3;10;72,4;4,7;59,9;7,2;70,5;2354;2,53;1729;335;392;4565
2011;80117;Nüziders;4870;16,5;16,7;7,6;71,5;4,1;62,8;11,2;78,1;2037;2,39;1410;276;305;1889
2011;80118;Raggal;816;17,4;14,7;5,6;70,9;4,6;64,1;4,9;72,5;316;2,58;224;69;75;144
2011;80119;St. Anton im Montafon;729;17,4;16,2;8,6;72,1;6,1;61,6;7;86,1;287;2,53;208;34;35;109
2011;80120;St. Gallenkirch;2155;13,6;17,5;7,5;65,8;11,7;66;3,6;63,8;878;2,43;601;155;175;628
2011;80121;St. Gerold;363;19;14,3;6,9;71,9;2,8;59,5;8,8;71,5;128;2,84;98;27;32;81
2011;80122;Schruns;3670;13;21,6;12,8;64,7;8,8;61;11,3;55;1620;2,19;1006;330;394;2597
2011;80123;Silbertal;870;16;15,5;3,6;73,5;5,5;64,4;3;83,6;281;3,1;242;40;40;134
2011;80124;Sonntag;679;17,2;16,2;3,5;83;2,8;64,9;2,1;60,9;224;3,03;160;83;92;277
2011;80125;Stallehr;278;19,1;15,1;11,9;77;2,7;68,9;6,7;87;108;2,57;76;14;14;58
2011;80126;Thüringen;2157;16,1;13;11,5;73,4;3,3;61;9,8;76,8;839;2,56;620;121;133;1036
2011;80127;Thüringerberg;675;19,7;14,4;6,4;72,8;2,9;65,3;7,7;76;239;2,82;193;62;64;133
2011;80128;Tschagguns;2167;14,5;18,7;6,5;69;7,8;64,6;5,8;82,3;887;2,44;635;132;145;424
2011;80129;Vandans;2572;14,7;16,9;7,9;69,2;5,7;64,1;8;80;1034;2,46;734;121;133;562
2011;80201;Alberschwende;3109;19,6;14,3;5,4;76,6;1,7;62,4;7,5;69;1120;2,75;815;259;288;924
2011;80202;Andelsbuch;2344;19,7;13,4;7,1;76,2;1,9;61,5;7,1;60,7;806;2,88;619;229;253;1179
2011;80203;Au;1671;17,1;14,8;3,7;76,8;4,7;61,7;5,3;46,2;598;2,78;423;195;205;775
2011;80204;Bezau;1967;18,8;14,2;14,4;75,3;2,6;56,9;7,3;51,1;700;2,75;506;205;236;1210
2011;80205;Bildstein;709;16,9;15,5;6,2;75,6;2,4;60,1;9,8;80,9;270;2,63;195;67;69;128
2011;80206;Bizau;1001;20,1;14,8;6,7;78,2;2,3;60,1;7,1;65,1;355;2,79;266;92;100;352
2011;80207;Bregenz;27831;15,7;17,1;19,4;65;8,1;50,7;12,7;53,7;12986;2,1;7215;1846;2214;18816
2011;80208;Buch;555;18,4;15,1;3,2;75,9;1;63,1;5,1;83,2;188;2,95;163;30;32;65
2011;80209;Damüls;326;14,7;18,7;10,4;73,3;7,7;60,1;4,3;32,3;125;2,61;85;77;83;182
2011;80210;Doren;1022;16,4;15,1;7,4;78,3;1,1;63,8;7;69,9;371;2,75;289;96;106;317
2011;80211;Egg;3410;18,4;14,1;5,2;77,6;2,1;63,9;7,7;61,5;1248;2,72;913;342;384;1417
2011;80212;Eichenberg;385;19,5;14,3;14;81,2;1,4;61,9;7,7;56;134;2,84;99;51;55;152
2011;80213;Fußach;3700;18,1;13,9;12,4;71,9;3,7;59,5;7,8;84;1415;2,61;1076;193;209;1204
2011;80214;Gaißau;1669;19,1;15,3;10,6;74;2,3;64,2;6,4;80,6;587;2,74;470;66;77;534
2011;80215;Hard;12619;16,4;15,6;14,3;71,1;4,6;55,9;8,4;69,7;5231;2,4;3599;734;833;5428
2011;80216;Hittisau;1813;17;16,7;8,9;77,9;2,3;58,4;6;56,5;702;2,55;488;193;213;829
2011;80217;Höchst;7780;18,4;14,2;13,6;71,9;4,1;57,6;8;64,9;2980;2,6;2222;488;530;4302
2011;80218;Hörbranz;6335;15,7;16,9;11,9;72,8;3,5;59,6;8,7;74,3;2574;2,44;1796;305;344;2063
2011;80219;Hohenweiler;1257;16,8;12,6;11,3;70,3;3,4;61,7;8,6;83,5;455;2,71;358;74;79;158
2011;80220;Kennelbach;1884;15,6;19,4;12,5;67,9;5,3;57,5;8,6;84,1;783;2,4;532;100;107;808
2011;80221;Krumbach;990;15,7;15,5;7,1;74,6;2,5;58,3;5,3;74,7;392;2,53;277;81;86;219
2011;80222;Langen bei Bregenz;1289;16,4;13,9;7,7;79,2;1,2;65,6;6,8;68,8;479;2,66;364;125;138;411
2011;80223;Langenegg;1068;18,6;12,9;7,3;74,3;2,8;61,3;7,5;69,3;373;2,8;286;91;110;434
2011;80224;Lauterach;9538;17,3;13,5;13,5;72,5;4;58,5;9,1;75,7;3921;2,41;2661;554;624;4548
2011;80225;Lingenau;1326;18,1;11,8;5,8;77,2;2;61,4;10,6;68,6;478;2,77;351;145;153;499
2011;80226;Lochau;5426;13,5;21,9;15,6;67,8;4,4;56,5;13,1;79,7;2559;2,07;1479;330;370;1347
2011;80227;Mellau;1314;17,4;15,7;9,4;72;7,6;56,4;5,2;57,5;495;2,65;343;126;136;474
2011;80228;Mittelberg;4783;12,4;16,9;40,1;66,6;6,6;66,9;7,7;12,7;2066;2,23;1259;529;590;2366
2011;80229;Möggers;516;17,6;11;9,1;76,9;1,4;67,1;3,3;69,1;165;3,13;138;55;58;122
2011;80230;Reuthe;616;16,7;10,9;13;74,2;3,7;55,4;5,7;67,2;233;2,64;159;45;49;504
2011;80231;Riefensberg;1013;19,2;14,1;11,6;73,9;2,1;61,7;5,6;55,6;365;2,78;271;120;128;368
2011;80232;Schnepfau;468;17,5;15;7,3;76,6;3,9;59,6;5,4;72,8;162;2,89;127;49;53;129
2011;80233;Schoppernau;925;20,9;17,1;3,6;72,5;6,6;62,8;5,9;56,6;325;2,85;250;97;105;309
2011;80234;Schröcken;221;18,1;15,4;13,6;71,4;12,1;59,7;7,7;48,1;86;2,57;62;41;42;92
2011;80235;Schwarzach;3726;15,7;16;11,8;73,8;3,8;61,1;12,9;77,6;1494;2,47;1081;260;284;2112
2011;80236;Schwarzenberg;1806;20,4;16,1;6,6;73,9;3,2;59,1;7,7;61,7;623;2,88;480;196;206;702
2011;80237;Sibratsgfäll;388;14,7;17,5;4,9;79,5;3,1;66,5;5,4;63,8;152;2,55;102;52;56;116
2011;80238;Sulzberg;1750;17,5;16;11,5;75,2;2,3;63;6,6;60,2;614;2,77;450;166;178;526
2011;80239;Warth;174;8,6;11,5;13,8;54;24,8;63,5;5,7;32,9;66;2,5;38;42;43;133
2011;80240;Wolfurt;8206;16,9;14,9;11,8;71;4,3;58;10,2;71,2;3339;2,44;2290;484;561;5833
2011;80301;Dornbirn;45922;16,1;16,1;13,4;70,7;5,4;54,3;11,7;44,9;19770;2,29;12561;3307;3835;25707
2011;80302;Hohenems;15283;17,7;15,8;14,9;69,7;5,8;52,9;7;68,1;6082;2,49;4315;899;1029;6063
2011;80303;Lustenau;21181;17,4;15,6;14,4;70;5,7;52,5;7,9;59,9;8407;2,51;5990;1381;1525;10443
2011;80401;Altach;6378;17,9;14,2;8,4;75;3,5;60;8,3;79,2;2528;2,51;1844;374;405;1731
2011;80402;Düns;380;18,7;14,7;5,8;68,8;3,3;66,3;8,7;79,2;138;2,75;109;28;30;53
2011;80403;Dünserberg;151;17,9;15,9;7,9;85;2,2;66,1;1,6;69;58;2,6;43;19;19;42
2011;80404;Feldkirch;30943;15,9;15,3;15;69,6;4,7;56,5;13,6;56,4;13485;2,26;8372;1775;2112;15975
2011;80405;Frastanz;6199;16,6;16,1;16,5;69,9;4,9;55,5;6,6;71,9;2451;2,48;1729;272;303;2516
2011;80406;Fraxern;671;18,8;13;5,4;76,4;3,8;63,3;9,9;81,9;237;2,83;192;45;49;86
2011;80407;Göfis;3058;17,9;15,6;7,1;73,9;2,8;62,4;10,2;79,2;1174;2,6;881;169;186;512
2011;80408;Götzis;10757;16,2;15,9;14,8;71,2;5;54,8;8,9;70,3;4412;2,4;3008;705;808;5857
2011;80409;Klaus;3090;18,5;14,6;10,5;75;3,7;60;11,3;78,5;1189;2,6;890;244;270;2052
2011;80410;Koblach;4249;16,9;11,5;7,5;75,2;2;64,7;7,4;81,2;1603;2,65;1228;278;295;1374
2011;80411;Laterns;682;16;14,7;4,7;72,5;3,9;65,8;3,7;77,3;254;2,69;184;49;55;115
2011;80412;Mäder;3689;18,3;11,7;9,8;75;3;61,8;5,3;82,8;1396;2,64;1085;161;178;1440
2011;80413;Meiningen;2029;18,5;12,5;10,4;72,1;4,2;64,2;5,8;85,7;780;2,6;582;121;135;579
2011;80414;Rankweil;11575;16,4;15,3;14,1;70,6;4,7;55,9;9,4;67,6;4696;2,44;3289;736;871;6769
2011;80415;Röns;321;17,1;16,2;10;72;4,2;60,2;11,7;82,6;113;2,77;92;22;22;44
2011;80416;Röthis;1882;15,2;18;10,4;72,5;3,9;61,7;9,6;80,6;757;2,38;511;145;161;1257
2011;80417;Satteins;2539;17,3;14,8;6,4;71,3;2,9;59,3;10,7;79,2;975;2,59;717;152;168;648
2011;80418;Schlins;2241;18,3;13,2;13,1;70,9;3,3;58,5;9,4;75,9;847;2,61;646;142;157;932
2011;80419;Schnifis;762;18,6;13,9;6;75,5;2,3;61,3;11,3;80,6;269;2,83;202;53;61;148
2011;80420;Sulz;2375;17,3;14,6;11,4;76,1;1,8;59,5;9,4;81,7;963;2,46;680;162;178;972
2011;80421;Übersaxen;614;22,5;13,7;3,7;76,8;1,6;66,6;5;88,5;218;2,82;173;32;34;64
2011;80422;Viktorsberg;389;17;13,9;5,9;78,8;0,9;68,1;6,8;85,8;147;2,65;110;18;20;40
2011;80423;Weiler;2020;18,8;12,3;11,7;74,4;2,9;61,4;8,6;83,7;769;2,63;572;159;168;937
2011;80424;Zwischenwasser;3105;16,4;13,4;9,2;70,8;3,5;61,3;8,9;85,8;1211;2,52;853;161;172;470
2011;90101;Wien-Innere Stadt;16374;10,4;24,3;20;64,8;4,1;45,9;39,2;9,4;8618;1,88;3917;9789;11105;114628
2011;90201;Wien-Leopoldstadt;96113;14,8;15,5;28,5;61,6;10,7;50,1;19,1;11,4;45824;2,02;23157;6680;7485;63415
2011;90301;Wien-Landstraße;84527;12,8;17;23,4;64,4;9,3;51,1;24,5;11,7;43458;1,91;20662;8544;9443;95377
2011;90401;Wien-Wieden;30700;11,7;17,4;24,1;64,2;7,2;48,6;32,6;10,9;15865;1,89;7399;4726;5076;30172
2011;90501;Wien-Margareten;52595;12,6;13,9;28,9;63,4;10,3;49,7;21,3;12;27589;1,88;12411;4297;4609;20612
2011;90601;Wien-Mariahilf;29375;10,7;15;22,6;65,7;8;50;31;10,6;15328;1,85;6861;4531;4947;31456
2011;90701;Wien-Neubau;30019;10,7;14,2;23,1;68,2;6,1;48,7;33,7;9,9;16245;1,81;6953;6428;6907;36561
2011;90801;Wien-Josefstadt;23529;10,4;15,4;22,5;63;5,6;49;35,9;9,7;11910;1,84;5302;3352;3633;15823
2011;90901;Wien-Alsergrund;39291;10,6;15,8;24,6;63,5;6,7;49,5;32,7;10,7;20780;1,82;8981;4994;5606;56513
2011;91001;Wien-Favoriten;177989;15,5;16,7;25,3;61,7;12,4;55,1;9,1;13,4;85384;2,05;45872;7300;8362;64114
2011;91101;Wien-Simmering;91087;16,6;14,3;20;64,9;11,1;58,4;8;14,1;42102;2,11;24227;3349;3938;35936
2011;91201;Wien-Meidling;88503;15,1;16,3;24,6;62,1;12,1;53,7;13,6;13,1;43262;2;21764;4719;5310;35205
2011;91301;Wien-Hietzing;50626;13,2;25,2;12,4;67,3;6,3;53,2;29,6;10,8;24893;1,96;13095;4411;4791;27137
2011;91401;Wien-Penzing;84871;13,5;18,9;18;65,7;9,2;56,2;18,7;10,5;42526;1,96;22106;5098;5657;28604
2011;91501;Wien-Rudolfsheim-Fünfhaus;71286;14,1;13,4;34;61,2;12,3;50,5;14,8;11,7;35592;1,97;16872;4823;5436;30159
2011;91601;Wien-Ottakring;95694;14,3;15,3;28,4;63;10,7;51,7;15,3;10,2;48239;1,96;23631;5833;6368;28690
2011;91701;Wien-Hernals;52521;14;16;26,5;63,6;9,7;51,2;20,5;10;26096;1,97;13081;3670;3970;15390
2011;91801;Wien-Währing;47627;13,7;18,7;21,7;65,6;7,2;48,2;33;9,8;24305;1,91;11687;4484;4804;16391
2011;91901;Wien-Döbling;68307;13,3;23,5;17,2;62,7;7,8;52,9;27,6;10,5;34221;1,93;17055;6199;6681;32249
2011;92001;Wien-Brigittenau;83356;15;15,4;29,2;60,6;12,4;51,8;13;11,7;40327;2,02;20590;3661;4159;27260
2011;92101;Wien-Floridsdorf;143962;15,1;17,5;14,6;65;9,9;60,4;10,4;11,7;68186;2,08;38971;5699;6662;54994
2011;92201;Wien-Donaustadt;161419;16,8;15;12,5;67,8;7,4;62,5;12,1;10,7;72491;2,21;45412;6792;7844;58526
2011;92301;Wien-Liesing;94456;14,9;19,9;11,8;67,8;8;61;15,7;15,7;44237;2,09;26196;5929;6730;57689
2019;10101;Eisenstadt;14800;13,9;19,5;15,5;71,5;5,6;58,5;21,9;46,8;6833;2,09;4016;1489;1838;18001
2019;10201;Rust;1982;12,7;25,9;7,2;77,5;4,2;63,1;10,6;63,1;852;2,24;568;210;240;1001
2019;10301;Breitenbrunn am Neusiedler See;1884;11,8;27,1;5,9;73,2;5;65,9;13,1;78,4;922;2,04;556;177;188;539
2019;10302;Donnerskirchen;1838;11,8;23,9;6,7;75,3;3,8;67,2;11,5;77,9;829;2,22;548;189;200;468
2019;10303;Großhöflein;2106;14,1;18;5,9;79,3;2,5;63,3;14,8;84,4;928;2,27;638;171;182;623
2019;10304;Hornstein;3109;13,6;21,8;10,8;75,9;5,3;65,4;13,1;79;1440;2,16;930;247;270;1258
2019;10305;Klingenbach;1156;12;21,2;15,2;73,2;5,6;65,1;9,2;86,9;527;2,19;350;69;74;248
2019;10306;Leithaprodersdorf;1205;15,3;17,5;4,2;78,9;2,7;68,4;10,5;76,5;430;2,8;357;109;115;320
2019;10307;Mörbisch am See;2203;11,8;26,7;7,6;72,2;3,4;62,4;7,5;66,4;966;2,28;678;192;204;539
2019;10308;Müllendorf;1393;13,2;20,7;5,7;77,3;4,5;60,1;15,6;82,7;575;2,42;426;107;119;903
2019;10309;Neufeld an der Leitha;3477;15,6;20,8;9,3;75,4;5,6;63,7;13,2;81,6;1598;2,14;999;224;253;930
2019;10310;Oggau am Neusiedler See;1751;12,1;25,9;3,8;72,7;4,5;61,1;8,5;81,2;798;2,19;543;107;114;275
2019;10311;Oslip;1254;11,2;24,2;8;72,5;5,7;60,2;11,9;84,7;542;2,31;393;86;91;288
2019;10312;Purbach am Neusiedler See;2880;12,7;22,3;6,1;76,5;3,5;65,1;11;72,7;1299;2,2;887;234;254;879
2019;10313;Sankt Margarethen im Burgenland;2664;10,2;24,1;3,9;74,9;5,4;63;11,2;77;1183;2,23;815;201;222;859
2019;10314;Schützen am Gebirge;1411;13,2;23,2;8,6;71,8;5,4;59,3;13,6;84,1;573;2,46;438;84;89;272
2019;10315;Siegendorf;3078;13,7;21,3;14,8;73,9;5,5;64,5;11,4;80,6;1306;2,34;941;248;287;1487
2019;10316;Steinbrunn;2738;14,9;20,5;8,3;75;4,7;66,8;12,9;85,6;1179;2,29;797;164;176;445
2019;10317;Trausdorf an der Wulka;2063;13,6;23,3;7,5;78,3;2,9;65,8;15,4;86,5;954;2,16;628;119;128;334
2019;10318;Wimpassing an der Leitha;1675;18,5;13,9;8,5;78,2;4,6;69,5;11,1;83,9;730;2,26;502;106;113;438
2019;10319;Wulkaprodersdorf;1978;16;19,9;11,9;74,4;4,5;62,8;13,3;78,2;801;2,47;597;150;170;911
2019;10320;Loretto;486;10,9;24,1;3,5;76,6;3,4;73;9;87,4;234;2,08;150;30;32;94
2019;10321;Stotzing;814;16,5;18,4;6,6;76,8;4,2;67,2;5,6;90,7;336;2,42;243;41;45;73
2019;10322;Zillingtal;960;12,3;18;9,5;77,6;3,1;70;11,5;87,4;434;2,21;290;56;60;120
2019;10323;Zagersdorf;1078;14,1;23,4;11,2;76,7;2,2;62,7;13,7;84,5;436;2,42;333;75;79;246
2019;10401;Bocksdorf;805;13,2;25,5;2,5;71,7;6,1;66,4;5;85,9;350;2,3;244;31;36;118
2019;10402;Burgauberg-Neudauberg;1326;12,1;21;5,4;74;6,4;61,7;7,3;81,1;568;2,33;405;118;123;324
2019;10403;Eberau;943;13;30,6;13,9;69,7;6,2;55,4;11,2;72,7;393;2,37;279;75;82;237
2019;10404;Gerersdorf-Sulz;994;12;27,8;6,1;74,3;4,6;59,4;8,2;82,5;423;2,35;303;72;75;167
2019;10405;Güssing;3675;11,8;27,7;10,3;71,3;6;57;13,1;50,7;1634;2,17;1050;335;449;3593
2019;10406;Güttenbach;888;9,5;28,7;9,7;73,4;5;52,9;9,7;80,5;343;2,51;268;69;73;277
2019;10407;Heiligenbrunn;758;10,7;29,8;4,1;73,6;3,9;53,6;8,3;81;321;2,36;227;67;73;144
2019;10408;Kukmirn;1992;13,1;24,9;5,2;72,6;5,6;57,6;9,6;75,8;806;2,44;597;188;203;502
2019;10409;Neuberg im Burgenland;972;10,5;23,8;3,7;74,2;5,5;62,2;6;87,6;427;2,28;296;43;48;89
2019;10410;Neustift bei Güssing;462;8;31;5;65,6;6,9;54,4;6,1;82,3;221;2,09;138;40;41;96
2019;10411;Olbendorf;1442;13,1;25,4;4,8;69;7,5;62,9;6,8;77,6;606;2,34;417;362;372;508
2019;10412;Ollersdorf im Burgenland;935;9,8;24,3;4,8;76,3;3,4;65,4;8,2;80,3;426;2,19;291;67;74;194
2019;10413;Sankt Michael im Burgenland;979;9,9;28,1;6,8;72,5;5,8;60,5;10,7;73,3;442;2,21;304;97;105;409
2019;10414;Stegersbach;2672;12,9;22,6;10,6;70,2;7;60,7;10,9;69,1;1213;2,17;752;224;260;1662
2019;10415;Stinatz;1187;11,5;23,2;12,3;62,2;6,5;57,7;10,4;86,7;485;2,38;343;55;61;143
2019;10416;Strem;879;9,1;35,4;5,7;73,2;6,4;55,9;6,9;73;381;2,16;245;84;90;232
2019;10417;Tobaj;1367;12;20,5;9,3;70,3;5;59;10,1;77,8;560;2,34;397;119;126;414
2019;10418;Hackerberg;367;12,5;18,5;9;76,3;3,9;64,2;6,5;82,9;156;2,35;107;29;30;78
2019;10419;Wörterberg;486;13,4;20,2;3,5;71,5;4,1;62,5;7,1;84,1;194;2,51;139;30;35;69
2019;10420;Großmürbisch;239;6,7;26,8;5;67,9;2,6;56,1;11,2;82,7;109;2,19;72;17;20;29
2019;10421;Inzenhof;317;14,5;24,9;8,5;71,4;9,1;62;5,5;82,5;138;2,3;98;23;24;41
2019;10422;Kleinmürbisch;231;8,2;23,4;1,3;70,3;8,9;65,6;3,3;91;97;2,38;70;9;9;17
2019;10423;Tschanigraben;63;7,9;30,2;3,2;64,1;10,3;60,3;1,7;96,2;32;1,97;18;1;1;1
2019;10424;Heugraben;231;11,3;22,9;6,9;75;6,3;62;5,9;86,2;99;2,33;66;17;17;27
2019;10425;Rohr im Burgenland;373;9,7;24,7;2,7;69,4;5,5;56,7;4,7;86,5;167;2,23;119;27;28;49
2019;10426;Bildein;349;13,5;25,2;13,8;76,2;4,7;58,6;8,9;78,5;138;2,53;101;34;36;87
2019;10427;Rauchwart;441;10,9;24,9;4,8;71,4;6,7;61,1;8,9;82,2;205;2,15;128;36;37;66
2019;10428;Moschendorf;394;10,9;27,7;6,9;75,6;2,1;55,6;7,4;73,2;150;2,63;117;39;40;96
2019;10501;Deutsch Kaltenbrunn;1740;12,2;22;4,1;74,2;4,9;59,8;9,1;79,9;712;2,44;537;330;340;594
2019;10502;Eltendorf;922;8,9;24,7;6,5;70,8;4,3;59,3;9,9;78,4;389;2,37;284;75;80;217
2019;10503;Heiligenkreuz im Lafnitztal;1236;12,1;25,4;11,9;71;5,4;58,7;6,8;74,3;545;2,22;371;102;122;524
2019;10504;Jennersdorf;4114;10,8;22,5;6,3;71,9;5,7;61,3;9,2;65,1;1860;2,17;1222;349;426;2245
2019;10505;Minihof-Liebau;1055;11,6;22,6;6,2;76,5;3,7;64;6,4;79,1;431;2,45;317;70;77;271
2019;10506;Mogersdorf;1144;12;24,7;9,9;73,4;4,3;62,5;6,6;81,4;514;2,23;332;84;90;205
2019;10507;Neuhaus am Klausenbach;897;12,6;25,3;4,9;72,2;5,1;60,2;6,8;75,6;371;2,35;258;89;102;229
2019;10508;Rudersdorf;2172;11,1;22,6;4,7;75,3;5;63;10,7;72,2;972;2,22;664;168;185;867
2019;10509;Sankt Martin an der Raab;2000;10,6;24,8;4,2;71,9;3,9;60,5;8,5;81,1;858;2,33;622;132;143;394
2019;10510;Weichselbaum;713;10,9;24;6;72;3,7;59,2;8,3;86,9;327;2,15;214;50;54;121
2019;10511;Königsdorf;734;12,5;24,1;3,8;74;2,2;61,7;6,1;80,8;318;2,29;219;57;62;150
2019;10512;Mühlgraben;384;10,2;17,2;4,2;71;6,1;66,7;5,8;85,1;160;2,4;114;24;26;51
2019;10601;Draßburg;1232;14,5;24,3;11,2;75,6;5,1;64,4;10;86,1;520;2,31;348;79;83;288
2019;10602;Forchtenstein;2766;13,5;22,4;5,6;75;4,8;64;13,3;81,2;1165;2,33;845;158;173;568
2019;10603;Hirm;1022;14,9;18,8;12,8;74,5;8;68;9,7;86,1;444;2,3;310;57;61;390
2019;10604;Loipersbach im Burgenland;1209;12,2;22,7;7,6;75,9;4,9;66,7;7;81,7;520;2,33;358;68;74;227
2019;10605;Marz;2074;15,7;19,6;7,8;74,7;4,3;62,9;11,6;82,4;836;2,46;628;133;144;716
2019;10606;Mattersburg;7440;14,1;18,7;10;73,3;6,5;61,1;14,4;68,8;3311;2,23;2130;557;693;4032
2019;10607;Neudörfl;4622;14;19,1;12,3;72,2;6,6;62,6;10,6;76,6;1977;2,23;1270;257;294;2171
2019;10608;Pöttelsdorf;749;14,2;20,8;4;78,6;3,2;66,3;15,4;76,1;327;2,29;221;125;134;727
2019;10609;Pöttsching;2974;12,8;22,2;7;75,7;4;65,9;13,6;79,8;1322;2,21;891;226;245;969
2019;10610;Rohrbach bei Mattersburg;2641;12,4;21,9;7,6;72,7;5;63,7;8,3;82,4;1095;2,4;801;154;166;553
2019;10611;Bad Sauerbrunn;2235;14,2;23,3;8,1;73,2;6,2;64;17,4;76,6;1014;2,16;632;170;180;844
2019;10612;Schattendorf;2354;12,5;21,7;6,2;74,1;4,4;65,5;8,7;83,6;1056;2,23;718;131;144;446
2019;10613;Sieggraben;1236;14,6;20,6;5,6;73,2;3,9;65,5;8,5;83,7;502;2,46;382;84;96;322
2019;10614;Sigleß;1164;11,9;23,2;5,8;76,7;3,4;65,2;14,2;84,9;499;2,33;353;85;87;277
2019;10615;Wiesen;2705;13,7;23,3;5,5;74,7;5,5;65,1;10,8;82,7;1103;2,45;829;164;172;442
2019;10616;Antau;773;12,3;18,8;7,6;73,9;5;65,8;7,8;80,5;341;2,27;239;64;72;217
2019;10617;Baumgarten;885;12,5;24,9;9,5;74,2;3,7;62,8;13;84,8;393;2,25;262;59;64;199
2019;10618;Zemendorf-Stöttera;1276;12,1;20,3;9,6;75,4;5,4;64,7;11,2;76,5;527;2,39;372;121;129;361
2019;10619;Krensdorf;632;18,8;17,2;5,9;74,5;6,7;68,4;9,2;80,7;243;2,6;185;50;53;91
2019;10701;Andau;2283;10,6;27,1;6,1;73,2;4,9;58,3;5;70,6;984;2,31;738;205;222;805
2019;10702;Apetlon;1762;11,1;27,9;2;74,7;4,3;55,6;8;69;775;2,27;547;239;252;609
2019;10703;Bruckneudorf;3099;14,6;13,3;9,5;73,6;5,7;67,6;11,8;88,6;1472;2,11;895;147;170;1249
2019;10704;Deutsch Jahrndorf;615;13,8;24,2;18,7;63,3;5,1;65,5;6,6;71,4;273;2,25;187;58;61;138
2019;10705;Frauenkirchen;2875;11;24,1;9;74,7;3,9;63,1;8,6;66,7;1219;2,28;817;330;392;1873
2019;10706;Gattendorf;1372;17,8;19;19;68,3;5,5;62,2;10;83,2;546;2,48;407;81;86;254
2019;10707;Gols;3875;12,9;19,4;7;77,7;3,1;60,9;12,4;65,1;1603;2,39;1138;483;519;1872
2019;10708;Halbturn;1932;13,3;25,4;4,3;76,4;3,2;60,6;10,6;71,4;787;2,45;593;187;195;538
2019;10709;Illmitz;2398;10;26;4,1;76,1;4,2;59,6;10,5;66,2;992;2,41;745;302;327;1009
2019;10710;Jois;1640;13,8;19,9;10,1;75,5;3,7;64,9;13,3;74,8;694;2,36;484;162;175;601
2019;10711;Kittsee;3308;22,8;17,7;48,7;54,1;5,7;62,2;14,8;65,3;1321;2,47;927;190;225;1551
2019;10712;Mönchhof;2244;12,6;21,4;5,3;76,8;4,4;60,5;8,6;69,2;914;2,44;667;255;269;852
2019;10713;Neusiedl am See;8568;15,2;15,8;14,3;75,1;4,7;60,4;20,5;68,5;3912;2,17;2427;856;1008;4870
2019;10714;Nickelsdorf;1808;14,5;22;20,7;66,8;5,4;62,2;9,2;76,9;783;2,28;534;160;173;582
2019;10715;Pama;1218;16,7;20;18,5;68;4,4;64;10,2;80,6;504;2,4;357;106;111;324
2019;10716;Pamhagen;1574;10,7;25,2;3,6;76;3,6;59,5;6,1;66;626;2,51;477;197;205;808
2019;10717;Parndorf;4825;17;14,1;17,8;73,9;6,4;64,2;9,6;74,3;1910;2,53;1411;381;575;5147
2019;10718;Podersdorf am See;2138;11,3;24,4;6,5;75,3;3,5;59,5;13,2;64,8;960;2,2;632;277;305;856
2019;10719;Sankt Andrä am Zicksee;1372;12,5;26,2;5,5;71,9;4,2;60,7;10,2;68,8;586;2,34;420;146;159;632
2019;10720;Tadten;1197;10,2;27,8;6,1;73;4,8;54,1;8;75,2;473;2,53;377;126;136;374
2019;10721;Wallern im Burgenland;1676;10,4;23,9;5;76,3;2,5;57,6;5,6;74,1;695;2,41;517;172;180;1087
2019;10722;Weiden am See;2474;13,9;20,5;8,2;76,6;2,9;59,5;17,7;76,3;1083;2,28;757;265;281;812
2019;10723;Winden am See;1333;13,6;20,3;6,2;72,1;5,1;64,8;10,2;84,4;593;2,25;408;95;103;222
2019;10724;Zurndorf;2276;14,8;22,1;15,5;71,3;4;62,8;9,7;76;967;2,34;681;198;214;542
2019;10725;Neudorf;718;14,9;23;8,1;74,4;5,1;63,7;10;83,4;299;2,4;215;70;76;174
2019;10726;Potzneusiedl;605;15,5;21,5;18,7;71,1;5,8;64,8;8;88;284;2,13;176;40;47;155
2019;10727;Edelstal;768;15,1;20,3;29,4;59,3;4,8;62,1;11,3;75,4;318;2,42;228;54;58;443
2019;10801;Deutschkreutz;3075;11,9;25;7,4;71,5;5,1;62,8;10;70,3;1325;2,28;950;252;274;1036
2019;10802;Draßmarkt;1376;11,6;25,1;6,5;75,4;3,5;61,8;7,7;76,4;539;2,5;390;117;126;369
2019;10803;Frankenau-Unterpullendorf;1090;9,6;27,3;7;69,9;4,1;65,5;10,9;84,2;482;2,26;309;98;101;184
2019;10804;Großwarasdorf;1387;9,5;30,3;8,2;68,9;5,9;58,1;11,5;75,3;648;2,12;423;120;128;293
2019;10805;Horitschon;1799;13,2;21,7;6,3;71,5;4,3;61,8;10,2;71,1;756;2,37;564;162;173;867
2019;10806;Kaisersdorf;608;14,5;23,5;7,6;71,1;7,8;68,3;8,1;82,8;266;2,29;167;117;119;172
2019;10807;Kobersdorf;1878;13,7;20,1;3,6;74,4;6,1;67,9;7,5;78,9;787;2,39;562;125;141;457
2019;10808;Lackenbach;1143;11,8;25,9;7,6;69,2;6,5;66,6;6,9;78,8;462;2,36;319;74;82;264
2019;10809;Lockenhaus;2025;12,4;24;6,5;72,1;5,2;63,5;9,4;65,7;876;2,28;589;141;157;992
2019;10810;Lutzmannsburg;867;9,7;27,6;10;73,3;3,6;66,5;9,1;68,7;414;2,09;250;97;104;617
2019;10811;Mannersdorf an der Rabnitz;1789;12,3;24,3;7,1;70,2;6,5;65,6;8,3;82,3;751;2,37;537;106;117;302
2019;10812;Markt Sankt Martin;1237;14,1;22,8;6,1;74,5;3,7;68,1;9,4;80,8;524;2,36;368;86;95;501
2019;10813;Neckenmarkt;1694;13,5;22,7;3,3;75,2;4,2;61,7;9;74,3;679;2,49;518;152;164;519
2019;10814;Neutal;1100;13,4;23,2;7,5;71,1;7,1;67,7;8,2;67,8;468;2,35;331;100;117;1230
2019;10815;Nikitsch;1386;10,5;34,2;8,2;68,1;6,8;56,9;9,2;78,3;610;2,17;374;117;127;286
2019;10816;Oberpullendorf;3194;12,4;21,7;11,9;71,1;6,9;61,9;13,3;61,2;1441;2,15;875;335;432;3477
2019;10817;Pilgersdorf;1636;12;20,5;2,9;71,6;4,7;67,2;7,9;88,5;673;2,41;485;91;95;220
2019;10818;Piringsdorf;846;13,4;22,8;2,2;72,4;4,1;66,3;7,1;83;344;2,46;253;46;50;130
2019;10819;Raiding;881;13,2;30,1;2,5;73,4;4,7;63;6,4;82,2;346;2,34;236;44;50;231
2019;10820;Ritzing;904;11,1;27,2;7,1;67;7,4;67;8,5;82;411;2,17;264;60;65;184
2019;10821;Steinberg-Dörfl;1280;13,6;22,7;4,5;74;5,1;68;11,7;79;528;2,41;388;87;98;502
2019;10822;Stoob;1360;11;22,2;7,4;75,4;4,8;65,5;11,4;72,9;586;2,32;400;117;142;900
2019;10823;Weppersdorf;1837;14,2;23,1;4,2;74,2;5,1;68,1;6,9;80,5;765;2,37;532;116;132;573
2019;10824;Lackendorf;596;12,4;22,3;5,7;73,5;6,5;72;5;83,8;247;2,41;184;34;37;111
2019;10825;Unterfrauenhaid;644;14;21;5,3;70,9;4,7;67,9;6,7;81,2;269;2,37;184;42;44;120
2019;10826;Unterrabnitz-Schwendgraben;650;15,7;17,4;3,4;70,3;8,1;68,2;6,6;80,5;252;2,58;186;51;53;172
2019;10827;Weingraben;356;13,8;27,8;13,5;72,1;4,3;61,6;7,8;79,2;155;2,3;107;21;24;56
2019;10828;Oberloisdorf;793;14,2;20,8;3,8;77,7;3,4;69,6;7,2;84,7;332;2,39;231;39;41;109
2019;10901;Bad Tatzmannsdorf;1619;12,6;24,5;11,8;74,1;6;63,4;17,7;61,3;757;2,1;464;156;188;1645
2019;10902;Bernstein;2092;10,6;27,1;5,1;70,6;5,3;65;9,2;75,4;851;2,37;628;137;152;508
2019;10903;Deutsch Schützen-Eisenberg;1088;8,6;29,9;5,3;70,3;5,7;59,2;6,9;70,5;481;2,26;336;109;116;237
2019;10904;Grafenschachen;1261;12,3;17,7;4;77,6;2,9;68,8;5,8;79,3;496;2,54;374;86;93;651
2019;10905;Großpetersdorf;3566;12,2;23,6;8,3;69,6;7,2;63,1;10,2;69,9;1597;2,17;1020;234;279;1911
2019;10906;Hannersdorf;738;8,8;28,7;7;74,6;4,6;61,7;9,7;82,5;338;2,18;221;50;58;180
2019;10907;Kemeten;1511;12,4;20,5;6,4;72,9;6,6;66,1;7,7;83,4;669;2,26;447;95;102;427
2019;10908;Kohfidisch;1414;11,8;23,5;5,1;68,3;6,2;65;6,9;79,1;601;2,3;422;84;98;332
2019;10909;Litzelsdorf;1161;12,5;23,1;5,3;71,8;6;65,6;8;74,4;497;2,31;351;94;102;299
2019;10910;Loipersdorf-Kitzladen;1327;16,7;15,7;3,5;76,2;4,4;65;5;78,9;485;2,74;400;92;99;472
2019;10911;Mariasdorf;1167;11,3;23,1;3,9;73,2;5,8;63;9;82,7;499;2,34;351;70;76;210
2019;10912;Markt Allhau;1852;14,3;21,5;4,3;77,4;4,9;63,8;13;71;767;2,41;561;154;174;948
2019;10913;Markt Neuhodis;658;10;24,9;6,5;67,1;8;67,6;4,9;78,9;282;2,33;205;71;75;134
2019;10914;Mischendorf;1537;10,7;26,9;3;72,3;5,5;61,4;6,5;87,9;631;2,41;470;81;87;193
2019;10915;Oberdorf im Burgenland;995;11,3;21,8;3,5;72,5;5;65,7;5,1;89,1;429;2,32;293;49;54;115
2019;10916;Oberschützen;2438;14,7;23,7;9,8;74,1;5,9;58,2;17,1;73,7;972;2,46;696;221;237;824
2019;10917;Oberwart;7599;14;21,1;14,5;69,6;9,6;59,3;13,7;54,4;3526;2,13;2108;1015;1281;8346
2019;10918;Pinkafeld;5905;14,7;21;10;70,1;7,5;60,7;12,4;64,3;2368;2,32;1579;369;444;3423
2019;10919;Rechnitz;2967;12;26,8;7,7;71,3;5,9;63;7,1;64,1;1205;2,33;832;183;210;880
2019;10920;Riedlingsdorf;1648;12,3;21,7;6,7;75,4;7,1;64,8;7,9;82,8;686;2,38;502;76;81;386
2019;10921;Rotenturm an der Pinka;1441;12,8;20,2;8,3;73,7;5,5;65,2;10,6;81,5;612;2,35;451;111;126;516
2019;10922;Schachendorf;749;13,1;23,9;18,4;65,7;9;57,5;12;77;326;2,3;209;56;64;158
2019;10923;Stadtschlaining;1975;12,4;24,2;7,2;69,4;5,3;61,9;8,4;82,7;835;2,32;588;110;122;325
2019;10924;Unterkohlstätten;1000;13,4;22,2;3,7;72;3,5;65,9;7,5;82,2;367;2,72;306;71;80;281
2019;10925;Unterwart;969;14,9;18,8;19,6;65,2;9,1;64;6,5;85,7;409;2,35;277;50;74;525
2019;10926;Weiden bei Rechnitz;809;10,8;27,6;5,6;67,1;9,5;64,1;7,1;77,8;361;2,24;243;67;69;122
2019;10927;Wiesfleck;1159;14,8;16,3;1,8;76,8;5,1;68;8,5;80,7;426;2,72;358;72;78;190
2019;10928;Wolfau;1405;15,5;17,9;5,3;78;3,3;68,9;7,8;83;599;2,32;402;92;103;356
2019;10929;Neustift an der Lafnitz;812;15,9;14,7;0,9;77,3;3,5;68,1;6,4;85,5;319;2,55;244;58;63;140
2019;10930;Jabing;735;12,5;22,6;9,3;72,3;5,4;61,9;9,2;88,9;304;2,42;228;38;47;79
2019;10931;Badersdorf;291;12,7;24,7;1,4;71,4;4,3;63,8;3,9;76,9;123;2,37;89;28;30;76
2019;10932;Schandorf;267;12,7;32,6;12,7;66,4;7,4;62,7;8,2;85,7;123;2,17;82;32;34;54
2019;20101;Klagenfurt am Wörthersee;101220;13,2;20,5;17,2;70,1;7,9;57,3;20,1;26,7;51812;1,92;26353;8457;9969;74333
2019;20201;Villach;62907;13;21,1;19,9;69,2;9,7;62,4;15,4;33,5;31494;1,97;16969;4226;5079;39339
2019;20302;Dellach;1219;11,7;25;5,7;74,1;2,5;71,4;8,6;70,5;477;2,56;364;98;104;338
2019;20305;Hermagor-Pressegger See;6887;12,2;26,3;11;72,2;6,7;69,8;11,8;35,5;2972;2,29;2007;690;801;3721
2019;20306;Kirchbach;2495;12,7;24,5;4,4;74,1;4,6;72,3;6,9;64,7;949;2,57;702;228;242;631
2019;20307;Kötschach-Mauthen;3346;11,8;25,8;8,2;73,2;5,3;70,8;9,5;41,5;1401;2,36;958;354;391;1580
2019;20316;St. Stefan im Gailtal;1593;12,3;29,1;6,8;72;5,5;71,5;8,9;76,3;624;2,46;470;118;126;282
2019;20320;Gitschtal;1248;13,4;25;10,6;72,8;6,2;71,3;8,4;55,9;486;2,57;367;124;137;410
2019;20321;Lesachtal;1298;15;22,3;3,8;75,6;4,3;67,5;9,2;44,1;453;2,87;332;171;180;445
2019;20402;Ebenthal in Kärnten;8039;13,9;20;7,8;74,7;5,4;68,1;10,7;85,9;3480;2,29;2396;439;497;1492
2019;20403;Feistritz im Rosental;2486;13,4;25,2;10,7;71;5,8;66,4;12,2;75,5;1071;2,27;710;189;215;885
2019;20405;Ferlach;7139;12,5;24,2;13,1;69,7;6,8;64,9;11,1;57,6;3283;2,13;2021;475;546;3049
2019;20409;Grafenstein;2971;14,9;18,5;7;75,1;4,8;68,6;12,3;78,3;1241;2,39;889;258;287;980
2019;20412;Keutschach am See;2447;13,2;23;7,6;73,4;5;63,7;17,8;77,6;1083;2,26;723;224;237;551
2019;20414;Köttmannsdorf;3060;14,7;21,6;8,8;75,6;4,6;69,8;13,1;82,1;1293;2,37;934;216;228;557
2019;20415;Krumpendorf am Wörthersee;3441;14,4;23,4;11,2;71,6;4,6;54,2;30,9;78,5;1670;2,06;956;341;375;1290
2019;20416;Ludmannsdorf;1778;13,6;20,9;5,3;73,9;4,8;68;12,8;80,5;737;2,41;522;127;133;355
2019;20417;Maria Rain;2567;15,7;19;8,1;76;4,1;66,1;17,8;83,4;1090;2,36;780;196;203;416
2019;20418;Maria Saal;3872;14,2;22,8;6,4;71,8;4,1;64;18,7;78,7;1628;2,36;1179;322;346;1292
2019;20419;Maria Wörth;1619;11,5;26,7;11,7;71,6;4,8;56,9;26,9;76;814;1,91;411;158;183;629
2019;20421;Moosburg;4462;15,7;22,5;4,6;74,2;4,4;67,6;13,8;75,6;1793;2,36;1251;326;360;1275
2019;20424;Pörtschach am Wörther See;2890;12,2;25,5;13,4;69,7;7,9;60,4;22,1;70,1;1388;2,06;807;327;362;1156
2019;20425;Poggersdorf;3199;15,6;18,6;4,1;76,8;4,4;71,1;10;83,7;1337;2,38;958;235;274;1002
2019;20428;St. Margareten im Rosental;1089;15,9;23,2;4,8;74,1;3,1;69,2;9;81,2;456;2,39;311;70;74;148
2019;20432;Schiefling am Wörthersee;2641;13,7;20;12,7;69,5;6,2;65,8;13,7;77,9;1182;2,23;768;205;222;467
2019;20435;Techelsberg am Wörther See;2199;12,1;21;7,7;74,4;6,1;66,3;12,5;80,8;849;2,55;622;174;185;458
2019;20441;Zell;608;14,6;23,8;2,8;71,4;4,2;62,6;11,8;78,1;246;2,47;155;44;46;79
2019;20442;Magdalensberg;3522;15,7;21,7;5,4;77,4;4;69,3;12;78,7;1387;2,48;1053;284;306;922
2019;20501;Althofen;4709;13,3;20,6;7;72,7;5,8;65,7;9,1;51,1;2370;1,98;1315;291;365;3980
2019;20502;Brückl;2754;13,7;21,6;5,8;73,5;4,8;68,1;8,1;71,4;1223;2,25;824;182;203;891
2019;20503;Deutsch-Griffen;901;13,9;25,6;4,7;63,7;3,2;65,3;4,6;63,7;308;2,6;237;80;85;190
2019;20504;Eberstein;1232;12,2;24,4;5,8;72;5,7;67,7;6,9;68,3;522;2,27;335;122;133;348
2019;20505;Friesach;4961;12,4;25,6;3,4;72,5;4;67,6;9,2;57,3;2145;2,2;1388;379;442;2175
2019;20506;Glödnitz;810;12,6;25,1;6;74,1;4,6;67,4;7,5;67,4;354;2,29;230;87;93;222
2019;20508;Gurk;1201;13,7;22,3;3,2;73,3;4;72,2;5,8;68;537;2,24;349;109;117;333
2019;20509;Guttaring;1487;14,5;20,9;4,7;75,8;4,1;70,1;9,8;70,4;624;2,35;422;150;157;457
2019;20511;Hüttenberg;1373;10,6;27,2;5;70,8;5,1;69,4;5,1;70,3;665;2,06;382;122;134;315
2019;20512;Kappel am Krappfeld;1939;14,2;20;6;75,5;3,8;69,8;10,2;77,2;793;2,45;578;157;165;398
2019;20513;Klein St. Paul;1719;13,6;24,3;2;73;3,8;68,9;6,1;64,7;783;2,2;479;140;157;547
2019;20515;Liebenfels;3320;15,8;19,5;5,3;73,8;3,4;68,4;10,3;73,3;1316;2,47;936;269;293;1010
2019;20518;Metnitz;1959;14,1;24,5;2,5;75,8;3;69,9;7,4;63,8;713;2,75;552;261;270;515
2019;20519;Micheldorf;1002;12,5;24;5,5;70,5;3,4;66,1;6,5;78,6;432;2,22;285;59;67;362
2019;20520;Mölbling;1310;16,1;18,2;4,1;76,5;3,4;71,3;9,5;77;542;2,42;385;129;137;347
2019;20523;St. Georgen am Längsee;3595;14,2;20,6;6,1;75,5;3,9;67,2;13,9;77,9;1509;2,35;1047;323;342;1094
2019;20527;St. Veit an der Glan;12395;12,3;22,2;12,2;71,1;6,3;62,8;11,3;55,3;6154;1,97;3331;987;1225;8091
2019;20530;Straßburg;2012;15,3;23,6;4;72,3;3,3;67,5;7,8;62,4;789;2,43;553;212;235;719
2019;20531;Weitensfeld im Gurktal;2040;12,2;24,3;4,7;71,5;4,1;68,8;7,7;64,5;820;2,43;580;215;235;649
2019;20534;Frauenstein;3548;15,1;20,4;4,5;74,5;3,4;67,9;14,9;80,5;1421;2,49;1081;408;432;880
2019;20601;Bad Kleinkirchheim;1700;9,6;27,1;18,2;69,9;10,6;67,7;10,7;41;853;1,98;459;269;300;1197
2019;20602;Baldramsdorf;1865;13,2;20,4;4,1;72,5;5,3;74,9;5,4;86,2;788;2,37;567;92;100;211
2019;20603;Berg im Drautal;1276;14,3;23,3;3,8;74,2;5,6;69,4;8,3;64,1;496;2,57;377;121;125;327
2019;20604;Dellach im Drautal;1590;13,5;24,7;4,6;72,2;6,7;70;6,5;62,8;681;2,33;465;117;134;559
2019;20605;Großkirchheim;1309;14,4;21,6;5,1;64,3;10,1;69,9;6;65;530;2,47;365;98;108;276
2019;20607;Flattach;1191;15;18,7;5;71,5;6,9;74,6;5;67,1;486;2,45;332;104;119;436
2019;20608;Gmünd in Kärnten;2553;13,4;23,1;3,7;72,5;7,8;71,7;8,4;62,5;1123;2,23;740;219;252;1146
2019;20609;Greifenburg;1727;13,3;22,9;8;71,1;8,3;68,5;7,9;60,3;743;2,32;505;152;178;729
2019;20610;Heiligenblut am Großglockner;996;14,3;24,8;5,2;66,1;13,5;76,6;5,5;41,6;426;2,34;285;133;144;356
2019;20611;Irschen;1962;14,1;20,3;3,8;74,7;4;73,5;6,2;77,1;775;2,53;584;131;137;353
2019;20613;Kleblach-Lind;1170;15,9;22,1;1,9;78,2;3,5;75,5;6,8;68,5;422;2,77;342;102;108;253
2019;20616;Lendorf;1704;13,3;19;3,5;74,3;4,6;74,5;8,3;74;633;2,69;517;155;170;569
2019;20618;Mallnitz;761;10,4;29,4;12,6;62,2;12,7;72,6;9,8;57,3;352;2,16;225;90;102;248
2019;20619;Malta;1943;12,4;20,2;3,1;72;7,3;72,5;5,5;76,5;802;2,42;568;155;166;328
2019;20620;Millstatt am See;3443;10,9;26,1;11,3;70,5;6,6;67,3;14,3;68,4;1590;2,17;1005;324;354;946
2019;20622;Mörtschach;827;15,2;16,8;1,7;76,7;6;70,9;6;73,3;292;2,83;235;72;77;170
2019;20624;Mühldorf;1006;13,9;24,7;5,8;74,3;6;71,4;6;77,6;402;2,31;272;72;79;290
2019;20625;Oberdrauburg;1187;13,9;22,9;7,1;70,1;5,7;67,7;5,8;73,9;479;2,43;348;76;91;263
2019;20627;Obervellach;2171;13,9;23,4;7;70,2;8,5;71,9;7,8;62;939;2,29;609;190;214;853
2019;20630;Radenthein;5789;11,2;26,5;7,8;68,1;9,5;70,6;7,3;58,6;2636;2,17;1705;420;482;1910
2019;20631;Rangersdorf;1707;18;18,6;3,5;75,6;5,3;71,9;4,3;71,7;685;2,49;476;116;124;447
2019;20632;Rennweg am Katschberg;1738;12,7;21,1;3,5;74,1;7,1;72,1;6;59,1;745;2,33;494;187;201;748
2019;20633;Sachsenburg;1328;14,9;20,6;9,9;72,9;7,8;71,9;7,3;75,2;567;2,3;383;75;81;726
2019;20634;Seeboden am Millstätter See;6455;12,6;25,6;8,5;70,8;6,6;66,9;13,9;68,5;2869;2,2;1837;555;608;2164
2019;20635;Spittal an der Drau;15353;12,2;23,3;13,5;68,3;10;66,7;9,8;44,3;7389;2,04;4257;1063;1386;11329
2019;20636;Stall;1531;13,7;19,1;2;69,1;5,8;72,5;3,6;76,8;565;2,71;439;103;109;274
2019;20637;Steinfeld;2042;14,8;23,6;6,3;69,3;7,5;71;6;68,8;825;2,42;577;142;162;485
2019;20638;Trebesing;1170;13,9;18,9;5,2;73,4;4,7;74,6;6,5;75,6;420;2,71;324;94;101;210
2019;20639;Weißensee;760;13,4;27;8;65,6;17,8;69,1;12,5;35,8;318;2,39;221;133;142;379
2019;20640;Winklern;1220;13,8;22,5;4,9;70,3;8,3;68,1;7,3;68,3;524;2,22;329;90;109;530
2019;20642;Krems in Kärnten;1662;11;23,8;4;70,7;7,9;72,2;4,5;66,6;646;2,57;467;158;172;400
2019;20643;Lurnfeld;2671;13,2;22,1;4,2;71,8;5,1;71,8;9,9;71,4;1121;2,32;775;209;231;873
2019;20644;Reißeck;2102;12;25,5;5,3;69,5;7,8;73,6;6;68,4;901;2,33;642;124;140;645
2019;20701;Afritz am See;1408;12,5;26,1;4;76;4,7;71,2;6,7;77;575;2,29;395;96;106;323
2019;20702;Arnoldstein;7016;14,6;20,6;13,8;71,9;6,7;68,8;8,4;72;3095;2,25;2040;388;444;2118
2019;20703;Arriach;1343;13;23,8;3,6;76;4,4;71,8;8,2;70;542;2,48;398;127;135;265
2019;20705;Bad Bleiberg;2183;11;27,6;9,6;69,5;7,4;69,8;8;66,7;1055;2,07;660;107;119;582
2019;20707;Feistritz an der Gail;618;14,7;24,1;2,4;78;3,2;70;9,7;74,2;259;2,39;180;61;62;260
2019;20708;Feld am See;1077;13,6;23,6;5,8;72,9;5,7;74,3;8,6;73,2;481;2,24;319;91;100;273
2019;20710;Ferndorf;2098;11,8;24;5,5;69,2;8,3;76,1;6,9;77,2;969;2,17;628;135;149;402
2019;20711;Finkenstein am Faaker See;9045;13,9;19,9;10,4;74,2;5,2;68;13,6;76,7;4071;2,21;2679;699;774;2960
2019;20712;Fresach;1218;12,6;23,2;3,4;75,2;5,6;76,8;8;74,1;467;2,61;378;102;113;211
2019;20713;Hohenthurn;877;12,9;21,2;14,7;67,3;4;70,8;11,6;78,7;342;2,37;242;78;81;230
2019;20719;Nötsch im Gailtal;2265;14;22,2;5,8;74,9;5;72,8;11,6;73,8;987;2,29;683;178;189;538
2019;20720;Paternion;5790;12,6;23,6;6,5;73,4;5,6;71,8;8,3;66,8;2465;2,3;1715;379;434;2063
2019;20721;Rosegg;1817;12,6;19,4;7,4;73;7,3;69,5;11,3;78,1;819;2,22;550;154;168;414
2019;20722;St. Jakob im Rosental;4292;12;24,3;8,6;69,2;7,7;68,4;10,1;73,6;1926;2,19;1254;276;303;977
2019;20723;Stockenboi;1616;16,1;21,2;4,1;75;4,2;73,8;7,6;71,8;649;2,49;472;151;159;394
2019;20724;Treffen am Ossiacher See;4454;11,9;26,8;8,8;69,8;6;63;15,6;73,2;1842;2,25;1230;373;429;1893
2019;20725;Velden am Wörther See;9008;12,1;25,3;12,3;71,1;6,7;66,4;14,7;64,2;4085;2,16;2524;868;976;3192
2019;20726;Weißenstein;2917;12,8;22,6;5,5;73,2;4,2;73,7;10,6;74,6;1214;2,37;869;185;208;1207
2019;20727;Wernberg;5573;15,1;20,4;7,6;74,4;4,3;68,1;13,2;78,2;2247;2,42;1662;372;417;1813
2019;20801;Bleiburg;4067;14,3;20,3;14,5;70,5;7,7;66,1;9,1;66,5;1670;2,38;1100;346;385;1509
2019;20802;Diex;796;15,5;23;4,9;78,8;2,4;72,5;8,6;62,3;305;2,61;212;106;111;224
2019;20803;Eberndorf;5878;14,1;22,3;7,5;70,6;7,9;70,2;8,4;72,7;2528;2,31;1715;390;453;1836
2019;20804;Eisenkappel-Vellach;2277;12,6;26,4;11,1;68,8;7,7;63,4;7;61,8;1018;2,16;607;176;208;626
2019;20805;Feistritz ob Bleiburg;2206;16,1;17,7;9,1;71;6,3;67,7;11,2;62,7;891;2,48;647;139;159;2397
2019;20806;Gallizien;1752;13,6;21,1;5,1;73;5;70,5;8,7;83;714;2,42;517;132;139;285
2019;20807;Globasnitz;1603;14,3;18,1;5,7;70,8;5,4;70,4;7,4;80;634;2,53;452;116;127;262
2019;20808;Griffen;3431;14,6;20;6;75;5,1;69,3;7,8;65,5;1408;2,43;976;308;328;1491
2019;20810;Neuhaus;1021;12,1;25,6;3,7;73,1;4,2;64,4;9,3;77,8;357;2,71;287;83;86;195
2019;20812;Ruden;1514;13,6;20,8;5,1;72,3;6,6;69,1;6,7;78,1;599;2,53;433;105;119;667
2019;20813;St. Kanzian am Klopeiner See;4488;13,5;21,9;11,2;68,5;8,2;66,4;13,1;72,8;1962;2,27;1287;433;472;1204
2019;20815;Sittersdorf;1970;11,8;21,9;6,8;69,7;4,6;67,9;9;79,9;850;2,27;562;183;194;463
2019;20817;Völkermarkt;10919;14,1;21;7,9;72,2;6,9;67,7;10,7;59,4;4624;2,35;3146;887;1071;5580
2019;20901;Bad St. Leonhard im Lavanttal;4337;13,7;22,8;4,5;77,4;3;67,5;6,5;45,4;1676;2,54;1249;355;388;2432
2019;20905;Frantschach-St. Gertraud;2558;13,1;24,3;10,3;71,2;5;64,3;5,3;66,3;1047;2,37;706;214;246;1619
2019;20909;Lavamünd;2877;13,3;23,2;4,9;74,2;4,6;67;4,9;69,3;1227;2,34;824;278;302;735
2019;20911;Preitenegg;927;13,2;25;2,7;74,9;2,8;68;6,1;58,1;352;2,63;269;94;100;374
2019;20912;Reichenfels;1794;14,1;20,6;2,4;76,5;3;72,8;4,4;71;674;2,62;531;145;155;431
2019;20913;St. Andrä;9859;13,2;21,7;4,1;75,3;3,8;68,2;6,9;68,5;4010;2,42;2889;751;828;4662
2019;20914;St. Georgen im Lavanttal;1968;14,7;18,3;1,9;75,6;2,8;69,4;6,8;76,4;760;2,59;568;154;166;464
2019;20918;St. Paul im Lavanttal;3285;13,5;24,1;4;74,3;4,2;66,7;9,2;61,5;1295;2,49;986;272;306;2331
2019;20923;Wolfsberg;25012;13,6;22;7,2;74,7;4,5;65,8;10,5;39,2;11155;2,22;7190;2350;2708;14209
2019;21001;Albeck;986;14,8;23,9;6,1;73,7;3,7;70,6;9,2;64,3;444;2,22;264;108;115;264
2019;21002;Feldkirchen in Kärnten;14290;13,6;21,4;7,8;73,8;5;66,1;10,5;54,1;6315;2,21;4021;1088;1312;6879
2019;21003;Glanegg;1813;11,6;22,4;4,4;70,9;4,2;66,9;8,2;72,9;649;2,62;504;138;148;764
2019;21004;Gnesau;1026;14,3;21,3;7,2;77,1;3,6;70,1;9,7;63,3;419;2,45;296;91;98;459
2019;21005;Himmelberg;2281;15;20,6;5;76,2;3,2;69,9;8,9;73,7;920;2,48;680;221;231;538
2019;21006;Ossiach;753;13,5;25,5;12,9;69,5;5,9;59,8;22,1;69,4;354;2,05;205;76;92;304
2019;21007;Reichenau;1759;11,6;24,8;7,6;68,5;9,5;70,5;5;59,3;755;2,33;491;153;174;657
2019;21008;St. Urban;1528;13,2;20,4;10,3;70,6;4,6;65,9;9,7;71,6;591;2,47;429;139;145;425
2019;21009;Steindorf am Ossiacher See;3796;14,3;24,5;9,6;73,4;4,3;66,6;13,9;74,3;1702;2,17;1058;281;311;930
2019;21010;Steuerberg;1602;13,1;18,6;4,7;72,4;3,6;69,3;7,4;79;614;2,53;454;263;273;431
2019;30101;Krems an der Donau;25058;12,4;21,9;17,3;67,6;7,2;57;16,7;47,9;12074;1,99;6525;2104;2580;19921
2019;30201;St. Pölten;55445;14,1;20;17,9;70,1;9,1;58,1;13,7;36,4;25420;2,14;14905;3570;4556;55733
2019;30301;Waidhofen an der Ybbs;11210;14,8;21,3;7,3;77,7;2,4;63,2;13,7;45,3;4706;2,35;3062;1178;1325;6820
2019;30401;Wiener Neustadt;45728;15,7;17,1;18,8;68,3;11,3;54,3;15;57,5;20510;2,19;12326;3940;4719;33132
2019;30501;Allhartsberg;2147;17,7;15,8;2,2;79,2;1,4;67,6;9,3;75,6;753;2,84;615;155;169;735
2019;30502;Amstetten;23841;14,6;18,9;16,4;72,1;6,8;59,9;10,8;46;10672;2,19;6428;1478;1912;19115
2019;30503;Ardagger;3541;17,5;17,6;3,2;80,6;2,5;68,1;8,8;75,4;1268;2,79;1014;286;305;1118
2019;30504;Aschbach-Markt;3819;16,4;17,2;7,8;79,1;2,8;66,1;9,1;70,9;1408;2,7;1102;250;284;1969
2019;30506;Behamberg;3426;17,4;17,1;4,6;82,1;2,6;71,6;9,6;83,8;1358;2,52;1026;202;221;734
2019;30507;Biberbach;2263;16,8;15,4;1,7;83,1;1,4;68,8;8,4;78;812;2,78;664;153;165;486
2019;30508;Ennsdorf;3068;16;15,7;10,9;78;4,5;66,7;8,1;87,1;1317;2,33;877;150;180;1565
2019;30509;Ernsthofen;2253;14,1;17,8;4,2;78,8;2;70,9;8,3;82,3;913;2,47;669;145;158;427
2019;30510;Ertl;1260;17,3;13,7;1;84,5;1,5;65;6,4;75,2;443;2,84;352;106;113;280
2019;30511;Euratsfeld;2679;19,3;13,8;2,2;81,9;2,4;68,4;9,6;73;890;3,01;765;209;219;642
2019;30512;Ferschnitz;1831;17,3;14,6;1,7;83,2;1,9;69;10,2;82,4;665;2,75;532;104;112;384
2019;30514;Haag;5639;14,8;18,3;5,8;79,3;3,7;66,7;11;66,4;2252;2,46;1589;441;510;2309
2019;30515;Haidershofen;3695;16,2;17,8;4;79,8;2,3;70,2;9,7;80,7;1460;2,53;1139;236;251;778
2019;30516;Hollenstein an der Ybbs;1698;16;23;5,5;81,4;1,9;70,6;9,1;54,9;698;2,43;474;586;597;1027
2019;30517;Kematen an der Ybbs;2600;15;19,7;12,5;72,8;5,4;63,4;6,2;73,6;1167;2,22;726;122;158;1735
2019;30520;Neuhofen an der Ybbs;2975;19,2;15,1;3,8;80,8;1,6;67,1;9,9;73,7;1009;2,95;848;249;261;773
2019;30521;Neustadtl an der Donau;2142;17;17,6;2,9;82,3;2,2;67,5;6,8;70,6;726;2,93;619;194;206;538
2019;30522;Oed-Oehling;1934;16,7;13,8;6,3;80,6;3,2;67,2;11,8;85,4;760;2,54;572;102;120;456
2019;30524;Opponitz;908;18,2;18;8;79;1,3;68,9;5,9;68,2;303;2,84;246;78;86;225
2019;30526;St. Georgen am Reith;546;16,5;22,5;2;81,4;1,4;72,1;3,9;66,3;200;2,73;159;52;56;118
2019;30527;St. Georgen am Ybbsfelde;2846;16,7;16,4;5,2;79,3;2,7;67,4;8,7;78,3;1074;2,64;834;255;276;1016
2019;30529;St. Pantaleon-Erla;2627;14,1;16,2;5;78,9;3;68,7;8,9;82,4;1032;2,54;792;143;155;811
2019;30530;St. Peter in der Au;5204;17,3;18,1;3,9;80,4;2,5;65,6;10,1;72;1875;2,7;1465;402;450;2147
2019;30531;St. Valentin;9300;13,3;20,1;7,9;77,7;3,9;66,1;10,8;64,7;4252;2,18;2715;626;732;5924
2019;30532;Seitenstetten;3448;18,1;16,4;5;81,2;2,5;63,9;11,6;70,7;1246;2,75;977;245;275;1725
2019;30533;Sonntagberg;3818;14,4;22,4;6,6;75,5;4,4;66,7;6,7;71,7;1680;2,27;1110;187;215;1871
2019;30534;Strengberg;2087;18;17,7;5,2;82,1;2,5;66,9;8,4;70,9;776;2,68;607;195;212;578
2019;30536;Viehdorf;1364;18,2;20,4;3,6;80,5;2,8;68,3;8,8;76,7;485;2,75;389;113;119;325
2019;30538;Wallsee-Sindelburg;2195;17;20;5,1;75,8;2,7;65,9;8,7;70,1;780;2,66;605;167;187;677
2019;30539;Weistrach;2262;16;16,5;1,9;82,2;1,5;67,3;9,3;75,1;845;2,68;656;201;212;698
2019;30541;Winklarn;1760;16,9;15,3;5,4;81,9;2,4;67,5;12,6;82,8;669;2,63;523;139;147;352
2019;30542;Wolfsbach;2044;18,3;15,8;4,4;82,5;2,1;67,7;11,7;72,8;670;3,01;564;186;200;559
2019;30543;Ybbsitz;3410;15,4;20,4;2,3;81,4;1,3;65,9;7,6;52,8;1288;2,65;953;450;473;1898
2019;30544;Zeillern;1887;18,4;16,2;2,3;81,8;1,9;69,2;8,6;79,1;677;2,79;549;127;136;388
2019;30601;Alland;2574;12,3;20;11,8;75,8;3,8;63,3;14,8;72,7;1033;2,39;735;260;282;1002
2019;30602;Altenmarkt an der Triesting;2090;15,7;20,1;13,6;72,6;3,8;65,9;11;67,5;764;2,51;564;189;200;574
2019;30603;Bad Vöslau;12061;13,8;22,2;16,3;72,7;7,2;57,7;17,7;76,3;5270;2,23;3382;880;976;3790
2019;30604;Baden;25951;12,9;25,1;17,5;71,6;7,4;53,3;24,7;65,8;12747;2;6973;2375;2726;13762
2019;30605;Berndorf;9059;14,5;21,1;17,3;70,8;9,5;59,9;9,6;69,3;4176;2,14;2530;547;623;3359
2019;30607;Ebreichsdorf;11234;16,3;16,6;13,3;74,9;6,4;64,9;11,8;78,9;4827;2,33;3338;849;939;3707
2019;30608;Enzesfeld-Lindabrunn;4226;13,4;20,9;9,9;73,9;6,6;66,2;11,9;80,3;1952;2,16;1260;358;394;1565
2019;30609;Furth an der Triesting;858;17,1;18,2;4,7;83,1;3,8;72,2;7,5;75,6;339;2,53;251;84;89;174
2019;30612;Günselsdorf;1722;12,7;18,8;12,8;75,2;7,5;66;6,8;83,2;818;2,11;515;118;127;673
2019;30613;Heiligenkreuz;1540;13,6;21;14,9;70,5;4,4;60,3;23,3;76,1;605;2,36;429;126;142;463
2019;30614;Hernstein;1536;13,7;21,4;4,8;78,6;4,5;67,6;14;82,5;681;2,26;474;134;145;285
2019;30615;Hirtenberg;2616;12;17,4;23,9;58,4;10,7;59,2;7,3;85;1020;2,24;637;110;130;1169
2019;30616;Klausen-Leopoldsdorf;1698;14,2;17,7;6,3;80,8;3,6;70,6;10;83,1;769;2,21;490;127;134;288
2019;30618;Kottingbrunn;7416;13,2;19,9;12,1;74,3;7,5;64,8;11,9;82,9;3234;2,29;2238;453;506;2937
2019;30620;Leobersdorf;4907;14,3;17,9;14,5;74,4;7,9;60,9;11,4;77,5;2266;2,17;1396;454;535;3129
2019;30621;Mitterndorf an der Fischa;2886;18,9;11,4;14,2;78,4;5,6;66,3;9,1;89,7;1185;2,44;843;113;130;302
2019;30623;Oberwaltersdorf;4739;17,5;15,2;10,4;77,4;5,4;62,5;17,3;81,9;2071;2,29;1402;376;406;1358
2019;30625;Pfaffstätten;3588;16,1;18,4;11,3;75,7;4,1;58,1;22,2;83,9;1514;2,37;1058;270;296;784
2019;30626;Pottendorf;7192;15,4;18,2;12,5;72,5;7,7;62,9;10,6;82,6;3043;2,32;2074;397;443;1538
2019;30627;Pottenstein;2928;14,5;20,8;13,6;72,7;8,4;63,1;8,5;79;1320;2,21;836;186;208;866
2019;30629;Reisenberg;1755;14,6;18,3;11,6;77,6;5,4;69,4;7,7;83,6;756;2,32;528;132;143;414
2019;30631;Schönau an der Triesting;2136;15,7;16,2;10,1;77,9;4,5;64,4;12,1;80,5;940;2,27;647;119;129;697
2019;30633;Seibersdorf;1508;14,9;19,2;4,6;77,7;4,1;71,9;9,5;76,9;627;2,41;464;122;140;860
2019;30635;Sooß;1052;12,9;21,5;16,1;77;5,5;59,2;16,7;73,5;453;2,32;310;134;145;405
2019;30636;Tattendorf;1483;15,2;18,7;11,5;78,9;2,9;64;12,6;75,9;634;2,33;432;152;164;616
2019;30637;Teesdorf;1810;13,5;14,3;10,6;77,2;6,1;65,9;10,2;84,5;798;2,27;539;113;129;668
2019;30639;Traiskirchen;19132;14,9;17,2;17,3;72,9;7,2;62,2;11,5;77,1;8113;2,27;5357;1312;1523;7797
2019;30641;Trumau;3724;15,7;16,1;16,2;74,9;6,3;63,7;12,7;81,2;1631;2,25;1056;211;241;1515
2019;30645;Weissenbach an der Triesting;1709;15,3;19,7;10,9;76,3;5,8;64,8;10,7;68,4;778;2,2;485;122;136;963
2019;30646;Blumau-Neurißhof;1847;14,5;16,6;10,9;75,1;8,2;67,2;8,2;89,6;915;2,02;526;93;99;240
2019;30701;Au am Leithaberge;938;13;22,2;7,2;79,8;3,1;68,8;8,3;80,7;389;2,41;277;73;80;224
2019;30702;Bad Deutsch-Altenburg;1786;15,2;20;23,1;70,4;7,4;67,1;10;82,2;821;2,18;517;108;126;631
2019;30703;Berg;901;18,6;20,6;38,3;59,8;5,6;61,9;12,4;80,7;385;2,34;262;57;61;124
2019;30704;Bruck an der Leitha;8007;14,5;21,7;17;71,9;7,4;62,3;11,9;68;3576;2,2;2246;638;808;4874
2019;30706;Enzersdorf an der Fischa;3308;13,8;19,3;9,9;78,4;4,1;71,7;8,4;84,3;1461;2,26;990;213;239;1393
2019;30708;Göttlesbrunn-Arbesthal;1449;15,1;19,8;7;79,5;2,7;70,2;11,5;71,2;592;2,45;446;163;175;643
2019;30709;Götzendorf an der Leitha;2070;15,2;19,7;13,5;76,4;3,9;67,5;10,7;85,8;865;2,39;600;131;145;469
2019;30710;Hainburg a.d. Donau;6818;18,8;19,6;37,1;59,8;8,9;60,8;11,8;68,8;2964;2,27;1857;348;437;2112
2019;30711;Haslau-Maria Ellend;2000;17,5;14,3;10,4;76,1;4,2;69,4;13,1;86,5;794;2,51;603;128;136;329
2019;30712;Höflein;1249;15,4;17,6;5,4;77,2;3,8;72,2;8,7;78;505;2,47;370;120;123;289
2019;30713;Hof am Leithaberge;1557;14,6;19,7;10,9;78,3;3,4;68,9;9,2;75,9;630;2,47;451;126;141;652
2019;30715;Hundsheim;628;15,3;23,2;10,2;73,8;4,7;67,7;10;85,1;284;2,21;195;50;51;80
2019;30716;Mannersdorf am Leithagebirge;4142;15,3;19,3;18,4;73;6,6;63,6;8,5;78,3;1827;2,27;1208;249;280;1126
2019;30718;Petronell-Carnuntum;1255;13,3;22,6;13,4;72,5;7;67,2;11,1;80,6;590;2,13;386;84;94;333
2019;30719;Prellenkirchen;1630;15,3;20,8;16,7;72,8;4,9;69,4;10,2;80,7;673;2,42;478;144;155;303
2019;30721;Rohrau;1615;16,5;16,8;10,8;77,6;3,6;71,7;8,6;79,5;608;2,63;475;152;163;393
2019;30722;Scharndorf;1178;12,5;22;9,8;77,2;2,2;69,4;12,1;83,3;508;2,31;348;94;97;200
2019;30724;Sommerein;2052;13,7;18,3;6,8;77,1;4,8;66,2;11,1;83,6;872;2,35;629;126;133;626
2019;30726;Trautmannsdorf an der Leitha;2982;13,8;20,8;8,4;76,6;4,6;69,4;9,1;80,6;1263;2,36;903;238;256;642
2019;30728;Wolfsthal;1148;21,4;15,2;44,2;52,7;6,5;63,6;12;81,8;439;2,62;327;62;71;246
2019;30729;Ebergassing;3950;14,4;16,6;18,5;74,9;6,2;64,2;7,1;79,3;1740;2,27;1151;201;228;1172
2019;30730;Fischamend;5610;14;17,7;15,8;75,6;6,5;66,2;9,3;81,7;2703;2,06;1589;318;364;2700
2019;30731;Gramatneusiedl;3591;19,7;12,9;17,6;75,1;6,5;60,9;13,8;89,1;1465;2,45;1047;152;184;573
2019;30732;Himberg;7414;14,6;20;11,5;77,1;5,2;67,1;11,6;80,2;3312;2,19;2124;500;575;3108
2019;30733;Klein-Neusiedl;895;14,9;21,2;17,7;76,6;6,5;66,4;5,6;85,5;443;2,02;252;47;57;259
2019;30734;Lanzendorf;1922;16,3;17,4;14,2;76,5;5,5;63,3;11,8;86,6;789;2,37;559;96;114;728
2019;30735;Leopoldsdorf;5219;14,4;16,5;10,4;76,7;4,3;62,4;18,2;84,7;2297;2,27;1548;385;427;2538
2019;30736;Maria-Lanzendorf;2201;14,7;21,8;14,3;72,8;7;62,6;12,6;84,3;962;2,17;598;128;146;1502
2019;30737;Moosbrunn;1775;15,2;18,6;10,5;78,9;4,6;66,4;12,8;87,1;790;2,25;536;94;103;306
2019;30738;Rauchenwarth;769;16,4;14,8;10,8;77,3;5,3;67,5;12,4;77,7;326;2,34;218;64;70;181
2019;30739;Schwadorf;2207;16,3;15,8;15,1;76,6;6,8;65,7;8;85,2;952;2,32;639;135;151;654
2019;30740;Schwechat;19424;14,2;17,6;22,2;74,2;7,3;63,1;9,7;69;9318;2,07;5400;2432;2776;32133
2019;30741;Zwölfaxing;1746;15,2;18,3;11,8;74,4;6,4;66,1;10,4;86,1;717;2,44;527;107;126;1131
2019;30801;Aderklaa;198;14,1;15,7;9,1;83,5;1,6;72,9;12,9;53,4;73;2,52;51;46;52;225
2019;30802;Andlersdorf;151;16,6;22,5;13,2;72,8;6,6;55,6;15,1;73,2;53;2,62;41;18;19;30
2019;30803;Angern an der March;3425;14,3;20,5;12,8;70;10;64,7;7,3;83,6;1478;2,32;1032;212;235;648
2019;30804;Auersthal;1932;14,5;20,3;12;76,8;5;64,6;10;78,7;832;2,3;560;157;171;622
2019;30805;Bad Pirawarth;1670;15,6;21,4;6,4;73,6;4,6;66,1;10,6;79,5;720;2,32;497;128;139;707
2019;30808;Deutsch-Wagram;8917;14,8;17,8;12,6;75,3;6,1;64,5;13,7;81,3;3872;2,3;2602;523;586;2733
2019;30810;Drösing;1129;12,3;23,5;7,4;68,6;10,3;68,9;7,9;85,6;534;2,11;330;62;69;155
2019;30811;Dürnkrut;2234;14;21,8;7;71,1;9;67,9;6,6;81,5;1027;2,18;669;87;109;482
2019;30812;Ebenthal;895;15,6;17,2;8,6;73;6,1;68,9;8,1;86,1;390;2,29;261;41;47;102
2019;30813;Eckartsau;1293;13,2;20,6;14;78,2;4,7;66,8;7,6;79,2;570;2,27;381;121;127;303
2019;30814;Engelhartstetten;2086;15,7;19,7;11,8;74,5;4,1;69,4;6,7;72,1;880;2,37;619;189;207;676
2019;30817;Gänserndorf;11640;16,5;16,8;14,6;72,7;8,3;62,2;12,5;75,7;5001;2,3;3283;822;1006;5368
2019;30819;Glinzendorf;309;17,2;17,8;12,3;78,6;4,7;67,2;5,5;70,3;114;2,71;97;49;51;213
2019;30821;Groß-Enzersdorf;11614;16;17,2;12;75,7;5,3;65,4;13,6;77,6;4850;2,39;3416;740;829;4066
2019;30822;Großhofen;109;20,2;15,6;23,9;87,1;1,6;62,1;11,5;66,1;40;2,73;31;17;17;54
2019;30824;Groß-Schweinbarth;1283;13,6;16,5;9,4;74,1;4,1;65;10,4;79,5;531;2,42;389;85;95;312
2019;30825;Haringsee;1186;14,8;19,5;8,9;75,5;4,5;69;8,9;81;485;2,45;345;89;97;222
2019;30826;Hauskirchen;1262;14;22,8;6,7;72,1;6,7;69,3;4,7;87,5;574;2,2;383;48;55;120
2019;30827;Hohenau an der March;2706;12;25,7;12,9;65,5;11,4;66;5,6;78,6;1328;2,04;784;138;174;694
2019;30828;Hohenruppersdorf;927;14,3;21,5;4;78,2;3,3;69,8;8,2;75,3;406;2,28;284;79;85;239
2019;30829;Jedenspeigen;1092;11,4;24,5;5;70,7;7,5;71,1;8,5;85,1;491;2,22;347;62;70;129
2019;30830;Lassee;2865;14,5;17,1;13;75,9;6,8;67,9;7,1;76,1;1249;2,29;824;251;270;899
2019;30831;Leopoldsdorf im Marchfelde;2926;15,5;18,1;13,7;75,6;6,6;64,3;10,4;75,6;1184;2,43;861;182;215;1010
2019;30834;Mannsdorf an der Donau;400;11,5;18,3;21,5;74;5,8;64,4;8,8;63,8;151;2,4;105;41;41;227
2019;30835;Marchegg;2984;15;21,8;19,4;68,3;9,7;63,9;6,5;80,7;1331;2,24;853;171;197;565
2019;30836;Markgrafneusiedl;900;12,1;19,3;7,7;78,3;5;71,7;8,2;86,6;415;2,17;263;64;78;497
2019;30838;Matzen-Raggendorf;2784;15,2;19;11,5;71,4;6,4;65,1;10,2;83,9;1194;2,32;814;134;158;468
2019;30841;Neusiedl an der Zaya;1247;12,9;23,5;6,7;71,2;6,2;67,7;5,9;83,3;577;2,16;375;85;94;284
2019;30842;Obersiebenbrunn;1688;13,1;17,6;9,5;75;6,3;67,4;7,9;85,9;694;2,41;507;111;131;594
2019;30844;Orth an der Donau;2160;14,6;23,4;10,6;74,5;7,8;64,5;8,6;68,5;928;2,21;584;163;192;1325
2019;30845;Palterndorf-Dobermannsdorf;1339;13,9;22,3;8,4;67,9;9,6;61,8;5,7;83,7;592;2,26;399;66;74;220
2019;30846;Parbasdorf;164;18,9;16,5;1,8;85,8;2,1;74,4;12,8;65,2;54;3,04;48;33;33;62
2019;30848;Prottes;1468;14,9;18,8;11,1;74,3;7,1;65,1;8,4;87,2;635;2,31;444;90;100;291
2019;30849;Raasdorf;639;15,5;18,3;20,3;79,9;3,3;62,6;11,3;65;251;2,5;178;65;82;554
2019;30850;Ringelsdorf-Niederabsdorf;1234;11,3;23,9;5,8;70,3;9,4;67,3;4,9;85,7;578;2,13;378;62;66;185
2019;30852;Schönkirchen-Reyersdorf;1977;14;19,7;10,3;71,5;6,9;68,2;8,5;85,7;812;2,43;603;125;130;284
2019;30854;Spannberg;1002;16,3;17,5;6;73,6;5,2;71,3;6;78,1;420;2,39;305;73;78;265
2019;30856;Strasshof an der Nordbahn;10730;17,1;17,4;14,8;74,8;6,9;65,1;10,9;85,1;4401;2,43;3248;564;625;2004
2019;30857;Sulz im Weinviertel;1207;11,9;21,2;5,8;76,2;4,9;68;8,6;83,8;541;2,23;359;86;95;212
2019;30858;Untersiebenbrunn;1751;14,4;17,1;10,9;76;6,4;67,6;7,1;81,9;755;2,32;530;107;128;474
2019;30859;Velm-Götzendorf;774;13;24,5;6,1;73,9;4,5;71;6,7;81,3;364;2,13;247;57;61;131
2019;30860;Weikendorf;2028;16;20,7;9,5;71,5;7;68,1;10,9;83,4;814;2,49;617;135;143;322
2019;30863;Zistersdorf;5401;12,3;24,1;7,4;71,6;6,8;66,1;7,1;69,9;2390;2,2;1550;343;410;1760
2019;30865;Weiden an der March;991;13,4;19,5;13,7;72,8;5,9;63,8;9,7;70,9;357;2,69;276;119;130;349
2019;30902;Amaliendorf-Aalfang;1115;13;22,8;5,2;75,7;5,5;63,7;6,8;78,6;505;2,21;328;54;59;245
2019;30903;Brand-Nagelberg;1513;9,2;27,5;5;73,4;6;59,5;6,2;80,2;726;2,08;455;85;97;245
2019;30904;Eggern;684;13,2;22,1;1,6;77;5,7;62;4,4;79;316;2,16;180;55;61;119
2019;30906;Eisgarn;680;14,4;26,5;3,2;77,4;3;64,9;4,3;72,3;278;2,41;198;60;68;137
2019;30908;Gmünd;5318;12,3;25,6;13,5;68,8;9,8;58,9;10,7;46,6;2695;1,97;1484;474;619;5709
2019;30909;Großdietmanns;2224;13,6;21,3;2,6;78,1;3,6;67,2;6,3;82,6;944;2,36;681;148;160;353
2019;30910;Bad Großpertholz;1313;12,9;24,8;3,3;76,2;3,3;65,4;7,1;64;578;2,27;386;136;151;440
2019;30912;Großschönau;1209;16,2;19,3;1,4;78,7;1,8;68,9;8;64;440;2,72;341;145;152;393
2019;30913;Moorbad Harbach;736;13,9;20;5,2;74,3;3,9;63,7;9,3;57,5;284;2,59;210;79;86;685
2019;30915;Haugschlag;482;15,4;28,2;5,8;76,8;1,4;68,1;4,4;74,6;207;2,33;139;50;53;127
2019;30916;Heidenreichstein;3901;10,9;27,8;4,3;72,3;7,1;62,6;6,6;61,3;1796;2,17;1119;293;334;1765
2019;30917;Hirschbach;579;11,7;20;1;81;2,4;67,1;8,6;87,9;240;2,41;188;33;34;70
2019;30920;Hoheneich;1394;9,9;26,8;4,4;75,1;5,6;64,9;9,4;85;663;2,1;433;71;78;257
2019;30921;Kirchberg am Walde;1302;14,4;23,5;2,2;75;4,6;63;6,2;71;552;2,36;364;114;123;338
2019;30925;Litschau;2191;9;31,4;4,1;71,8;5,9;63;7;58,7;1064;1,97;589;175;201;793
2019;30929;Reingers;617;13;21,4;1,6;79,8;3,5;65,4;5,2;73,5;268;2,3;170;76;81;176
2019;30932;St. Martin;1083;13,5;22,1;2,4;78,9;3,6;64,4;6,7;73,5;396;2,73;307;113;125;261
2019;30935;Schrems;5385;12,1;25,3;6,3;71,5;5,7;59,3;6,9;55,5;2436;2,16;1553;289;339;3435
2019;30939;Unserfrau-Altweitra;985;14;21,6;1,7;81,1;3,3;64,8;8,4;72,2;385;2,56;277;112;116;275
2019;30940;Waldenstein;1203;15;17,5;1,4;81,9;3,1;64,7;7,8;83,9;476;2,53;352;95;100;169
2019;30942;Weitra;2646;12,5;26,7;3;77,9;2,1;63;9,2;62,1;1141;2,22;729;257;294;1339
2019;31001;Alberndorf im Pulkautal;747;14,1;23,7;2,3;73,8;6,5;70,6;4,7;86,6;339;2,2;229;50;56;121
2019;31008;Göllersdorf;3074;13,5;19;8,5;73;4,3;67,1;9,8;75,4;1251;2,38;873;230;244;939
2019;31009;Grabern;1696;16,9;15,1;8,7;74,6;3,3;67,5;8,7;82,9;664;2,55;502;108;111;266
2019;31014;Guntersdorf;1142;13,9;19,6;3,9;76,7;4,2;67,4;6,3;77,4;487;2,34;328;98;109;296
2019;31015;Hadres;1706;12;22,7;4,1;71,6;6,6;63,1;6,7;76,8;754;2,26;511;123;135;376
2019;31016;Hardegg;1310;11,5;26,9;5,2;75;4,2;68,1;5,7;71,2;603;2,17;388;117;125;370
2019;31018;Haugsdorf;1553;12,4;27,4;4,2;69,4;7;62,7;5,1;71,9;721;2,15;461;136;151;453
2019;31019;Heldenberg;1348;16,8;17,8;5,3;78,9;3,2;67,6;9,3;83,3;556;2,42;404;110;116;226
2019;31021;Hohenwarth-Mühlbach a.M.;1314;13,2;22,8;4,5;72,5;5,6;64,7;8,2;74;535;2,44;406;107;114;284
2019;31022;Hollabrunn;11852;13,3;20,2;9,9;71,6;4,9;62;14,4;61;5247;2,17;3288;853;1075;6808
2019;31025;Mailberg;570;11,8;26;3,7;71,8;5,4;64,4;5,8;73,7;273;2,09;158;54;59;168
2019;31026;Maissau;1945;12,2;23,9;3,5;78,1;3,3;69,6;10,2;76,4;876;2,19;581;146;164;576
2019;31028;Nappersdorf-Kammersdorf;1213;11,2;24,2;5,9;72,4;5,8;64,9;8,3;77,2;541;2,24;365;108;115;269
2019;31033;Pernersdorf;1022;13,8;23;2,8;73,2;7,1;65,3;5,2;84;466;2,19;294;59;64;166
2019;31035;Pulkau;1550;14,3;26,7;3,8;75,8;3,7;64,5;10,5;69,8;691;2,24;432;140;153;476
2019;31036;Ravelsbach;1587;11,6;21,7;4,9;75;6,3;67,1;8,4;77,6;727;2,18;465;121;135;401
2019;31037;Retz;4240;11,6;25,4;5,6;69,5;5;60,2;11,3;59,3;1862;2,14;1127;342;404;2375
2019;31038;Retzbach;1018;12,4;26,4;5,1;75,3;4,1;64,6;7,4;70,5;469;2,17;291;108;116;269
2019;31041;Schrattenthal;873;13,1;25,2;3,3;76,8;3,3;69,7;7,6;73,6;377;2,32;263;93;99;200
2019;31042;Seefeld-Kadolz;944;11;27;4,9;65,3;10;66,9;4,3;82,1;467;2,02;280;52;59;175
2019;31043;Sitzendorf an der Schmida;2139;12,5;23,3;3,2;78,7;3,1;65,5;8,8;72,2;930;2,29;629;210;222;525
2019;31051;Wullersdorf;2362;13,2;21,1;3,9;74,6;5,7;66,3;8,7;75,1;1018;2,3;687;214;230;634
2019;31052;Zellerndorf;2423;12,1;23,4;2,7;73,8;4,5;65,5;9,4;76,1;1059;2,27;722;181;197;598
2019;31053;Ziersdorf;3399;13,9;19,6;4,6;74,6;5,1;65,9;9;77,6;1447;2,34;1005;216;248;758
2019;31101;Altenburg;815;16;19,3;3,6;77,3;1,9;68;10,4;79,3;312;2,58;222;59;64;186
2019;31102;Brunn an der Wild;838;13,6;21,7;3,2;80,4;3,2;71,7;6,5;69,4;333;2,52;252;96;107;403
2019;31103;Burgschleinitz-Kühnring;1339;12,8;18,7;1,6;74,4;2,7;68,1;7,5;75,7;549;2,44;398;127;137;349
2019;31104;Drosendorf-Zissersdorf;1198;13,4;28;4,1;73,6;4;65,7;9,6;63,7;547;2,19;341;193;208;419
2019;31105;Eggenburg;3507;12,9;25,7;6,4;72;4;61,1;13,9;64;1611;2,13;960;223;276;2152
2019;31106;Gars am Kamp;3490;12;25,3;4,8;75,4;4;67,2;12;61,5;1652;2,11;1015;320;353;1614
2019;31107;Geras;1278;12,6;25,5;2,9;79,8;1,8;68,5;5,9;62,1;538;2,36;364;157;170;563
2019;31109;Horn;6418;13;23,9;8,2;73,3;4,8;62,9;12,5;49,3;2993;2,1;1764;714;885;6641
2019;31110;Irnfritz-Messern;1445;15,2;19;1,7;78,2;2,2;68,4;6,6;69,2;571;2,53;412;139;152;434
2019;31111;Japons;716;13,3;21,9;2,8;77,8;2,4;69,2;5,3;74,8;294;2,44;207;81;85;160
2019;31113;Langau;674;9,5;30;3,9;76;3,7;67,7;4,9;76,1;300;2,25;193;58;66;138
2019;31114;Meiseldorf;874;12,2;21,2;0,9;77,5;1,9;66,9;8,5;79,6;348;2,51;247;78;79;174
2019;31117;Pernegg;702;13,1;24,6;1,4;83,3;1,6;69,7;7,5;70,5;273;2,57;201;80;85;224
2019;31119;Röhrenbach;529;13,2;24,4;1,7;83,6;1,4;68;8,7;66,7;203;2,61;156;81;85;148
2019;31120;Röschitz;1061;12,9;22,6;2,8;78,8;3,7;65,4;9,3;72,8;457;2,32;322;101;108;242
2019;31121;Rosenburg-Mold;842;11,8;25,1;9,7;75,8;3,8;67,2;6,6;75,6;390;2,16;247;101;114;399
2019;31123;St. Bernhard-Frauenhofen;1295;15,1;19,3;1,9;78,6;3,1;69,6;8,7;79,8;509;2,54;384;111;143;663
2019;31124;Sigmundsherberg;1633;12,9;24;2;75,7;3,4;69,3;7,7;79,8;732;2,23;476;118;137;431
2019;31129;Weitersfeld;1552;13,7;25,5;2,6;77,8;2,3;67,7;9,2;63;656;2,37;455;198;217;503
2019;31130;Straning-Grafenberg;729;14,3;24,4;3,2;77,4;2;65;8,5;76,8;304;2,4;215;71;75;128
2019;31201;Bisamberg;4803;16;21;9,5;75,8;3,9;58,8;27,2;82,2;2097;2,29;1408;431;465;1421
2019;31202;Enzersfeld im Weinviertel;1753;14,5;20;6,2;79,1;3;70,1;13,9;82,8;761;2,3;539;151;160;458
2019;31203;Ernstbrunn;3264;13,8;20,5;7,1;79,8;3,7;67,8;9,5;69,3;1415;2,31;943;284;313;1142
2019;31204;Großmugl;1605;13,4;19,6;4,6;78,2;4,1;71,5;10;79,5;668;2,4;478;158;166;299
2019;31205;Großrußbach;2213;15;19,2;6,6;78,6;3,5;66,7;13,1;80,9;926;2,39;638;168;180;448
2019;31206;Hagenbrunn;2276;15,3;16,8;11,6;78,8;3,5;61,7;19,9;79,2;982;2,32;693;339;382;2185
2019;31207;Harmannsdorf;4033;15,1;20,9;4,9;78,7;3,2;66,5;15,1;81,5;1725;2,34;1222;305;325;964
2019;31208;Hausleiten;3777;16,3;15,4;6,1;78,7;3,8;68,8;11,6;80,3;1546;2,44;1120;299;322;926
2019;31213;Korneuburg;13370;13,3;17,4;15,5;74;5,9;59,6;18,5;76,5;6352;2,06;3689;994;1195;7964
2019;31214;Langenzersdorf;8055;13,7;22,8;9,6;74,2;4,1;60,3;25,4;81,3;3683;2,18;2352;708;791;2877
2019;31215;Leitzersdorf;1196;12;18,9;5,1;76,4;4,6;65,8;15,3;82,5;505;2,37;363;126;132;246
2019;31216;Leobendorf;4884;14,3;19,4;7,3;75,8;3,8;63,5;18,4;78,4;2115;2,3;1440;408;464;3393
2019;31224;Rußbach;1413;16,3;18,5;3,9;78,9;4;69,7;8,5;79,8;546;2,59;426;122;129;295
2019;31226;Sierndorf;3971;15,7;18,1;4,9;77;4,3;67,2;12,5;80,8;1581;2,5;1233;294;316;899
2019;31227;Spillern;2428;14,8;15,9;9,3;77,2;4,6;66,9;13,4;87,9;1091;2,23;733;151;165;585
2019;31228;Stetteldorf am Wagram;1059;15,8;18,9;6,7;79,2;4,5;69,7;9,6;78,2;443;2,39;294;87;95;236
2019;31229;Stetten;1369;16,4;17;5,1;78,9;4,5;68,1;13,8;85,9;596;2,3;421;119;139;599
2019;31230;Stockerau;16857;13,6;19,7;14;74,9;6,3;62,2;15,1;68,6;7918;2,1;4754;1053;1288;8078
2019;31234;Niederhollabrunn;1553;14,7;17,1;6,6;75,8;2,4;67,1;12,5;78,5;622;2,5;467;133;146;328
2019;31235;Gerasdorf bei Wien;11375;15,1;19,1;11,5;74,8;4,6;65,4;14,8;82,6;4694;2,41;3422;845;1044;5488
2019;31301;Aggsbach;637;11,1;27,3;5,5;79,6;3,9;68,9;10,1;80,6;293;2,17;192;48;52;113
2019;31302;Albrechtsberg an der Großen Krems;1027;13,1;23,5;2;79,4;2,2;65,7;8,1;68,5;395;2,6;299;99;106;265
2019;31303;Bergern im Dunkelsteinerwald;1265;13,9;20,3;2;80,2;2,3;69,1;11,7;80,4;528;2,39;391;97;107;221
2019;31304;Dürnstein;843;12,5;25,1;5,5;76,8;1,8;62,2;15,7;59,3;375;2,25;245;125;139;624
2019;31308;Grafenegg;3138;15,9;17,8;6,5;79,1;3;65,8;11,2;74,1;1328;2,36;966;282;307;999
2019;31309;Furth bei Göttweig;2970;14,8;20,2;7,2;77,3;3,2;63,5;17,3;81;1272;2,3;835;292;312;969
2019;31310;Gedersdorf;2167;12,8;20;6,9;77,1;3,5;64,5;9,5;83,2;855;2,53;670;140;155;762
2019;31311;Gföhl;3786;13;20,9;3,6;78,5;3,3;68,1;8,1;69,3;1620;2,34;1114;333;367;1233
2019;31315;Hadersdorf-Kammern;1951;12,5;22,5;6;76,5;2,5;66,9;9,7;85;911;2,14;572;119;138;550
2019;31319;Jaidhof;1210;18,2;14,6;3,6;78,2;3,1;66,5;10,2;77,2;455;2,63;331;127;133;293
2019;31321;Krumau am Kamp;752;12,1;29;3,5;72;3,8;64,3;7,3;77,7;328;2,29;222;71;76;130
2019;31322;Langenlois;7583;13,6;21,3;6,9;77,9;3,9;62,7;13,9;64,3;3323;2,26;2184;811;894;3542
2019;31323;Lengenfeld;1376;14,4;18,4;3,6;77,4;2,4;67,7;9,5;79,2;549;2,51;414;107;116;273
2019;31324;Lichtenau im Waldviertel;2019;14,3;19,8;2,1;81,1;2,2;64,3;4,6;73,2;787;2,55;558;205;224;545
2019;31326;Maria Laach am Jauerling;917;14,9;21,7;2;80;2,6;66,3;8,2;66,8;344;2,67;267;109;114;341
2019;31327;Mautern an der Donau;3554;12,9;23;7,2;76,3;4,4;63,7;16;82,3;1632;2,12;1005;208;233;1417
2019;31330;Mühldorf;1296;11,6;24,5;3,5;78,4;2,9;65,7;7,3;72,5;534;2,43;384;116;125;274
2019;31333;Paudorf;2572;14,5;21,1;4,7;74,4;3,5;67,5;12,2;81,3;1095;2,32;766;144;162;599
2019;31336;Rastenfeld;1573;16,9;19,3;2,6;79,5;2,8;68;8,4;65,6;672;2,32;443;124;140;1106
2019;31337;Rohrendorf bei Krems;2117;16,1;18,5;7,9;78;3,2;63;13,9;79,5;824;2,57;628;172;189;621
2019;31338;Rossatz-Arnsdorf;1057;11,3;26,8;5,5;79,1;2,2;66,7;13,3;67,9;446;2,37;309;125;135;271
2019;31340;St. Leonhard am Hornerwald;1115;14,7;21,2;3,9;78,7;2,7;67,2;7,5;64,7;430;2,59;319;149;163;397
2019;31343;Senftenberg;1985;12,8;24;8,8;78,9;5;63,3;12,5;83,1;918;2,16;571;137;150;372
2019;31344;Spitz;1575;10,7;25;6,7;77,9;2,9;68,1;12,1;55,7;675;2,33;464;206;232;843
2019;31346;Straß im Straßertale;1715;15,3;20,8;6,4;77,8;3,7;64,4;11,4;75,8;709;2,41;513;155;162;363
2019;31347;Stratzing;845;12,7;18,2;6,6;81;3,2;62,6;18,4;81,4;326;2,59;265;72;74;185
2019;31350;Weinzierl am Walde;1243;13;23,9;1,5;84,6;1,1;65,6;5,3;72,8;458;2,71;368;131;134;288
2019;31351;Weißenkirchen in der Wachau;1399;11,4;25;3,2;79,6;2;67,2;14,2;55,8;579;2,42;422;216;230;761
2019;31355;Schönberg am Kamp;1858;13,5;23,4;4,3;76,7;3,4;66,4;12,3;75,5;838;2,21;539;194;206;462
2019;31356;Droß;1028;17,1;15,1;4,5;77,6;2;64,3;18,1;85,8;370;2,78;306;65;71;135
2019;31401;Annaberg;525;12,8;30,5;8,4;77,9;3,5;73,6;9;45,8;238;2,21;141;78;89;242
2019;31402;Eschenau;1310;15,3;19,2;6;76,6;5,2;69,5;6;79,1;508;2,45;366;115;122;377
2019;31403;Hainfeld;3805;14,4;24,3;10,9;74,7;6,4;65;7,1;58,2;1683;2,21;1016;282;315;3945
2019;31404;Hohenberg;1506;13,6;25,3;8,5;76,7;5,1;68,5;6,8;59,9;699;2,14;430;124;136;598
2019;31405;Kaumberg;1054;13,8;18,7;8,2;78,2;3,2;71,2;10,1;71,1;434;2,43;298;116;120;259
2019;31406;Kleinzell;880;15,7;21,5;6,9;76,9;3,7;68,5;6,6;59,6;337;2,61;240;115;124;350
2019;31407;Lilienfeld;2659;14;21,9;15,1;71,9;8,1;59,5;13;54,4;1243;2,11;729;199;252;2525
2019;31408;Mitterbach am Erlaufsee;482;9,8;31,7;6,8;79,4;2,9;72,4;8;65,5;210;2,25;136;57;68;187
2019;31409;Ramsau;831;13,4;21,9;11,1;79,9;3,9;67,5;7,8;67,7;366;2,27;232;85;91;316
2019;31410;Rohrbach an der Gölsen;1549;14,8;20,1;4,7;76,5;5;69,9;9,5;75,1;669;2,3;435;107;117;1321
2019;31411;St. Aegyd am Neuwalde;1868;13;28,9;5,9;75;4,4;71,5;6,4;53;882;2,12;530;160;177;706
2019;31412;St. Veit an der Gölsen;3895;15,6;19,9;7,1;76,3;4,1;67,3;8,8;76,1;1632;2,39;1129;466;493;1018
2019;31413;Traisen;3410;12,5;23,1;18,2;67,7;10,7;58,3;6,1;70,3;1630;2,08;962;142;188;1598
2019;31414;Türnitz;1922;13,4;25,3;4,1;73,8;4,3;66,7;7,9;64,6;771;2,39;527;138;163;718
2019;31502;Artstetten-Pöbring;1209;17,9;19;2,8;82,7;2,1;69,3;9;73,6;399;3,03;353;110;112;289
2019;31503;Bergland;1933;16,8;16,3;4,4;80;2,3;71,6;7,5;75,5;685;2,79;552;189;209;1086
2019;31504;Bischofstetten;1218;14,7;18,4;5,6;78;5,3;68,8;6,4;80,9;497;2,45;361;88;94;225
2019;31505;Blindenmarkt;2681;17;16,3;11,2;75,5;3,9;65,2;8,6;81;1081;2,46;762;140;160;635
2019;31506;Dorfstetten;586;16,9;14,3;1,2;80,9;2,6;67,8;2,7;67,7;207;2,83;166;62;64;161
2019;31507;Dunkelsteinerwald;2396;14,3;16,7;3,5;78,6;2,6;70,2;9,5;81,7;917;2,61;707;196;210;467
2019;31508;Erlauf;1088;14,6;22,5;7,1;76,8;3,5;69,3;6,9;82,6;436;2,5;322;72;78;196
2019;31509;Golling an der Erlauf;1506;13;18,7;11;72,6;6,6;62,7;3,9;92,5;706;2,13;442;38;47;178
2019;31511;Hofamt Priel;1702;16;18,2;3,5;79,7;2,4;66,4;9,7;83,7;681;2,5;513;91;100;296
2019;31513;Hürm;1864;15,6;16;3,8;82,7;2,1;69,1;9,2;71,8;680;2,74;540;199;211;777
2019;31514;Kilb;2560;15,9;17,5;3,2;80,8;1,9;66,9;9,9;69,7;1016;2,52;723;251;267;896
2019;31515;Kirnberg an der Mank;1090;18,8;15,9;1,3;82,7;1,5;70,5;6,4;75,9;393;2,77;312;83;92;242
2019;31516;Klein-Pöchlarn;1021;13,4;20,9;5,9;77,2;2,8;69;9,8;84;477;2,14;297;65;72;232
2019;31517;Krummnußbaum;1529;16,3;18,1;6,8;74,7;4,2;65,3;10,2;78,9;626;2,42;462;85;99;488
2019;31519;Leiben;1362;14,7;18,4;5,4;77,8;3,7;72,5;6,5;83,2;601;2,26;375;82;94;239
2019;31520;Loosdorf;3804;15,6;18,6;5,9;74,6;4,6;66,2;9,1;74,1;1692;2,23;1106;234;283;2240
2019;31521;Mank;3232;15,4;21,3;5,9;77,7;2,8;65,9;9;63,9;1176;2,62;875;263;297;1524
2019;31522;Marbach an der Donau;1700;14,8;18,8;7,5;76,7;3,4;69,7;7,9;78;725;2,34;500;299;307;616
2019;31523;Maria Taferl;908;17,3;15,9;5,4;78,7;3,6;68,8;7,7;74,8;357;2,54;261;61;63;225
2019;31524;Melk;5636;14,3;21,4;14,8;74,2;4,8;60,9;15,8;60,8;2537;2,16;1544;430;581;5148
2019;31525;Münichreith-Laimbach;1639;14,3;19,4;2,7;79,2;1,3;64,8;5,3;73;623;2,63;485;137;147;409
2019;31527;Neumarkt an der Ybbs;1992;15,4;17,6;7,7;78,8;2,2;67,6;8,5;85,3;868;2,28;592;106;126;504
2019;31528;Nöchling;1047;18,2;15,1;2,7;79,9;1,7;66,5;7,7;68,6;391;2,68;284;100;106;271
2019;31530;Persenbeug-Gottsdorf;2173;13;18,4;5,5;77,9;2,2;69,5;8,3;79,7;1005;2,16;633;133;159;774
2019;31531;Petzenkirchen;1424;13,7;19,1;14,4;79,3;4,3;66,5;8,5;77,8;637;2,24;417;224;235;1034
2019;31533;Pöchlarn;3961;12,9;21,8;13,1;74,2;5,6;63,8;8,9;67,1;1753;2,19;1120;265;328;2831
2019;31534;Pöggstall;2422;14,9;22,9;4,1;78,7;2,7;64,9;7,1;58,2;958;2,53;691;260;295;1138
2019;31535;Raxendorf;1047;15,7;17,7;2,2;81,5;2;69,2;5;72,5;375;2,75;300;113;118;249
2019;31537;Ruprechtshofen;2291;15;17,2;4,9;82;3;67,9;7,9;74;863;2,64;664;201;224;939
2019;31539;St. Leonhard am Forst;3038;14,9;20,5;2,9;79,5;1,9;67,5;7,8;75,1;1177;2,55;891;258;286;854
2019;31540;St. Martin-Karlsbach;1636;14,1;19,4;1,8;79,6;2,4;67,9;9,1;77,9;620;2,64;509;111;122;574
2019;31541;St. Oswald;1123;16,7;16,9;2,8;80,6;1,7;64,4;6;66,2;337;3,33;300;108;113;275
2019;31542;Schönbühel-Aggsbach;957;10,8;21,5;3,6;75,6;2,7;67,2;13,8;82,7;446;2,15;289;74;84;175
2019;31543;Schollach;1010;16,4;13,9;3,8;79,4;1,7;69,1;10,3;82,8;377;2,68;311;62;70;292
2019;31546;Weiten;1099;14,3;19,2;3,6;75,9;2,7;66,3;5,3;73,5;408;2,69;314;90;104;325
2019;31549;Ybbs an der Donau;5592;13,8;21,8;15,3;73,7;4,6;62,1;9,2;63,5;2292;2,32;1487;413;514;3940
2019;31550;Zelking-Matzleinsdorf;1218;13,5;20;3,7;80,2;2,5;70,4;10,2;81,2;460;2,65;368;102;109;217
2019;31551;Texingtal;1668;17,9;16,4;3,8;80,9;2,4;68,3;6,6;67,2;581;2,83;463;151;161;559
2019;31552;Yspertal;1988;15,5;20,5;2,3;79,5;1,9;65,4;7,8;65,7;736;2,61;552;179;197;708
2019;31553;Emmersdorf an der Donau;1765;15,1;19,4;5,9;77,2;2,2;68,6;13;78,6;691;2,55;528;135;154;388
2019;31601;Altlichtenwarth;769;11,4;22,8;8,8;66,8;8,2;66,2;4;79,8;337;2,28;240;54;60;134
2019;31603;Asparn an der Zaya;1875;15,6;19,3;5,1;75,7;6,5;67,3;7,2;80,3;776;2,42;558;115;124;401
2019;31604;Bernhardsthal;1571;10,3;28,8;9,5;66,7;8,2;67,4;5,3;79,4;794;1,98;483;94;110;250
2019;31605;Bockfließ;1339;13;21,7;11;69,6;5,2;66,3;10;78,8;579;2,31;416;122;127;344
2019;31606;Drasenhofen;1104;11,7;26,7;9,8;73,8;6,7;64,9;5,6;67,5;477;2,31;328;120;135;494
2019;31608;Falkenstein;481;11,6;27;7,3;78,3;2,5;64,5;16,7;71,7;209;2,3;142;56;60;145
2019;31609;Fallbach;817;11,4;24,6;4,2;79,5;3;64,8;8,4;78;329;2,48;242;74;80;240
2019;31611;Gaubitsch;881;14,8;16,8;2;79,4;3,2;70,6;7,9;82,9;347;2,54;260;61;66;166
2019;31612;Gaweinstal;3985;14,4;19,6;8,5;77,7;5,8;68,5;9,5;82,1;1731;2,3;1196;233;257;771
2019;31613;Gnadendorf;1144;12,5;24,1;3,1;76;4,2;66,8;7,9;81;507;2,26;338;94;101;187
2019;31614;Großebersdorf;2197;11,7;23,2;7,8;75,6;4;68,6;12;81,3;1000;2,2;673;223;240;1248
2019;31615;Großengersdorf;1496;15;19,2;11,6;76,4;3,9;66,3;8,3;81,8;606;2,47;437;96;101;341
2019;31616;Großharras;1117;11,3;23,5;2,3;71,8;5;64,5;6;79;502;2,23;323;77;87;285
2019;31617;Großkrut;1605;12,7;22,4;2,9;76,3;3,7;67,7;7,7;83,4;743;2,16;479;87;100;341
2019;31620;Hausbrunn;861;11,4;24,5;11,7;69,6;8;65,4;3,9;85,4;434;1,98;253;43;48;101
2019;31621;Herrnbaumgarten;951;13,4;24,4;7,2;73,5;5,2;63,7;8,6;79,4;402;2,37;285;61;71;203
2019;31622;Hochleithen;1147;12,6;21,7;4,5;76;3,9;68,8;9,9;84,5;506;2,27;361;78;86;166
2019;31627;Kreuttal;1485;11,6;22,6;5,7;77,1;3,5;69,4;13,6;85,8;661;2,25;450;103;110;196
2019;31628;Kreuzstetten;1545;14,4;19,7;5;73,7;5,8;66,4;14,9;82,2;680;2,27;457;104;109;212
2019;31629;Laa an der Thaya;6237;13,2;21,6;6,1;73,3;5,4;65,6;9,1;55,3;2806;2,19;1756;376;460;3263
2019;31630;Ladendorf;2282;13,2;19,4;5,6;75,4;5,2;69,1;8,9;83;968;2,36;679;154;164;389
2019;31633;Mistelbach;11566;13,2;20,8;7,7;74,6;4,8;65;12,4;58,3;5335;2,12;3213;1603;1834;8637
2019;31634;Neudorf im Weinviertel;1407;15,1;16,9;2,6;71,8;7,3;67,3;6,3;78,7;591;2,38;407;100;108;226
2019;31636;Niederleis;892;13,3;19,2;3,8;79,9;3,6;70,2;8,9;85,2;393;2,27;272;56;62;148
2019;31642;Pillichsdorf;1163;15,5;19,5;4,4;75,1;3,5;66,7;15,5;84,8;488;2,38;348;75;78;216
2019;31644;Poysdorf;5506;13,2;23,4;8,8;72,8;4,9;64,5;7,9;61,7;2334;2,29;1571;419;487;2949
2019;31645;Rabensburg;1093;13,5;26,6;10,4;63,9;10,2;66,5;4,9;88;522;2,09;324;40;48;92
2019;31646;Schrattenberg;825;12,2;27,3;7,5;67,1;5,4;62,2;3,6;72,1;364;2,27;249;58;64;166
2019;31649;Staatz;1912;11,7;21,8;3,3;76,7;4,2;69,6;7;82,4;828;2,31;577;120;131;334
2019;31650;Stronsdorf;1621;13;20,2;3,9;76;5;68,2;5,5;72,8;672;2,41;476;141;153;513
2019;31651;Ulrichskirchen-Schleinbach;2621;13,3;21,1;7,5;78,3;4,3;67,3;13,2;87,1;1191;2,2;784;146;154;317
2019;31652;Unterstinkenbrunn;556;12,2;20,7;1,4;75,9;6,2;72,1;6,1;80,4;227;2,45;158;44;49;118
2019;31653;Wildendürnbach;1575;14,7;22;4,6;77,1;3,7;65,3;7;77,7;648;2,43;450;112;119;316
2019;31654;Wilfersdorf;2135;13,6;18,7;6,2;73,8;6;71,1;5,7;83,4;925;2,3;649;126;142;556
2019;31655;Wolkersdorf im Weinviertel;7299;15;19,8;9,5;76,2;4,6;62,8;18,6;71,1;3228;2,22;2092;659;765;5133
2019;31658;Ottenthal;537;9,7;22,9;3;78,2;1;65,8;6,6;81,7;210;2,56;152;45;50;91
2019;31701;Achau;1425;17,1;15,4;9,8;81,2;4,2;66,9;12,7;81,9;635;2,24;409;109;138;796
2019;31702;Biedermannsdorf;3131;12,6;23,1;10,4;76,1;3,4;62,9;21,5;82;1473;2,12;935;369;410;4311
2019;31703;Breitenfurt bei Wien;5866;12,1;26,8;10,3;75,6;3,7;60,9;23,9;76,4;2551;2,24;1733;574;611;1673
2019;31704;Brunn am Gebirge;11976;15,6;19;14;77,4;4,7;59,3;23,2;80,9;5417;2,21;3438;1201;1389;9585
2019;31706;Gaaden;1645;12,9;18,2;8,9;74;3,4;60,2;26,1;80,8;691;2,37;500;691;706;887
2019;31707;Gießhübl;2367;18,3;18,8;8,6;74,6;3,2;51,9;34,6;80,3;949;2,49;704;302;319;600
2019;31709;Gumpoldskirchen;3901;17,1;18,5;10,4;78,5;4,7;60,1;24,1;75,9;1818;2,15;1103;357;398;3245
2019;31710;Guntramsdorf;9227;13,3;20;14,3;74,2;6,2;62,2;15,2;78,7;4294;2,12;2666;738;845;7276
2019;31711;Hennersdorf;1545;12,4;21,5;6,7;77;3,9;64,3;18,8;84,6;709;2,18;468;111;123;451
2019;31712;Hinterbrühl;3966;15,9;23,3;12,4;74,1;4,1;54,9;29,6;78,3;1621;2,35;1118;436;472;1437
2019;31713;Kaltenleutgeben;3341;13,3;18,9;11;75,3;5,9;62,7;19;83,5;1545;2,16;982;222;237;482
2019;31714;Laab im Walde;1113;12;26,1;9,3;76,2;2,7;56,6;26,1;76,1;463;2,27;319;86;94;395
2019;31715;Laxenburg;2886;12,8;25,2;14;76,3;3,8;57,8;23,1;78,6;1273;2,14;787;250;295;2236
2019;31716;Maria Enzersdorf;8627;14,4;25,5;13,3;75,1;4,5;53,8;30;81,1;3941;2,15;2389;809;872;4104
2019;31717;Mödling;20562;13,4;22,1;17,5;75,1;5,5;54,2;26,6;74,2;10029;2,02;5513;2088;2356;11428
2019;31718;Münchendorf;2960;16,3;18,1;8,8;78,7;4,6;65,1;17,1;81,1;1317;2,25;895;263;286;1314
2019;31719;Perchtoldsdorf;15013;14,3;25,4;9,3;75,4;4;54,1;31,9;76,5;6802;2,2;4273;1528;1638;7250
2019;31723;Vösendorf;7295;13,4;15,9;14,3;78,1;5,5;63,6;14,5;80,7;3414;2,1;2054;593;878;8917
2019;31725;Wiener Neudorf;9341;12,7;23,1;12,8;74,5;5,8;64;15,8;80,5;4460;2,09;2644;827;1010;14476
2019;31726;Wienerwald;2897;15,2;18,8;7,4;77,4;4,5;65,5;19,5;78,2;1187;2,4;862;285;295;566
2019;31801;Altendorf;357;15,1;17,6;3,4;75,8;8,7;70,6;8,6;82,8;146;2,45;101;29;30;50
2019;31802;Aspang-Markt;1783;12,2;23,2;3,5;78,2;2,9;66,9;13;73,3;887;2,01;492;160;202;980
2019;31803;Aspangberg-St. Peter;1858;14,9;22,2;2;75,2;3,3;67,4;9,4;73,8;732;2,51;530;184;198;640
2019;31804;Breitenau;1579;15,1;16,7;5,3;81,4;4,6;72;10,2;86;739;2,14;489;89;96;619
2019;31805;Breitenstein;315;7,6;27;9,2;73,8;3,7;67;10;73,7;144;2,08;94;27;34;161
2019;31806;Buchbach;352;12,8;25;3,4;75,8;0,6;66,4;16,3;86,7;148;2,38;106;19;19;31
2019;31807;Edlitz;904;13,2;21,1;4,2;78,1;4,4;66;11,5;79,4;402;2,25;255;87;92;234
2019;31808;Enzenreith;1986;14;22,8;4,9;76,6;3,4;69;10,9;84,2;860;2,3;609;134;143;437
2019;31809;Feistritz am Wechsel;1033;13,8;22,2;2;79;2,4;71,5;7,9;76,5;420;2,46;299;94;100;220
2019;31810;Gloggnitz;5920;12,4;24,2;12,7;70,9;7,8;63,8;7,6;67,4;2807;2,06;1652;333;431;3005
2019;31811;Grafenbach-St. Valentin;2208;12,9;20,4;7,1;74,5;6;68,9;9,8;86,7;1011;2,17;646;111;120;287
2019;31812;Grimmenstein;1319;12,4;24,3;4,2;76,9;5,1;65,2;10,1;72,2;607;2,11;376;91;105;1010
2019;31813;Grünbach am Schneeberg;1573;14,7;23,6;9,6;71,9;8,9;64,4;8,8;81,4;739;2,08;442;102;115;298
2019;31814;Kirchberg am Wechsel;2510;15,5;22,7;4,4;79,3;3;65;13,4;64,6;1042;2,35;673;243;258;1002
2019;31815;Mönichkirchen;618;11,5;25,1;3,6;70,9;5,2;65,4;8,4;66,8;245;2,44;176;83;94;266
2019;31817;Natschbach-Loipersbach;1698;13,3;19,3;5,1;74,2;4,4;70;10,9;83,6;689;2,44;519;100;106;657
2019;31818;Neunkirchen;12712;15,4;19;18,4;65,5;12;55,7;10;66,8;5686;2,21;3417;826;1041;7055
2019;31820;Otterthal;589;15,1;17,3;4,1;80,9;4,1;68,2;9,2;84;220;2,68;167;40;43;122
2019;31821;Payerbach;2060;12,5;25,8;8,6;72,5;7,5;66,9;11,7;79,7;1045;1,97;569;148;170;606
2019;31823;Pitten;2855;14,7;21,9;7,2;74,2;6;66,2;14;79,3;1325;2,15;821;181;198;927
2019;31825;Prigglitz;430;9,8;22,1;6,5;76,1;6,9;70,4;7,5;75,1;180;2,39;126;44;46;131
2019;31826;Puchberg am Schneeberg;2693;11,1;28,6;6,2;73,6;5,6;68,7;9,9;59,7;1288;2,07;754;270;303;991
2019;31827;Raach am Hochgebirge;303;18,2;20,1;2;84,5;2,9;69,4;12,5;72,4;122;2,48;87;44;46;85
2019;31829;Reichenau an der Rax;2512;10,9;29,4;8,8;71,2;5,7;65,5;11,7;56,8;1283;1,94;709;224;266;1361
2019;31830;St. Corona am Wechsel;388;16,5;22,7;4,1;78,8;4,4;70,1;10,5;69,9;133;2,91;109;35;41;158
2019;31831;St. Egyden am Steinfeld;2046;16,7;18,5;4,4;76,2;4,7;67,3;11,9;84,5;877;2,32;613;112;123;460
2019;31832;Scheiblingkirchen-Thernberg;1889;13,4;20,9;2,7;76,7;3,5;65,6;12,7;74,9;659;2,73;536;166;182;632
2019;31833;Schottwien;679;14,3;19,3;10,9;76,7;5,9;69,2;6,9;81,1;338;2,01;190;51;55;182
2019;31834;Schrattenbach;385;14,3;20,8;6,2;75,2;4,9;74,5;7,9;77,1;166;2,32;115;42;46;147
2019;31835;Schwarzau am Steinfeld;2016;15,8;17;6,4;71,2;5,8;68,5;9,8;87,1;845;2,28;569;104;112;447
2019;31836;Schwarzau im Gebirge;613;12,6;24,5;9;79,8;2,2;69,8;4,7;56,1;285;2,15;156;73;83;282
2019;31837;Seebenstein;1445;14,1;16,6;4,3;78,2;5,5;69,7;14,8;88,4;687;2,1;410;75;87;280
2019;31838;Semmering;526;9,5;32,7;16;64,1;9,2;68,5;11,1;65,3;285;1,75;122;57;70;393
2019;31839;Ternitz;14670;13,2;23,1;11,1;69,2;9,8;62,2;8,9;72,3;6905;2,11;4196;767;863;4517
2019;31840;Thomasberg;1265;16,5;20;2,1;80,2;4,8;69,8;7;80,1;489;2,58;368;115;126;1151
2019;31841;Trattenbach;537;15,6;19,7;3;76,1;5,9;68,9;5,7;74,7;227;2,37;152;50;52;136
2019;31842;Bürg-Vöstenhof;167;17,4;25,1;4,8;83,3;3,5;68,8;11,6;70,7;59;2,83;50;21;21;48
2019;31843;Warth;1495;14,2;22,2;2,9;75,6;4,3;67;10,3;79,7;622;2,4;450;112;125;498
2019;31844;Wartmannstetten;1630;14,7;20,1;3,7;80,9;2,5;70;13,2;83;677;2,41;501;127;138;258
2019;31845;Willendorf;968;13,1;17,3;6,2;78,8;3,5;68,7;14,7;80,7;423;2,29;299;72;80;230
2019;31846;Wimpassing im Schwarzatale;1622;14,9;21,6;16,4;65,9;12,3;58,2;7;79;797;2,04;443;74;95;1226
2019;31847;Würflach;1577;14,3;22,4;4;75,3;4,6;67,2;13,6;85,4;698;2,26;488;113;123;281
2019;31848;Zöbern;1401;12,9;19,7;2,9;78,8;2,5;67,5;8,4;69,5;539;2,6;416;152;158;415
2019;31849;Höflein an der Hohen Wand;868;10,9;22,8;5;76,7;4;69,1;12,7;82,4;425;2,04;258;72;77;194
2019;31901;Altlengbach;3042;14,9;18,9;8,8;77,3;4,8;68,2;12,1;77,5;1351;2,25;882;248;271;1054
2019;31902;Asperhofen;2251;15,5;16,1;8,2;81,1;2,4;68,6;9,6;75,9;894;2,51;666;220;229;630
2019;31903;Böheimkirchen;5106;15;17,5;8;76,8;4,7;66,5;11,4;69,7;2185;2,33;1471;387;441;3045
2019;31904;Brand-Laaben;1236;15,5;18;5,3;77,6;3,6;67,2;13,4;72,1;521;2,37;351;126;134;296
2019;31905;Eichgraben;4648;15,7;21;10,7;76,2;4,4;62,7;22,2;81,7;1975;2,34;1363;343;369;781
2019;31906;Frankenfels;1936;16,1;21;1,8;80,7;2,7;67,8;5,2;64,1;735;2,62;576;184;193;530
2019;31907;Gerersdorf;993;16,6;22;6,1;78,5;2,8;68,7;12,4;80,2;375;2,62;292;103;118;366
2019;31909;Hofstetten-Grünau;2681;16,6;17,3;3,5;79,7;3;67,5;8,7;74,4;1026;2,61;784;207;224;652
2019;31910;Hafnerbach;1656;14,3;18,4;4,7;78,2;3,9;70,1;11,5;79,3;691;2,4;497;208;222;377
2019;31911;Haunoldstein;1225;17,1;14;8,3;76,9;6,4;69,7;8,7;87,2;499;2,43;360;63;70;137
2019;31912;Herzogenburg;7816;14,1;21,6;11,4;71;7,6;61,8;8,5;67,8;3430;2,24;2222;572;664;4040
2019;31913;Inzersdorf-Getzersdorf;1604;17,6;16;4,9;78,2;3,6;71;9,8;82,2;640;2,51;470;127;136;733
2019;31915;Kapelln;1388;15,6;16,8;5,3;80,5;2,5;70,1;10,2;75,1;529;2,62;410;142;151;409
2019;31916;Karlstetten;2187;14,8;18,8;4,4;76,6;4;67,1;11,6;77,5;881;2,47;663;163;177;629
2019;31917;Kasten bei Böheimkirchen;1407;17,8;16,8;3;78,5;4,8;67,6;14,2;77,5;541;2,6;395;128;139;343
2019;31918;Kirchberg an der Pielach;3198;14,7;21,7;3,6;79,4;3,6;67,8;8,3;66,3;1288;2,44;926;236;272;1085
2019;31919;Kirchstetten;2210;14,8;20,9;5,6;76,5;5;69,2;10,5;82,2;891;2,34;616;131;146;535
2019;31920;Loich;599;13,5;23,7;2,7;84;2,7;66;6,2;70;216;2,77;177;75;76;195
2019;31921;Maria-Anzbach;3061;15,7;21,8;8,3;75,3;3,8;61,4;21,2;79,4;1276;2,32;894;251;268;767
2019;31922;Markersdorf-Haindorf;2086;16,8;16;7,5;76,6;4,6;65,7;10,8;83,4;827;2,52;626;132;145;495
2019;31923;Michelbach;890;13,8;16,2;7,1;81,4;5,1;69,5;5,7;73,5;351;2,54;251;105;109;185
2019;31925;Neidling;1460;15,1;20,4;3,8;75,8;2,8;65,6;15,7;80;580;2,52;436;106;113;509
2019;31926;Neulengbach;8263;15,2;20;8,8;74,4;4,7;62,2;17,4;69,5;3417;2,36;2340;719;816;3295
2019;31927;Neustift-Innermanzing;1572;14,6;17,1;6,3;76,6;4,6;67,9;13;77,7;668;2,29;448;138;156;517
2019;31928;Nußdorf ob der Traisen;1794;14,7;17,5;3;78,1;3,8;70;10,4;79;780;2,3;540;154;167;991
2019;31929;Ober-Grafendorf;4592;13,6;20,9;9,2;76,1;5,8;66,1;10,6;73,9;2059;2,23;1370;312;349;2076
2019;31930;Obritzberg-Rust;2326;14,5;19,1;5,3;78,2;3,3;67,5;9,7;74,2;894;2,6;682;249;260;673
2019;31932;Prinzersdorf;1581;13;18,6;10,6;78,7;4,7;66,3;14;84,3;712;2,22;466;129;149;641
2019;31934;Pyhra;3549;15,2;19,3;6,6;79,4;3,6;66,2;12,5;73;1488;2,39;1026;331;350;887
2019;31935;Rabenstein an der Pielach;2555;15,1;16,9;4,9;79,1;3,8;70,1;7,6;77,9;1056;2,41;729;192;213;561
2019;31938;St. Margarethen an der Sierning;1010;14;18,4;2,8;77,2;3,4;67,7;11,9;82,2;404;2,5;313;98;103;202
2019;31939;Schwarzenbach an der Pielach;380;11,8;27,1;2,9;84,1;3,2;68,7;2,4;66,8;146;2,6;105;46;49;95
2019;31940;Statzendorf;1418;15,9;16;8,2;78,7;4,9;66,3;9,9;78,5;589;2,41;417;118;125;482
2019;31941;Stössing;845;14,9;17,3;7,7;76,6;4,6;67,6;10,2;68,6;337;2,51;246;106;112;244
2019;31943;Traismauer;6322;15,7;18,4;11,3;73,4;6,9;64,4;8,4;76,2;2794;2,26;1795;368;428;1745
2019;31945;Weinburg;1387;15,9;18;2,3;79,7;4,3;69,5;8,1;73;576;2,41;419;71;84;1171
2019;31946;Perschling;1404;16,3;18,4;5,1;80,3;3,4;70,2;9,7;72,8;545;2,58;426;266;274;558
2019;31947;Wilhelmsburg;6486;13,1;23,1;10,9;74;7,1;63;8,8;72,9;2897;2,21;1877;371;423;1951
2019;31948;Wölbling;2573;14,3;17,6;8,9;74,3;5,9;63,4;12,8;78,1;1068;2,39;747;190;204;757
2019;31949;Gablitz;5005;14,6;23,3;12;75,2;4,4;58,7;24,5;80,4;2126;2,3;1431;430;465;1129
2019;31950;Mauerbach;3636;14,3;23,8;9;74,4;3,2;58,3;26,6;80,9;1596;2,28;1096;300;321;729
2019;31951;Pressbaum;7787;16,3;20,2;12,7;75,5;3,9;59,7;23;78,9;3213;2,38;2258;585;635;1940
2019;31952;Purkersdorf;9808;16,1;18,5;14,2;76,3;4,6;57,8;25,1;78,3;4395;2,19;2711;817;912;3193
2019;31953;Tullnerbach;2885;16,7;20,8;11,1;74,7;4,3;59,1;25,2;81,1;1192;2,4;832;256;278;769
2019;31954;Wolfsgraben;1723;17,1;19,2;8;76,8;3,5;62,9;23,3;78,7;724;2,38;508;178;192;383
2019;32001;Gaming;3030;11,5;26,3;6,9;74,3;3,3;68,1;7,7;53,9;1340;2,24;921;305;343;1445
2019;32002;Göstling an der Ybbs;2027;14,3;22,7;3,7;80,7;2,2;68,9;7,9;44,3;801;2,53;575;217;239;936
2019;32003;Gresten;1983;13,8;17,2;7,8;76,8;4,5;67,5;10,1;61,4;892;2,22;551;180;206;1855
2019;32004;Gresten-Land;1499;17,5;16,5;1,5;81,9;1,8;69,2;6,7;73;508;2,95;427;154;156;372
2019;32005;Lunz am See;1789;14,6;25,9;3,3;78,6;2,6;69,4;8,4;52,4;773;2,31;511;204;227;843
2019;32006;Oberndorf an der Melk;2959;16,5;17,5;1,7;80,7;1,8;69,5;6;70,7;1027;2,88;837;261;277;807
2019;32007;Puchenstuben;291;13,7;22,7;6,9;63,2;3,2;61,4;7,6;63,9;106;2,42;75;26;34;122
2019;32008;Purgstall an der Erlauf;5373;16,1;18,9;4,3;78,3;2,4;68;8;61,2;1979;2,68;1515;499;564;2980
2019;32009;Randegg;1878;16,8;17,7;2,7;80,2;2,4;67,4;5;63,6;667;2,82;540;171;184;663
2019;32010;Reinsberg;1047;20,6;14,7;1,4;80,5;1,6;72,4;5,8;69,9;344;3,04;307;92;101;252
2019;32011;St. Anton an der Jeßnitz;1188;15,5;20,6;3,3;83,1;2,1;66,4;3,1;74,4;410;2,9;338;124;128;239
2019;32012;St. Georgen an der Leys;1331;16,5;16;1,9;81,8;2,2;73,4;4,6;70,8;380;3,5;388;127;133;342
2019;32013;Scheibbs;4126;13,6;24,2;5;77,1;2,7;63,3;14;51,4;1764;2,28;1104;457;556;3778
2019;32014;Steinakirchen am Forst;2249;17,2;18;2,3;81;2;67;10,2;70,3;846;2,65;651;242;262;792
2019;32015;Wang;1358;18,3;15,8;2,4;81,9;1,4;69,7;6,2;76,4;418;3,24;392;120;127;302
2019;32016;Wieselburg;4257;14,4;15,8;18,8;76;5,7;60,6;12,3;62;2046;2,07;1152;277;369;5467
2019;32017;Wieselburg-Land;3419;16,6;17,5;4,9;79,8;2,2;68,4;10,2;78,9;1288;2,65;1010;239;254;1037
2019;32018;Wolfpassing;1633;21;14;3,2;81,3;1,7;70,4;8,5;77,9;578;2,83;475;114;123;431
2019;32101;Absdorf;2139;14,7;16,5;11,2;79,6;3,7;66,1;10,9;79,3;928;2,24;603;142;159;628
2019;32104;Atzenbrugg;3125;14,6;17,8;10,6;78,8;3,2;68,6;10,3;76,7;1283;2,42;929;223;252;1092
2019;32106;Fels am Wagram;2356;14,7;17,1;6,3;81,5;2,9;63;12,7;78,8;991;2,37;734;175;187;573
2019;32107;Grafenwörth;3173;13,9;23,9;4,9;78,5;3,6;65,4;8,8;75,6;1291;2,34;930;237;263;1098
2019;32109;Großriedenthal;919;14,4;20,6;2,2;82,3;2,7;69,3;7,4;68,3;358;2,57;269;103;108;240
2019;32110;Großweikersdorf;3191;13,7;21,2;4,9;78,3;3,5;67;10,5;77;1390;2,3;951;249;276;855
2019;32112;Judenau-Baumgarten;2285;15,9;17,5;10,6;78,3;3,5;66;13,2;81,5;919;2,47;694;147;162;701
2019;32114;Kirchberg am Wagram;3709;15,5;19,8;6,6;77,6;3;63,2;11,5;73;1541;2,41;1110;382;416;1212
2019;32115;Königsbrunn am Wagram;1370;14,7;17,4;7,1;78,6;3;63,8;9,2;80,1;541;2,53;413;94;103;342
2019;32116;Königstetten;2525;18,8;15,9;8,5;78,7;2,5;65,5;18,3;84,6;1057;2,38;765;236;249;545
2019;32119;Langenrohr;2426;15,9;16,7;11;77,9;3,8;70,4;9,3;79,5;1003;2,42;715;185;232;1103
2019;32120;Michelhausen;3424;16,5;15,4;10,1;77,6;3,7;65,7;14,3;77,5;1357;2,48;1020;260;287;1485
2019;32131;Sieghartskirchen;7528;14;19,3;11,4;77,9;4,2;66,9;12,7;75,4;3202;2,35;2250;571;618;2362
2019;32132;Sitzenberg-Reidling;2231;14,4;19,9;7,6;77,4;3,4;66,6;11,3;75,8;897;2,41;625;157;171;779
2019;32134;Tulbing;2978;14,7;23,2;5,7;76,9;3,2;69,3;14,6;80,4;1293;2,3;905;236;247;522
2019;32135;Tulln an der Donau;16209;13,7;18,9;15;76,2;4,7;61,7;16,3;60,6;7468;2,12;4507;1291;1599;12581
2019;32139;Würmla;1470;15;18,7;8,2;78,1;2,9;68,3;9,8;79,5;616;2,39;436;99;108;353
2019;32140;Zeiselmauer-Wolfpassing;2315;15,2;21,4;9,5;75,8;3,6;65,4;17,7;85,3;1010;2,28;679;161;178;473
2019;32141;Zwentendorf an der Donau;4095;14,9;18,5;14,8;75,8;4,7;67,2;6,2;73,2;1741;2,34;1208;189;220;1616
2019;32142;St. Andrä-Wördern;7861;13,8;21,4;10,8;75,7;4,7;62,2;21;78,3;3541;2,21;2291;613;672;1744
2019;32143;Muckendorf-Wipfing;1664;15,3;18,4;6,4;80;2,4;69,8;12,7;87,6;759;2,19;506;79;85;167
2019;32144;Klosterneuburg;27487;15;22,5;14,1;73,5;4;53;31,2;66,2;12320;2,2;7727;2900;3142;10667
2019;32202;Dietmanns;1040;10,5;25,2;1,7;71,2;5;65;6,3;84,1;507;2,05;299;35;41;156
2019;32203;Dobersberg;1586;13,9;22,5;2,9;77,2;4,6;69,5;6,6;61,1;663;2,39;455;175;193;654
2019;32206;Gastern;1196;12,2;22,7;0,9;79,2;2;65,8;5,2;74,8;492;2,43;353;102;107;450
2019;32207;Groß-Siegharts;2722;12,1;24,5;3,8;69,9;8,5;64,3;6,5;65,5;1318;2,05;736;204;230;1297
2019;32209;Karlstein an der Thaya;1477;14;22,6;3,4;76,7;3,6;65,4;7,2;58,1;644;2,29;426;145;155;1030
2019;32210;Kautzen;1119;13;24,6;3;75,4;3,9;66;6,9;73,2;498;2,25;320;97;106;337
2019;32212;Ludweis-Aigen;904;13,2;25,8;1,5;78,8;3,2;71,1;7,1;74;392;2,31;259;111;116;188
2019;32214;Pfaffenschlag bei Waidhofen a.d.Thaya;924;13;22,5;1,2;76,8;3,7;64,2;7,1;76,1;382;2,42;263;87;89;319
2019;32216;Raabs an der Thaya;2644;10,2;30,6;3,8;75;3,4;66,9;8,2;50,9;1180;2,15;728;329;358;1280
2019;32217;Thaya;1378;13,8;19;1,2;79,8;3,3;66,2;7,5;77,8;580;2,38;389;107;115;270
2019;32219;Vitis;2664;14,7;20,5;2,1;79;4;64,9;6,1;68;1135;2,35;761;235;261;1258
2019;32220;Waidhofen an der Thaya;5363;11,7;24,1;3,9;74,7;3,9;63,6;13,4;48,1;2491;2,09;1466;494;616;4841
2019;32221;Waidhofen an der Thaya-Land;1273;16,2;15,7;0,2;83,5;1,5;70,2;7,9;85;468;2,72;372;91;93;149
2019;32222;Waldkirchen an der Thaya;503;8,2;30,4;2;75,7;2,4;66;6,3;66,7;242;2,08;149;66;74;138
2019;32223;Windigsteig;921;11,1;22,5;1,1;79,4;4,6;65,1;6,7;80;398;2,31;265;82;86;220
2019;32301;Bad Fischau-Brunn;3457;16,1;19,1;7,2;77;4,7;60,6;21,1;78,5;1540;2,24;1005;280;320;1300
2019;32302;Bad Schönau;726;15,3;24,7;2,6;75,9;3,6;69,1;8;56,8;261;2,59;198;84;91;966
2019;32304;Ebenfurth;3122;15,7;18,4;19,3;68,9;10,9;59,3;8,1;85,1;1426;2,19;884;177;207;2585
2019;32305;Eggendorf;4919;12,7;24,5;13,9;73;7,9;67;8;88,5;2188;2,25;1499;205;239;714
2019;32306;Bad Erlach;3142;14,4;19,9;6,2;77,2;5,4;66,4;12;83,4;1374;2,19;893;186;213;1292
2019;32307;Felixdorf;4356;14,7;22,2;12,5;70,4;9,2;60,7;8,2;85,6;1992;2,19;1257;227;258;796
2019;32308;Gutenstein;1271;12,2;28,9;9;70,6;7,3;65,1;8,2;64,2;512;2,22;322;113;128;510
2019;32309;Hochneukirchen-Gschaidt;1639;13,2;19,6;0,9;79,7;2,5;67;6,3;78,1;648;2,53;486;148;159;325
2019;32310;Hochwolkersdorf;1017;13,3;22,6;3,4;77,5;3,9;66,9;9,1;83,1;426;2,37;303;86;95;185
2019;32311;Hohe Wand;1401;14,1;18,3;5,6;76,2;4;65,9;14,5;78,2;586;2,38;428;132;139;305
2019;32312;Hollenthon;1008;14,9;18,3;2,6;77,4;2,4;70;8,2;76,2;395;2,55;289;86;91;194
2019;32313;Katzelsdorf;3223;14,7;19,5;4,9;77,2;4,1;60,3;23,5;83;1338;2,41;983;246;268;712
2019;32314;Kirchschlag in der Buckligen Welt;2838;14,8;22,9;4,1;78;4;71,1;8,5;56,6;1150;2,44;814;290;325;1268
2019;32315;Krumbach;2276;15,7;19,2;2,4;80,3;3,1;72,5;8,1;64,7;964;2,36;642;243;260;1134
2019;32316;Lanzenkirchen;3986;15,4;17,5;7,8;76,7;4,2;66,2;11,9;83,8;1678;2,37;1174;234;253;1195
2019;32317;Lichtenegg;1044;15,1;19,6;1;82,2;3,2;71,4;8,9;67;390;2,68;288;139;145;331
2019;32318;Lichtenwörth;2766;13;20,7;9,9;71,7;7,3;64,6;9,2;77,4;1220;2,25;823;201;222;969
2019;32319;Markt Piesting;3088;16;18,8;12,5;74,8;5,5;63,3;14,4;75;1333;2,3;877;217;237;1068
2019;32320;Matzendorf-Hölles;2091;14;21,4;6,5;76,4;6,2;72,7;8,7;84,5;890;2,31;642;160;170;384
2019;32321;Miesenbach;678;13,4;21,5;6,2;79,6;2,1;71,7;8,5;71,7;285;2,38;190;81;84;183
2019;32322;Muggendorf;510;11;20;6,9;81;3,3;69,8;11,7;76,4;220;2,32;153;50;52;127
2019;32323;Pernitz;2491;13,9;23,9;11,8;70,8;8,3;58,8;8,5;59;1189;2,08;681;418;449;1561
2019;32324;Rohr im Gebirge;461;15,4;20,8;4,1;77,2;1,3;64,4;4,9;51,3;179;2,58;129;69;73;172
2019;32325;Bromberg;1188;15,3;20,3;5,1;80,7;1,8;68,1;11;70,4;408;2,91;354;126;133;382
2019;32326;Schwarzenbach;927;12,4;22,5;4,4;76,5;5,1;66,4;6,7;73,9;381;2,43;272;87;92;205
2019;32327;Sollenau;5194;13,9;22,7;13,7;68,8;8,5;62,4;7,4;82,3;2320;2,19;1465;292;339;2128
2019;32330;Theresienfeld;3673;18,7;16,3;18,3;73,7;7,4;62,1;11,3;86;1509;2,43;1065;214;244;1018
2019;32331;Waidmannsfeld;1503;9,9;26,3;7,8;71,7;5,7;64,3;8,7;85,8;745;2,01;451;84;91;221
2019;32332;Waldegg;2055;14,9;19,1;14,7;71,6;7,1;61,9;9,7;73,9;934;2,2;593;125;134;1452
2019;32333;Walpersbach;1149;16,3;18,5;4,3;77,7;4;68,9;13,2;85,7;464;2,48;349;85;88;171
2019;32334;Weikersdorf am Steinfelde;1069;14;17;4,1;75,7;2,6;65,5;12,3;77;443;2,41;321;91;106;1451
2019;32335;Wiesmath;1515;15,5;20,5;2;80,1;2,8;68,4;9,2;70,2;592;2,56;441;152;159;393
2019;32336;Winzendorf-Muthmannsdorf;1859;12,6;21,2;7,5;75,4;5,5;67,7;13,5;77,6;863;2,15;555;135;144;642
2019;32337;Wöllersdorf-Steinabrückl;4581;16,4;16,7;11,3;75,9;6,3;66,1;10,5;82,8;1977;2,32;1350;269;315;2007
2019;32338;Zillingdorf;2060;13,8;18,3;6,9;75,6;6,4;68,8;9,4;88,7;921;2,24;632;110;121;221
2019;32501;Allentsteig;1779;10,8;28,7;2,5;75,2;5,6;62,2;8;70,2;867;2,04;505;102;129;1081
2019;32502;Arbesbach;1610;14;19,4;1,2;83;1,5;64,1;6,7;61,3;580;2,78;450;221;235;548
2019;32503;Bärnkopf;351;12;21,1;1,1;74,5;2,7;67,3;3,6;76;136;2,58;103;30;33;73
2019;32504;Echsenbach;1271;15,3;17,8;3,1;77,3;2,5;67,7;5,4;73,1;519;2,45;374;95;105;533
2019;32505;Göpfritz an der Wild;1816;13,1;21,6;2,5;79,3;4,4;65,6;4,8;72,4;745;2,44;524;163;176;502
2019;32506;Grafenschlag;853;15;19,3;2,5;82;1,8;71,7;6,1;65,6;321;2,66;242;120;126;387
2019;32508;Groß Gerungs;4449;14,8;20,1;1,5;80,7;2,5;66,5;7,5;57,4;1691;2,63;1289;460;491;1937
2019;32509;Großgöttfritz;1380;14,3;17,6;2,4;83,1;1,8;68,7;4,3;69,3;504;2,74;407;153;159;824
2019;32511;Gutenbrunn;521;12,5;27,1;4,6;77,8;1,9;63,8;8,1;81;235;2,22;145;41;45;103
2019;32514;Kirchschlag;621;11,3;21,3;2,1;80,9;2,5;71,5;5,3;71,9;242;2,57;184;84;87;176
2019;32515;Kottes-Purk;1459;13,4;21,2;2,1;76,6;4;68,3;5;59,3;580;2,52;427;176;184;524
2019;32516;Langschlag;1736;15,3;20,9;1,7;80,1;1,3;66,3;6,1;63,2;670;2,59;493;183;191;493
2019;32517;Martinsberg;1102;15,2;20,6;4,4;79,1;1,5;70,2;5,2;60,5;410;2,69;323;126;130;452
2019;32518;Ottenschlag;995;12;25,6;3,8;77;3,4;64,5;12;51,7;426;2,32;278;138;158;962
2019;32519;Altmelon;844;14,8;19,7;0,1;81;1,7;68,6;3,8;70;323;2,61;251;92;95;215
2019;32520;Pölla;923;13,9;24,1;3,8;76,4;4,2;66,8;5,7;69,3;405;2,28;263;92;100;244
2019;32521;Rappottenstein;1724;15,5;19,5;1,5;81,1;1,7;68,3;7,8;63,6;677;2,55;485;219;233;639
2019;32522;Sallingberg;1264;14;24,1;3,5;80,3;2,7;66,2;6,3;63,9;484;2,61;374;151;161;443
2019;32523;Schönbach;780;12,6;21,3;2,6;84,1;1,5;63,3;6,6;61,8;296;2,64;217;112;122;400
2019;32524;Schwarzenau;1522;13,9;22,3;2,8;74,8;5,6;63,8;9;73,5;660;2,3;432;107;123;419
2019;32525;Schweiggers;2007;16,2;18,8;1,8;82,3;2,3;67,9;6,5;64,4;777;2,58;585;219;225;626
2019;32528;Bad Traunstein;1008;16,7;20;0,6;82,8;1,8;69,6;7,5;64,5;394;2,56;278;134;140;369
2019;32529;Waldhausen;1218;14,5;21,9;2,2;81,1;2,6;63,7;6,7;70,6;486;2,51;351;118;129;555
2019;32530;Zwettl-Niederösterreich;10789;12,3;22,7;2,5;78,3;2,6;64,7;11,6;38,2;4563;2,31;3030;1123;1336;8620
2019;40101;Linz;206591;13,8;18,8;24,4;71,6;7,5;52,8;18,4;33,3;105387;1,91;50954;13686;16115;185291
2019;40201;Steyr;38137;13,6;21,6;19,7;70;9,6;58,3;11,2;42,2;19176;1,96;10087;2164;2676;27884
2019;40301;Wels;62454;15,3;18,3;27,8;71,3;8,1;55,1;10,9;43,1;28078;2,18;16543;4300;5159;51721
2019;40401;Altheim;4989;13,6;20,7;13,7;76;5;63,1;7,7;66,2;2203;2,24;1452;389;427;2330
2019;40402;Aspach;2616;16;14,9;9,4;80,5;3,3;63,3;6,9;69,3;1065;2,46;739;225;246;1057
2019;40403;Auerbach;640;17,8;14,2;10,8;80,5;2,5;65,2;6,3;85;252;2,54;194;59;61;125
2019;40404;Braunau am Inn;17493;14;20,7;25,9;70,6;7,6;54,9;9,6;37,4;7997;2,15;4821;926;1169;13901
2019;40405;Burgkirchen;2689;14,8;16,6;9,9;79;3,2;65,1;7,7;76,8;1041;2,58;797;220;236;810
2019;40406;Eggelsberg;2462;14,7;16,9;10,4;79,4;3,5;62,9;8,3;64,9;995;2,44;713;199;214;2544
2019;40407;Feldkirchen bei Mattighofen;2010;15;16,1;5,5;82,2;2,9;61,7;7,5;75,4;781;2,57;597;181;188;521
2019;40408;Franking;1007;11,8;18,6;11,9;81,6;3,3;65,4;8,4;74,8;417;2,41;301;83;86;416
2019;40409;Geretsberg;1173;17,6;17;9,8;78,4;2,2;61,2;6,1;71,4;458;2,52;332;87;93;573
2019;40410;Gilgenberg am Weilhart;1351;14,3;18,1;9,5;79,6;2,5;63;7,2;76,8;518;2,58;388;110;118;384
2019;40411;Haigermoos;630;17,5;17,6;6,3;80,2;2,9;64,6;10,6;80,5;247;2,55;193;47;49;86
2019;40412;Handenberg;1301;15,9;17,1;6,9;80,2;1,9;60,8;7,7;70,6;510;2,55;377;130;133;391
2019;40413;Helpfau-Uttendorf;3710;16,3;16;24,7;75,4;6,7;54,8;4,9;77,3;1448;2,56;1055;230;245;1127
2019;40414;Hochburg-Ach;3263;14,2;21;23,6;72,8;1,6;65;9,8;77,1;1386;2,35;966;198;208;749
2019;40415;Höhnhart;1440;15,9;17,4;6,9;80,1;2,6;61,8;5,5;67,6;601;2,4;412;140;142;577
2019;40416;Jeging;702;16,8;14,1;13,5;79;3,9;63,5;6;79,9;275;2,55;205;49;51;200
2019;40417;Kirchberg bei Mattighofen;1193;17,1;16,4;5,9;83,4;1,3;64,7;10,9;76,6;444;2,69;357;98;102;269
2019;40418;Lengau;4809;15,8;16,8;11,2;78,6;3,6;65;6,6;69,9;1960;2,45;1409;290;321;2464
2019;40419;Lochen am See;2808;17,5;15;4,6;84,3;2;66,2;10,7;73,9;1137;2,47;830;245;260;852
2019;40420;Maria Schmolln;1411;12,7;21,6;5;81,8;1,5;57,9;7,1;69,2;497;2,65;391;131;138;465
2019;40421;Mattighofen;6924;16,2;15,4;36;75,7;6,1;51,2;6,5;66,2;2764;2,46;1961;354;463;5400
2019;40422;Mauerkirchen;2531;13,7;19,6;24,9;73,7;6,1;54,4;6,8;79,8;1076;2,25;684;103;128;959
2019;40423;Mining;1255;14,7;17,2;6,9;77;2,2;66,2;11,5;83,8;530;2,37;386;84;87;204
2019;40424;Moosbach;1067;17,2;15,1;13;79,9;3,9;62,4;5,3;79;420;2,54;305;90;96;226
2019;40425;Moosdorf;1690;14,8;17,7;10;81,6;2,6;64,4;7,2;75,4;698;2,42;506;142;155;631
2019;40426;Munderfing;3068;15;16,5;12,9;79,8;3,3;63,4;9,1;75,7;1223;2,5;910;194;214;2169
2019;40427;Neukirchen an der Enknach;2288;16,4;17,3;9,1;79,6;3,2;65,6;6,5;77,9;905;2,53;671;179;185;628
2019;40428;Ostermiething;3277;15,2;19,9;13,5;76,5;3,3;62;6,6;78,3;1356;2,35;926;164;190;955
2019;40429;Palting;967;13,4;17,6;4,2;82,6;2,1;68;9,6;77,2;395;2,45;300;95;96;261
2019;40430;Perwang am Grabensee;1040;16,9;14,7;7,4;83,1;2,6;65;12,4;81,2;409;2,54;309;102;106;213
2019;40431;Pfaffstätt;1156;15,8;15,9;19,5;76,4;4,1;62,6;8;74,3;460;2,49;333;71;78;1227
2019;40432;Pischelsdorf am Engelbach;1700;13,9;18,3;10,8;81,5;2,9;61,3;5,5;79,2;668;2,54;497;147;151;316
2019;40433;Polling im Innkreis;997;16,5;19,9;7,1;81,7;3,1;63;5;72,1;403;2,47;291;85;88;306
2019;40434;Roßbach;908;13;18,6;4,8;79,4;2,7;63,4;5,9;79,8;384;2,36;263;72;78;254
2019;40435;St. Georgen am Fillmannsbach;419;13,4;13,8;3,8;81,3;1,6;59,2;7,7;80,3;163;2,57;121;49;49;221
2019;40436;St. Johann am Walde;2039;14,1;17,8;5,6;80,3;3;61,5;5,6;73,8;785;2,59;605;154;160;464
2019;40437;St. Pantaleon;3161;15;19,7;14,1;76,4;4,9;61,3;7,8;77,3;1386;2,27;922;220;235;863
2019;40438;St. Peter am Hart;2403;13,5;19,6;13,2;71,5;2,9;63,8;10,8;80,6;968;2,4;718;146;160;694
2019;40439;St. Radegund;590;13,7;18,6;10;77,2;2,5;61,1;10;77,4;251;2,34;173;48;50;135
2019;40440;St. Veit im Innkreis;405;15,8;17,5;6,9;82,6;1,7;64,8;5;87,3;152;2,66;124;19;20;35
2019;40441;Schalchen;3986;15;17,2;15,9;78;4,6;61,8;7,4;82,6;1573;2,53;1196;214;237;1374
2019;40442;Schwand im Innkreis;994;17,5;16,9;6,3;83,1;1,3;65,2;7,4;74,5;375;2,65;303;101;106;278
2019;40443;Tarsdorf;2055;13,1;19,1;8,8;79,5;1,8;62,7;6,8;67,7;777;2,64;614;152;157;891
2019;40444;Treubach;723;15,4;18,4;8,2;79,5;3,2;63,1;5,9;76,2;287;2,52;210;72;73;173
2019;40445;Überackern;684;12,3;18;28,8;70;2,9;63,3;8,8;92,6;283;2,42;217;23;24;43
2019;40446;Weng im Innkreis;1374;11,1;19,7;6,2;77,8;3,6;67,5;5;71,7;579;2,37;419;108;117;903
2019;40501;Alkoven;5984;15,9;17,4;8,4;76,8;2,3;63,8;12,7;80,2;2505;2,34;1761;372;408;1760
2019;40502;Aschach an der Donau;2186;15,9;20,7;15,6;77,1;3,3;59,8;11,3;76,9;955;2,29;612;133;166;965
2019;40503;Eferding;4271;16,3;18,7;19,7;76,6;4,7;57,1;10,1;72,1;1975;2,08;1102;327;441;3505
2019;40504;Fraham;2390;16,2;17,4;7,2;82,2;2,1;64,6;11,1;82,4;973;2,46;717;177;186;1158
2019;40505;Haibach ob der Donau;1285;13,2;19,2;2,3;82,3;1,9;62,5;9,1;75,7;503;2,55;369;124;132;368
2019;40506;Hartkirchen;4070;13,6;21,4;3,4;81;1,3;64,6;7,8;74,7;1588;2,51;1178;342;370;1282
2019;40507;Hinzenbach;2055;15,8;16,4;7;81,5;1,8;67,8;7,9;81,4;801;2,55;623;139;148;802
2019;40508;Prambachkirchen;2932;16,5;16,2;6,1;79,2;1,6;64,1;8,6;73,5;1126;2,57;857;195;214;1205
2019;40509;Pupping;1795;14;19,3;5,5;78,9;2,1;66,1;9,9;80,1;729;2,44;537;153;180;998
2019;40510;St. Marienkirchen an der Polsenz;2319;14,1;17,6;3,9;80,7;2,2;66,6;9,4;80,1;934;2,48;697;194;201;504
2019;40511;Scharten;2277;17,6;16,3;4,5;79,4;2,3;65,9;13;82,2;903;2,52;671;176;182;479
2019;40512;Stroheim;1609;15,7;16,8;1,5;81,9;1,4;65,9;7,2;80;602;2,67;490;146;151;333
2019;40601;Freistadt;7949;15,6;19;9,9;74,3;5,4;60;13,2;59,5;3565;2,19;2213;575;772;5750
2019;40602;Grünbach;1943;16,8;15,8;2,2;79,8;2,9;65,4;6,3;77,3;739;2,62;565;160;170;455
2019;40603;Gutau;2732;15,2;16,8;2,8;79,4;2,4;62,7;8,8;74,3;1013;2,66;809;243;250;727
2019;40604;Hagenberg im Mühlkreis;2772;14,8;15,5;4;77,7;2,1;61;19,3;79,4;1159;2,37;812;199;242;1381
2019;40605;Hirschbach im Mühlkreis;1181;16,9;19,1;2;80,4;2;67,3;8,1;74,2;443;2,67;356;112;114;332
2019;40606;Kaltenberg;620;16,9;16,8;1,3;80;2,6;59,8;5,8;73,7;200;3,1;175;65;66;146
2019;40607;Kefermarkt;2136;16,9;17,3;3,2;80,6;2,2;68,5;10;79,8;851;2,51;645;163;178;800
2019;40608;Königswiesen;3089;16,9;16,1;1;81,2;1,5;62,2;5,7;65,5;1046;2,95;884;269;292;976
2019;40609;Lasberg;2834;15,1;19,7;2,8;81;1,8;66,4;9,1;78,3;1056;2,61;803;208;222;804
2019;40610;Leopoldschlag;1004;14,8;18,6;3,3;79,6;2,1;66,9;5,6;71,2;397;2,53;293;95;100;259
2019;40611;Liebenau;1567;14;20;0,6;80,7;2,2;63,4;5,2;62,3;617;2,52;445;173;186;520
2019;40612;Neumarkt im Mühlkreis;3170;16;18;2,6;79,6;1,5;65,9;10,9;78,4;1173;2,69;951;270;283;857
2019;40613;Pierbach;1026;19,4;15,3;1,9;79,9;2,1;64;4,7;71,9;351;2,92;295;89;92;211
2019;40614;Pregarten;5476;14,9;17,8;4,9;79,8;2,7;66,2;10,1;78;2317;2,32;1616;351;408;1972
2019;40615;Rainbach im Mühlkreis;2988;17,5;19,9;3,9;79,4;3,6;64,7;7,5;72,1;1091;2,66;850;213;228;905
2019;40616;Sandl;1390;14,2;19,9;2,9;77;3,7;62,1;5,9;75,4;572;2,43;401;112;120;276
2019;40617;St. Leonhard bei Freistadt;1375;15,3;19,9;2,3;80,2;2,3;62,4;5,6;74,7;550;2,5;398;111;120;279
2019;40618;St. Oswald bei Freistadt;2885;16,4;15,4;3,1;80,8;3;67,1;6,4;78,9;1172;2,46;843;188;195;692
2019;40619;Schönau im Mühlkreis;1958;17,9;17,3;1,2;80,5;1,7;65;6,6;67;746;2,58;566;166;175;553
2019;40620;Tragwein;3129;16,6;17,1;3,2;82,2;2,3;64,5;9,2;71,2;1191;2,63;912;277;288;1158
2019;40621;Unterweißenbach;2174;16,9;20;1,4;81,7;1,6;61,9;5,3;56,6;736;2,86;612;217;241;1189
2019;40622;Unterweitersdorf;2178;16,3;15,2;2,4;79,7;2,8;67,1;12,3;86,1;888;2,45;664;150;170;796
2019;40623;Waldburg;1408;18,3;16,2;1,1;78,2;2;64;8,5;79,5;521;2,7;406;111;118;240
2019;40624;Wartberg ob der Aist;4317;15,6;17;2,7;79,2;1,6;66,7;12,1;81,9;1707;2,47;1283;236;254;1303
2019;40625;Weitersfelden;1048;17,2;19,6;3,9;81,7;1,2;66,1;6,8;70,3;418;2,51;295;105;115;286
2019;40626;Windhaag bei Freistadt;1576;16,4;17,4;3,2;77,9;3,2;64,4;5,3;68,6;597;2,64;453;149;159;434
2019;40627;Bad Zell;2898;16,5;18,6;2,4;82,4;1,8;63,8;10;63,1;970;2,93;827;283;304;1173
2019;40701;Altmünster;9841;14,9;21;8;76,5;2,6;62,3;16,7;71,1;4218;2,29;2830;759;831;3289
2019;40702;Bad Goisern am Hallstättersee;7550;12,8;22,2;6,5;78,1;1,9;70,7;10,1;49,5;3274;2,27;2200;520;583;3487
2019;40703;Bad Ischl;14083;13,4;23,5;13,1;74,8;4,1;62,3;13,7;43,9;6697;2,08;3867;1148;1375;7161
2019;40704;Ebensee am Traunsee;7682;12,4;23,2;7,7;73,8;3,8;66,1;11,1;64;3594;2,11;2268;420;481;2417
2019;40705;Gmunden;13243;12,4;24,8;17,8;73,5;4,8;55,8;20;55,4;6478;1,98;3498;1253;1547;10696
2019;40706;Gosau;1785;12,5;23,9;8,2;75,7;2,5;69,8;8,7;55,6;755;2,28;482;141;159;723
2019;40707;Grünau im Almtal;2066;15,2;24,1;7,3;78,5;4,3;65,5;10,3;63,8;909;2,27;585;206;224;656
2019;40708;Gschwandt;2825;16,3;16,5;4,6;81,2;2,2;66,4;12,3;80,5;1110;2,55;838;223;241;930
2019;40709;Hallstatt;755;10,1;26;17,6;73,7;2,4;64,8;12,1;43,3;388;1,95;214;88;115;551
2019;40710;Kirchham;2192;16,6;15,9;4,5;82,5;1,5;67,1;8;70,9;874;2,51;641;193;208;875
2019;40711;Laakirchen;9835;15,4;17,9;15,2;76,4;4,2;64,4;7,1;59,7;4124;2,36;2810;561;641;6438
2019;40712;Obertraun;750;11,2;23,9;17,6;75,6;2,6;70,3;7,5;60,4;341;2,2;226;55;66;308
2019;40713;Ohlsdorf;5196;16,8;18;6,3;78,2;2,8;67,5;12,4;78,7;2130;2,44;1582;350;378;2061
2019;40714;Pinsdorf;4034;15,1;17,7;12,2;77,7;3,8;65;10,2;83,2;1707;2,35;1207;216;241;1322
2019;40715;Roitham am Traunfall;1995;15,5;16,9;5,3;81,2;2,3;68,5;10,4;77,1;808;2,47;586;145;156;754
2019;40716;St. Konrad;1148;16,8;17,4;4,5;84;1,5;66,6;8;79,8;441;2,6;341;100;106;232
2019;40717;St. Wolfgang im Salzkammergut;2790;14,8;20,6;9,4;80,5;2;68,5;9,4;57,6;1153;2,41;794;334;356;1359
2019;40718;Traunkirchen;1636;12,6;23,2;5,9;76,3;1,7;65,2;15,9;76,2;782;2,09;474;146;159;601
2019;40719;Scharnstein;4869;16,1;19,6;7,8;78,1;2,7;65,7;10,9;55,8;1992;2,41;1371;394;437;2493
2019;40720;Vorchdorf;7524;16,3;16,7;9,3;79,1;4;63,9;8,4;57,8;3065;2,45;2198;582;646;4444
2019;40801;Aistersheim;924;15,7;15,8;6,2;82,8;1,8;66;9,6;81,9;358;2,58;275;76;81;226
2019;40802;Bad Schallerbach;4223;13,6;19,7;16,3;79,9;3;59,8;12,3;72,1;1978;2,09;1141;263;303;2279
2019;40804;Eschenau im Hausruckkreis;1064;14,4;17,4;1,3;83,7;0,3;62,5;5,2;82,1;349;3,05;310;84;86;266
2019;40805;Gallspach;2785;15,5;19;23,3;75,1;5,1;59,4;8,6;82,4;1185;2,25;738;150;168;639
2019;40806;Gaspoltshofen;3596;14,6;20,2;7,9;76,1;2,2;64,4;7,9;60,9;1325;2,55;982;272;299;1805
2019;40807;Geboltskirchen;1452;16,1;18,3;5;79;3,1;65,1;9,8;78,1;559;2,6;418;114;118;285
2019;40808;Grieskirchen;4951;15;22,1;18,3;73,7;5,4;54,9;14;64,9;2214;2,19;1348;463;596;5955
2019;40809;Haag am Hausruck;2210;16,3;17,3;10,3;80,7;2,3;61,6;12,5;63,6;884;2,5;628;202;232;1781
2019;40810;Heiligenberg;698;14,9;16,2;3,3;81,7;1,2;65,5;6,9;77,6;247;2,83;204;62;63;139
2019;40811;Hofkirchen an der Trattnach;1637;16,6;15,7;8,7;80,9;1,9;63;8,9;73,5;664;2,46;464;127;132;830
2019;40812;Kallham;2505;13,1;22,8;4,3;79,5;2,7;61,9;8,2;77;1000;2,43;711;195;208;865
2019;40813;Kematen am Innbach;1433;18,6;13,6;7,5;81,1;3,8;70,5;6,3;84,4;545;2,63;412;87;92;239
2019;40814;Meggenhofen;1526;18,4;14,6;3,9;83,4;2;65,7;10;80,2;573;2,66;437;120;132;404
2019;40815;Michaelnbach;1263;16,2;18,6;2,5;80,7;2;64,6;6,8;75,5;404;3,13;365;115;120;348
2019;40816;Natternbach;2286;14,9;18,8;3,1;80,3;2,3;60,1;5,5;71,3;841;2,72;666;166;183;706
2019;40817;Neukirchen am Walde;1632;15,1;18,1;3;80,5;1,8;63,3;6,1;72,7;624;2,62;458;131;137;590
2019;40818;Neumarkt im Hausruckkreis;1454;12,6;20,8;13,8;73,2;5,1;60;7,5;76,3;660;2,2;402;103;126;860
2019;40820;Pötting;536;15,7;18,1;0,6;80;1,7;64,6;10;75,7;191;2,81;161;51;56;192
2019;40821;Pollham;969;16,5;15,9;2,9;81,8;1,4;65,6;11,2;81,2;340;2,85;283;89;92;146
2019;40822;Pram;1640;12,9;18,2;5,5;79,1;2,2;61,4;11,1;72,8;651;2,52;479;130;138;652
2019;40823;Rottenbach;1104;16,9;16,9;6,9;82,9;1,6;62,2;8,1;79,7;401;2,75;315;93;97;370
2019;40824;St. Agatha;2133;16;15,7;1,5;83,3;1,1;61,4;7,1;76,3;741;2,88;616;173;182;490
2019;40825;St. Georgen bei Grieskirchen;1337;16,5;13,5;2,5;79,9;1,9;64,5;12,9;85,8;523;2,56;392;86;94;685
2019;40826;St. Thomas;551;19,6;13,2;2,5;81,9;2,2;71,3;6,1;79,9;193;2,85;154;41;43;87
2019;40827;Schlüßlberg;3038;15,2;18,6;7,6;78,9;1,7;63,7;8,1;82,2;1241;2,43;915;210;235;1280
2019;40828;Steegen;1069;12,4;15,5;2,4;70;2,2;58,7;6,1;70,6;362;2,72;291;89;97;964
2019;40829;Taufkirchen an der Trattnach;1963;14,6;17,7;4,4;81,2;2,2;63,7;8,1;79,1;761;2,58;596;159;166;678
2019;40830;Tollet;918;14,8;16,7;3,1;80,8;1,5;62,4;15,5;81,9;341;2,68;278;64;69;275
2019;40831;Waizenkirchen;3721;15,8;19,5;7,6;80,5;2;63,2;8,9;68;1429;2,56;1046;285;316;1633
2019;40832;Wallern an der Trattnach;3050;15,5;19,1;7,6;78,7;2,5;66,2;11,9;76,5;1261;2,41;915;264;292;1652
2019;40833;Weibern;1704;15,9;18,8;8,6;80;2,9;63,6;10,1;68,5;626;2,72;498;129;138;871
2019;40834;Wendling;849;18;12,6;1,5;80,8;1,8;64,5;8,5;77,3;312;2,72;240;74;82;139
2019;40835;Peuerbach;4642;14,5;18,5;6,7;80,9;2,4;62,3;8,5;66,3;1894;2,4;1314;466;513;2226
2019;40901;Edlbach;648;15,4;19,1;8,5;75,5;2,3;64,1;13,1;67,3;231;2,7;180;78;83;209
2019;40902;Grünburg;3849;15,5;19,7;9,4;77,1;4,8;59,8;5,8;74,4;1526;2,46;1073;317;342;1295
2019;40903;Hinterstoder;889;11;28,9;13;77,5;4,1;62,2;10,2;44,8;410;2,17;255;138;157;539
2019;40904;Inzersdorf im Kremstal;1896;14,9;19,7;5,4;82,6;2,4;65,5;7,4;78;776;2,44;564;173;188;572
2019;40905;Kirchdorf an der Krems;4557;14,6;20,2;16,4;76,8;4,8;58,5;12,1;60,8;2161;2,06;1233;341;471;4859
2019;40906;Klaus an der Pyhrnbahn;1050;13;21,7;10,6;80,4;1,9;64,5;8,8;74,1;468;2,21;297;65;79;344
2019;40907;Kremsmünster;6666;15,3;19;16,2;79;3,7;60,4;10,8;58,2;2747;2,37;1867;478;532;4188
2019;40908;Micheldorf in Oberösterreich;5872;14,6;20,7;9,6;77,7;3,5;61,7;10,7;69,9;2504;2,29;1697;378;429;2664
2019;40909;Molln;3636;15,9;20,7;10,1;79,5;2,9;61,6;8,2;58,2;1467;2,46;1052;268;291;2062
2019;40910;Nußbach;2309;17,1;17,2;3,9;83,5;1,7;66,4;8,5;68,8;812;2,83;682;197;201;1339
2019;40911;Oberschlierbach;490;20;18,8;3,3;81,7;1,6;61;13;77,3;185;2,65;142;47;49;110
2019;40912;Pettenbach;5336;16,6;16,6;8,3;80,4;2,5;64,4;8,1;66,9;2114;2,52;1491;464;495;2239
2019;40913;Ried im Traunkreis;2781;16,1;17,5;6,6;80,3;2,7;64,4;7,3;67,1;1065;2,54;787;264;287;1433
2019;40914;Rosenau am Hengstpaß;651;12,4;22;12,6;82,9;2,2;64,4;3,7;70,5;276;2,36;199;50;57;261
2019;40915;Roßleithen;1911;17,1;20,4;5,2;80,2;2,2;66,7;8,8;70,3;747;2,56;552;157;165;568
2019;40916;St. Pankraz;362;17,1;19,9;9,7;82,9;1;65;4,7;76,7;158;2,29;102;29;33;96
2019;40917;Schlierbach;2853;16,9;16,3;7,9;79,7;2,6;61,8;13,3;74,9;1126;2,52;825;273;289;1130
2019;40918;Spital am Pyhrn;2240;15,4;19,2;7,8;79,1;3,9;68,7;6,1;54,9;961;2,33;643;187;205;1420
2019;40919;Steinbach am Ziehberg;850;16,7;19,9;2,4;82;1,9;65,8;6,1;73,9;317;2,66;240;76;79;163
2019;40920;Steinbach an der Steyr;1988;15,7;18;4,4;79,3;3,3;67,4;7,5;76,7;753;2,64;579;156;160;381
2019;40921;Vorderstoder;826;15,1;22,8;5,8;80,7;2,5;72,5;7;60,8;333;2,48;233;92;94;234
2019;40922;Wartberg an der Krems;2976;15,7;16,9;8,3;80,1;3,6;64,3;7,6;67,4;1128;2,64;882;283;303;1588
2019;40923;Windischgarsten;2401;12,4;24,5;12,7;75,8;3,3;63,7;11,9;64,7;1099;2,08;657;186;228;1099
2019;41001;Allhaming;1176;15,6;15,3;6;79,7;3,1;64,6;14,7;77,3;475;2,44;353;118;130;1119
2019;41002;Ansfelden;16949;16,3;17,3;24;73,4;6,4;56,2;7,9;74,1;7287;2,3;4761;897;1126;8306
2019;41003;Asten;6745;15,8;14,3;15,9;74;4,3;63,9;7,7;83,9;2747;2,37;1955;294;385;3665
2019;41004;Eggendorf im Traunkreis;1039;21,1;12,3;6;85,3;1,2;66,3;15,1;85,3;395;2,63;311;74;80;151
2019;41005;Enns;11951;15,4;18,2;22,2;74,9;5,2;58,5;11,5;64,5;5264;2,23;3377;719;852;7947
2019;41006;Hargelsberg;1387;19;15,2;4,3;81,4;1,8;65,7;17,7;81,4;542;2,56;432;118;125;315
2019;41007;Hörsching;6190;15,3;18,6;13,1;78,2;4;64,3;10,1;77,3;2724;2,23;1787;446;545;7537
2019;41008;Hofkirchen im Traunkreis;1945;19;14,8;8,2;79,7;3,3;64,1;13,3;85,6;749;2,58;585;111;124;323
2019;41009;Kematen an der Krems;2880;18,5;13;10,6;80,3;3,2;65,2;11,8;80,8;1171;2,44;826;249;258;877
2019;41010;Kirchberg-Thening;2438;15;21;4,9;79,2;2,6;63;18,9;83,3;1026;2,38;769;176;189;568
2019;41011;Kronstorf;3545;15,4;17,7;11,4;79,9;3,1;66,4;10,7;83,4;1526;2,32;1059;224;242;654
2019;41012;Leonding;28901;16;18,3;14,8;77,5;4;56,8;20,5;80,4;13362;2,14;8187;1871;2148;14156
2019;41013;St. Florian;6178;14,3;21,6;5,3;78,9;2,6;63,3;18,9;76,6;2630;2,31;1854;496;554;9470
2019;41014;Neuhofen an der Krems;6645;16,6;18,1;10,5;77,4;3,5;62;16,2;76,9;2801;2,3;1904;431;479;2290
2019;41015;Niederneukirchen;2109;16,7;16,7;4,3;81,4;1,5;67,8;14,1;78,4;808;2,61;658;177;189;515
2019;41016;Oftering;2103;17,1;17,8;4,8;81,5;2,2;68,3;14,2;84,3;921;2,28;624;159;168;804
2019;41017;Pasching;7595;15,2;17,9;15,4;76,9;4,3;61,2;13,5;79,7;3312;2,26;2193;556;797;8020
2019;41018;Piberbach;1880;17,4;15,8;4,6;79,4;2,7;66,6;10;87,2;744;2,53;559;127;130;240
2019;41019;Pucking;3997;15,5;17,6;6,7;79,4;2,4;68,6;10,2;83,5;1569;2,55;1255;271;291;1143
2019;41020;St. Marien;4809;16,4;15,7;5,2;80,7;2,3;66,1;13,8;82,3;1896;2,54;1485;328;345;1247
2019;41021;Traun;24712;15,6;18,6;25,2;72,7;6,7;56,7;8;75,9;10641;2,28;6798;1252;1490;11588
2019;41022;Wilhering;5928;15,5;19,1;7,1;77,3;2,1;59,2;21,5;81,8;2391;2,45;1802;398;424;1330
2019;41101;Allerheiligen im Mühlkreis;1281;17;17,1;3;79,1;2,4;67,2;8,3;78,7;466;2,75;376;98;101;237
2019;41102;Arbing;1505;17,1;14,4;6,1;80;3;64,9;9,8;80,6;583;2,57;456;104;110;598
2019;41103;Baumgartenberg;1789;17,6;18,6;7;77,4;2,1;64,6;9,4;69,5;652;2,62;501;122;132;1047
2019;41104;Dimbach;969;15,2;19,4;0,6;82,8;0,6;60,3;3,8;65,4;340;2,85;273;122;126;318
2019;41105;Grein;2891;13,4;21,7;9,1;75,1;3,3;63,1;8,6;66;1124;2,48;806;242;288;1331
2019;41106;Katsdorf;3189;16,9;14,6;5;80,2;2,3;65,6;15,1;85;1264;2,51;948;218;241;622
2019;41107;Klam;942;15,9;11,6;2,8;80,1;2;68,4;7,3;87,5;345;2,73;273;50;54;113
2019;41108;Bad Kreuzen;2258;17,4;18,1;4,7;81,7;1,5;61,3;7,7;66,3;662;3,18;601;206;221;829
2019;41109;Langenstein;2521;13,9;18,2;9,5;76,3;3;64,6;6,6;84,9;1114;2,26;760;130;143;576
2019;41110;Luftenberg an der Donau;4238;15,5;16,9;6,4;81,1;2,3;67,8;11,3;86,5;1812;2,34;1324;239;256;1354
2019;41111;Mauthausen;4936;14,3;19,1;15,3;75,2;5,6;58,6;9,7;77,9;2155;2,24;1372;304;385;2736
2019;41112;Mitterkirchen im Machland;1713;16,7;18,2;5,3;79,1;2;68,3;5,6;77,6;636;2,67;501;118;125;343
2019;41113;Münzbach;1816;18,8;14,4;9,7;80,4;2,4;64,3;5,4;66,5;663;2,72;513;180;189;1085
2019;41114;Naarn im Machlande;3712;17,1;16,1;8,5;79,3;2,7;66,2;7,8;74,7;1387;2,67;1086;281;293;1570
2019;41115;Pabneukirchen;1696;18,9;16,6;2,8;82,3;1,1;62,6;7,1;57,4;526;3,22;485;203;219;830
2019;41116;Perg;8824;15,9;15,8;15,5;76,9;4,3;59,3;11,7;63,2;3817;2,28;2448;645;810;7307
2019;41117;Rechberg;1004;21,8;11,6;3,7;82,7;1,4;65,9;7,8;76,8;357;2,76;292;64;69;222
2019;41118;Ried in der Riedmark;4294;16,6;15,2;3,6;78,7;1,9;65,2;12,1;83,8;1600;2,65;1284;256;269;745
2019;41119;St. Georgen am Walde;1963;15,9;16,6;1,1;80,2;2,1;62,1;5,4;69;685;2,87;562;171;186;517
2019;41120;St. Georgen an der Gusen;4265;15,9;19;8,7;79,1;3,4;62;12,6;82,7;1853;2,25;1236;218;246;999
2019;41121;St. Nikola an der Donau;761;13,8;17,2;15,9;69,3;6;61,3;7,9;76,2;307;2,36;201;69;69;140
2019;41122;St. Thomas am Blasenstein;910;17,3;18,6;1,8;85,1;1;62,8;6,5;70;306;2,97;248;98;100;250
2019;41123;Saxen;1760;15,5;17,4;6,7;79,2;2,8;65,8;8,8;78,6;646;2,72;509;126;135;385
2019;41124;Schwertberg;5306;15,7;19,1;12,6;77,2;3,9;59,5;10,8;65,1;2184;2,4;1542;285;324;4270
2019;41125;Waldhausen im Strudengau;2864;16,7;18,3;4,2;80,4;1,9;62,9;6,9;68,1;1037;2,76;843;213;230;699
2019;41126;Windhaag bei Perg;1507;17,4;14,9;9,4;79,2;2,2;64,9;8,3;79,9;525;2,87;442;110;113;286
2019;41201;Andrichsfurt;776;17,8;15,1;5,5;82,9;3,1;61,9;6,6;73,3;302;2,57;214;77;79;229
2019;41202;Antiesenhofen;1097;14;18,2;16;79,4;3,2;59,7;5;81,4;428;2,54;331;62;72;360
2019;41203;Aurolzmünster;3076;14,6;17,2;14,3;78,2;4;62,1;6,2;81,8;1306;2,36;902;172;196;1669
2019;41204;Eberschwang;3463;14,3;18,8;7,9;81;2,6;64,8;8,5;66,2;1450;2,35;976;274;295;1202
2019;41205;Eitzing;843;16,8;14,2;4,5;80,7;0,8;64,5;9;85,6;328;2,57;258;52;53;120
2019;41206;Geiersberg;511;14,7;20,5;2,5;79,2;2,2;59,4;8,5;82,6;204;2,5;149;39;40;143
2019;41207;Geinberg;1413;14,3;17,5;12,7;79;2,8;65,3;6;72;621;2,26;404;90;100;1308
2019;41208;Gurten;1196;15,2;19;8,4;80,6;4,3;65,5;7,5;69,2;498;2,4;350;95;101;1303
2019;41209;Hohenzell;2275;16,6;16,9;5,1;76,6;2,6;61,3;15,1;76,6;887;2,56;666;216;238;1187
2019;41210;Kirchdorf am Inn;648;13,1;19,1;11,7;78,4;2,5;61,5;8,5;79,2;265;2,45;185;55;57;159
2019;41211;Kirchheim im Innkreis;727;15,4;16,4;3,2;81,5;2,2;64,1;7;79,2;288;2,52;212;84;85;235
2019;41212;Lambrechten;1337;14,8;18,6;5,5;81,9;2,1;61,5;6,2;68,2;523;2,54;374;124;127;478
2019;41213;Lohnsburg am Kobernaußerwald;2246;15,5;19,5;4;80,3;1,8;63,3;7,7;70,7;901;2,49;657;190;198;750
2019;41214;Mehrnbach;2368;13,9;20,7;8,2;80,3;3,1;61,4;9,1;80,6;933;2,44;685;161;170;1236
2019;41215;Mettmach;2349;15,3;17,2;3,1;78,2;2,5;64,1;5,6;74,5;953;2,46;664;175;189;660
2019;41216;Mörschwang;343;16;17,8;7,9;81,1;1,6;66,3;14,2;70,3;120;2,86;108;42;42;107
2019;41217;Mühlheim am Inn;662;13,1;20,8;9,5;78;2,8;68,3;6,6;83,2;294;2,25;207;51;52;124
2019;41218;Neuhofen im Innkreis;2464;14,4;16,8;7,5;77,6;3,8;63,8;14,2;84,6;998;2,47;751;159;167;426
2019;41219;Obernberg am Inn;1629;10,6;24,9;24,7;70,7;5,2;57,8;7;81,8;742;2,05;435;62;76;477
2019;41220;Ort im Innkreis;1267;17,2;16,3;13,7;78,7;3,1;61,1;5,7;74,6;499;2,54;360;93;100;727
2019;41221;Pattigham;991;19,2;16,6;4,7;80,3;2,1;65,3;10,4;80,3;388;2,55;302;85;91;216
2019;41222;Peterskirchen;697;14,8;20,1;2,9;80,2;3,1;62,3;11,1;78,6;265;2,63;215;61;63;128
2019;41223;Pramet;1025;14,8;18,6;4,1;82,1;2,2;63,9;8,8;71,8;410;2,5;303;82;87;441
2019;41224;Reichersberg;1553;14,7;18,1;13,7;76,9;2,7;63,5;8,6;70,5;626;2,47;464;119;139;2492
2019;41225;Ried im Innkreis;12202;13,4;20,2;23,5;72,1;6,5;53,2;13,5;48,7;5898;2,01;3219;929;1220;14146
2019;41226;St. Georgen bei Obernberg am Inn;570;11,4;22,8;10,7;84;1,5;67,1;10,3;72,6;230;2,48;169;80;82;182
2019;41227;St. Marienkirchen am Hausruck;882;17,9;12,2;3,4;81,2;1,2;65,1;11,6;77,6;318;2,77;257;79;84;210
2019;41228;St. Martin im Innkreis;2077;17,5;13,6;22,6;79,4;2,5;61,4;9,7;66,3;836;2,48;591;139;162;2112
2019;41229;Schildorn;1207;16,7;15,6;4,1;84,2;2,4;65,2;8,8;81,5;454;2,63;357;91;97;216
2019;41230;Senftenbach;777;13,9;16,3;9;78,8;3,1;62,5;9,6;82,7;300;2,59;230;63;65;211
2019;41231;Taiskirchen im Innkreis;2410;17;17,8;4;79,5;2,3;60,8;9,6;74,3;905;2,66;699;184;194;548
2019;41232;Tumeltsham;1596;14,7;17,3;7,7;81,4;1,3;61,4;16,6;79,8;635;2,51;489;175;212;1397
2019;41233;Utzenaich;1572;16,2;16,3;8,4;80;2,6;61,2;9,7;78,9;595;2,64;474;122;130;483
2019;41234;Waldzell;2218;16,1;17,6;4,2;80,1;2,4;64,3;6;69,6;887;2,48;632;180;191;665
2019;41235;Weilbach;619;16,2;19,4;6,9;79,4;3,3;63;8,7;78,4;236;2,62;187;58;61;178
2019;41236;Wippenham;569;15,5;15,8;4,9;79,5;2,2;66,1;6,9;87,4;224;2,54;169;33;34;132
2019;41304;Altenfelden;2257;16;17,2;4,6;79,7;1,8;63,1;10,3;70,7;882;2,52;648;187;200;1017
2019;41305;Arnreit;1137;19,1;15;1,8;81,5;0,9;67,6;8;74,7;454;2,5;308;103;106;397
2019;41306;Atzesberg;440;16,1;15,7;1,4;81;2,4;62,3;4,1;80,3;162;2,72;134;38;39;65
2019;41307;Auberg;556;19,6;17,3;2,7;84,3;1,3;64,9;6;75,7;212;2,62;158;63;65;151
2019;41309;Haslach an der Mühl;2554;14,9;23;6,2;77,6;2,3;60;11,1;71,4;1046;2,35;694;171;195;999
2019;41311;Hörbich;399;15,3;15,5;2;88,4;0,8;66,9;4,4;75;149;2,68;116;49;50;89
2019;41312;Hofkirchen im Mühlkreis;1501;17,1;18,3;3,9;80,9;1,8;62,4;6,9;65,4;597;2,5;433;127;141;687
2019;41313;Julbach;1553;13,8;18,7;3,9;80,5;1,9;61,4;5,7;81,9;645;2,41;458;94;100;249
2019;41314;Kirchberg ob der Donau;1054;15,6;18,4;2,4;81;1,2;63,7;7,2;76,7;443;2,38;298;79;86;325
2019;41315;Klaffer am Hochficht;1295;13,4;19,1;5,6;79,7;2,1;64;5,3;83,1;569;2,28;378;70;79;245
2019;41316;Kleinzell im Mühlkreis;1635;16,9;19;2,1;82,5;1,2;62,7;8,6;81,7;615;2,51;465;86;96;350
2019;41317;Kollerschlag;1515;18;15,6;3,9;81,8;0,9;62,6;4,8;78,4;562;2,69;433;87;92;343
2019;41318;Lembach im Mühlkreis;1532;15,8;21,3;6,7;83,9;1,7;59,5;8,8;73,7;622;2,35;409;111;131;731
2019;41319;Lichtenau im Mühlkreis;479;13,6;18,6;2,9;85,2;0,4;63;6,5;83,2;187;2,56;143;37;37;73
2019;41320;Nebelberg;643;20,4;14,9;3,7;80,3;0,9;63,5;5,9;81,2;225;2,86;187;32;32;167
2019;41321;Neufelden;1257;16,7;18,9;13,2;76,4;2,6;56,4;15,5;68,8;508;2,45;341;129;148;1103
2019;41322;Niederkappel;981;17;20,5;1,9;83,5;1,3;63,4;6,8;75,9;401;2,45;283;77;79;283
2019;41323;Niederwaldkirchen;1834;17,4;16,8;3,1;82,8;1,7;65,1;9,7;71,3;702;2,61;520;166;176;737
2019;41324;Oberkappel;726;16,9;18;12,3;79;1,3;63;6,3;75,4;270;2,62;193;55;61;171
2019;41325;Oepping;1517;13,5;15,3;1,4;83,4;1,5;66;7,5;76,9;623;2,43;448;116;122;601
2019;41326;Peilstein im Mühlviertel;1540;15,5;18,5;2,2;81,9;1,3;64,5;5,9;72,2;617;2,5;446;126;135;535
2019;41327;Pfarrkirchen im Mühlkreis;1447;16,4;18,9;5,1;81,5;1,4;60,5;7,4;70,3;538;2,69;404;140;148;434
2019;41328;Putzleinsdorf;1537;16,3;15,9;3,7;83,3;1,5;65;8,5;74,5;611;2,52;426;148;157;457
2019;41329;Neustift im Mühlkreis;1459;17,4;17,8;6;78,5;1,3;60,9;7,8;69,8;526;2,77;409;104;109;342
2019;41331;St. Johann am Wimberg;1008;16,4;16,9;3;82,8;1,2;62,5;8,8;73,4;405;2,49;279;97;100;273
2019;41332;St. Martin im Mühlkreis;3779;17,6;15,1;4,4;80,5;1,8;65,6;11,6;72,3;1500;2,52;1113;319;345;1760
2019;41333;St. Oswald bei Haslach;488;15,8;15,8;3,1;79,9;1,8;64,5;6,6;82,4;199;2,45;145;36;37;87
2019;41334;St. Peter am Wimberg;1748;14,6;16,5;1,9;83,7;1;63,5;7,6;73,7;710;2,44;490;127;138;610
2019;41336;St. Ulrich im Mühlkreis;643;17,6;16,8;1,2;83,2;2,2;59,1;10,6;81,6;246;2,61;183;56;56;133
2019;41337;St. Veit im Mühlkreis;1246;16,9;20,3;2,3;83,8;0,9;65,4;9,8;76,5;512;2,43;360;102;105;301
2019;41338;Sarleinsbach;2284;16,9;16,3;2,5;80,7;1,3;63,6;8,1;60;860;2,62;636;207;223;1743
2019;41341;Schwarzenberg am Böhmerwald;575;10,4;24,7;13,4;75,9;1,4;63,5;5,8;78,7;262;2,19;161;42;45;84
2019;41342;Ulrichsberg;2834;12,2;22,2;5,4;78,3;3,1;60,5;7,6;64,7;1202;2,3;815;197;220;1221
2019;41343;Aigen-Schlägl;3235;14,4;21,1;6;78,8;3,1;63,4;10,4;64,4;1398;2,26;911;225;255;1492
2019;41344;Rohrbach-Berg;5211;13,8;20,3;8,3;77;3,1;57,1;14,2;57,6;2252;2,26;1459;433;578;4634
2019;41345;Helfenberg;1552;14,4;20,8;4,1;77,8;2,1;60,8;9,5;73,1;608;2,55;453;110;116;409
2019;41346;St. Stefan-Afiesl;1111;15,2;19,4;2,9;82,1;1,6;62,3;7,5;78,2;432;2,57;333;94;97;271
2019;41401;Altschwendt;703;18,5;17,9;4,3;79;2,9;64,2;8;76;265;2,62;186;55;56;116
2019;41402;Andorf;5191;15,4;18,3;7,4;78,2;3,3;58;8,6;70,8;2030;2,52;1480;341;392;2174
2019;41403;Brunnenthal;2096;16,7;18,1;10,4;75,9;3,6;62,3;13,6;81,6;806;2,6;631;140;148;470
2019;41404;Diersbach;1566;13,7;18,4;4,2;79,7;1,7;60,1;7,9;77,1;585;2,66;452;135;142;332
2019;41405;Dorf an der Pram;1053;15,8;16,3;3,6;82,2;1,8;63,6;10,6;72,2;405;2,6;309;87;91;492
2019;41406;Eggerding;1332;16,7;17,9;4,3;80,5;1,1;64,5;7,6;75,7;497;2,68;396;115;118;289
2019;41407;Engelhartszell;923;9,2;24,7;10,1;67,7;2,1;58,1;6,8;58,2;364;2,32;234;78;102;550
2019;41408;Enzenkirchen;1780;15;16;4,4;79,1;2;61,2;4,2;72,9;685;2,6;507;169;176;569
2019;41409;Esternberg;2858;12,8;21,4;6,1;79;1,8;59,8;6,2;73,5;1033;2,65;806;170;186;637
2019;41410;Freinberg;1441;12,1;21,9;25,4;65,1;1,5;63,6;7,9;68,2;600;2,39;409;76;82;960
2019;41411;Kopfing im Innkreis;1991;14,9;20,1;4,2;78,5;2;56,2;8;64,4;808;2,46;580;179;188;1039
2019;41412;Mayrhof;324;19,8;11,1;3,4;88,4;1,5;69,6;7,3;83,6;98;3,31;91;27;27;40
2019;41413;Münzkirchen;2538;15,4;17,8;3,5;78,7;1,9;63,4;7,7;71,4;939;2,69;735;182;200;869
2019;41414;Raab;2289;14,6;18,6;7,3;77,5;2,5;62,1;8;71,4;940;2,44;669;198;216;850
2019;41415;Rainbach im Innkreis;1495;16,9;17,1;3,1;81,3;1,7;64;6,9;78;543;2,75;442;138;140;290
2019;41416;Riedau;2066;15,1;17,9;10,6;76,1;2,7;59,7;7,3;76,7;873;2,37;604;105;122;902
2019;41417;St. Aegidi;1546;14,4;18;2,1;82,1;1;58,6;5,4;70,4;556;2,76;435;144;151;488
2019;41418;St. Florian am Inn;3151;15,5;18,2;12,7;75,4;3,7;62;9,1;73,5;1322;2,36;916;202;228;2418
2019;41419;St. Marienkirchen bei Schärding;1907;16,2;17,8;8,2;76,9;2,5;61,9;8,4;73,3;745;2,55;561;139;151;976
2019;41420;St. Roman;1727;14,2;16,4;2,4;84,7;1,5;61,8;5,6;71,4;643;2,69;474;156;160;497
2019;41421;St. Willibald;1102;12,8;18,3;3,3;80,1;1,4;60;4,1;73,7;443;2,49;330;88;93;456
2019;41422;Schärding;5251;13,3;22,9;22,5;69,7;5,8;55,6;13;62;2562;2,01;1395;395;542;4448
2019;41423;Schardenberg;2440;18,6;18,4;15,5;74,8;2,3;64,7;7,6;71,9;957;2,54;704;202;208;669
2019;41424;Sigharting;825;14,4;18,1;3,6;83,5;0,4;64,3;7,1;70,4;309;2,67;239;79;86;463
2019;41425;Suben;1558;11,9;13,7;22,6;56,5;3,5;59,2;10,7;81,7;530;2,41;382;83;95;774
2019;41426;Taufkirchen an der Pram;2921;14,8;19,9;7,5;75,9;3,2;58,9;7,1;66,9;1178;2,47;868;212;230;1540
2019;41427;Vichtenstein;614;15,3;21,3;15,1;77,9;2,2;60,6;3,7;81,7;258;2,38;164;41;43;85
2019;41428;Waldkirchen am Wesen;1185;12,8;17,6;2,6;75,8;1,8;63,4;4,7;75,1;454;2,56;330;109;117;371
2019;41429;Wernstein am Inn;1534;14,1;19,6;10,6;75,6;2,1;64,5;8,3;77,3;643;2,39;439;105;110;456
2019;41430;Zell an der Pram;2016;16,5;20,6;6,8;79,7;1,9;60,3;9;69,7;747;2,62;557;154;165;830
2019;41501;Adlwang;1885;17,5;16,4;4,3;80,4;2,1;65,9;10,6;74,3;686;2,75;554;155;165;683
2019;41502;Aschach an der Steyr;2305;16,3;17,2;2;80,2;2,5;69,9;13;79,5;846;2,72;709;179;188;457
2019;41503;Bad Hall;5420;14,5;22;13,7;76,3;4,7;61,4;12,3;67,2;2374;2,19;1488;350;416;3236
2019;41504;Dietach;3257;16;16,7;8,4;80,7;3,2;67,7;13,5;80,1;1376;2,37;992;253;278;1718
2019;41505;Gaflenz;1930;17,6;19,1;3,7;81,1;1,7;66,9;7,5;66,6;713;2,71;568;171;179;626
2019;41506;Garsten;6646;14,4;19,9;6;72,9;3,3;62,9;15,3;79,8;2547;2,44;1867;425;456;1774
2019;41507;Großraming;2684;17,2;20,9;2,5;78,9;2,2;66,8;9,2;68,4;1073;2,49;766;203;222;1161
2019;41508;Laussa;1235;16;17;1,4;81,4;1,6;68,6;6;71,2;452;2,73;350;113;119;292
2019;41509;Losenstein;1632;15,4;19,6;5,9;76,1;5,6;67,5;9,2;64,6;656;2,49;486;124;140;946
2019;41510;Maria Neustift;1608;18,5;16;1,6;80,6;2,5;66,1;5,8;72,8;537;2,99;452;143;149;345
2019;41511;Pfarrkirchen bei Bad Hall;2317;15,3;18,3;6,3;79;3,6;66,7;11,2;86,4;983;2,36;703;129;134;447
2019;41512;Reichraming;1710;12,6;21,8;4;77,2;3,7;68,8;5;72,9;729;2,35;514;132;144;532
2019;41513;Rohr im Kremstal;1413;18;14,7;7,8;76,1;4,3;66,7;9,8;80,7;558;2,53;421;104;112;396
2019;41514;St. Ulrich bei Steyr;3030;14,4;21,5;3;78,8;2,6;62,8;16,4;80,7;1233;2,46;931;289;308;1030
2019;41515;Schiedlberg;1244;14,8;18;5,9;80,3;2,8;67,3;10,5;70,7;473;2,63;373;159;170;533
2019;41516;Sierning;9374;14;19,1;9,5;77,2;4,9;67,4;9,1;76,7;4179;2,2;2720;562;630;2774
2019;41517;Ternberg;3391;14,9;21,7;4,1;80;3,5;70;7,3;66,7;1384;2,4;961;305;341;1359
2019;41518;Waldneukirchen;2223;15;17,3;5,4;79,9;1,9;66,5;9,2;72,3;847;2,61;649;218;233;1303
2019;41521;Wolfern;3171;15,4;20,6;2,4;80,7;2,5;68;11,8;74,5;1313;2,37;957;264;282;1494
2019;41522;Weyer;4177;14,3;23,9;6,7;75,9;3,5;63,3;9,9;58,7;1730;2,33;1180;275;330;1448
2019;41601;Alberndorf in der Riedmark;4165;17,7;15;3;80,4;1,5;68,5;11,2;81,7;1569;2,65;1244;278;294;746
2019;41602;Altenberg bei Linz;4666;18,2;17,5;3,1;80,6;1,4;61,3;20,1;76,6;1759;2,64;1396;399;416;1082
2019;41603;Bad Leonfelden;4253;15,6;19,2;7,3;78,7;2,4;64,4;10,7;58,4;1752;2,36;1161;351;403;2739
2019;41604;Eidenberg;2119;15,9;14,5;3,4;82,7;2;68,2;12,1;80,6;837;2,53;619;193;201;406
2019;41605;Engerwitzdorf;8805;15,7;17,7;4,2;78,3;2;63,7;15,9;83,3;3532;2,42;2598;509;550;2596
2019;41606;Feldkirchen an der Donau;5353;14,1;19,7;5;80,1;1,5;65,8;10,3;76,1;2196;2,38;1556;400;432;1563
2019;41607;Gallneukirchen;6583;13,9;17,6;7,4;75,7;2,9;58,4;19,7;79,6;2943;2,16;1847;935;1025;3407
2019;41608;Goldwörth;817;14,2;17,9;2,7;80,2;2,1;64,8;14,7;84,7;337;2,42;259;62;64;192
2019;41609;Gramastetten;5119;15,6;20,7;4,2;79,7;1,8;60,8;19,5;77,7;2072;2,41;1524;433;456;1293
2019;41610;Haibach im Mühlkreis;923;16,3;17,7;3,7;82,8;1;67,4;14;83;328;2,81;272;78;81;128
2019;41611;Hellmonsödt;2337;14,3;21,9;6,5;80,2;2,3;62,7;16,5;78,9;1009;2,24;672;187;213;767
2019;41612;Herzogsdorf;2648;16,4;15,1;1,8;85,5;0,6;69,2;9;79,2;963;2,75;778;232;243;607
2019;41613;Kirchschlag bei Linz;2201;16,3;16;7,2;78,3;2,5;62,4;17,5;77,8;929;2,37;645;205;212;675
2019;41614;Lichtenberg;2705;16,3;19;3;80;1,7;58,9;25,7;79,4;1109;2,44;829;241;251;576
2019;41615;Oberneukirchen;3188;15,5;19;3,5;79,5;2;65,7;10,6;69,3;1255;2,53;928;263;275;1135
2019;41616;Ottenschlag im Mühlkreis;559;20,2;15,4;2,1;79,4;2,3;66,8;9;82,6;185;3,02;159;40;42;75
2019;41617;Ottensheim;4748;14,8;19,7;7,8;77,2;2,5;59,4;22,7;77,1;2165;2,19;1386;397;456;1850
2019;41618;Puchenau;4454;13,8;25,4;6,1;74,1;2,8;55,8;29,3;84,6;2115;2,1;1348;353;380;855
2019;41619;Reichenau im Mühlkreis;1336;17,4;14,1;6,1;79,5;0,9;67,7;13;79,6;533;2,51;395;109;113;287
2019;41620;Reichenthal;1498;17,7;17,1;2,7;84,7;1,1;68;7,9;74,3;618;2,42;435;113;128;676
2019;41621;St. Gotthard im Mühlkreis;1305;15,1;18,6;4,8;79,2;2,6;66;13,4;83,9;568;2,3;393;95;98;191
2019;41622;Schenkenfelden;1572;14,6;17,9;1,8;78,8;1,5;67,6;8,6;75,2;594;2,62;457;144;154;395
2019;41623;Sonnberg im Mühlkreis;1024;19,2;14,3;1,8;84,7;1,5;64,3;15,5;84,7;395;2,59;306;91;94;226
2019;41624;Steyregg;4946;14,7;21,1;8,5;79,3;2,5;63;15,5;80,3;2302;2,15;1491;366;404;2025
2019;41626;Walding;4177;14,9;21,1;5;79,1;1,7;62,9;15,8;78,4;1789;2,28;1219;296;329;1268
2019;41627;Zwettl an der Rodl;1756;17,5;18;5,6;82,1;2,1;63,7;13,4;79,3;709;2,48;498;149;160;509
2019;41628;Vorderweißenbach;2669;17,3;17;1,9;82,1;1,9;66;9;72,4;1027;2,6;767;204;213;778
2019;41701;Ampflwang im Hausruckwald;3383;15,1;21,2;13,4;73;5,6;62,1;5,8;72,9;1482;2,28;990;154;173;1042
2019;41702;Attersee am Attersee;1603;13,1;21,9;8,2;77,5;3,9;60,8;19,5;70,2;751;2,13;436;182;205;514
2019;41703;Attnang-Puchheim;9102;16;19,8;28,8;70,6;7,8;56,2;6,8;70,8;3897;2,28;2482;385;479;5069
2019;41704;Atzbach;1220;16,3;17,5;5,8;79,2;1,5;61;10,4;68,5;470;2,6;356;123;129;574
2019;41705;Aurach am Hongar;1727;16,4;15,9;3,8;81,9;2,2;69,7;7,6;81,7;673;2,57;511;121;130;282
2019;41706;Berg im Attergau;1073;17,6;14,8;4,2;82,8;1,8;64;9,3;76,8;408;2,63;309;96;99;252
2019;41707;Desselbrunn;1863;19;14,9;4,3;82,2;2,2;70,1;8,5;81;688;2,71;566;139;150;470
2019;41708;Fornach;975;19;14,3;3,7;82,3;2,2;66,2;7;79,5;362;2,69;282;76;78;291
2019;41709;Frankenburg am Hausruck;4899;14,8;19,1;5,7;79,7;2,7;65;7,1;67,2;2011;2,4;1416;359;384;1601
2019;41710;Frankenmarkt;3692;16;18,7;15,2;76,3;4,1;61;7,9;63,7;1525;2,36;1020;221;252;1985
2019;41711;Gampern;2989;17,8;15;4,1;79,7;1,9;65,5;10,7;76,1;1135;2,63;887;209;219;1760
2019;41712;Innerschwand am Mondsee;1172;16,6;16,7;6,5;82,6;1,9;64,4;13,5;76,6;447;2,62;346;124;131;365
2019;41713;Lenzing;5216;14,1;20,6;13,4;75,4;5,2;63,4;7,5;64,2;2432;2,1;1483;197;248;5962
2019;41714;Manning;790;15,2;18,7;1,6;78,7;2,8;68,4;8,4;85,2;306;2,58;227;50;56;118
2019;41715;Mondsee;3822;13,1;20;22,3;79,4;3,4;60;16,4;63,9;1877;2;1017;615;688;3580
2019;41716;Neukirchen an der Vöckla;2629;16,6;19,5;4;81;1,8;66,9;10;71,8;996;2,59;752;189;203;926
2019;41717;Niederthalheim;1095;18,8;18;7,7;79;2,9;64,5;6,5;74,1;386;2,84;306;94;96;206
2019;41718;Nußdorf am Attersee;1148;14,6;23;10,6;80;3,1;67;13,9;59,6;515;2,23;319;166;175;420
2019;41719;Oberhofen am Irrsee;1682;18;14;8,5;82,3;2,9;67,1;10,5;76,1;680;2,47;469;149;160;493
2019;41720;Oberndorf bei Schwanenstadt;1388;13,8;18,4;8,7;73,5;4,6;66,7;8,7;87,3;605;2,29;410;77;82;429
2019;41721;Oberwang;1744;17,6;15,3;3,7;85,8;1;66,7;5,6;64,5;655;2,66;490;194;201;793
2019;41722;Ottnang am Hausruck;3912;17;19;8,1;75,3;4;64,5;8;77,1;1532;2,51;1112;243;263;870
2019;41723;Pfaffing;1480;15,7;18,9;3,7;75,1;1,9;65,8;7,8;80,4;547;2,59;419;92;97;520
2019;41724;Pilsbach;623;13,5;17,7;2,9;79,7;2,8;66,8;12,6;81,4;236;2,64;186;57;57;105
2019;41725;Pitzenberg;547;16,3;14,1;2,7;79,8;2,8;71,2;9;85;207;2,64;167;33;35;91
2019;41726;Pöndorf;2420;16,3;16,5;6,8;81,9;2,1;65,1;5,1;74,7;942;2,57;701;213;223;698
2019;41727;Puchkirchen am Trattberg;1060;19,2;14,1;3,7;79,1;2,4;65,2;13,8;81,8;382;2,77;307;101;103;352
2019;41728;Pühret;625;17,4;17,3;1,8;79,4;0,6;68,6;9,3;87,1;218;2,87;191;40;42;90
2019;41729;Redleiten;541;19,2;12,8;10,2;79,3;2,3;63,8;5,3;84,3;198;2,73;156;33;34;70
2019;41730;Redlham;1624;15;16,8;6,4;80,4;3,3;67,5;9,4;87,3;682;2,38;497;95;104;863
2019;41731;Regau;6681;16,6;16,1;9,7;78,8;3,1;65,6;9,8;79,3;2622;2,54;1965;613;680;3065
2019;41732;Rüstorf;2166;15,6;16,9;7,7;79,7;3,2;64;8;84,9;918;2,36;651;108;117;564
2019;41733;Rutzenham;300;21,7;16,7;4;82,2;1,3;66;16,2;74,5;111;2,7;93;32;32;67
2019;41734;St. Georgen im Attergau;4395;16,5;16,1;13,7;78,2;3;64,9;10,1;66,2;1779;2,4;1223;345;391;2000
2019;41735;St. Lorenz;2514;17,2;17;8,2;80;2,4;63,5;15,9;74,2;973;2,58;713;302;317;918
2019;41736;Schlatt;1380;14,7;18,8;7,9;78,3;4,5;67,5;9,9;86;579;2,38;412;85;91;335
2019;41737;Schörfling am Attersee;3459;15,1;19,2;8,2;78,2;2,9;64,6;16,5;75,2;1576;2,19;996;289;335;1710
2019;41738;Schwanenstadt;4362;15,5;18,5;20,6;74,5;5,5;57,5;10,1;75,2;1984;2,16;1193;288;346;2260
2019;41739;Seewalchen am Attersee;5682;15;19;7,3;77,8;2,7;63,9;16,5;79,1;2525;2,25;1683;390;433;1560
2019;41740;Steinbach am Attersee;883;15,2;25,5;10,5;79,4;2,1;68,2;13,8;61,7;402;2,18;237;98;105;342
2019;41741;Straß im Attergau;1499;15,2;14,1;8,1;81,2;2,8;66,6;8,8;79,5;581;2,58;422;139;143;382
2019;41742;Tiefgraben;4028;17,6;14,3;9,8;82,7;1,7;63,2;15,3;74,8;1543;2,61;1153;407;437;1302
2019;41743;Timelkam;5790;13,7;19,9;11,7;75,5;3,8;64,5;8,8;79,8;2526;2,24;1654;298;350;1942
2019;41744;Ungenach;1499;16,9;16,2;5,2;80,2;2,6;67,6;12,9;82,8;561;2,67;431;95;103;256
2019;41745;Unterach am Attersee;1517;12,2;23,1;12,5;76,5;2,8;65,6;15,1;63,7;725;2,09;417;153;164;876
2019;41746;Vöcklabruck;12403;13,2;22,5;19;72;6,7;56,8;15;58,6;5823;2,04;3285;1249;1537;13415
2019;41747;Vöcklamarkt;5085;15,4;17,8;12,1;78,4;3,6;64,1;7,8;67,7;2061;2,44;1445;368;407;2482
2019;41748;Weißenkirchen im Attergau;974;17,8;16,9;3,4;81;1,9;64,2;7,6;72,9;364;2,68;286;102;105;286
2019;41749;Weyregg am Attersee;1563;14,8;21,3;5,8;77,2;2,3;61,5;18,3;70,4;683;2,29;443;162;175;394
2019;41750;Wolfsegg am Hausruck;1998;16;19,9;10,9;76,5;4,1;65,3;10,9;76,6;821;2,43;568;127;138;681
2019;41751;Zell am Moos;1618;15,9;17,7;8,8;81,7;2,3;62,8;12,9;69;619;2,61;474;170;182;752
2019;41752;Zell am Pettenfirst;1263;16,3;18,3;4,6;76,3;2,7;67,1;10,5;81;497;2,54;371;81;88;224
2019;41801;Aichkirchen;601;20,6;14,8;4;80,7;2,7;66,7;10,5;79;231;2,6;170;54;56;408
2019;41802;Bachmanning;738;20,2;16,8;14,4;75,7;4,5;64,9;8,3;73;275;2,68;211;58;60;220
2019;41803;Bad Wimsbach-Neydharting;2592;16,5;17,2;6,4;82,1;2,4;67,1;9,3;73,8;1045;2,48;759;220;232;1098
2019;41804;Buchkirchen;4069;15,3;17,7;4,7;81,2;2,2;68,4;11,9;81,2;1643;2,48;1235;305;322;1243
2019;41805;Eberstalzell;2701;17,8;15,7;6,3;84,4;1,2;65,9;8,6;69,1;933;2,83;755;238;258;1757
2019;41806;Edt bei Lambach;2259;15,4;17,6;8,9;79,1;2,4;70;9;81,6;960;2,35;693;182;199;1582
2019;41807;Fischlham;1359;15,4;19,4;3,5;80;2,3;66,5;9,2;76,5;545;2,49;416;131;135;455
2019;41808;Gunskirchen;6276;16,1;17,9;10,3;80,3;2,8;66,1;11,5;68,3;2478;2,5;1860;497;538;5040
2019;41809;Holzhausen;1032;20;10,3;6,2;86;2,2;67,3;15;82,4;428;2,37;303;93;99;713
2019;41810;Krenglbach;3177;17,2;17,1;5,8;79,3;2,4;68;12,8;83,2;1271;2,5;974;226;244;1122
2019;41811;Lambach;3605;15,2;19,3;23,1;75;5,3;57,6;10,6;78,9;1603;2,16;943;204;241;1500
2019;41812;Marchtrenk;14038;16,4;16,3;16,4;78,4;3,9;64;8,5;73,7;5766;2,41;4084;893;1018;7742
2019;41813;Neukirchen bei Lambach;931;16,5;17,8;4,9;79,9;2,4;68,3;12,5;84,4;368;2,53;287;69;70;229
2019;41814;Offenhausen;1710;17,5;14,9;9,6;81,9;2,7;67,3;9,4;77,7;678;2,52;478;120;129;416
2019;41815;Pennewang;919;18,8;14,5;3,5;83;1,7;68,8;12,9;76,8;363;2,53;271;96;102;203
2019;41816;Pichl bei Wels;2914;16,3;16,2;8,9;78,7;2,6;65,7;11;77,8;1096;2,66;863;232;255;1147
2019;41817;Sattledt;2712;16,6;15,9;13,2;81,6;3,7;65,3;9;66,6;1077;2,51;773;235;284;4381
2019;41818;Schleißheim;1425;19,6;13,7;7,1;82,5;2,8;64,6;17,3;85,1;555;2,57;427;92;96;218
2019;41819;Sipbachzell;2081;18,8;14,5;5,3;80,7;2,9;66;12,8;75,9;791;2,63;610;200;208;1159
2019;41820;Stadl-Paura;5004;13,6;20,8;18;77,2;4,8;63,3;6,5;80,3;2235;2,2;1445;324;366;1322
2019;41821;Steinerkirchen an der Traun;2390;17,6;18,7;4,6;82,9;0,8;65,9;9,5;72,1;794;2,92;670;237;248;742
2019;41822;Steinhaus;2265;17,5;17,9;5,7;79,4;2,2;64,9;14,1;75,8;868;2,61;691;224;239;2169
2019;41823;Thalheim bei Wels;5531;14,8;21,3;12;78;3,8;60;19,6;78,8;2486;2,19;1579;499;548;3022
2019;41824;Weißkirchen an der Traun;3424;16,2;16,3;7,3;81,4;2,2;66,5;12,5;80;1354;2,53;1067;295;316;1472
2019;50101;Salzburg;154964;12,9;20,5;28,4;71,7;5,3;52;21,6;29,3;75815;1,99;38764;13516;15714;118485
2019;50201;Abtenau;5912;15;18,6;10,6;80,1;2,6;66,8;7,9;42,2;2118;2,74;1677;590;651;2833
2019;50202;Adnet;3608;15,8;18,9;6,2;82,3;1,3;69,2;13,6;72,6;1473;2,45;1098;331;357;1532
2019;50203;Annaberg-Lungötz;2237;16,2;20,2;9,3;79,5;2;65,3;6,3;55,4;865;2,59;630;211;228;911
2019;50204;Golling an der Salzach;4311;16,8;18,4;15,6;78,2;2,7;66;12;68,8;1820;2,35;1207;309;354;1639
2019;50205;Hallein;21328;16,1;16,6;22,6;75,5;5,1;59,3;13,4;66,9;9592;2,21;5917;1392;1653;9842
2019;50206;Krispl;876;18;17,8;2,5;81,5;1,9;73;7,1;71,8;323;2,71;248;101;104;214
2019;50207;Kuchl;7381;17,2;17,4;9,9;79,9;2,4;65,5;14,3;67,9;2871;2,55;2085;589;642;3165
2019;50208;Oberalm;4440;14,8;21,8;13;78;2,8;60,4;20,2;81,7;1886;2,27;1251;318;353;1283
2019;50209;Puch bei Hallein;4740;14,1;17,3;14,6;75;2,4;63,3;18,8;79,8;1876;2,37;1300;395;430;3903
2019;50210;Rußbach am Paß Gschütt;770;13;19,1;5,6;75,3;2,9;67,8;5,2;71,3;297;2,59;228;60;67;195
2019;50211;Sankt Koloman;1765;18,1;16,9;5,6;81,7;1;69,3;9,8;76,1;645;2,74;506;156;165;328
2019;50212;Scheffau am Tennengebirge;1418;17,1;18,8;4,6;80,3;1,1;70,5;10;75,5;542;2,62;410;130;132;372
2019;50213;Bad Vigaun;2059;16,7;18;7,9;82,1;1,9;69,7;10,9;77,8;858;2,4;600;153;162;748
2019;50301;Anif;4233;13,8;22,7;15,9;77,7;2,3;60,2;23,4;72,8;1796;2,32;1204;466;525;3247
2019;50302;Anthering;3735;15,8;16,7;9;81,3;2,3;67,3;14,7;76,1;1598;2,33;1090;308;340;1296
2019;50303;Bergheim;5510;15,1;18,8;14,8;78,1;2,5;62,6;18,5;74,2;2293;2,34;1531;530;677;4985
2019;50304;Berndorf bei Salzburg;1708;13,4;17,6;5,7;79,1;2,5;70,1;9,1;74,8;699;2,43;503;162;171;488
2019;50305;Bürmoos;4971;15,6;17,9;12,5;75,2;4,2;64,3;10,2;76,7;2004;2,44;1459;202;230;1786
2019;50306;Dorfbeuern;1563;16,8;16,6;7,7;82,1;2;64,4;12,2;78;584;2,66;441;126;136;337
2019;50307;Ebenau;1430;17,8;18,8;6,5;79,2;1,7;67,1;13,6;71,3;570;2,51;417;126;138;395
2019;50308;Elixhausen;3036;14,6;20;9,7;81,5;1,7;65,5;17,4;78;1276;2,37;903;266;295;1129
2019;50309;Elsbethen;5482;13,2;20,7;11,4;78,5;2,2;58,8;24,8;79,4;2485;2,18;1557;453;511;2610
2019;50310;Eugendorf;7037;15,3;17,4;10,1;80,2;2,5;67,5;13;72;2719;2,55;2040;639;761;4792
2019;50311;Faistenau;3089;17,1;15,2;7,5;79,6;2,2;69,9;10,5;72,6;1138;2,7;909;263;281;703
2019;50312;Fuschl am See;1562;14,6;15,7;17,3;80;1,5;63,9;18;62,1;677;2,29;440;171;189;1264
2019;50313;Göming;778;18,6;15,2;4,5;82,7;1,6;70,8;12,6;77,2;295;2,64;222;74;82;203
2019;50314;Grödig;7375;14,2;20,2;19,2;77,7;3,3;61,8;14,1;73;3298;2,21;2075;519;577;3976
2019;50315;Großgmain;2618;15,4;22,7;18,8;78,4;2,3;63,3;19,4;76,9;1141;2,24;720;202;226;919
2019;50316;Hallwang;4252;15,4;19;9,4;80,1;2,3;65,1;16,6;77,5;1762;2,36;1199;413;463;2133
2019;50317;Henndorf am Wallersee;4926;15,9;18,2;10,5;81,1;2,5;64,4;14,8;72;2099;2,35;1475;413;460;2057
2019;50318;Hintersee;466;15,9;13,3;6,9;80,3;1,4;70,7;8,9;74,6;157;2,97;141;50;56;116
2019;50319;Hof bei Salzburg;3587;15,2;19,4;11,8;79,9;2,3;65,6;14,6;71,2;1452;2,42;1009;318;366;1735
2019;50320;Köstendorf;2669;16,2;17,8;7,3;81,2;2,6;69,7;10,7;74,2;999;2,62;745;210;226;1256
2019;50321;Koppl;3632;16,4;15;8,4;79;2,2;65,5;19,1;79,3;1413;2,57;1064;316;340;1064
2019;50322;Lamprechtshausen;3979;17,5;14,9;10,5;78,5;2,8;65,3;11,5;70,5;1521;2,62;1161;346;376;2077
2019;50323;Mattsee;3389;15,2;20,3;12,1;79,1;1,8;63,3;18,8;71,3;1468;2,28;950;281;323;1112
2019;50324;Neumarkt am Wallersee;6384;17,6;15,6;13,8;78,8;3,4;63,8;13,3;69,6;2666;2,37;1799;507;571;2979
2019;50325;Nußdorf am Haunsberg;2387;16,4;15,7;6,4;81,6;2,3;67,9;10,2;76,6;894;2,66;697;220;233;803
2019;50326;Oberndorf bei Salzburg;5818;15,2;18,6;21;74,3;4,5;60,9;13,6;73,3;2554;2,24;1619;383;457;2375
2019;50327;Obertrum am See;4833;16,8;16,3;8,6;81,4;2,4;69,2;13,8;71,7;2007;2,39;1378;414;462;1867
2019;50328;Plainfeld;1240;14,1;16,8;8,1;82,7;2,7;69,4;14,8;78,3;516;2,4;361;120;131;341
2019;50329;Sankt Georgen bei Salzburg;2995;16,2;16,3;5,7;80,1;2,2;70,7;9,2;74,8;1137;2,63;891;222;238;952
2019;50330;Sankt Gilgen;3954;13,2;21,6;17,7;73,7;3,4;63,1;15,4;59;1651;2,31;1030;408;449;1751
2019;50331;Schleedorf;1081;16,4;14,8;6;81,3;1,6;71,1;9,1;77,6;388;2,79;316;94;102;243
2019;50332;Seeham;1917;14,6;17,2;8,5;81,6;1,8;69;15,8;77,3;822;2,33;552;192;206;506
2019;50335;Straßwalchen;7633;16,7;14,6;13,6;80,1;2,5;65,5;8,4;64,9;3036;2,49;2184;628;699;3970
2019;50336;Strobl;3649;15,3;21;8;78,6;2,9;67,2;12,8;63,6;1459;2,48;994;325;362;1391
2019;50337;Thalgau;5977;15,1;17,2;8,6;81,6;2,6;67,9;11,5;68,9;2387;2,48;1751;536;593;3010
2019;50338;Wals-Siezenheim;13301;15,4;17,4;11,2;80,4;2,4;66,6;15,5;67,3;5732;2,3;3818;1170;1463;14349
2019;50339;Seekirchen am Wallersee;10943;16,4;17,6;11,3;80,1;2,4;64,7;16,7;70,9;4398;2,43;3116;861;950;6274
2019;50401;Altenmarkt im Pongau;4404;16,1;15,9;16;79,5;6;66,1;11;50,6;1755;2,47;1245;486;553;3035
2019;50402;Bad Hofgastein;6861;13,2;21,5;17,4;74,8;5,9;66,3;8,7;35,7;3006;2,24;1933;576;650;3439
2019;50403;Bad Gastein;3923;11,4;24,9;25,1;69,5;10;65;8,7;45,8;1886;2,05;1065;325;376;1788
2019;50404;Bischofshofen;10586;14,5;19,9;19,1;74,8;6;61,3;8,3;60;4716;2,21;2998;697;857;5098
2019;50405;Dorfgastein;1618;14,1;19,5;6,3;77,8;5;69,8;8,8;66,2;629;2,57;483;165;175;490
2019;50406;Eben im Pongau;2534;18,8;14,9;15,4;77,8;4,7;66,1;8,3;66,2;989;2,56;726;233;257;1078
2019;50407;Filzmoos;1508;18,3;14,9;16,4;68,3;12,7;70,5;5,4;48;574;2,63;408;178;191;498
2019;50408;Flachau;2877;17,2;14,8;11,7;75;7,8;70,1;9,9;55,4;1139;2,53;808;391;447;1523
2019;50409;Forstau;552;19;17,9;3,1;78,4;5,3;72,9;7,8;64,4;184;3;167;60;66;285
2019;50410;Goldegg;2565;16,8;16,7;5;80,2;2,2;66,9;13,5;75,5;1006;2,54;767;220;233;591
2019;50411;Großarl;3790;18;14,5;8,1;81,2;4,3;71,1;6;38,8;1362;2,74;1043;379;405;2013
2019;50412;Hüttau;1463;15,9;19,1;15,9;80,7;4,5;64,5;4,7;69,7;555;2,55;401;143;152;406
2019;50413;Hüttschlag;907;17,8;20,9;4,5;83,1;2,1;66;4,8;65,2;331;2,74;256;63;67;212
2019;50414;Kleinarl;799;17,9;18;8;71,7;12,8;70;5,3;57,4;294;2,72;240;90;102;249
2019;50415;Mühlbach am Hochkönig;1469;13,3;22,7;12,7;70,1;10,7;66,5;5,3;61,1;640;2,23;419;130;140;475
2019;50416;Pfarrwerfen;2438;17;17,2;8,8;81,5;2,5;70,8;8,7;73,1;894;2,67;695;234;251;758
2019;50417;Radstadt;4885;15,9;18;20,1;74,6;7,5;62,5;9,6;52,4;1927;2,5;1367;513;582;2561
2019;50418;Sankt Johann im Pongau;11218;15,6;16;16,9;78,1;4,2;63,1;11,5;51,3;4776;2,33;3177;949;1122;7622
2019;50419;Sankt Martin am Tennengebirge;1696;15,2;16,3;10;81;3,2;65,2;8,2;70,8;670;2,53;505;160;178;433
2019;50420;Sankt Veit im Pongau;3833;15,9;16,7;7,5;79,9;2,5;67;11,5;74,1;1499;2,49;1102;269;299;1452
2019;50421;Schwarzach im Pongau;3494;14;20,7;18,2;75,5;4,1;60,2;7,7;63,4;1560;2,14;949;183;231;2878
2019;50422;Untertauern;463;19,9;13,8;13,8;72;10,4;74,1;8,4;45,6;194;2,39;128;115;131;335
2019;50423;Wagrain;3106;15,6;19,1;15,8;77;7,5;66,3;6,8;41,1;1174;2,59;881;390;424;2074
2019;50424;Werfen;3051;14,7;18,9;14,3;76;4,7;66,3;7,7;68,4;1289;2,32;882;229;260;1270
2019;50425;Werfenweng;1043;19,3;12,7;11,3;80,7;4,4;70,4;11,3;64;383;2,67;291;122;128;394
2019;50501;Göriach;343;13,4;17,8;0,6;78,8;2,5;65,7;7,4;67,9;109;3,15;100;36;37;73
2019;50502;Lessach;536;14,4;18,1;3,4;80,4;2;64,7;6,8;75,5;194;2,76;149;44;46;86
2019;50503;Mariapfarr;2395;14,6;23;6,1;76,6;4,9;66,4;10,4;64,8;851;2,75;665;227;245;787
2019;50504;Mauterndorf;1593;12,7;26,7;11;69,7;6,5;64,7;11;52,9;674;2,29;442;181;200;874
2019;50505;Muhr;490;11,8;20,8;4,3;73,9;4,2;64,8;3,5;79;195;2,51;141;34;38;75
2019;50506;Ramingstein;1062;10,8;21,2;6;69,9;5,5;66,1;7,1;71;445;2,39;310;75;88;244
2019;50507;Sankt Andrä im Lungau;769;15,3;22,6;1,8;78,8;3,7;67,4;6,8;79,5;289;2,66;215;51;55;135
2019;50508;Sankt Margarethen im Lungau;718;15,2;16,4;11;77,4;4,7;64,9;9,7;67,8;263;2,69;200;72;79;382
2019;50509;Sankt Michael im Lungau;3521;13,5;19,8;9,8;75,5;4;65,5;9;50,3;1358;2,56;1020;313;377;1966
2019;50510;Tamsweg;5746;12,7;20,2;11,1;75,9;4,4;64,3;11,2;45,9;2413;2,32;1586;493;602;3582
2019;50511;Thomatal;353;17,8;20,1;4;74,9;7,2;70,7;6,9;71,8;115;3,07;95;24;29;79
2019;50512;Tweng;249;18,1;18,9;17,3;68,8;10,1;70,6;7,4;23;110;2,26;63;72;87;286
2019;50513;Unternberg;1014;16,9;17,7;5,1;78;2,4;70,8;7,1;64,9;356;2,85;289;93;101;577
2019;50514;Weißpriach;310;17,4;19,7;2,6;82,1;3;73,4;3,9;64,2;104;2,98;91;38;41;98
2019;50515;Zederhaus;1176;16,4;18,7;2;77,3;4;64;3,8;74,2;390;3,02;325;84;89;184
2019;50601;Bramberg am Wildkogel;3938;15,6;18,3;4,5;76,9;5,4;67,4;5,7;57,3;1494;2,58;1160;305;345;1431
2019;50602;Bruck an der Großglocknerstraße;4786;15,3;19,1;15,1;77,1;5,9;66,1;8,3;63,1;1928;2,42;1384;345;400;2156
2019;50603;Dienten am Hochkönig;740;13,1;22;5,9;74,4;11;65,9;4,5;63,8;275;2,69;214;86;94;247
2019;50604;Fusch an der Großglocknerstraße;714;17,2;18,9;11,6;72,4;9,4;71,1;6,8;66,1;279;2,56;215;75;85;273
2019;50605;Hollersbach im Pinzgau;1242;15,3;18,4;7,3;78,3;3,6;66,4;7,3;66,5;511;2,43;380;132;148;741
2019;50606;Kaprun;3130;12,5;20,8;24,8;76,2;5,9;67,3;8,3;42,7;1467;2,1;893;344;400;2633
2019;50607;Krimml;835;13,9;19,4;11,5;70,4;10,5;65,2;7,4;51,6;311;2,68;235;115;124;341
2019;50608;Lend;1272;13,1;21,3;12,6;74,6;5,2;65,5;5,5;71,5;512;2,34;357;91;100;527
2019;50609;Leogang;3367;15,5;17,8;12,6;77,7;3,8;68,3;8,8;46,9;1260;2,6;935;359;384;1923
2019;50610;Lofer;2048;15,2;23,1;13,2;78,5;4,6;71,8;7,7;48,9;813;2,44;566;225;255;915
2019;50611;Maishofen;3625;16,7;17,3;13,3;78;5,2;67,2;11,3;63,9;1466;2,44;1036;343;373;2686
2019;50612;Maria Alm am Steinernen Meer;2216;17,6;18,1;14,3;72,9;8,4;67,9;8;49,1;863;2,57;614;309;345;1009
2019;50613;Mittersill;5492;14,6;19,3;18,9;75,2;5,2;62,4;8,1;43,8;2241;2,38;1559;501;571;3581
2019;50614;Neukirchen am Großvenediger;2584;14,3;18,6;8,5;75,6;8,3;68,9;7,4;53,4;1016;2,5;743;271;303;1085
2019;50615;Niedernsill;2732;17,1;15,4;6,8;78,2;3,8;71,8;8;74,2;1071;2,55;802;216;235;630
2019;50616;Piesendorf;3804;14,4;19,9;12;77,7;3,5;71,1;8,2;65,8;1480;2,54;1128;301;328;1556
2019;50617;Rauris;3026;15,4;19,2;5,5;76,3;6,4;70,7;6,8;52,4;1171;2,56;866;293;317;931
2019;50618;Saalbach-Hinterglemm;2816;13,2;17,9;19,2;67,5;16,2;67,5;7,1;24,3;1290;2,17;777;537;596;1932
2019;50619;Saalfelden am Steinernen Meer;16713;14,5;18,3;16,5;75,8;5,2;65,9;10,7;44,5;7385;2,24;4758;1368;1559;7646
2019;50620;Sankt Martin bei Lofer;1181;14,1;19,3;14,5;78,9;5,1;72,8;7,3;64,6;497;2,38;329;121;130;464
2019;50621;Stuhlfelden;1585;13,8;16,1;5;81,2;3,7;69,5;7,3;75,1;601;2,63;461;124;133;499
2019;50622;Taxenbach;2704;16;17,9;8,2;77,7;3,9;70,3;5,4;69,2;1010;2,63;784;226;255;709
2019;50623;Unken;1909;14,8;23;12,9;77,8;3,4;70,2;10,3;48,3;774;2,47;566;179;191;795
2019;50624;Uttendorf;3037;15,6;18,7;9,2;78;4,5;68,6;7,3;63,3;1221;2,45;882;256;276;1053
2019;50625;Viehhofen;606;16;18,2;14;74,4;7,6;67;5,3;69,8;246;2,46;174;62;69;148
2019;50626;Wald im Pinzgau;1122;13,5;18,1;10,2;74,6;7,5;69,8;5,6;57,4;430;2,61;333;133;144;457
2019;50627;Weißbach bei Lofer;409;15,2;17,1;12,5;73,3;8;69,5;4,9;57,9;149;2,74;115;39;43;164
2019;50628;Zell am See;9841;12,3;21,1;27;68,5;10,9;59,8;11,5;46,7;4650;2,09;2727;1004;1255;7315
2019;60101;Graz;290540;13,3;16,8;23,8;69,7;7,4;50,6;28,1;25,9;143980;1,97;71546;21271;24561;210876
2019;60305;Frauental an der Laßnitz;2951;14,2;19,5;5,4;75,2;4,9;68,2;9,1;76,7;1228;2,39;873;307;329;1675
2019;60318;Lannach;3541;14,4;18,6;6,2;80;2,9;67,1;13,6;74,9;1473;2,38;1040;409;463;4180
2019;60323;Pölfing-Brunn;1631;11,8;26,3;4,7;72,5;5,3;62,5;4,4;77;729;2,14;458;275;285;798
2019;60324;Preding;1777;13,8;19,5;3,9;78,2;3,9;69,9;9,7;77,7;742;2,34;526;156;174;947
2019;60326;Sankt Josef (Weststeiermark);1626;16,8;16,9;3,9;79,5;2,7;67,2;12;82,6;658;2,47;483;105;111;325
2019;60329;Sankt Peter im Sulmtal;1258;11,8;20,9;2;70,3;6;68,3;6,2;75,5;494;2,45;378;89;91;438
2019;60341;Wettmannstätten;1631;14,7;18,5;2,9;77,7;3,2;68,8;7,4;77,1;629;2,59;494;131;140;519
2019;60344;Deutschlandsberg;11649;13,1;21,9;8,5;73,4;5,7;63,9;12;51,5;5278;2,18;3281;1023;1242;8069
2019;60345;Eibiswald;6391;12;23;3,8;72,2;5;65;5,9;60,6;2653;2,35;1846;540;600;2242
2019;60346;Groß Sankt Florian;4142;13;20,6;4,1;78,2;3,6;66,9;8,3;73,1;1655;2,49;1251;376;403;1467
2019;60347;Sankt Martin im Sulmtal;3099;13;22,8;2,9;77,9;3,7;64,1;7,5;73,3;1208;2,53;929;254;268;1042
2019;60348;Sankt Stefan ob Stainz;3580;12,6;20,7;4,3;77,7;3,2;68,2;9,6;73,2;1417;2,53;1075;379;400;1042
2019;60349;Schwanberg;4564;12,7;22,2;3,7;75,2;3,7;66,1;8,3;74,3;1793;2,52;1398;350;389;1370
2019;60350;Stainz;8749;13,5;20,8;4,5;76,7;3,8;67;11;69,6;3688;2,35;2551;697;766;2959
2019;60351;Wies;4322;12,9;22,8;3,9;76,3;4,3;65,4;5,7;67,7;1736;2,46;1282;380;421;1806
2019;60608;Feldkirchen bei Graz;6698;15,2;16,2;19,4;77,2;4,3;64,1;11,1;84,8;2847;2,31;1900;438;539;3414
2019;60611;Gössendorf;4107;15,9;18,2;10,6;78,7;4,4;65,1;13,7;85,6;1646;2,45;1238;329;368;1932
2019;60613;Gratkorn;8056;14,9;19,7;10,5;77,2;5,2;66,3;11,7;76,3;3676;2,15;2298;541;610;4891
2019;60617;Hart bei Graz;5193;14,2;18,3;9,4;76,6;3,4;58,6;25,2;83,5;2202;2,33;1535;390;438;3601
2019;60618;Haselsdorf-Tobelbad;1515;15;19,4;6,4;80,8;2;67,5;16,6;79,9;633;2,39;486;107;117;725
2019;60619;Hausmannstätten;3485;15,9;17,9;9,3;78,9;2,9;61,1;19,7;84,1;1448;2,38;1048;326;374;1485
2019;60623;Kainbach bei Graz;2821;13,4;22;4,9;62,9;2,8;51,9;22,6;80,6;913;2,52;695;214;228;1632
2019;60624;Kalsdorf bei Graz;7417;16,1;15,5;15;78,3;4,6;66,5;10,1;81,5;3150;2,31;2129;441;551;5440
2019;60626;Kumberg;3836;16,2;18,1;3,7;79;2,1;61,7;21,1;79,3;1518;2,53;1156;331;356;853
2019;60628;Laßnitzhöhe;2761;13,4;21,6;8,9;78;3,5;64,2;18,6;80,9;1211;2,21;774;225;249;1400
2019;60629;Lieboch;5207;13,6;20,6;8,8;77,3;4,3;67;13;81,6;2274;2,21;1515;371;439;2846
2019;60632;Peggau;2334;14,1;20,3;12,6;73,5;4,5;66,2;9,3;78,8;1061;2,12;652;129;160;1390
2019;60639;Sankt Bartholomä;1440;16,5;19,6;3,1;79,9;1,9;69;11,1;80,9;562;2,56;446;124;129;380
2019;60641;Sankt Oswald bei Plankenwarth;1273;15,1;20;2,7;80,3;2,9;65,7;14,3;85,5;505;2,47;392;96;100;191
2019;60642;Sankt Radegund bei Graz;2148;13,1;21,2;3,7;77,5;2,5;62,2;20,6;74,4;915;2,35;625;201;215;703
2019;60645;Semriach;3291;16;21,1;7,7;79,4;2,9;67,7;9,8;68,4;1182;2,71;932;335;350;999
2019;60646;Stattegg;2937;16,4;21,4;4,2;78,8;2,4;55,9;30,9;83,8;1217;2,41;892;279;299;505
2019;60647;Stiwoll;709;14;19,7;2;80,4;1,5;70,2;8,5;84,8;252;2,81;213;61;63;94
2019;60648;Thal;2280;15,3;21;6,9;74,7;3,5;61,2;21,6;85,5;907;2,46;689;145;154;314
2019;60651;Übelbach;2032;13,1;23,5;5,9;79;3,9;68;7,4;70,1;868;2,25;583;168;179;896
2019;60653;Vasoldsberg;4598;15,3;20,4;5,5;77,9;3;64,3;14,8;80,7;1753;2,57;1401;363;382;1009
2019;60654;Weinitzen;2667;15,1;21,5;4,7;74,5;2,8;60,6;21,6;81,1;1011;2,57;796;213;223;889
2019;60655;Werndorf;2358;15,8;16,5;11,7;77,3;4,5;71,2;8,3;87,4;998;2,36;724;116;159;1976
2019;60656;Wundschuh;1635;15,7;17,8;9,4;79,2;3,1;69,7;10;80,2;649;2,52;498;145;166;1261
2019;60659;Deutschfeistritz;4380;15;18,9;8,9;78,3;3,2;66,6;10;81;1859;2,32;1292;288;329;1220
2019;60660;Dobl-Zwaring;3525;17,2;16,7;6,7;79,4;3;67,9;11,8;81,1;1390;2,52;1039;323;365;1609
2019;60661;Eggersdorf bei Graz;6815;16;19,3;6,5;78,5;2,9;64,8;14,9;76,7;2661;2,53;2010;614;644;1774
2019;60662;Fernitz-Mellach;4863;14,8;18,1;5,9;79,1;3,3;67,7;12,9;82,5;2011;2,4;1488;378;419;1368
2019;60663;Frohnleiten;6545;12,1;23,3;6,3;77,3;3,4;68,9;10,3;54,2;3056;2,12;1927;526;600;3246
2019;60664;Gratwein-Straßengel;12805;14,5;20,2;6,3;77;3,4;63,8;17,4;78;5463;2,31;3783;850;941;3518
2019;60665;Hitzendorf;7236;15,5;19,5;4,5;80;2,4;66,7;14,8;80,9;2837;2,52;2219;548;579;1338
2019;60666;Nestelbach bei Graz;2634;14,2;20;3,7;79,9;2,7;64,4;12,7;80,4;1026;2,52;783;247;264;620
2019;60667;Raaba-Grambach;4665;16,2;17;10,3;78,5;3,3;61,7;20,1;79,3;1916;2,43;1402;519;603;6352
2019;60668;Sankt Marein bei Graz;3751;14,5;18,6;4,7;78,8;2,8;64,8;11,6;79,8;1454;2,57;1149;298;312;710
2019;60669;Seiersberg-Pirka;11391;14,2;16,8;14,1;77;4,2;62,9;16,4;83,2;4883;2,32;3339;1032;1297;9304
2019;60670;Premstätten;6327;14,6;18,4;13,1;78,8;4,5;65,1;12,8;78,1;2672;2,27;1798;518;624;6335
2019;61001;Allerheiligen bei Wildon;1528;15,4;20,6;4,6;78,7;3,1;65,1;11,1;79,5;599;2,49;448;133;141;371
2019;61002;Arnfels;984;13,6;25,3;6,4;70,9;6,3;60;8;72,4;399;2,31;266;84;108;475
2019;61007;Empersdorf;1418;14,3;18,8;3,5;80,8;3,4;70,3;6,9;84,1;547;2,59;450;108;110;378
2019;61008;Gabersdorf;1232;15,3;15,4;7,4;77,6;6,1;67,6;5,8;76,3;477;2,58;364;131;142;764
2019;61012;Gralla;2556;16,4;12,2;9,4;78,1;4,2;71;6,7;86,8;1082;2,32;746;163;228;1239
2019;61013;Großklein;2248;12,8;20,2;3,1;76,1;4,6;64,1;6,7;72,3;846;2,61;665;231;247;766
2019;61016;Heimschuh;1947;14,4;20,6;3,4;75,8;3,7;66,6;6,9;78,5;781;2,46;596;157;168;484
2019;61017;Hengsberg;1493;16,6;16,6;3,1;79,1;4,4;65,2;10,4;79,4;558;2,68;447;136;148;314
2019;61019;Kitzeck im Sausal;1234;13,1;22,3;3,5;77,4;2,5;65;9,3;73,9;507;2,43;370;141;149;933
2019;61020;Lang;1339;15,2;16;5,8;78,7;3,3;67;11,5;77,7;553;2,42;405;132;150;575
2019;61021;Lebring-Sankt Margarethen;2200;13,9;19,2;11,5;75,3;5,3;67,4;9;79,6;906;2,39;679;187;217;1886
2019;61024;Oberhaag;2069;13,8;22,2;4,6;75,2;3,7;63,6;3,8;75,2;778;2,63;606;172;181;489
2019;61027;Ragnitz;1520;13,8;19,3;4;76,8;4,1;66,7;6,7;77,6;579;2,61;468;131;141;534
2019;61030;Sankt Andrä-Höch;1729;11,9;21,4;3,6;75,5;4,4;64,4;5,9;79,6;645;2,59;499;153;164;372
2019;61032;Sankt Johann im Saggautal;1999;13,4;20,9;2,3;78,9;2;63,8;5,1;75;764;2,6;613;166;175;501
2019;61033;Sankt Nikolai im Sausal;2291;13,5;21,2;4,5;75,8;3,4;67;8,9;76,9;878;2,54;671;193;210;600
2019;61043;Tillmitsch;3364;12,5;17;5,7;75,3;5;68,4;7,1;84,1;1364;2,41;1027;244;261;1059
2019;61045;Wagna;6176;13,5;17,9;11,6;74,6;6,1;65,1;9;84,2;2910;2,1;1800;321;357;2175
2019;61049;Ehrenhausen an der Weinstraße;2519;14,1;19,5;9,1;74,1;6,3;62,2;7,8;75,9;1144;2,2;740;211;237;925
2019;61050;Gamlitz;3208;13,8;21,4;4,5;76,2;3,9;62,9;5,8;65,5;1251;2,52;949;341;368;1264
2019;61051;Gleinstätten;2775;12,7;18,4;3,7;77,1;3,2;64;7,6;69,8;1188;2,34;840;262;287;1210
2019;61052;Heiligenkreuz am Waasen;2833;14,9;17,9;6,7;79;2,8;66,5;8,7;80,7;1131;2,47;839;205;234;764
2019;61053;Leibnitz;12405;12,8;19,4;14,1;71,9;7,2;62,3;11,1;65,2;5904;2,09;3563;1112;1362;7764
2019;61054;Leutschach an der Weinstraße;3665;13,8;19,8;3,7;76,9;3,3;61,3;4,8;59;1355;2,68;1057;439;466;1223
2019;61055;Sankt Georgen an der Stiefing;1552;15,3;18,8;4,5;77,4;3,8;66,2;11,9;79,2;617;2,52;475;123;133;462
2019;61056;Sankt Veit in der Südsteiermark;4065;14,1;19,8;4,6;76,5;2,9;65,6;6;72,4;1520;2,64;1220;394;417;1416
2019;61057;Schwarzautal;2290;13,2;20,7;4,8;79,9;2,7;65,1;4,6;68,4;816;2,81;709;267;280;1380
2019;61058;Straß in Steiermark;4940;14,8;17,7;12,7;74;4,9;65,9;6,2;76,6;2063;2,39;1467;345;398;2564
2019;61059;Wildon;5489;13,4;19,2;11,1;75,9;5,2;64,6;10,1;80,4;2362;2,28;1603;434;481;1819
2019;61101;Eisenerz;3833;7,4;39,2;4,8;68,2;5,7;68,5;6,5;39,5;2110;1,78;1083;187;252;1349
2019;61105;Kalwang;979;11,8;25,4;5,2;73,1;3;70,7;5,6;59;496;1,97;277;47;61;515
2019;61106;Kammern im Liesingtal;1579;12,3;24,2;4,9;77,6;3,5;70,2;6,6;71,3;661;2,32;469;144;147;506
2019;61107;Kraubath an der Mur;1318;12,4;22,8;3;78,5;2,7;70,6;10;78,6;572;2,27;402;90;103;342
2019;61108;Leoben;24473;11,1;23;17,6;66,9;6,8;61,5;13,7;40,9;12824;1,84;6353;1183;1566;17230
2019;61109;Mautern in Steiermark;1762;11,5;26,2;4,3;73,3;3,8;67,9;5,1;60,9;795;2,11;493;113;139;682
2019;61110;Niklasdorf;2388;11,6;24,8;10,2;74,1;5,1;69,1;6,2;75,8;1240;1,9;682;136;166;1213
2019;61111;Proleb;1557;12,5;25,4;3;79,2;2,7;70,8;11,9;85,3;715;2,18;496;101;111;237
2019;61112;Radmer;529;8,5;31;2,3;69,4;3,4;68,8;4,8;76,3;257;2,06;169;27;29;68
2019;61113;Sankt Michael in Obersteiermark;3041;12,2;23,1;9,2;74,6;4,4;69,3;7;77,8;1471;2,05;899;167;203;1234
2019;61114;Sankt Peter-Freienstein;2363;13,2;23,9;6,8;74,8;4,4;71,2;6,7;82,7;1065;2,19;693;111;128;878
2019;61115;Sankt Stefan ob Leoben;1916;11,9;25,2;3,8;74,3;4,4;69,6;6,8;79,1;888;2,16;589;101;116;390
2019;61116;Traboch;1389;12,2;21,1;4,2;76,5;3,6;74;6,4;76,4;660;2,1;436;157;178;1056
2019;61118;Vordernberg;970;7,2;29,1;13,6;59,1;5,8;68,2;5,4;75,9;488;1,78;253;62;75;300
2019;61119;Wald am Schoberpaß;545;10,8;27,3;5,1;79,8;2,1;70;3,9;62;264;2,01;149;63;72;183
2019;61120;Trofaiach;11117;11,6;27,1;6,2;72,6;4,8;67,6;10,3;72,6;5544;1,98;3243;779;871;2757
2019;61203;Aigen im Ennstal;2686;15;21,3;2,9;79,3;2,7;71,2;10,7;76,1;1064;2,52;800;197;218;898
2019;61204;Altaussee;1879;12,6;28,8;7,7;76,2;2,7;67,9;14,3;62,2;813;2,24;499;169;195;787
2019;61205;Altenmarkt bei Sankt Gallen;819;13,6;23,6;8,4;75,1;3,2;66,1;6,5;62,3;376;2,18;241;46;54;652
2019;61206;Ardning;1216;12,2;22,8;3,5;75,7;3,9;69,8;8,1;79,4;491;2,4;375;75;85;278
2019;61207;Bad Aussee;4837;11,6;27,1;16,3;76,6;3,7;66,2;12,9;43,6;2270;2,1;1328;393;472;2705
2019;61213;Gröbming;3086;14,4;19,5;15;76,2;5,3;69;10;58,2;1413;2,15;835;254;308;1697
2019;61215;Grundlsee;1176;10,4;27;4,8;74,9;2,5;67,3;12,4;70,3;554;2,12;345;101;113;358
2019;61217;Haus;2403;14,2;20,3;7,9;75,1;7,4;73,2;7,5;58,1;978;2,44;692;264;288;1283
2019;61222;Lassing;1713;12,6;24,6;3;77;3,1;71,2;6,1;73,8;625;2,58;482;130;143;454
2019;61236;Ramsau am Dachstein;2801;14,8;20,9;10,4;73;9,9;71,3;10,2;47,6;1050;2,67;797;379;399;1005
2019;61243;Selzthal;1538;12;22,8;9,9;71,8;6,8;69,2;4,6;82,3;795;1,93;438;71;97;512
2019;61247;Trieben;3384;11,7;27,1;15,2;70,3;7;65;4,8;54,8;1633;2,03;969;160;190;1529
2019;61251;Wildalpen;453;9,7;29,1;2,6;74,4;2,3;73,1;3,4;45,3;211;2,15;137;44;52;166
2019;61252;Wörschach;1149;13,9;22;7,5;75,1;5;68;10,7;76;537;2,14;340;82;89;290
2019;61253;Admont;4979;12,9;23,1;6,6;76;4,3;67;9,6;57,8;2252;2,16;1472;317;363;1684
2019;61254;Aich;1305;15,8;16,7;6,9;76,7;6,3;72,7;6,6;75,3;462;2,82;358;116;123;387
2019;61255;Bad Mitterndorf;4902;12,5;24;10,7;76,8;3,3;71,6;8,8;50;2241;2,18;1431;449;494;1929
2019;61256;Gaishorn am See;1286;12,4;23;4;76,7;2,2;69,9;9,1;73,9;560;2,3;400;105;111;504
2019;61257;Irdning-Donnersbachtal;4124;14,5;20,8;4,5;77,7;3,9;68,1;11,3;67,9;1734;2,36;1197;348;391;1303
2019;61258;Landl;2684;10,5;30,5;3,4;76,1;4,1;68,5;4,5;53,3;1265;2,08;776;253;281;977
2019;61259;Liezen;8255;13,8;21,9;19,6;73,1;6,1;64,6;7,7;44,8;3947;2,07;2308;553;812;6680
2019;61260;Michaelerberg-Pruggern;1165;15,7;17,3;9,7;75,3;5,1;72,9;5,9;72,6;449;2,59;327;108;116;518
2019;61261;Mitterberg-Sankt Martin;1936;15,3;19,9;6,2;78,9;3,4;72,4;9;76;762;2,54;564;156;171;484
2019;61262;Öblarn;2033;16;20,3;10,1;77,9;3,9;68,2;8,5;73,6;813;2,46;574;161;184;493
2019;61263;Rottenmann;5178;12,2;24;12,5;74,4;5,3;65,7;6,7;54,2;2425;2,12;1509;305;367;2861
2019;61264;Sankt Gallen;1801;14,6;25;8,8;77,2;3;66,4;6;49,3;798;2,26;520;163;186;953
2019;61265;Schladming;6588;13,3;21,7;12,6;72,5;9,3;70;9,3;32,7;2889;2,23;1782;827;985;4830
2019;61266;Sölk;1493;13,7;20,8;3,3;78,1;2,8;73,4;5,4;72;557;2,68;436;142;157;331
2019;61267;Stainach-Pürgg;2807;12,9;24;14,9;74,3;5,3;65,3;7,6;61,1;1303;2,12;769;193;235;1770
2019;61410;Mühlen;882;14,6;24,4;1,8;81,2;1,8;70,7;8;69,7;323;2,73;262;94;101;188
2019;61413;Niederwölz;587;17,4;20,6;2,9;78,8;2,3;68,7;6,8;77,2;264;2,22;180;43;46;221
2019;61425;St. Peter am Kammersberg;2052;14,4;21,3;2,6;75,9;3,8;70,8;7,2;65,8;745;2,69;593;247;263;615
2019;61428;Schöder;919;13,7;22;2,4;74,6;1,9;72,1;7,6;74,5;337;2,73;276;75;82;173
2019;61437;Krakau;1390;11,5;19;2,2;75,6;3,6;65,9;7,3;75,4;501;2,77;407;128;139;237
2019;61438;Murau;3502;10,9;26,4;7,3;74,8;3;63,5;15,4;36,6;1612;2,1;978;389;508;3248
2019;61439;Neumarkt in der Steiermark;4902;13,6;23,6;2,7;77,2;3,8;71,7;8,5;54,1;2090;2,32;1427;486;547;1894
2019;61440;Oberwölz;2931;13,9;23,2;2,3;77,7;3,3;67,9;6,5;58,5;1094;2,63;850;321;340;862
2019;61441;Ranten;1163;13,5;21,3;1,8;79,9;3,2;72;5,2;73,2;431;2,7;338;112;115;240
2019;61442;Sankt Georgen am Kreischberg;1746;14,1;22,3;6,5;77,6;4,3;69,9;8,5;60,5;668;2,61;506;208;226;591
2019;61443;Sankt Lambrecht;1797;10,8;26,3;6,7;73,6;3,2;67,4;8;56,1;779;2,25;537;171;183;611
2019;61444;Scheifling;2142;14,3;20,8;4;77,2;2,8;67,8;8,9;66,9;927;2,31;613;161;195;960
2019;61445;Stadl-Predlitz;1661;11,9;23,6;6,7;74,7;5,5;71,9;5,6;63,6;672;2,39;464;165;195;592
2019;61446;Teufenbach-Katsch;1885;14;22,4;5,4;78,6;2,7;69,2;7,3;63,5;766;2,35;538;148;178;1104
2019;61611;Krottendorf-Gaisfeld;2460;13,1;20,2;2,4;75,9;2,8;69,5;8,9;81,6;1012;2,42;760;171;189;745
2019;61612;Ligist;3240;14;21;2,6;77,5;2,8;66,1;10,9;78;1370;2,36;985;276;300;815
2019;61615;Mooskirchen;2205;15,1;19,9;4,5;78,2;2,4;70;8,9;80,5;870;2,45;637;187;205;556
2019;61618;Rosental an der Kainach;1683;9,9;23,8;7,1;70;6,1;69,7;5,3;84,6;796;2,09;497;153;201;980
2019;61621;Sankt Martin am Wöllmißberg;818;14,7;21,4;1,5;78,2;2,5;67,8;7,6;75,7;304;2,69;249;78;80;152
2019;61624;Stallhofen;3151;14,6;19,7;3,1;77,3;2,5;68,1;8;78,4;1217;2,56;971;232;248;879
2019;61625;Voitsberg;9429;11,6;24;7,4;70,6;5;65,4;7,9;63,5;4409;2,08;2643;616;742;5079
2019;61626;Bärnbach;5657;13,2;22,8;5,3;75,6;4,9;65,7;8,5;77,4;2554;2,19;1674;394;466;2064
2019;61627;Edelschrott;1713;11;25,6;2,9;78,3;2,4;67,6;7,5;65,3;693;2,44;490;235;247;510
2019;61628;Geistthal-Södingberg;1500;11,6;21,1;1,8;79;2,9;67,7;5,7;78,7;573;2,61;463;152;157;267
2019;61629;Hirschegg-Pack;1011;9,3;27,2;4,4;76;3,2;70,2;5,7;63,2;433;2,33;291;144;152;271
2019;61630;Kainach bei Voitsberg;1605;13,1;22;2,1;76,5;2,9;69,9;5,7;79,4;600;2,68;490;141;152;284
2019;61631;Köflach;9764;10,9;26,6;7,1;70,8;6,2;65,2;7,7;66,6;4805;2,02;2856;594;689;5694
2019;61632;Maria Lankowitz;2780;11,1;24,4;4,4;75,1;3,7;68,2;7,8;77,6;1256;2,17;811;256;279;689
2019;61633;Söding-Sankt Johann;4097;14,2;18,8;5,1;77,1;2,9;68,1;11,4;81,3;1691;2,39;1242;353;382;1403
2019;61701;Albersdorf-Prebuch;2184;16,8;15,5;7;80,9;2,6;65,7;10,4;81,1;829;2,63;649;193;204;1860
2019;61708;Fischbach;1521;14,9;22,2;1,7;77,8;1,4;65,8;5,7;66,9;512;2,97;448;137;146;404
2019;61710;Floing;1200;15,3;20;3,3;79,5;3,5;69,3;4,9;75,1;433;2,77;364;103;110;294
2019;61711;Gasen;896;16,9;20,1;1,2;79,6;1,5;66,8;3,9;54,6;285;3,14;257;102;110;312
2019;61716;Markt Hartmannsdorf;2943;15,2;18,6;4,5;80,7;2,8;63,7;10,5;70,6;1140;2,58;878;308;334;1002
2019;61719;Hofstätten an der Raab;2329;15,7;16;8,9;78,6;3,2;66,3;10,1;82,9;919;2,53;701;196;220;1341
2019;61727;Ludersdorf-Wilfersdorf;2462;15,8;14,1;8;80,3;2,4;67,1;12,6;86,3;1043;2,36;740;213;234;1012
2019;61728;Miesenbach bei Birkfeld;678;13,6;19,6;0,4;82,8;1,5;69,5;3,9;67,5;208;3,26;206;69;73;166
2019;61729;Mitterdorf an der Raab;2119;16,2;18,3;2,7;81,1;2,4;70,8;8,8;81,7;798;2,66;651;182;188;435
2019;61730;Mortantsch;2182;18,1;18,4;2,6;81,4;2;68,3;12;86;813;2,68;649;141;149;286
2019;61731;Naas;1355;14,2;17;2,6;81,3;2,6;71,2;4,1;80,8;469;2,89;419;105;113;327
2019;61740;Puch bei Weiz;2045;14,4;20,1;2,4;81,5;1,4;69,8;7,5;71,7;768;2,66;620;233;243;601
2019;61741;Ratten;1107;12,7;26,1;2,8;78,7;2,1;66;5,4;56,4;410;2,58;307;119;134;648
2019;61743;Rettenegg;716;14,1;27,2;2,8;80,2;1,1;67,3;5,5;60,1;294;2,35;210;74;80;200
2019;61744;St. Kathrein am Hauenstein;636;14,2;20,1;1,9;77,8;0,9;66,8;3,3;65,6;243;2,62;179;64;67;150
2019;61745;Sankt Kathrein am Offenegg;1070;12,2;22,6;2,5;79,9;1,9;65,4;5,1;64,6;368;2,91;329;132;140;315
2019;61746;St. Margarethen an der Raab;4107;15,8;20,1;4;81;2;65,5;8,6;73,1;1576;2,57;1228;396;427;1488
2019;61748;Sinabelkirchen;4269;15,7;16;7,6;79;3,1;67,1;5,9;73,6;1543;2,72;1275;335;363;1872
2019;61750;Strallegg;1911;15,3;20,1;3,4;82,7;1,1;68,2;4,5;68;609;3,14;586;176;183;470
2019;61751;Thannhausen;2430;15,1;20,1;3,9;80,5;2,2;67,9;9,9;82;893;2,72;743;192;204;549
2019;61756;Anger;3994;14,1;21;2,2;79,6;1,9;69,5;6;61;1627;2,45;1220;337;362;1975
2019;61757;Birkfeld;4969;13,5;21,6;2,2;80,2;1,8;67,9;6,4;53,1;1822;2,69;1470;495;555;2203
2019;61758;Fladnitz an der Teichalm;1797;15,2;18,9;1,9;84,1;1,3;73,5;4,3;59,1;669;2,69;514;210;222;969
2019;61759;Gersdorf an der Feistritz;1700;15,4;19,3;2,4;78,3;3,1;67,2;5,6;72,5;569;2,99;505;188;195;661
2019;61760;Gleisdorf;10916;14,1;18,6;10,4;77,2;3,6;63;13,1;69;4870;2,21;3068;1697;1890;7773
2019;61761;Gutenberg-Stenzengreith;1789;17;16,4;1,8;82,1;2;67;11,2;82,8;656;2,73;542;137;144;266
2019;61762;Ilztal;2197;15,4;19,4;3,9;82,2;2,9;66,2;7,5;78,2;837;2,62;670;209;221;647
2019;61763;Passail;4238;14,6;21,8;3,2;81,5;1,7;70,1;6,5;60;1527;2,73;1256;434;466;1611
2019;61764;Pischelsdorf am Kulm;3693;14,8;19,3;3,7;78,7;2,6;64,7;7,9;67,7;1427;2,59;1105;307;342;1727
2019;61765;Sankt Ruprecht an der Raab;5392;17,2;15,6;5,2;80,2;2,8;70;8,8;70,9;2098;2,56;1600;470;507;3391
2019;61766;Weiz;11797;13,2;21,4;13,8;74,9;3,9;63,7;11,6;46;5711;2,03;3261;778;991;11852
2019;62007;Fohnsdorf;7675;11,5;26,1;6,5;72,4;6,1;68,2;7,5;67,9;3632;2,09;2239;1191;1312;4036
2019;62008;Gaal;1349;15,1;22,8;2,4;76,3;1,4;70;7,2;63;497;2,71;405;153;159;347
2019;62010;Hohentauern;392;8,9;28,8;4,6;77;3,5;73,7;8,7;66,7;187;2,1;114;51;56;100
2019;62014;Kobenz;1912;14,3;19,7;3,2;79,4;2,6;68,9;12;78,9;771;2,43;582;156;174;617
2019;62021;Pusterwald;435;13,6;25,5;2,1;77,4;1,3;74,7;4,8;71,2;171;2,54;128;50;53;94
2019;62026;Sankt Georgen ob Judenburg;832;13,5;23,2;2,5;79,9;0,9;73,1;5,3;71,5;336;2,41;242;71;76;194
2019;62032;Sankt Peter ob Judenburg;1081;14,3;23,4;3,4;81,1;1,9;74,4;9;74,3;456;2,37;332;97;105;376
2019;62034;Seckau;1291;16,2;20,9;1,5;75,2;2,5;66,9;15,2;70,1;488;2,62;388;124;136;399
2019;62036;Unzmarkt-Frauenburg;1302;10,8;27,4;5,1;70,3;4;68,3;5,3;73,4;550;2,23;371;98;106;369
2019;62038;Zeltweg;6998;11,4;24,6;12,9;69,8;7,6;65,3;5,7;69,4;3521;1,96;1980;367;455;4747
2019;62039;Lobmingtal;1844;14,2;21,3;3,7;76,8;2,3;66,9;8,8;76,3;720;2,49;550;134;148;475
2019;62040;Judenburg;9870;11,2;25,1;9,9;69;7,6;65,7;8,7;56,1;5119;1,88;2711;647;796;6301
2019;62041;Knittelfeld;12621;12,7;22,4;20,7;66,2;8,5;61;6,8;57,4;6328;1,96;3395;636;806;6852
2019;62042;Obdach;3756;13,4;21,5;3,1;78,8;3,2;69,6;7;51,3;1448;2,56;1068;359;389;1569
2019;62043;Pöls-Oberkurzheim;2973;11,4;25,7;4,5;73,3;4;68,8;6,7;60,4;1346;2,17;868;191;228;1257
2019;62044;Pölstal;2598;12,3;27,2;3,4;78,3;3,1;69,2;5,7;53;1092;2,3;731;310;328;964
2019;62045;Sankt Marein-Feistritz;2035;16,8;20,5;2,4;79,5;2,2;70;12,4;76,3;762;2,63;619;203;211;493
2019;62046;Sankt Margarethen bei Knittelfeld;2685;12,7;22,4;4,8;77,6;3,3;71,9;8;77,2;1091;2,43;816;202;220;643
2019;62047;Spielberg;5364;13,9;21,7;4,4;74,1;3,6;70,5;8,6;79,9;2364;2,27;1671;329;371;2279
2019;62048;Weißkirchen in Steiermark;4783;13,9;21,9;2,7;76,9;2,6;71;9,4;72,2;1913;2,49;1434;418;451;1442
2019;62105;Breitenau am Hochlantsch;1660;12,4;30,5;5,3;69,1;3,7;67,9;5,7;51,6;747;2,22;516;123;135;511
2019;62115;Krieglach;5364;14;23,5;3,7;76,1;3,3;69,4;9,1;66,4;2465;2,14;1596;353;409;1891
2019;62116;Langenwang;3890;12,2;23,9;3,6;74,8;3,4;70,2;8;74,8;1788;2,18;1182;297;325;1217
2019;62125;Pernegg an der Mur;2357;12;23,9;6,7;75,3;3,9;67,3;9,3;78,9;1064;2,2;709;150;173;519
2019;62128;Sankt Lorenzen im Mürztal;3655;14,8;20,5;5,7;77,3;3,9;69,3;12,1;81,4;1496;2,41;1131;235;263;1244
2019;62131;Spital am Semmering;1439;9,3;30;5,6;74,3;3,8;72,9;6,3;72;716;1,99;421;127;158;862
2019;62132;Stanz im Mürztal;1848;15,7;21,9;1,8;77;3,6;69,7;4,8;76,2;739;2,5;574;162;167;338
2019;62135;Turnau;1605;13,6;26,2;6,4;78,1;2,7;68,8;6,3;67,2;642;2,43;472;124;140;395
2019;62138;Aflenz;2445;11,7;25,8;5,3;74,6;2,7;69,9;11,6;63;1102;2,21;739;208;228;843
2019;62139;Bruck an der Mur;15800;11,6;24,8;11,3;71,2;6,3;65,6;10,9;56,6;7955;1,93;4372;1073;1331;9106
2019;62140;Kapfenberg;22704;13;23,2;18,8;67,6;8;64;7,4;46,3;10870;2,06;6370;1038;1297;14231
2019;62141;Kindberg;8197;12,4;24;5,7;75,5;4;68,4;8,7;60,7;3795;2,13;2442;509;587;3750
2019;62142;Mariazell;3687;10,8;29,5;8,2;76,1;2,9;71,6;5,8;26,6;1805;2,01;1048;320;407;1761
2019;62143;Mürzzuschlag;8356;11,2;28,8;11,8;67,5;7,3;64,7;7,6;48,1;4124;1,98;2335;468;607;4357
2019;62144;Neuberg an der Mürz;2385;10,1;29,2;5,8;72,3;4,3;71,5;6;67,2;1157;2,05;698;211;230;572
2019;62145;Sankt Barbara im Mürztal;6607;11,4;27,9;6,1;71;4,5;68,7;6,6;61,5;3200;2,05;1994;393;446;2349
2019;62146;Sankt Marein im Mürztal;2684;14,6;22,1;10,1;77,1;4,8;67,2;8,7;80,9;1151;2,26;771;186;207;919
2019;62147;Thörl;2265;10,9;26,9;4,6;74,1;4,3;67;6,4;64,5;1036;2,15;670;183;207;815
2019;62148;Tragöß-Sankt Katharein;1849;12,4;26,6;3,6;75,2;3,1;72,8;6,2;70,6;876;2,11;554;137;152;360
2019;62202;Bad Blumau;1614;14;19,8;5,2;76,6;3,8;67;6,7;70,6;596;2,64;464;141;149;1039
2019;62205;Buch-St. Magdalena;2150;13,9;18,6;1,3;75,9;4,2;69,3;5,7;79,6;759;2,83;667;154;162;450
2019;62206;Burgau;1050;11,6;24,4;9,9;72,3;6,1;66,4;8,5;72,7;495;2,12;300;86;103;399
2019;62209;Ebersdorf;1288;15,5;16,4;2,2;80,4;1,8;69,4;6,4;74,9;473;2,72;385;133;143;439
2019;62211;Friedberg;2633;14,9;20,6;2,9;75,5;4,1;68,3;7,8;72,2;1032;2,51;767;215;243;878
2019;62214;Greinbach;1814;14,4;18,6;4,5;77,5;4,5;68,1;6,1;73,4;661;2,68;532;179;193;719
2019;62216;Großsteinbach;1268;13,9;18,8;2,9;76,3;3;68,6;7,3;78,6;493;2,57;392;102;109;329
2019;62219;Hartberg;6771;13,9;22,2;9,3;73,7;5,7;60,2;14,6;54,4;3060;2,16;1825;1077;1313;7779
2019;62220;Hartberg Umgebung;2179;16,6;18,1;3,8;80,2;1,8;65,4;10,6;75,9;709;3,03;644;221;235;1016
2019;62226;Lafnitz;1449;13,3;19,9;7,9;74;5,9;64,4;6,3;73,4;576;2,46;431;111;126;967
2019;62232;Ottendorf an der Rittschein;1541;14;15,1;2,4;79,6;3,2;68,1;5,1;83,9;589;2,62;474;122;129;275
2019;62233;Pinggau;3150;15,9;20,6;3,4;78,1;4;68,4;7,1;71,4;1266;2,49;923;251;284;1275
2019;62235;Pöllauberg;2042;12,8;21,4;2,5;81,3;2,3;65,3;6,9;76,9;685;2,98;617;188;194;499
2019;62242;Sankt Jakob im Walde;1047;14,6;18,2;2,8;81,2;0,9;74,2;3,9;67,4;334;3,08;308;116;121;284
2019;62244;Sankt Johann in der Haide;2189;13,5;19,4;3,9;77,2;3,6;69,7;6,3;78,2;919;2,3;633;173;192;1145
2019;62245;Sankt Lorenzen am Wechsel;1458;12,8;21,9;0,9;80,3;3,4;71,2;4,3;72,9;552;2,64;451;146;152;314
2019;62247;Schäffern;1349;16,2;18,1;1,3;79,7;2,2;68,1;6;73,2;441;3,02;385;141;148;309
2019;62252;Söchau;1460;12,9;25,3;3,7;75,9;3,7;60,5;8,3;82,3;553;2,48;447;110;115;316
2019;62256;Stubenberg;2212;13;23,3;4,2;77,4;2,8;64,8;8,5;63,9;819;2,61;639;226;253;922
2019;62262;Wenigzell;1392;14,4;21,4;3,4;78,1;1,8;64,7;8,9;58,8;436;3,17;419;178;189;528
2019;62264;Bad Waltersdorf;3831;14,1;18,5;4,6;79,9;3,9;67,7;7,5;65,6;1518;2,52;1149;369;408;2072
2019;62265;Dechantskirchen;2018;14,3;19,1;1,5;79,3;2,5;66,8;7,6;78,4;748;2,7;599;156;164;425
2019;62266;Feistritztal;2405;13,9;19,6;3,3;79;2,5;67,1;6,5;77,3;925;2,59;719;201;214;705
2019;62267;Fürstenfeld;8653;12,4;23,3;9,6;73,4;6,4;62,7;12,5;54,7;4139;2,05;2449;793;1012;5724
2019;62268;Grafendorf bei Hartberg;3145;15,1;19,1;2,8;78,5;3,7;69,4;7;67,2;1134;2,77;956;341;357;1417
2019;62269;Großwilfersdorf;2071;13,3;19,6;6,3;77,1;3;63,9;10,7;69,7;840;2,45;623;204;231;1208
2019;62270;Hartl;2105;15,5;16,4;1,3;79,6;2,6;69,9;3,7;71,1;736;2,86;661;223;228;1037
2019;62271;Ilz;3775;14,7;18,4;5;79,3;3,6;65,5;8,8;72,8;1556;2,43;1128;366;411;2361
2019;62272;Kaindorf;3004;14,9;19,2;4,7;76,8;3,2;66,3;6,5;70,1;1126;2,57;836;293;318;1304
2019;62273;Loipersdorf bei Fürstenfeld;1848;12,8;21,6;4,5;78,4;4,2;65,6;6,2;71,9;750;2,46;569;174;190;1044
2019;62274;Neudau;1507;17,4;20,6;20,6;60,1;11,1;58,7;5,2;72,6;614;2,35;403;96;109;430
2019;62275;Pöllau;5934;13,1;20,9;1,8;80,1;2,8;66,6;6,6;59,3;2100;2,81;1776;626;683;2545
2019;62276;Rohr bei Hartberg;1451;12,5;22;3,7;76;5,7;67,2;5,3;82,8;606;2,39;448;112;120;370
2019;62277;Rohrbach an der Lafnitz;2644;12,4;22,5;2,4;78,3;4;67,4;7;69,7;1015;2,59;806;217;232;1006
2019;62278;Vorau;4702;14,2;22;1,9;78,2;2,1;68,5;6,3;55,9;1678;2,76;1403;463;501;1817
2019;62279;Waldbach-Mönichwald;1471;11,9;24,7;2,5;76,8;4,2;68,7;5,9;62,2;543;2,71;431;176;187;452
2019;62311;Edelsbach bei Feldbach;1350;15,2;20;3,3;78,9;2,9;65,1;6,6;76,7;494;2,73;409;129;133;587
2019;62314;Eichkögl;1336;17,2;16,6;2,9;78,7;2,7;63,3;8;83,4;491;2,72;411;108;115;235
2019;62326;Halbenrain;1742;10,8;24,8;4,1;74,8;4,5;66,7;7,3;71,2;671;2,5;517;173;196;711
2019;62330;Jagerberg;1639;14,2;20,1;2;79,7;2,5;63;4,6;71;567;2,89;481;181;186;561
2019;62332;Kapfenstein;1566;14,5;21,3;2,7;76,8;2,6;61,2;5;74,3;527;2,97;473;146;157;506
2019;62335;Klöch;1166;11,1;25;2,7;77,5;2,8;66,2;6,7;66,2;505;2,31;368;160;165;502
2019;62343;Mettersdorf am Saßbach;1284;12;23,1;5,9;81,2;3,1;63;5,5;69,6;464;2,66;375;126;130;657
2019;62347;Murfeld;1678;13,8;18,5;5,9;76,3;3,4;67,8;7,9;81;668;2,51;521;134;146;346
2019;62368;Tieschen;1223;11,6;25,6;3,4;78,1;1,9;68,7;6,8;77,2;492;2,45;367;122;128;275
2019;62372;Unterlamm;1248;13;20,7;1,8;77,9;2,2;57,3;5,9;80,4;494;2,47;372;89;98;261
2019;62375;Bad Gleichenberg;5221;12,6;23;7,1;73,9;3,9;64,6;8,8;59,7;2266;2,24;1499;450;534;2791
2019;62376;Bad Radkersburg;3178;10,7;29,5;12,8;69;5,6;63,4;11,1;44,8;1435;2,12;883;321;400;2988
2019;62377;Deutsch Goritz;1798;12,6;21,7;3,2;77,7;2,6;67,3;6,9;69,1;716;2,51;549;197;217;1078
2019;62378;Fehring;7180;12,7;23;4,1;75,1;3,1;61,3;7,7;64,4;2911;2,4;2094;635;707;2884
2019;62379;Feldbach;13457;14,2;19,7;12,6;73,1;5,9;61,2;8,4;53,8;5871;2,27;3853;1030;1318;9807
2019;62380;Gnas;5994;13,8;19,8;2,1;79,1;2,9;64,6;5,4;62;2095;2,84;1790;659;700;2297
2019;62381;Kirchbach-Zerlach;3267;13,7;20,3;3,3;79,5;3,3;63,7;7,5;71,2;1213;2,66;974;303;344;1338
2019;62382;Kirchberg an der Raab;4578;14,7;19,2;4,4;78,8;3,1;64,7;6,8;70,4;1810;2,51;1373;450;477;1915
2019;62383;Mureck;3529;11,7;24,8;9,8;73;5;66;8,5;67,3;1547;2,25;1030;326;388;1616
2019;62384;Paldau;3159;14,8;19,6;2,5;77,9;3,8;64,5;4,6;74,9;1171;2,68;961;281;297;1038
2019;62385;Pirching am Traubenberg;2532;14,5;17,9;3,2;80,3;2,2;64,9;6,7;81;931;2,72;774;183;193;561
2019;62386;Riegersburg;4954;13,1;20,9;3,6;80;2,2;62,1;6,5;72,3;1859;2,66;1527;469;496;1675
2019;62387;Sankt Anna am Aigen;2364;11,8;22;2,1;79,5;2,1;63,8;5,2;70,7;864;2,71;707;237;257;673
2019;62388;Sankt Peter am Ottersbach;2945;12,9;20,7;3,2;79,8;2,9;64,5;5,9;73;1077;2,69;860;285;308;1662
2019;62389;Sankt Stefan im Rosental;3907;14,1;19,7;2,6;79,8;2,6;61,3;6;66,5;1433;2,72;1150;374;419;1544
2019;62390;Straden;3523;11,5;23;3,2;77,7;1,9;66;6,7;65,3;1381;2,55;1092;398;419;1674
2019;70101;Innsbruck;132095;11,8;18,4;27,3;68,9;4,6;49,9;26,2;27,9;65700;1,94;31301;10977;12900;105638
2019;70201;Arzl im Pitztal;3148;16,3;16,8;9,4;76,3;4;63,9;7,9;77;1269;2,45;903;173;191;1003
2019;70202;Haiming;4744;16,7;15,5;9,2;74,5;4,4;62,7;10,5;66,7;1822;2,57;1360;343;416;2678
2019;70203;Imst;10779;15,8;16,1;17,8;74,7;4,5;57,4;12,6;47;4582;2,29;2973;835;1068;8056
2019;70204;Imsterberg;800;18,3;13,6;2,9;80,7;2;70;9,3;81;265;3,02;228;36;42;170
2019;70205;Jerzens;946;15,3;16;11,6;70,8;8,4;63,4;4,9;65,9;364;2,6;275;74;87;273
2019;70206;Karres;617;15,1;14,6;1,8;80,4;2,5;66,4;5,9;83,8;229;2,69;184;33;40;102
2019;70207;Karrösten;681;12,2;19,2;5,4;80,3;2,3;66,2;12,2;85;281;2,4;207;40;47;142
2019;70208;Längenfeld;4733;17;12,9;11,4;78,4;5,6;65,8;5,4;52,5;1696;2,76;1320;361;409;1987
2019;70209;Mieming;3770;15,8;17,3;10,6;79;2,4;61,6;18,8;69,9;1518;2,43;1086;286;310;1321
2019;70210;Mils bei Imst;605;14,9;15,2;6,6;80,4;4,5;63,9;10,5;82,4;232;2,61;185;54;55;336
2019;70211;Mötz;1244;14,7;16;10,3;74,1;3,6;66,8;12;87,4;518;2,4;373;62;69;157
2019;70212;Nassereith;2159;15;21;9,2;75;3,9;61,3;7,7;73,1;839;2,51;608;122;143;572
2019;70213;Obsteig;1365;16,2;16,6;13,9;76,7;2,8;62,2;16,3;76,4;552;2,46;384;113;123;323
2019;70214;Oetz;2368;15;17,1;12,7;71,3;8;65,8;10;65,1;947;2,49;690;196;226;1023
2019;70215;Rietz;2356;16,6;16,3;6,3;80;2,1;66,6;9,7;80,4;951;2,48;716;128;135;782
2019;70216;Roppen;1813;16,7;14,9;10,6;77,1;2,8;66,6;8,7;85,3;713;2,5;523;80;94;636
2019;70217;St. Leonhard im Pitztal;1384;14,2;16,6;8;69,1;8,5;61,6;3,7;45,9;533;2,6;389;118;128;582
2019;70218;Sautens;1630;16,4;15,6;17,5;74,5;5;64,3;8,1;81;643;2,53;467;100;105;243
2019;70219;Silz;2549;15,7;19,1;8,6;75,3;2,7;62,6;13,6;70,7;984;2,48;709;225;251;1048
2019;70220;Sölden;2990;13,5;15,6;15,1;74,1;8,8;64,2;4,8;15,9;1163;2,5;804;602;679;3673
2019;70221;Stams;1542;18;15,4;10,7;78,8;3;62,5;13,8;77,3;593;2,54;450;101;121;1057
2019;70222;Tarrenz;2749;15,8;15,8;8,5;75,7;3;66,4;8,5;82,3;1112;2,47;812;160;177;565
2019;70223;Umhausen;3304;16;13,6;12,5;74,4;6,9;63,6;5,8;69,1;1262;2,61;921;224;251;936
2019;70224;Wenns;2040;14,2;17,4;7,3;74,2;5,2;62,9;7,5;73,2;834;2,45;585;136;152;500
2019;70301;Absam;7298;14,6;19,4;8,7;80;1,9;61,1;20,4;78,3;3233;2,23;2127;558;608;2797
2019;70302;Aldrans;2719;16,8;16,8;12,6;79,5;1,5;56;29,4;81,1;1169;2,28;751;239;258;665
2019;70303;Ampass;1831;16,7;14,3;14,1;80,7;2,4;62,3;17,5;80,2;770;2,36;513;148;162;412
2019;70304;Axams;6050;14,6;19,5;9,8;79;2,1;61,9;19;80;2598;2,29;1783;405;444;1592
2019;70305;Baumkirchen;1267;15,2;15,9;11,9;81,2;1,9;63;12,2;87,4;520;2,42;371;72;81;165
2019;70306;Birgitz;1485;16,2;19,2;10;80,7;1,8;60;23,2;88,3;660;2,25;433;85;93;240
2019;70307;Ellbögen;1126;16,4;18,7;3,9;84,7;1,4;70;10,8;85,7;452;2,49;328;66;67;134
2019;70308;Flaurling;1311;16,6;15;9,2;78,8;1,6;58,7;14,6;86,5;512;2,53;390;69;75;254
2019;70309;Fritzens;2169;16;16;8,9;81,3;1,5;67;13,6;84,4;934;2,31;633;118;133;563
2019;70310;Fulpmes;4455;16,3;16,6;16,5;76,5;4,8;58,5;10,9;57;1767;2,47;1273;345;385;2127
2019;70311;Gnadenwald;816;17,4;17,5;8,5;82,3;0,4;61,4;20,8;75,2;336;2,43;239;82;87;234
2019;70312;Götzens;4076;14,2;17,4;12;80,1;1,8;60,2;19,5;81,9;1802;2,26;1199;270;303;1071
2019;70313;Gries am Brenner;1323;15;18,1;12;75,7;2,3;59,8;8,4;76,2;563;2,31;354;98;117;431
2019;70314;Gries im Sellrain;619;17;17,6;6,1;77,8;3,9;68,7;7,4;79,9;241;2,57;175;38;42;91
2019;70315;Grinzens;1406;15,1;16,4;8;79,2;1,8;62,9;15,1;91;534;2,63;406;70;72;162
2019;70317;Gschnitz;441;16,8;20,6;6,3;79,3;2,6;61,9;5,4;75,3;148;2,98;127;42;43;83
2019;70318;Hatting;1469;17,5;14,4;10,6;81,2;2,1;62;16,7;85,6;617;2,38;436;86;96;182
2019;70319;Inzing;3951;17,1;16;9,9;80,3;2,3;64;17,7;78,7;1624;2,41;1162;247;279;1687
2019;70320;Kematen in Tirol;2944;15,7;15;11,3;80,7;2,2;63,5;17,4;77;1287;2,27;841;200;243;2219
2019;70322;Kolsass;1633;15,9;16,2;7;80,5;1,2;62,8;13,8;81;665;2,46;494;121;134;466
2019;70323;Kolsassberg;818;15,4;16,3;7,8;82,3;1,9;62,9;10,5;78,5;328;2,49;246;63;65;132
2019;70325;Lans;1091;15,2;17;10,5;81,6;1,4;53,6;32,2;74,9;476;2,29;300;126;140;651
2019;70326;Leutasch;2396;12,1;20,5;24,9;68,9;7,5;63,4;10,1;54,1;1046;2,25;673;278;295;803
2019;70327;Matrei am Brenner;936;14;18,3;12,9;78,1;1,4;66;7;79,7;427;2,19;265;82;93;375
2019;70328;Mieders;1871;16,7;15,2;15,7;77,8;2,9;58,8;18,4;76,1;740;2,53;528;153;173;817
2019;70329;Mils;4495;15,8;20,4;10,2;77,5;1,9;58,2;21,9;79;1804;2,42;1269;438;491;2330
2019;70330;Mühlbachl;1429;14,6;23,9;12,1;80,2;2,6;58,1;5,4;78;579;2,31;377;86;94;602
2019;70331;Mutters;2230;15,8;17,8;13,9;79,1;2;57,8;23,2;78,6;905;2,44;641;201;219;647
2019;70332;Natters;2076;13,1;22,9;10,1;79,7;1,8;61,3;23,8;78,7;936;2,18;593;174;184;830
2019;70333;Navis;2043;16,4;15,8;3,8;84;1,1;66;6,3;81,4;805;2,54;599;126;135;609
2019;70334;Neustift im Stubaital;4807;15,2;15,2;14,2;79,7;2,7;61,3;7,8;51,8;1852;2,57;1369;503;542;2353
2019;70335;Oberhofen im Inntal;1860;19,6;15,7;9;79,1;2,2;61,1;12,7;78;724;2,57;558;106;115;562
2019;70336;Obernberg am Brenner;367;16,1;20,4;6;83,3;2,4;60,7;10,4;71,5;139;2,64;98;39;42;83
2019;70337;Oberperfuss;3105;16,9;16,3;6,2;82,4;1,7;65,2;14,9;81,8;1238;2,48;901;220;237;505
2019;70338;Patsch;1051;15,1;17,5;9,8;83,5;1,9;62,6;22;83,9;449;2,34;303;85;94;215
2019;70339;Pettnau;1057;14,1;15,4;8,1;81,1;2,1;63,2;14,9;86;464;2,28;320;68;74;226
2019;70340;Pfaffenhofen;1140;18,1;15,4;11;78;2,7;57,9;13,3;86,9;452;2,52;323;74;89;549
2019;70341;Pfons;1235;15;19,4;4,6;80,5;1,6;68,6;11;85,9;492;2,51;374;68;74;252
2019;70342;Polling in Tirol;1235;21,9;12,2;10,2;82,3;2,6;64,4;13,3;81,9;438;2,79;364;83;89;498
2019;70343;Ranggen;1105;17,9;13,6;8,2;81;0,6;63,9;16,5;82,9;420;2,63;325;77;79;198
2019;70344;Reith bei Seefeld;1384;14,9;15,8;26,2;73,3;6,9;62,6;16,1;73,7;593;2,24;354;128;142;485
2019;70345;Rinn;1937;18,1;13,8;9;81;1,3;63,1;19,9;81,1;778;2,49;554;126;136;316
2019;70346;Rum;9265;15,3;21,2;13,4;78,2;2,8;59,8;16,2;82,2;4185;2,19;2591;492;592;4359
2019;70347;St. Sigmund im Sellrain;175;9,7;22,3;12;80,7;2,9;67,7;7;81,4;69;2,54;53;18;18;25
2019;70348;Scharnitz;1352;14,7;21,2;26,4;68,6;4,4;70,2;8,7;78,6;585;2,31;391;78;87;206
2019;70349;Schmirn;870;15,7;18;2,4;82,1;0,4;62,2;4,1;86,2;324;2,69;250;45;51;83
2019;70350;Schönberg im Stubaital;1111;17,3;16,3;20,3;79,1;2,1;61,3;10,9;79,2;426;2,55;304;74;92;468
2019;70351;Seefeld in Tirol;3457;12,9;21,8;33,2;66,4;12,3;58,9;13,2;42;1690;2,02;905;385;444;2078
2019;70352;Sellrain;1324;13;22,3;4,9;81;1,4;63,5;8,5;87,1;540;2,45;411;57;60;111
2019;70353;Sistrans;2250;16,8;19,1;8,1;77,6;1,4;55;30,7;82;942;2,39;660;190;204;530
2019;70354;Hall in Tirol;14106;15;19,8;20,3;76,2;3,3;54,4;16,2;67,1;6085;2,2;3713;1032;1278;11917
2019;70355;Steinach am Brenner;3634;15,7;18,7;13,6;79,2;2,9;65,5;9,3;74,9;1565;2,3;1024;225;269;1349
2019;70356;Telfes im Stubai;1595;15;18,1;11,7;78,6;2,4;64,8;15,9;82,5;669;2,38;464;108;118;292
2019;70357;Telfs;15985;16,3;15,7;18,8;73,2;4,3;53,9;12;61,4;6592;2,38;4388;906;1079;6820
2019;70358;Thaur;4055;16,1;15,7;11,1;82,1;1,5;63,7;18,4;77,9;1686;2,37;1146;389;425;2197
2019;70359;Trins;1319;14,6;18,2;6,7;82,5;1,3;65,4;13,1;83,4;521;2,53;392;94;100;204
2019;70360;Tulfes;1644;16,1;16,2;10,4;81,4;1,4;66,4;14,4;81,3;679;2,41;485;148;157;362
2019;70361;Unterperfuss;224;9,4;40,2;11,6;84,1;0;58,6;8,4;69,9;71;2,23;43;19;21;176
2019;70362;Vals;529;14;18,1;3,4;83,8;1,3;59,3;4,2;82,3;196;2,7;143;40;45;113
2019;70364;Völs;6950;15,4;23,6;12,8;78,1;2,3;60,5;17,7;81,8;3149;2,19;1992;332;442;2951
2019;70365;Volders;4457;15,3;16;9,3;80,3;1,5;64,4;12,1;83;1885;2,33;1308;298;331;1177
2019;70366;Wattenberg;743;15,5;13,3;3,9;81,5;2;68,9;10,7;82,2;294;2,53;205;69;76;177
2019;70367;Wattens;8031;14,5;19,4;12,2;78,1;2,2;59,8;11,5;59,8;3702;2,12;2281;471;569;7737
2019;70368;Wildermieming;965;17,1;16,3;10,7;82;2;61,4;19,9;78,4;367;2,62;265;74;77;254
2019;70369;Zirl;8130;15,6;14,8;12,1;79,5;2,2;61,2;18,6;75,6;3411;2,33;2338;553;659;3602
2019;70401;Aurach bei Kitzbühel;1122;11;25,5;18,8;72,9;2,2;68;9,9;59,4;543;2,07;313;157;164;584
2019;70402;Brixen im Thale;2644;13,6;21;12,5;77,3;3,9;69,5;7;61,2;1170;2,24;760;253;273;869
2019;70403;Fieberbrunn;4319;14;20,7;12,7;75,5;3,9;66,3;8,9;49;1863;2,26;1220;415;475;2086
2019;70404;Going am Wilden Kaiser;1868;12,4;17,6;19,6;74,5;3,8;70,3;8;62,9;783;2,34;517;189;202;876
2019;70405;Hochfilzen;1244;16,4;18,3;12,4;77,2;1,8;68,8;6,6;73,5;514;2,42;375;92;106;501
2019;70406;Hopfgarten im Brixental;5646;15,1;18,5;11,2;76,7;4,9;67;8,3;55,6;2433;2,3;1604;538;589;2310
2019;70407;Itter;1176;13,1;19;11;78,7;4,2;67,9;9;73,3;496;2,37;349;111;124;468
2019;70408;Jochberg;1521;12,6;23,7;14,5;73,1;4;71;6,2;64,6;706;2,15;432;158;173;545
2019;70409;Kirchberg in Tirol;5228;11,4;22;20,5;71,2;7,8;66,9;9,2;52,1;2448;2,11;1415;621;688;2049
2019;70410;Kirchdorf in Tirol;3975;15,5;17,7;15;77,9;4,4;68,8;8;63,9;1628;2,43;1167;357;389;1863
2019;70411;Kitzbühel;8190;9,9;26;22,8;69,3;5,8;62,5;13,6;33,1;4092;1,95;2171;1288;1492;7474
2019;70412;Kössen;4414;14,6;19,9;20,2;76,4;3,4;69,8;7,9;50,1;1889;2,31;1260;419;469;1769
2019;70413;Oberndorf in Tirol;2287;13,9;22,2;16,8;76,3;3,7;65,8;10,7;66,4;999;2,22;639;239;270;1235
2019;70414;Reith bei Kitzbühel;1679;12,5;25,6;22;68,1;3;66,4;13,8;63,3;811;2,07;440;187;203;697
2019;70415;St. Jakob in Haus;785;16,4;16,4;11,1;77,4;3,2;72,1;7,5;78,1;329;2,39;227;67;69;182
2019;70416;St. Johann in Tirol;9535;13,6;19,6;20,3;74,9;4,8;64,2;11;45,4;4403;2,14;2673;937;1107;6922
2019;70417;St. Ulrich am Pillersee;1870;16,4;18;20,7;75,1;4,7;70,8;7,6;58,9;775;2,4;529;161;174;702
2019;70418;Schwendt;850;13,6;16,6;20,1;75,5;3,7;67;8,2;72,5;336;2,53;251;74;77;187
2019;70419;Waidring;2045;13,8;20;12,9;76,7;4,6;70,8;6,2;59,8;823;2,48;603;181;193;651
2019;70420;Westendorf;3663;12,8;21,2;13,3;74;7,1;67,9;8,3;56,2;1585;2,28;1034;420;457;1241
2019;70501;Alpbach;2531;15,2;19,6;10;77,1;2,5;65,9;7,6;55,3;984;2,57;680;223;238;852
2019;70502;Angath;1017;16,2;13,8;11,1;80,3;3;66,4;7,6;87,1;391;2,6;289;61;68;211
2019;70503;Bad Häring;2830;16,3;17,6;15,2;76,7;3;63,9;12,4;72,5;1174;2,34;817;149;166;1016
2019;70504;Brandenberg;1530;15;20,8;6,3;81,4;1,2;70,3;4,4;78,8;561;2,7;441;114;122;255
2019;70505;Breitenbach am Inn;3476;15,5;16,5;8,1;81,6;2,2;64,2;10,2;79;1345;2,58;1004;226;237;626
2019;70506;Brixlegg;3016;13;18,4;14,5;79;3;64,5;11,5;69,9;1357;2,2;851;266;322;2155
2019;70508;Ebbs;5634;15;18,6;14;78,8;2,6;68,4;8,7;63,4;2393;2,31;1600;461;496;2666
2019;70509;Ellmau;2830;13,7;20,4;23,1;73,6;5,8;67,2;7,2;46,8;1291;2,18;792;369;403;1616
2019;70510;Erl;1564;16,4;17,5;20,6;75,8;2,4;67,9;9,6;63,1;629;2,45;437;133;144;622
2019;70511;Kirchbichl;5829;15,7;18,8;12,7;76,7;4,4;64,9;9,6;74,7;2487;2,31;1690;442;502;2903
2019;70512;Kramsach;4976;14,6;18,7;10,1;78,8;2,9;66,4;13,4;71,7;2153;2,28;1407;371;421;2453
2019;70513;Kufstein;19511;14,6;17,1;28,1;72,1;5,3;55,9;14,3;48,7;9038;2,13;5147;1464;1745;12491
2019;70514;Kundl;4707;16,7;16,3;15;80,4;2,8;64;11,4;58;1986;2,34;1319;316;370;5653
2019;70515;Langkampfen;4180;16,5;17,1;12,7;80,2;2,4;67,8;9,5;71;1773;2,34;1242;236;264;3679
2019;70516;Mariastein;442;18,1;10,4;12,7;79,4;2,3;62,2;16,3;84,1;157;2,75;124;33;37;115
2019;70517;Münster;3395;15,8;15,6;7,6;80,9;1,8;67,2;10;80,1;1403;2,4;984;171;187;864
2019;70518;Niederndorf;2825;16,3;17,3;14,7;79,1;1,7;69,4;9,6;77,4;1195;2,36;840;181;203;932
2019;70519;Niederndorferberg;729;18,8;14;15,6;78;2;70,6;7,9;74;270;2,7;195;52;57;140
2019;70520;Radfeld;2555;16,4;14,1;15,2;78;4,5;64,3;8,4;81;1098;2,32;708;153;169;1255
2019;70521;Rattenberg;444;14,2;16,9;36,5;77,1;6,5;57,2;13,6;79,3;234;1,9;112;61;78;356
2019;70522;Reith im Alpbachtal;2758;15,2;18,2;13;79,1;3,8;65,4;8,7;67,6;1083;2,49;774;278;299;1073
2019;70523;Rettenschöss;543;19,5;15,5;12,5;82,4;1,7;72,3;7,8;72,5;200;2,72;158;54;57;123
2019;70524;Scheffau am Wilden Kaiser;1472;13;20,6;16,1;71,8;6,3;65,9;8;60,6;608;2,33;415;172;181;559
2019;70525;Schwoich;2560;16,6;17;9,3;79,6;3;69,5;9,5;75,2;1035;2,47;768;243;251;1061
2019;70526;Söll;3658;16,2;17,3;12,3;75,6;7,3;68;8;59,2;1496;2,45;1050;386;422;1506
2019;70527;Thiersee;3017;16,1;19,2;14,9;79;2,1;69,8;8,6;64,7;1284;2,35;867;259;276;995
2019;70528;Angerberg;1901;16;17,7;7,8;79,7;1,9;66,9;12,7;78,8;759;2,5;572;158;168;379
2019;70529;Walchsee;1935;15,1;17,8;18,9;75,7;3;68,1;8,6;61,5;800;2,42;542;193;205;777
2019;70530;Wildschönau;4272;15,4;17,7;11,5;75,9;5,8;67,5;7,5;51,3;1736;2,43;1158;481;502;1377
2019;70531;Wörgl;14039;15,6;16,4;24,4;73,4;5,6;57,4;8,5;57,7;6265;2,21;3891;840;1140;9180
2019;70601;Faggen;390;19,5;13,8;6,2;75,4;8,2;72,9;3,8;84,6;143;2,73;119;21;25;54
2019;70602;Fendels;259;13,5;13,1;8,1;71,1;12,8;72,8;4,5;80,5;103;2,51;77;11;15;53
2019;70603;Fiss;963;15,1;13,2;9,9;65,6;21,1;67,6;8,6;30,1;345;2,74;265;207;220;811
2019;70604;Fließ;3064;17,9;15,3;6;75,3;6,8;64,3;7;77;1161;2,64;901;176;198;678
2019;70605;Flirsch;1002;15,1;19,4;9,6;70;10,2;63;8,2;79,2;389;2,53;285;50;57;186
2019;70606;Galtür;765;14,1;15,6;7,8;57,2;29,9;67,1;5,6;41,2;293;2,61;212;116;131;263
2019;70607;Grins;1363;15,9;20,9;4;77,2;4,3;64,3;8,5;83,1;532;2,51;392;49;56;458
2019;70608;Ischgl;1573;15,5;13,1;6,6;61,2;23,2;66;7,9;18,6;601;2,62;434;366;399;1134
2019;70609;Kappl;2562;14,8;17,5;4,3;65,4;15,7;59,9;6,8;58,8;913;2,81;744;182;200;722
2019;70610;Kaunerberg;432;22,7;17,1;3,9;76,9;8,4;71;4,2;76;142;3,04;123;37;37;62
2019;70611;Kaunertal;597;15,7;19,1;7,4;76,9;6,1;73,6;5,2;50,8;213;2,8;173;60;68;306
2019;70612;Kauns;505;17;17,4;3,8;80,4;7,6;66,6;8,4;83,3;198;2,55;144;30;31;61
2019;70613;Ladis;545;16,9;16,7;7,7;67,1;19,6;70,6;4,6;54,7;205;2,66;153;92;99;203
2019;70614;Landeck;7605;14,2;19;15,7;69,4;10,7;57,9;10,4;60,2;3315;2,26;2146;497;645;4380
2019;70615;Nauders;1534;16,7;16,2;13,2;65;19,4;65,3;6,7;43,8;612;2,5;443;166;180;563
2019;70616;Pettneu am Arlberg;1489;13,6;16,7;12,4;65,5;14,9;67,1;10;72,8;604;2,47;425;124;135;338
2019;70617;Pfunds;2601;16,1;17,6;9,9;69,2;13,4;67,8;4,9;63,8;1072;2,43;751;168;191;800
2019;70618;Pians;806;15,6;20,2;10,5;72,7;9,5;59,4;12,9;75,9;291;2,77;250;52;58;416
2019;70619;Prutz;1866;14,8;16,4;14,7;69,4;12,3;64,3;8;70,4;779;2,4;536;122;143;755
2019;70620;Ried im Oberinntal;1250;15,8;16,7;13;69,2;14,3;67,8;9,1;57,2;515;2,35;348;135;155;877
2019;70621;St. Anton am Arlberg;2342;11,4;20,8;16,8;59,9;18,7;64;13;33,2;1019;2,27;650;408;449;1282
2019;70622;Schönwies;1683;16,9;17,8;5,7;75,2;3,9;63,7;9,5;85,7;651;2,59;497;71;80;564
2019;70623;See;1266;19,7;12,2;5,7;68,9;14;66,2;6,5;73,3;439;2,88;350;74;81;321
2019;70624;Serfaus;1129;13,4;16,2;11,2;66;22,4;70,4;7,1;30,7;432;2,61;315;228;254;739
2019;70625;Spiss;106;5,7;17,9;13,2;70,4;12,3;58;0;85,7;49;2,16;28;10;10;14
2019;70626;Stanz bei Landeck;582;15,8;14,6;4;74,3;4,4;64,5;14,3;84,6;212;2,75;169;33;41;138
2019;70627;Strengen;1237;16,8;17,1;3,9;74,1;5,8;66,8;6,9;89,7;449;2,76;370;27;32;145
2019;70628;Tobadill;515;15,5;18,4;7;75;5,8;66,4;6,9;88,6;197;2,61;149;16;22;61
2019;70629;Tösens;747;17,4;15,1;9,2;73;11,4;70,2;4,7;80,2;272;2,75;219;42;45;89
2019;70630;Zams;3390;14,5;19,6;9,6;75,9;4,7;61,4;15,4;61,6;1381;2,39;961;209;260;3151
2019;70701;Abfaltersbach;653;18,4;17,8;3,2;77;2,1;66;10,1;63;246;2,65;177;60;68;665
2019;70702;Ainet;926;15,6;18,3;2,6;78,6;3,7;67;10;75,9;369;2,51;262;60;64;301
2019;70703;Amlach;496;17,7;13,7;5,8;78,5;2,8;68,6;12,5;81,2;179;2,77;128;36;37;135
2019;70704;Anras;1234;16,3;19,3;3,3;76,5;2,8;65;6,8;75;426;2,9;339;83;88;270
2019;70705;Assling;1791;14,8;21,8;3,1;76,6;3,9;67,6;8,9;61,8;687;2,61;510;134;146;784
2019;70706;Außervillgraten;749;14,3;23,6;0,9;76,6;5,3;67,3;5,9;62,9;245;3,06;213;81;85;222
2019;70707;Dölsach;2320;15;18,8;5,8;78,6;3,7;69,1;9,7;77,6;990;2,34;673;160;171;644
2019;70708;Gaimberg;847;16,5;19,7;4,1;79,6;3,7;70,7;13,4;78,6;340;2,49;251;74;89;225
2019;70709;Hopfgarten in Defereggen;693;12,6;23,2;4,2;75,3;6,3;66,2;8,3;65,1;261;2,66;189;56;62;210
2019;70710;Innervillgraten;911;17;17,3;1,9;78,8;4,4;64,6;2,4;59,2;264;3,45;222;99;101;248
2019;70711;Iselsberg-Stronach;599;14,7;20;8,8;74,4;2;69,7;9,4;77,3;260;2,3;167;54;54;117
2019;70712;Kals am Großglockner;1130;12,1;19,1;5,3;73,5;10,1;70,9;6,8;62,7;416;2,72;319;117;128;357
2019;70713;Kartitsch;770;14,2;26;3,2;69,8;7,9;62,2;10,3;67,2;275;2,8;208;83;90;164
2019;70714;Lavant;330;18,2;10,3;2,4;83,5;2,9;73,3;11,1;78,2;126;2,62;95;28;34;227
2019;70715;Leisach;716;13,8;24,3;3,2;74,9;3,4;71,8;10,5;82,7;302;2,37;208;44;49;207
2019;70716;Lienz;11900;12,8;24;11;70,9;7;63,5;14,3;34,4;6082;1,9;3116;1291;1583;11130
2019;70717;Matrei in Osttirol;4646;15,2;18,7;1,8;76,7;6;68,4;6,7;50,5;1680;2,71;1275;352;399;2062
2019;70718;Nikolsdorf;881;16,9;20,3;4,8;78,5;3,2;70,9;9,2;75;351;2,51;251;72;76;236
2019;70719;Nußdorf-Debant;3366;14,8;19,5;4,6;77,5;4;70,2;10;74,9;1417;2,29;961;196;244;1498
2019;70720;Oberlienz;1468;14,3;17,9;3;78,8;3,8;71,7;7,5;79,6;524;2,8;421;115;120;327
2019;70721;Obertilliach;664;11,7;22;2,1;74,3;7;65,5;7,3;55,2;242;2,74;179;94;100;223
2019;70723;Prägraten am Großvenediger;1141;13,4;18;2,7;74,7;8;65,7;3,6;73,9;384;2,97;311;79;91;194
2019;70724;St. Jakob in Defereggen;840;14,2;23;4,4;61,7;19,4;69,3;7,4;45,4;337;2,49;240;115;127;285
2019;70725;St. Johann im Walde;298;17,1;19,1;2,7;80,5;3;73,7;2,8;75,6;104;2,87;88;30;32;91
2019;70726;St. Veit in Defereggen;645;14,3;18,9;2,8;65,7;18,4;63,7;4,5;71,6;226;2,85;168;41;45;107
2019;70727;Schlaiten;463;13,6;20,3;2,4;78,8;3,1;73;3,8;82,7;182;2,54;135;36;37;68
2019;70728;Sillian;2029;13,4;19,9;7;75,1;4,3;65,9;9,3;54,8;855;2,32;530;182;214;1150
2019;70729;Strassen;795;15,1;18,1;6,2;77;4,1;65,5;10,5;79,7;278;2,86;221;66;69;250
2019;70731;Thurn;615;15;20,7;3,6;82,1;1,8;70,2;13,2;81,8;261;2,36;181;52;55;102
2019;70732;Tristach;1440;16,9;18,9;2,6;77;4,6;69;11,9;88,5;555;2,59;434;79;85;187
2019;70733;Untertilliach;224;11,6;20,1;8,9;70,6;6,7;64,1;4,5;71,8;77;2,91;58;32;33;47
2019;70734;Virgen;2200;17,6;16;3,3;75,4;5,2;69,4;5,4;74,1;781;2,82;632;128;141;387
2019;70735;Heinfels;988;15,5;15,8;6,9;76,9;2,2;67,3;9,9;60,6;372;2,66;266;69;86;951
2019;70801;Bach;632;15,3;14,6;6,6;68,6;8,9;65;5,2;71,3;233;2,71;182;66;69;118
2019;70802;Berwang;580;12,9;21,4;20,3;66,1;10,2;65,1;8,1;46,5;241;2,41;169;85;91;219
2019;70803;Biberwier;621;12,1;21,7;19;71,8;9,4;62,6;10,4;66,2;289;2,15;186;115;125;280
2019;70804;Bichlbach;782;14,6;22,3;18,3;74,1;6,8;64,4;7,8;76,6;320;2,44;244;48;56;133
2019;70805;Breitenwang;1461;12,9;20,1;15,4;76,3;3;68,1;11,6;59,8;630;2,32;425;72;84;2808
2019;70806;Ehenbichl;823;13,9;24,9;13,1;75,6;2,8;63;14,2;72,5;351;2,18;217;52;61;766
2019;70807;Ehrwald;2600;10,1;26,6;26,7;70,8;6,7;68,1;8,8;45,2;1256;2,07;766;260;286;1044
2019;70808;Elbigenalp;874;16,7;16,6;10,9;74,3;6,6;64;9,9;50,2;352;2,48;259;89;97;445
2019;70809;Elmen;384;14,8;26,3;12,2;76,1;3,8;63,6;6,4;79,6;171;2,25;116;29;30;65
2019;70810;Forchach;265;16,6;20;10,9;75;3,7;74,7;3,6;72,6;97;2,73;81;12;14;112
2019;70811;Grän;595;11,9;17,5;28,4;75,5;3,3;64,9;6,9;31,4;208;2,63;167;78;85;657
2019;70812;Gramais;42;11,9;26,2;14,3;69,2;0;54,1;10,8;63,2;17;2,47;13;7;7;13
2019;70813;Häselgehr;677;13,7;18,6;10,3;77,5;4,5;65,1;7,5;78,6;253;2,68;197;58;61;105
2019;70814;Heiterwang;522;14,2;22;10,2;79,9;6,2;71;8,7;77,3;229;2,28;160;43;46;86
2019;70815;Hinterhornbach;90;16,7;24,4;5,6;83;2,1;66,7;2,7;63;33;2,73;29;9;9;19
2019;70816;Höfen;1212;13,6;21,2;10,7;79,2;2,9;69,7;8;75,8;507;2,39;368;77;86;613
2019;70817;Holzgau;403;15,9;19,1;12,2;64,5;14,4;61,1;10,6;56,1;162;2,49;112;58;66;119
2019;70818;Jungholz;303;9,9;21,1;67,3;60,3;1,5;63,7;5,5;36,8;125;2,25;78;38;41;129
2019;70819;Kaisers;75;12;18,7;9,3;71,2;4,9;60,6;10,6;64,1;30;2,5;17;14;15;20
2019;70820;Lechaschau;2109;14;19,1;17,2;76,5;3,7;64,6;9,5;79,8;948;2,22;617;111;127;829
2019;70821;Lermoos;1147;13,3;20;24,8;69,4;9,8;66,9;9,3;41,6;504;2,18;309;141;160;758
2019;70822;Musau;389;13,1;22,9;14,9;75,9;1,5;68,6;6,5;89,5;163;2,39;120;18;19;44
2019;70823;Namlos;73;12,3;11;11;69,6;8,9;50;3,1;69,2;32;2,28;22;7;8;16
2019;70824;Nesselwängle;460;15,9;20,9;17,6;71,8;6,9;70,5;7,2;65,1;188;2,45;137;49;58;215
2019;70825;Pfafflar;107;9,3;21,5;10,3;71,6;6,9;50,5;10,3;68,5;43;2,49;28;13;13;25
2019;70826;Pflach;1433;16,7;16,9;25,3;70,9;3,7;66,5;12,7;86,9;575;2,49;438;78;86;272
2019;70827;Pinswang;417;19,9;20,1;23;70;1,6;71,3;10,5;76;168;2,48;124;30;33;104
2019;70828;Reutte;6899;15,6;18,7;28,2;72,9;4,6;55;10,5;56,4;3113;2,2;1859;439;594;4223
2019;70829;Schattwald;448;17,4;17;20,3;75,5;3;68,6;7,3;62,4;170;2,64;127;44;50;147
2019;70830;Stanzach;459;9,8;23,5;15;73,9;5,3;65,2;9,7;65,2;192;2,39;142;45;50;159
2019;70831;Steeg;664;16,9;15,8;5,3;70;12,6;66,8;3,1;59,2;235;2,83;187;69;72;209
2019;70832;Tannheim;1098;14,8;16,8;25,3;75,8;5,1;72,5;4,6;39,3;442;2,46;323;143;159;728
2019;70833;Vils;1482;14;20,4;20,3;73,4;1,6;67,7;7;62,1;621;2,39;428;96;102;643
2019;70834;Vorderhornbach;250;11,2;22;6,8;76;3,7;62,2;14,9;79,4;101;2,48;75;18;21;50
2019;70835;Wängle;934;14,2;20,9;13,8;77,6;1,9;68,9;10,4;88,3;393;2,38;277;43;48;95
2019;70836;Weißenbach am Lech;1257;14,1;18,5;11,2;75,2;2,6;66,5;6,2;80,2;543;2,31;382;72;83;280
2019;70837;Zöblen;233;11,6;25,3;18,5;78,9;1,6;64,1;9,7;68,9;94;2,48;70;27;27;52
2019;70901;Achenkirch;2207;12,1;22,4;19,8;76,6;2,6;67,2;6,9;49;972;2,24;640;190;208;1073
2019;70902;Aschau im Zillertal;1846;17,8;14,8;11,3;78,6;4,8;65,5;4,4;74,4;729;2,53;529;131;154;473
2019;70903;Brandberg;361;20,8;17,2;3;78,6;2,2;63,6;6,6;70,6;120;3,01;92;36;41;108
2019;70904;Bruck am Ziller;1121;18,1;17,4;5,8;82,8;1,8;60,2;8,7;83,7;429;2,61;325;68;74;138
2019;70905;Buch in Tirol;2607;14,8;17,5;8,2;80,2;2,3;66,4;10,5;83,7;1079;2,42;780;157;179;599
2019;70907;Eben am Achensee;3265;14,2;17,7;24,9;78,4;4,2;63,9;10,6;47,5;1443;2,22;935;340;377;1852
2019;70908;Finkenberg;1419;11,4;21,8;12,8;76,6;6,7;63,5;5,9;60,5;556;2,52;418;159;177;583
2019;70909;Fügen;4230;15,8;17;20,8;77,2;4,6;60,9;7,6;58,2;1745;2,36;1187;351;399;2988
2019;70910;Fügenberg;1403;17,4;15,2;6,9;81,6;3,3;64,5;6;72,3;549;2,56;414;129;139;356
2019;70911;Gallzein;678;22,4;13,4;4,6;84,8;1,8;65,2;7,2;77,3;254;2,67;199;52;55;145
2019;70912;Gerlos;807;16,4;17,6;12,9;61,4;20,5;67;4,3;19,5;298;2,64;232;151;166;460
2019;70913;Gerlosberg;476;17,2;13,2;2,9;74,3;8,4;61,4;1,8;78,8;177;2,69;131;34;39;64
2019;70914;Hainzenberg;716;16,6;17,2;9,4;73,4;6,9;64,3;4,7;78,1;264;2,71;205;59;63;123
2019;70915;Hart im Zillertal;1585;17,2;14,3;7,7;81,3;3,1;61,1;7,6;74,9;636;2,49;452;136;141;342
2019;70916;Hippach;1445;16,2;16,6;8,1;74,4;8,3;63,8;2,2;76,4;551;2,62;411;122;133;246
2019;70917;Jenbach;7211;15,1;18,8;20,5;73,8;4,7;57,5;9,1;70;3267;2,18;2025;344;423;4119
2019;70918;Kaltenbach;1310;16,6;16,5;16,3;73;8;59,7;6,5;66;525;2,5;378;105;136;1206
2019;70920;Mayrhofen;3885;14,6;19,7;21,9;66,5;14,1;63,5;6,7;38;1590;2,38;1055;487;569;2733
2019;70921;Pill;1187;16,9;15,8;7;80,7;2,7;65,1;11,9;79,7;478;2,48;361;88;94;578
2019;70922;Ramsau im Zillertal;1652;13,8;12,9;12,1;73,9;9,5;63,1;6,3;71,1;685;2,41;474;164;187;867
2019;70923;Ried im Zillertal;1274;14;14,8;17,2;74,1;6,8;63;5,9;77,6;558;2,28;367;86;92;652
2019;70924;Rohrberg;580;20;12,8;5,7;77,7;6;61,2;5,2;71,8;210;2,76;159;58;64;243
2019;70925;Schlitters;1508;15,5;14,2;13,3;76,7;4,4;63,1;4,9;76,9;570;2,62;429;105;127;578
2019;70926;Schwaz;13763;14,6;18,3;15,7;75,9;3,9;58,2;12,2;57,1;6162;2,19;3811;909;1113;9356
2019;70927;Schwendau;1748;17;16;11,2;74,4;7,1;63,8;5,8;75,4;665;2,62;506;136;150;445
2019;70928;Stans;2126;15,6;16,7;9,3;80,9;2;65,6;14;77,9;897;2,35;629;139;158;1228
2019;70929;Steinberg am Rofan;281;10;30,2;16;76,2;2,8;71,9;4,3;61,2;116;2,42;83;33;35;75
2019;70930;Strass im Zillertal;843;15,7;15,8;7,1;82,5;2,2;64;9,8;77,2;324;2,6;244;87;107;853
2019;70931;Stumm;1916;14,9;17,2;10,4;79,5;5;65,3;9,2;71,2;789;2,43;555;166;176;604
2019;70932;Stummerberg;852;16,4;18,7;3,8;74,5;2,8;58,7;3,4;80,4;305;2,79;237;63;67;119
2019;70933;Terfens;2179;18,2;15,3;8,9;82;1,9;66,4;11,5;75;887;2,46;637;179;194;1082
2019;70934;Tux;1953;14,7;16,1;15,5;81,1;2,3;63,7;4,1;22,5;740;2,6;545;230;254;1589
2019;70935;Uderns;1844;16,2;13,9;12,3;79,1;4,5;66,3;6;77,9;747;2,47;529;120;137;632
2019;70936;Vomp;5226;16,3;17,3;11,9;80,4;2,2;64,5;11,6;75,5;2121;2,43;1510;341;417;2836
2019;70937;Weer;1584;14,7;17;10,5;81,6;1,6;66,2;12,1;77,5;697;2,27;467;130;144;653
2019;70938;Weerberg;2499;17,8;16,1;5;83,2;1,2;65,8;6,7;78,7;963;2,6;750;162;176;386
2019;70939;Wiesing;2141;14,9;17,9;9,1;80,6;2,7;68;10;81,4;903;2,33;630;154;174;638
2019;70940;Zell am Ziller;1719;14,1;21,4;14,3;75,7;7,7;64,5;7,7;57,3;712;2,37;483;274;313;1573
2019;70941;Zellberg;661;16,9;16,8;5,1;71,5;7,1;64,3;4,6;69,1;244;2,71;192;71;78;329
2019;80101;Bartholomäberg;2365;17,3;18,3;9;78,3;3,1;65,7;8,2;80,7;876;2,66;663;138;152;452
2019;80102;Blons;328;21,3;14,3;5,8;81,5;2,7;58,1;7;72,9;115;2,85;86;34;37;93
2019;80103;Bludenz;14832;15,1;18,6;25,7;73,7;6;55,4;10,9;58,9;6807;2,15;4020;919;1100;7982
2019;80104;Bludesch;2400;17,1;13;21;76,4;4,5;58,2;9,3;85,5;1011;2,37;669;131;147;902
2019;80105;Brand;726;13,8;18,2;23,4;71,3;13,2;66,1;10,9;45,3;302;2,38;195;97;101;414
2019;80106;Bürs;3368;15,6;16,6;18,4;75,6;4,5;61,1;9,4;75,7;1480;2,26;984;204;284;2690
2019;80107;Bürserberg;547;12,8;18,8;11,7;77,5;4,2;68,1;9;75,1;229;2,39;165;51;60;171
2019;80108;Dalaas;1603;17,8;18;15,3;74;5,4;68;7,5;76;628;2,51;471;105;117;320
2019;80109;Fontanella;456;19,5;16;5,3;78,2;4,7;66,2;5,4;61;165;2,76;118;53;57;157
2019;80110;Gaschurn;1446;13,4;21,5;11,3;66,7;11,9;68,6;6,7;60,4;628;2,3;428;147;166;523
2019;80111;Innerbraz;1000;15,3;20,2;12,4;76,9;2,9;62,8;9,1;87,6;380;2,51;277;51;60;229
2019;80112;Klösterle;682;15,7;19,8;14,4;71,1;7,8;72,2;6,8;59,4;293;2,33;197;87;103;335
2019;80113;Lech;1585;11,6;19,1;19,4;64,6;18,4;65,2;13,6;16;704;2,23;416;411;438;1238
2019;80114;Lorüns;292;18,2;19,9;19,2;73,5;2,9;63,2;7,9;91;124;2,35;86;17;22;72
2019;80115;Ludesch;3597;17,2;13,5;16,5;77,5;3,4;60,9;10,1;83,2;1486;2,4;1025;196;224;1133
2019;80116;Nenzing;6193;15,5;17,8;13,5;77,3;4;62,4;9,3;73,7;2554;2,41;1815;392;452;4881
2019;80117;Nüziders;4980;16,2;19,7;11,6;77,2;3,4;63,8;14,2;80,5;2108;2,34;1449;292;318;2309
2019;80118;Raggal;862;17,4;15,8;9,2;78,5;2,7;66,6;8,4;74,2;346;2,49;237;80;87;199
2019;80119;St. Anton im Montafon;693;16,2;18,3;9,2;76,7;3,3;64,2;9,3;84,4;298;2,33;203;37;37;130
2019;80120;St. Gallenkirch;2217;13,8;22;13,1;70,1;9,4;67,8;5,1;65;930;2,32;625;184;207;642
2019;80121;St. Gerold;408;17,2;14,7;14;74,1;5,5;63;10,1;75,6;154;2,65;112;34;37;98
2019;80122;Schruns;3910;14,9;23,1;19,8;70,9;7,1;61,6;13;54,2;1810;2,11;1058;367;432;2989
2019;80123;Silbertal;843;16,5;16,8;3,6;79,4;5,1;72,3;3,4;84,1;310;2,72;248;48;53;134
2019;80124;Sonntag;647;17,9;14,8;5,1;83,4;2,1;70,2;4,5;61,7;232;2,79;165;84;94;293
2019;80125;Stallehr;275;18,2;16;12,4;80,7;3,2;72,9;9,3;87,2;108;2,55;76;16;17;48
2019;80126;Thüringen;2209;16,7;17,1;13,3;77;3,2;63,9;12,5;78,7;934;2,36;651;122;138;1259
2019;80127;Thüringerberg;724;20,3;15,9;6,1;78,6;2,9;70,2;9,4;73,5;265;2,73;208;65;71;182
2019;80128;Tschagguns;2197;14,9;20,5;11,3;73,4;6,9;67,2;8,1;79,1;951;2,31;646;143;157;430
2019;80129;Vandans;2682;15;19,6;12,4;74,5;4,8;66,3;10,8;79,8;1136;2,35;796;122;138;978
2019;80201;Alberschwende;3240;18,4;15;7,5;78,4;2,5;65,7;10,4;71,1;1222;2,63;880;287;313;1010
2019;80202;Andelsbuch;2639;20,7;14,6;8,9;79,5;2;65;9,5;64;966;2,7;705;256;276;1231
2019;80203;Au;1767;17,3;15,8;7,1;80,1;4,2;66,7;7,3;47,4;672;2,61;475;192;206;935
2019;80204;Bezau;2003;16,8;16,4;16,5;80,7;2,5;63,2;8,6;56,5;770;2,56;525;245;268;1199
2019;80205;Bildstein;780;15,8;16,2;7,2;79,5;2,5;64,7;12,6;81,5;325;2,4;228;72;77;121
2019;80206;Bizau;1124;19;16,4;12,3;80,7;1,5;63,8;8,2;64,2;420;2,65;297;96;103;401
2019;80207;Bregenz;29697;15,3;19,2;25,6;69,5;7,6;51,3;14,7;58,3;14091;2,07;7651;1917;2303;19342
2019;80208;Buch;600;17,2;16,3;5,2;81,2;1,5;67,2;6,4;81,3;224;2,68;170;53;56;103
2019;80209;Damüls;313;17,3;21,1;13,7;67,9;15,6;68,3;5,4;29,7;124;2,52;86;75;78;179
2019;80210;Doren;1028;15,8;18,1;12,9;79,6;2,1;63,9;8,8;69,9;408;2,52;302;98;102;334
2019;80211;Egg;3601;16,7;16,4;8,1;82,1;2,1;66,9;10;63,7;1415;2,52;994;376;418;1745
2019;80212;Eichenberg;417;20,4;14,1;18,7;82,8;2,5;66,3;11,1;56,6;152;2,74;110;54;55;158
2019;80213;Fußach;3921;17,4;16;16,9;75;5,3;60,5;10;84,3;1535;2,55;1120;207;224;1466
2019;80214;Gaißau;1835;16,8;16,9;12,2;77,5;2,7;64,7;9,8;80,6;668;2,67;522;100;109;762
2019;80215;Hard;13648;16,1;17,6;18,8;74,2;5,3;56,8;11,4;71,1;5816;2,32;3815;863;963;5843
2019;80216;Hittisau;2059;18,3;14,9;16,6;79,1;2,1;61,6;9;58,9;816;2,49;559;227;244;992
2019;80217;Höchst;8116;16,3;17,2;15,7;75,2;4;59,7;10,3;65,7;3237;2,48;2347;506;559;5562
2019;80218;Hörbranz;6508;15,2;18,6;17,2;75,5;4,6;61;10,9;75,6;2750;2,34;1859;395;427;2264
2019;80219;Hohenweiler;1320;14,5;15,8;17,9;77,3;2,9;64,7;11,1;85,1;509;2,56;392;78;84;177
2019;80220;Kennelbach;1942;15,9;21;16,5;72,9;4,3;56,7;12,1;86,4;826;2,34;557;106;116;938
2019;80221;Krumbach;1041;15,3;18,1;10,2;78,1;3,1;63;7;75,5;453;2,3;294;86;93;204
2019;80222;Langen bei Bregenz;1438;14,7;18,2;13,2;79,5;2,4;65,5;9,4;68,2;564;2,49;416;131;141;474
2019;80223;Langenegg;1131;17,8;14,4;11,1;78,4;1,4;64,7;9,4;64,9;422;2,62;317;101;113;575
2019;80224;Lauterach;10271;16,3;15,9;17,2;77,1;4;60;11,7;76,5;4376;2,33;2923;629;709;5325
2019;80225;Lingenau;1537;18,9;14,3;11;79,8;1,6;63,7;11,9;67,6;579;2,64;404;171;184;659
2019;80226;Lochau;6018;13;23,9;22;70,9;5;56,5;16,8;81,5;2947;2;1652;397;443;1631
2019;80227;Mellau;1290;16,7;17,8;13,3;78,5;5,2;63,1;7,7;54;518;2,49;343;147;153;650
2019;80228;Mittelberg;4989;12,3;19,9;46,3;71;6,6;68,1;7,5;12,4;2191;2,18;1333;603;664;2737
2019;80229;Möggers;513;13,8;12,5;12,9;81,5;3,6;72,6;4,8;71,6;196;2,62;148;48;50;136
2019;80230;Reuthe;663;17,8;13,1;17,8;82,5;2;63,7;7,3;61,9;262;2,49;170;49;51;579
2019;80231;Riefensberg;1064;18,9;15;18;79,4;2;67,1;5,3;59;398;2,67;282;121;128;410
2019;80232;Schnepfau;459;15,3;16,1;12,9;81,6;1,9;64;6,7;70,8;174;2,64;129;54;59;149
2019;80233;Schoppernau;947;17,5;19,3;9,8;75,9;7,1;64,1;7,2;57,8;368;2,57;258;109;115;324
2019;80234;Schröcken;208;16,3;18,3;15,9;82,4;7,9;60,3;12,1;56,9;84;2,48;54;42;44;90
2019;80235;Schwarzach;3939;16,2;18,7;14,8;78,4;3,6;61,4;16,1;79;1669;2,35;1165;299;326;2434
2019;80236;Schwarzenberg;1819;17,3;15,9;8,9;80,2;1,8;62,9;11,8;64,7;696;2,6;475;213;229;741
2019;80237;Sibratsgfäll;422;16,1;22;11,4;82;1,3;71,5;5,4;67,6;164;2,57;115;53;57;104
2019;80238;Sulzberg;1832;17,8;17;18,1;78,2;1,7;65,1;9,6;59,4;688;2,6;494;193;200;647
2019;80239;Warth;167;10,2;17,4;7,8;69,4;16;73,3;5,3;26,1;70;2,39;45;52;56;202
2019;80240;Wolfurt;8566;16;17,5;16,4;76,9;4;60,3;12,8;72,7;3535;2,39;2419;591;689;7399
2019;80301;Dornbirn;49865;15,6;17,6;19,5;75,2;4,9;54,7;14,9;48,8;22028;2,23;13672;3715;4305;30229
2019;80302;Hohenems;16735;16,7;16,8;20,4;74,3;5,6;54,8;8,9;70,2;6860;2,41;4654;987;1145;7107
2019;80303;Lustenau;23299;17,3;17,1;19,1;74,7;4,9;54,8;10,1;64,4;9641;2,4;6587;1478;1617;12055
2019;80401;Altach;6766;16,6;16,2;10,9;78,5;2,8;61,8;11,2;80,3;2795;2,41;1967;444;477;2038
2019;80402;Düns;410;19,5;15,9;5,9;80,4;1,8;67,3;11,8;85,3;154;2,66;120;33;34;51
2019;80403;Dünserberg;141;19,1;14,9;7,8;86;3,5;77,2;3,5;69,9;56;2,52;40;20;20;49
2019;80404;Feldkirch;34147;15,5;17,1;21,5;73,8;4,3;56;16,3;59,8;15319;2,2;9286;2024;2379;17345
2019;80405;Frastanz;6495;15,8;17,5;20,2;73,4;4,5;57,2;9,2;74,9;2696;2,38;1814;326;372;2996
2019;80406;Fraxern;712;19,1;13,6;7,2;75,2;2,9;67;12,2;84;256;2,72;209;53;57;91
2019;80407;Göfis;3333;15,5;17,2;10,8;76,6;3,4;62,6;13,8;80,6;1336;2,49;995;201;223;616
2019;80408;Götzis;11765;15,7;17;19,6;75,8;5,1;55,8;11,5;72,5;5035;2,3;3291;792;905;7138
2019;80409;Klaus;3089;15,7;16,5;14;77,3;3,5;60,3;13,9;80,8;1246;2,48;906;217;246;2223
2019;80410;Koblach;4696;16,4;14,3;10,6;78,8;2,9;65,7;10,5;81,7;1897;2,46;1383;322;342;1803
2019;80411;Laterns;669;17,3;18,8;5,2;80,3;1,7;68,2;6,7;75,7;267;2,51;195;51;61;129
2019;80412;Mäder;4084;18,3;13,9;12,3;79,9;3,1;63,5;9;82,3;1637;2,49;1199;206;230;1558
2019;80413;Meiningen;2305;19;13,8;15,3;78,8;3;66,1;8,8;85,8;917;2,51;669;129;144;615
2019;80414;Rankweil;11901;15,1;18,7;17,1;75;4,3;57,4;11,6;68,4;5051;2,33;3417;779;918;8190
2019;80415;Röns;344;16,6;16,9;11,6;79,9;3,2;59,9;16;81,9;133;2,59;102;32;33;86
2019;80416;Röthis;2093;13,9;18,8;13;78,7;3,8;61,4;13,6;84;909;2,21;582;162;185;1343
2019;80417;Satteins;2743;17;18;9,6;77,9;2,5;60,3;13,5;81,3;1091;2,49;795;168;182;698
2019;80418;Schlins;2458;17,7;15,3;17,7;74,3;4,8;61,7;10,6;78,6;965;2,51;714;160;170;1066
2019;80419;Schnifis;790;17,7;14,9;7,7;78,8;2,1;65,7;14,3;79,3;289;2,73;216;60;65;184
2019;80420;Sulz;2586;15,6;16,6;13,4;79,1;3,3;61,2;11,5;81,5;1106;2,33;734;205;223;1175
2019;80421;Übersaxen;617;15,9;16,4;6;81,1;1,4;67,8;7,7;85,7;227;2,72;177;32;35;74
2019;80422;Viktorsberg;412;18,2;16,5;9;81,8;1,8;68;11,3;89,4;168;2,45;125;26;29;45
2019;80423;Weiler;2117;16,8;15,2;13,1;80;3;65,9;10,4;84,8;884;2,39;608;161;178;851
2019;80424;Zwischenwasser;3271;16,2;18;11,7;78,2;2,9;63,3;11,9;87,5;1359;2,37;925;164;178;481
2019;90101;Wien-Innere Stadt;16043;10,3;25,8;25;66,9;3,9;42,8;44,9;9,5;8488;1,87;3913;10720;12218;123319
2019;90201;Wien-Leopoldstadt;105800;14,6;14,8;34,5;64,8;11,8;47,5;27,8;10,6;50294;2,04;25177;7953;8841;81751
2019;90301;Wien-Landstraße;91647;12,7;16,5;32;66,9;9,7;47,5;31,9;11,6;46461;1,93;22192;9909;11019;121382
2019;90401;Wien-Wieden;33148;11,8;17,2;32,3;66,4;8,6;44,1;39,8;11,3;16443;1,93;7801;5632;6062;33375
2019;90501;Wien-Margareten;55052;11,9;14,2;37,8;65,8;11,4;46,8;28,2;12,1;28551;1,9;12862;4722;5094;22270
2019;90601;Wien-Mariahilf;31575;9,9;15,6;30,2;67,3;9;45,8;37,7;10,6;16074;1,86;7154;4998;5496;31337
2019;90701;Wien-Neubau;31979;10,4;14,8;29,7;70,1;6,6;43,5;42,4;9,4;16975;1,84;7393;5789;6337;35757
2019;90801;Wien-Josefstadt;24979;10,3;16,1;30,6;64,9;6,6;44,5;42,4;9,7;12200;1,85;5435;3607;3920;17419
2019;90901;Wien-Alsergrund;41966;10,9;15,2;32,4;67,6;6,7;44,3;41;10,6;21910;1,85;9609;5660;6341;53921
2019;91001;Wien-Favoriten;206571;16,2;15,6;37,6;63;14,8;52,1;12,3;13,9;94570;2,15;51914;8501;9714;87825
2019;91101;Wien-Simmering;104329;17,2;14,5;30,1;65,8;13,9;56,2;11,2;14;46956;2,18;27174;3660;4376;42477
2019;91201;Wien-Meidling;97005;14,5;15,8;34,8;64,5;14,3;50,9;18,3;13,7;46530;2,05;23722;7082;7742;43244
2019;91301;Wien-Hietzing;53918;13,9;23,9;20,2;69,6;7,9;49,7;34,5;11;25771;2,01;13755;5101;5523;26310
2019;91401;Wien-Penzing;93602;14;18,8;26,7;67,8;10,2;52,7;23,9;10,8;45780;2,01;23911;5737;6364;29633
2019;91501;Wien-Rudolfsheim-Fünfhaus;76843;13,1;13,5;42,3;64,3;13,7;48,8;20,8;11,9;37662;1,99;17922;5180;5816;33062
2019;91601;Wien-Ottakring;103310;14;15,6;36,7;65,5;12,1;49,2;20,5;10,4;51053;2;25138;6001;6591;30683
2019;91701;Wien-Hernals;56988;14;16,1;34,7;66,5;10,8;47,9;26,8;10,2;27839;2,01;14081;3887;4212;16803
2019;91801;Wien-Währing;51548;13,7;17,6;28,1;68,5;7,8;43,4;39,7;9,8;25716;1,96;12518;5049;5423;16764
2019;91901;Wien-Döbling;73860;13,9;21,9;25,6;65,1;9,2;48,9;32,9;10,4;35899;1,98;18124;6893;7512;36323
2019;92001;Wien-Brigittenau;86417;14,5;15,3;38,5;61,5;15,7;49,3;17,7;12;41582;2,03;20734;3842;4337;31121
2019;92101;Wien-Floridsdorf;167380;16,3;16,9;24,9;66,2;12,5;57,7;14;12,2;78091;2,12;43981;6653;7643;65242
2019;92201;Wien-Donaustadt;194368;16,7;15,3;21,6;69;9,5;59,4;17,3;10,5;86389;2,22;53231;8534;9858;72953
2019;92301;Wien-Liesing;109776;16;19,7;20,8;70;9,7;57,5;19,5;16;50659;2,12;29630;7063;8061;64153
2020;10101;Eisenstadt;14882;13,8;19,9;15,6;70,6;6,7;58,3;22,2;47,4;6919;2,08;4021;1553;1881;18244
2020;10201;Rust;2001;12,6;25,8;7,7;76,1;5;64;11,3;64,8;861;2,24;572;207;229;959
2020;10301;Breitenbrunn am Neusiedler See;1870;11,1;27,8;6,3;72,1;6,6;65,1;14,4;78,4;926;2,01;547;170;187;498
2020;10302;Donnerskirchen;1841;12,1;23,7;6,9;75;4,6;68,3;11,9;78,9;835;2,2;547;183;192;472
2020;10303;Großhöflein;2114;14,4;18,3;6,2;77,6;3,4;63,5;15,8;85,1;948;2,23;634;170;178;678
2020;10304;Hornstein;3164;13,8;22,3;11,7;74,8;6,7;65;13,9;79,4;1476;2,14;939;261;278;1225
2020;10305;Klingenbach;1184;13;22,2;15,5;71,8;6,9;65,6;9,9;86,9;549;2,16;346;69;73;267
2020;10306;Leithaprodersdorf;1201;15,6;18,3;4,8;76,7;4,4;68,5;10,6;77,8;428;2,81;362;112;117;279
2020;10307;Mörbisch am See;2220;12;27,5;7,6;73,1;5;62,8;7,9;67,7;983;2,26;680;206;219;524
2020;10308;Müllendorf;1382;12,8;21,1;6;73,6;6,8;60,4;16;83,7;582;2,37;419;88;103;833
2020;10309;Neufeld an der Leitha;3570;14,8;20,6;9,5;74;6,4;62,9;13,6;82,5;1645;2,14;1022;245;270;901
2020;10310;Oggau am Neusiedler See;1745;12;26,5;3,8;72,6;4,5;62;9;83,2;809;2,16;536;103;111;246
2020;10311;Oslip;1266;11,5;24;7,9;71,2;6,8;60,7;12,7;84,3;554;2,29;397;84;90;279
2020;10312;Purbach am Neusiedler See;2908;12,8;22,2;6,5;74,4;3,7;65,6;11;73,4;1316;2,2;888;230;250;832
2020;10313;Sankt Margarethen im Burgenland;2695;10,5;24,4;4,1;74,3;5,5;63,3;11,6;77,8;1204;2,21;827;208;231;804
2020;10314;Schützen am Gebirge;1419;13,3;23,2;9,2;70,3;6,4;58,7;14,1;83,3;578;2,46;434;91;96;311
2020;10315;Siegendorf;3103;13,6;21,4;15,4;72,5;7;64,5;11,6;80;1322;2,33;945;248;286;1518
2020;10316;Steinbrunn;2923;15,4;19,9;8,9;74,7;6;67,2;13,3;86,4;1266;2,28;854;168;180;473
2020;10317;Trausdorf an der Wulka;2066;13,4;24,3;7,6;76,6;4,4;66,1;15,8;87,6;965;2,14;628;119;128;303
2020;10318;Wimpassing an der Leitha;1696;18,7;13,9;9,3;77,1;5,2;69,2;12;83,8;730;2,29;504;111;118;445
2020;10319;Wulkaprodersdorf;1986;16,1;20,7;11,7;74,5;5,6;62,4;13,7;79,2;808;2,46;599;158;179;920
2020;10320;Loretto;481;10,6;23,3;3,3;73,6;6,5;73,3;9,5;88,2;235;2,05;145;31;32;77
2020;10321;Stotzing;820;16,8;19;8;77,2;4;67,2;6,6;92,4;342;2,4;243;31;34;60
2020;10322;Zillingtal;988;13,1;17,8;10,7;74,7;6;69,8;12,7;86,8;441;2,24;303;64;68;112
2020;10323;Zagersdorf;1104;14;23,6;12;73,7;4,4;61,9;13,1;86,6;452;2,38;334;73;78;228
2020;10401;Bocksdorf;812;12,9;25,4;3,7;71,7;7,4;65,9;5,5;86,1;359;2,26;245;35;40;127
2020;10402;Burgauberg-Neudauberg;1331;12,4;21,4;5,2;73,2;6,1;62,7;7,8;82,2;568;2,34;409;116;121;302
2020;10403;Eberau;931;12,7;30,7;11,6;69,4;7,2;56,7;11,8;73,9;398;2,31;269;74;82;231
2020;10404;Gerersdorf-Sulz;998;11,6;28,8;7;70,6;4,9;60,1;7,9;86,4;439;2,27;305;66;70;114
2020;10405;Güssing;3667;11,7;28,3;10,6;70,1;6,6;56,7;13,1;51;1645;2,15;1052;321;438;3508
2020;10406;Güttenbach;881;9,6;29,1;9,5;71,5;6,2;53,4;10,4;79,5;351;2,44;271;62;68;288
2020;10407;Heiligenbrunn;748;11,1;29;5,2;70,5;5;54,7;8,7;81,4;323;2,32;228;66;71;145
2020;10408;Kukmirn;2015;12,9;25,4;6,4;71;5;58,1;10;78,2;816;2,43;606;176;191;418
2020;10409;Neuberg im Burgenland;976;10,3;24,6;3,9;73,1;6,8;62,9;6,1;87,1;432;2,26;294;48;53;93
2020;10410;Neustift bei Güssing;446;7;32,5;6,5;60,4;9,8;55,4;6,7;83,5;220;2,03;133;38;39;66
2020;10411;Olbendorf;1444;13,2;26,5;5,7;71,3;6,2;63,9;6,9;78,4;605;2,34;414;330;339;514
2020;10412;Ollersdorf im Burgenland;915;8,7;24,9;4,6;73,5;5,4;65,6;8,7;79,2;427;2,14;283;67;72;174
2020;10413;Sankt Michael im Burgenland;984;11,1;28;7,2;72,6;6,4;61,6;10,7;74,1;442;2,23;305;93;101;395
2020;10414;Stegersbach;2699;12,7;23;11,2;69,1;7,8;61;11;69,8;1237;2,15;749;216;254;1641
2020;10415;Stinatz;1212;11,5;22,9;13,5;60,9;8;58,7;11,2;88,1;487;2,43;353;60;68;136
2020;10416;Strem;869;8,3;35,9;6,2;73,2;5,9;56,8;7,3;73,4;385;2,11;250;84;90;234
2020;10417;Tobaj;1351;12,4;21,7;7,3;71,5;4,2;60,7;9,8;80,3;568;2,3;405;123;129;378
2020;10418;Hackerberg;363;12,1;20,1;7,2;78;3,9;65,5;6,9;86,6;157;2,31;111;31;32;47
2020;10419;Wörterberg;482;12,2;19,7;3,5;72;5,2;63,8;8,3;84,5;192;2,51;138;33;36;65
2020;10420;Großmürbisch;234;6;28,2;5,1;69,5;2,7;54,5;12,3;83,3;110;2,13;68;15;16;28
2020;10421;Inzenhof;325;15,1;24;7,1;71,2;8,4;63,4;4,7;85,4;139;2,34;101;21;22;37
2020;10422;Kleinmürbisch;228;6,6;26,8;1,8;71,1;9,8;65,7;5,6;88,1;97;2,35;70;8;9;15
2020;10423;Tschanigraben;64;9,4;29,7;3,1;66,7;6,9;63,8;1,7;92,3;33;1,94;19;1;1;1
2020;10424;Heugraben;227;9,7;23,8;6,2;75,5;4,1;63,4;5,9;87;100;2,27;65;17;17;29
2020;10425;Rohr im Burgenland;380;11,8;24,7;3,7;68;8,3;57;5,4;84,4;168;2,26;118;30;31;61
2020;10426;Bildein;343;13,7;28;14,3;78;3,7;58,4;9,1;77,9;137;2,5;100;39;40;93
2020;10427;Rauchwart;459;11,3;24,8;5,2;72,4;7,6;62,2;10,1;84,5;209;2,2;134;30;31;53
2020;10428;Moschendorf;387;10,9;29,5;6,7;75,8;3,2;56,8;8,1;75,1;151;2,56;116;41;42;84
2020;10501;Deutsch Kaltenbrunn;1712;11,9;22,7;3,9;72,5;6,2;60,4;9,5;80,8;717;2,39;530;335;344;592
2020;10502;Eltendorf;912;9,4;25,8;7,5;71,7;4,4;60,9;10,3;79,7;386;2,36;281;79;87;213
2020;10503;Heiligenkreuz im Lafnitztal;1253;12,4;24,7;12,5;70,8;7;59,3;7,3;76,8;558;2,2;378;99;117;497
2020;10504;Jennersdorf;4133;10,7;23,2;6;70,9;5,6;61,4;9,4;65,9;1893;2,14;1226;362;444;2204
2020;10505;Minihof-Liebau;1061;11;23;6,3;75,3;4,6;63,3;6,9;80,2;435;2,44;327;71;77;270
2020;10506;Mogersdorf;1137;11,4;25,5;11;72,4;5,8;63,4;7;80,1;515;2,21;332;89;95;214
2020;10507;Neuhaus am Klausenbach;920;13,9;24,5;7;71,4;5,7;61,7;7,1;78,1;375;2,38;266;84;98;202
2020;10508;Rudersdorf;2160;10,6;23,4;4,8;76;4,9;63,4;10,9;71,8;969;2,21;670;171;186;857
2020;10509;Sankt Martin an der Raab;1967;10;25,3;3,8;70,6;4,1;61,4;8,8;83,3;865;2,27;613;123;134;353
2020;10510;Weichselbaum;707;10,2;24,9;6,1;73;6,6;59,7;9,1;86,6;331;2,1;214;46;50;122
2020;10511;Königsdorf;770;14,3;23,6;4,8;71,5;4,6;62,1;6,5;80,4;323;2,36;229;59;67;155
2020;10512;Mühlgraben;383;10,2;18,8;3,9;71,3;4,4;65,7;6,4;85,6;161;2,38;113;26;29;58
2020;10601;Draßburg;1245;14,9;24,1;12,5;73,6;6,2;64,2;10,4;85,3;518;2,35;358;82;86;323
2020;10602;Forchtenstein;2805;13,3;23,1;6,2;74,2;5;63,5;13,6;80,8;1172;2,35;853;165;180;573
2020;10603;Hirm;1012;14,8;19,5;12,4;72,8;7,6;68,4;9,3;84,2;446;2,27;303;49;52;356
2020;10604;Loipersbach im Burgenland;1209;11,9;23;8,9;71,8;8,8;67,6;7,2;80,2;524;2,31;354;68;73;227
2020;10605;Marz;2092;15;20,6;7,2;73,8;4,8;63,4;11,9;83,8;848;2,45;633;138;152;697
2020;10606;Mattersburg;7523;14,2;19,1;10,6;72,4;7;61,1;14,6;69,2;3354;2,22;2164;551;680;3864
2020;10607;Neudörfl;4727;13,5;19,6;13;71,4;7,5;62,3;11;77,5;2039;2,21;1303;273;310;2199
2020;10608;Pöttelsdorf;767;13,6;20,7;4,6;78,2;4,8;66,5;15,5;76,9;343;2,24;232;115;121;704
2020;10609;Pöttsching;3010;12,9;22,1;6,7;73,6;4,7;65,8;14;80,9;1338;2,22;895;206;225;847
2020;10610;Rohrbach bei Mattersburg;2635;12,4;22,5;8,3;71,6;6,6;63,8;9;83,9;1098;2,39;806;152;162;527
2020;10611;Bad Sauerbrunn;2250;13,9;23,6;8,1;73,2;7,4;63,8;17,4;77,9;1041;2,12;636;172;183;818
2020;10612;Schattendorf;2361;13;21,5;6,2;72,5;5,4;65,7;9,1;84;1066;2,21;714;142;154;446
2020;10613;Sieggraben;1244;15;21,9;5,9;72;4,8;65,3;8,7;83,2;509;2,44;384;83;93;311
2020;10614;Sigleß;1138;12;23,6;5,9;75,5;4,8;65,4;14,8;85,5;496;2,29;350;86;88;265
2020;10615;Wiesen;2682;13,3;24;5,9;75,5;4,9;65,7;10,9;82,6;1108;2,42;817;176;185;450
2020;10616;Antau;772;13,1;19,3;7,4;71,8;5,5;66,3;8,8;81,6;341;2,26;243;66;74;229
2020;10617;Baumgarten;890;12,5;25,7;10;72,9;6,8;61,9;13,7;83,3;397;2,24;273;62;65;194
2020;10618;Zemendorf-Stöttera;1261;12,1;19,8;9;74,6;5,7;65,5;12,2;77,5;538;2,33;372;113;120;329
2020;10619;Krensdorf;641;19;18,4;6,9;73,8;6;67,8;9,2;83,1;244;2,63;187;52;54;82
2020;10701;Andau;2268;10;27,6;6;71,1;5,7;58;5,5;71,7;988;2,29;725;188;207;795
2020;10702;Apetlon;1749;10,9;28,7;2;72,7;4,7;55,9;8,5;71,4;781;2,24;546;236;251;562
2020;10703;Bruckneudorf;3061;14;14;9,7;72,9;5,4;67,2;12,3;89,6;1458;2,1;888;167;185;973
2020;10704;Deutsch Jahrndorf;633;14,1;25,6;19,7;61,3;7,6;66,4;6,3;73,1;279;2,27;195;64;67;148
2020;10705;Frauenkirchen;2846;10,8;24,6;9,4;71,7;5,7;63,1;9;67,3;1234;2,23;796;314;376;1897
2020;10706;Gattendorf;1425;17,9;18,7;21;69,5;5,2;63,2;10,6;85,7;568;2,48;427;76;82;228
2020;10707;Gols;3957;12,9;19,8;7,2;76,3;3,9;60,9;13,1;67,3;1672;2,35;1157;471;503;1892
2020;10708;Halbturn;1930;13,4;26;3,9;73,7;5,1;61,2;11,1;75,6;778;2,48;591;189;201;479
2020;10709;Illmitz;2375;10,1;26,6;4,4;74,7;4,6;60,7;10,6;68,1;991;2,39;738;286;307;926
2020;10710;Jois;1631;14,2;20,8;9,4;74,1;4,2;66,1;14;76,9;689;2,37;481;166;176;546
2020;10711;Kittsee;3405;22,8;17,8;50,4;52,2;6,9;61,8;15,8;65,6;1346;2,49;951;202;241;1541
2020;10712;Mönchhof;2222;12,5;21,8;5,1;75;4,8;60,4;9,3;72,5;918;2,4;664;240;254;773
2020;10713;Neusiedl am See;8642;15,1;16,4;14,9;73,8;5,7;59,9;20,9;69,2;3949;2,17;2457;865;1008;4950
2020;10714;Nickelsdorf;1803;14;23;21,9;65,8;6,4;63,1;9,1;79,3;788;2,26;526;144;158;477
2020;10715;Pama;1227;16,7;21,3;20,3;66,5;6;63,4;10,1;82,5;515;2,38;362;110;116;291
2020;10716;Pamhagen;1571;10,1;26;3,3;74,1;3,8;59,1;6,7;67,8;628;2,5;483;185;196;741
2020;10717;Parndorf;5005;17,5;14;19,6;72,6;8,5;64,5;10,3;75,4;1980;2,53;1462;367;555;4926
2020;10718;Podersdorf am See;2136;11,4;24,3;6,9;73,4;3,9;60,1;13,9;64,5;962;2,19;628;289;316;857
2020;10719;Sankt Andrä am Zicksee;1390;12,2;26,6;5,9;71,3;5,8;60,9;10,8;71;604;2,3;421;149;164;571
2020;10720;Tadten;1181;9,7;28,3;6,4;69,7;5,2;54,2;8,5;77,8;470;2,51;375;116;127;355
2020;10721;Wallern im Burgenland;1671;10,6;24,8;5,1;72,8;4,4;58,3;6,2;75,4;692;2,41;517;165;177;1008
2020;10722;Weiden am See;2539;13,8;21,2;8,5;75,1;4,5;61;18,2;77,3;1115;2,27;772;268;285;754
2020;10723;Winden am See;1350;13,6;21,3;7,1;73;5,4;64,9;9,9;85,7;599;2,25;410;99;108;211
2020;10724;Zurndorf;2288;14,9;22,4;16;69,7;6,4;62,9;10,3;75,9;976;2,33;682;202;215;561
2020;10725;Neudorf;709;14,7;22,4;9,2;72,2;6,8;62,6;10,2;84,9;297;2,39;216;64;70;164
2020;10726;Potzneusiedl;614;15,8;21,3;19,4;69,7;7,4;65,6;8,1;88,7;286;2,15;173;46;51;141
2020;10727;Edelstal;784;16,1;20,7;31,6;57,7;5,8;62,9;12;75,6;327;2,4;229;51;55;417
2020;10801;Deutschkreutz;3092;12,3;25,6;7,8;72,7;5,2;63,1;10,6;71,5;1351;2,25;952;254;278;978
2020;10802;Draßmarkt;1377;10,9;26,1;7;74,4;3,7;62,3;8;78,3;547;2,47;396;109;116;336
2020;10803;Frankenau-Unterpullendorf;1068;9,6;27,8;7,6;69,7;6,7;66;11,4;85,4;474;2,25;309;86;92;162
2020;10804;Großwarasdorf;1365;9,5;31,4;9,2;67,5;4,9;59,5;11,8;77,1;644;2,1;419;112;120;285
2020;10805;Horitschon;1822;13,1;22,2;7,4;70,2;4,4;61,7;10,8;73,2;776;2,34;567;153;165;805
2020;10806;Kaisersdorf;614;14;24,1;7;70,3;8,8;68,2;8,9;84,6;267;2,3;173;107;108;160
2020;10807;Kobersdorf;1881;13,1;20,9;3,6;74,5;4,5;67,9;8,2;79,5;790;2,38;564;122;138;449
2020;10808;Lackenbach;1151;11,4;26,5;8,2;66,7;6,8;65,6;7,5;80,8;471;2,33;329;69;76;258
2020;10809;Lockenhaus;2030;12,4;24,5;6,8;71,7;5,5;64;9,8;67,1;878;2,28;593;138;155;1007
2020;10810;Lutzmannsburg;846;10,2;29;10,3;71,3;4,3;66,7;9,6;69,4;410;2,06;239;95;104;555
2020;10811;Mannersdorf an der Rabnitz;1779;12;25,5;8,2;70,4;8;66;8,4;82,8;754;2,35;533;108;118;267
2020;10812;Markt Sankt Martin;1259;14,5;22,7;6,8;73,7;6;68,2;9,4;80,5;540;2,33;366;98;108;482
2020;10813;Neckenmarkt;1687;13,8;23,6;3,4;74,6;4,6;61,7;10;78,3;683;2,47;511;138;155;460
2020;10814;Neutal;1097;13,2;23,6;7,8;70,9;7;66,9;9,1;69,1;467;2,35;331;97;114;1259
2020;10815;Nikitsch;1407;10,8;34,8;9;66,8;7,3;56,9;10;81;621;2,16;370;109;120;262
2020;10816;Oberpullendorf;3261;12,4;21,9;11,9;70;8,6;62,4;13,6;61,7;1484;2,14;900;336;434;3489
2020;10817;Pilgersdorf;1627;12,7;20,6;3;71,2;5,3;67,7;8,8;88,5;676;2,39;483;91;94;217
2020;10818;Piringsdorf;859;13,6;23,7;3,1;71,7;5,7;65,5;7,7;83,5;344;2,5;256;46;49;130
2020;10819;Raiding;899;12,8;30,1;2,6;72,3;5,8;62,5;6,4;82,2;355;2,33;238;49;56;229
2020;10820;Ritzing;900;10,4;28,7;7,6;70,1;6,2;68,6;8,8;81,8;414;2,14;267;59;65;197
2020;10821;Steinberg-Dörfl;1281;13,2;22,8;5,2;71,3;6,2;67,1;12,1;79,9;529;2,41;381;110;117;538
2020;10822;Stoob;1368;11,1;21,9;7,9;71,7;7,9;66,3;11;72,9;593;2,31;403;123;148;879
2020;10823;Weppersdorf;1820;13,9;23,4;4,8;74,4;4,8;68,7;7,3;82,1;765;2,34;533;114;128;567
2020;10824;Lackendorf;579;11,7;22,1;6,6;73,1;5,3;73,4;4,9;84;249;2,33;179;37;39;99
2020;10825;Unterfrauenhaid;638;13,9;21,8;5,3;70,2;5,2;69,2;6,7;80,6;269;2,35;179;47;52;130
2020;10826;Unterrabnitz-Schwendgraben;640;15,2;18,1;3,1;72,4;5,2;68;6,4;80,8;248;2,58;182;50;52;163
2020;10827;Weingraben;358;13,7;27,9;13,1;67,5;6,4;61,8;7,8;81,1;157;2,28;109;22;24;52
2020;10828;Oberloisdorf;793;14,2;20,6;4,3;74,5;5,4;68,7;7,8;85;339;2,34;230;41;43;110
2020;10901;Bad Tatzmannsdorf;1605;12,3;24,9;10,6;75,6;5,5;64;18,4;63,1;767;2,06;451;162;187;1653
2020;10902;Bernstein;2090;10,5;26,5;5,5;70,2;5,6;65,6;10;76,9;866;2,36;634;137;149;495
2020;10903;Deutsch Schützen-Eisenberg;1081;8,7;31,5;6;70,7;6,2;59,2;7,5;73,5;485;2,23;329;108;115;217
2020;10904;Grafenschachen;1250;12,5;18,6;4,5;78,4;4,5;69,5;6,3;80,6;492;2,54;370;87;91;678
2020;10905;Großpetersdorf;3546;11,9;24,4;8,4;69,4;7,4;63;10,5;70,9;1591;2,17;1015;229;269;1920
2020;10906;Hannersdorf;748;8,7;29,9;7,2;71,7;7,1;62,5;9,8;85,8;344;2,17;224;49;55;149
2020;10907;Kemeten;1501;12,6;20,4;6,1;72,6;7,7;66,7;8,4;82,2;662;2,27;445;92;101;442
2020;10908;Kohfidisch;1443;11,5;23,6;5,5;64,7;7,9;65,2;6,7;79,1;614;2,27;420;86;95;322
2020;10909;Litzelsdorf;1136;12,8;22,5;4,9;70,9;6,5;66,9;8,5;74,6;494;2,28;343;95;104;306
2020;10910;Loipersdorf-Kitzladen;1345;16;16,3;4,5;76,7;5,8;65,7;4,8;77,5;494;2,72;413;90;97;472
2020;10911;Mariasdorf;1146;10,8;24,6;3,1;72,3;5,1;62,4;9,8;84,4;497;2,31;343;68;74;185
2020;10912;Markt Allhau;1877;15,1;21,2;5;76,5;5,3;63,9;13,1;72;778;2,41;556;161;181;942
2020;10913;Markt Neuhodis;666;10,7;24,3;7,1;66,1;8,9;68,4;4,9;81,3;286;2,33;208;67;70;128
2020;10914;Mischendorf;1525;10,2;27,1;3,3;72,4;5,8;62;6,9;87,8;632;2,39;463;89;94;201
2020;10915;Oberdorf im Burgenland;1007;11,5;23;4,9;71;7,2;66;5,7;89,5;440;2,29;301;48;52;100
2020;10916;Oberschützen;2436;15,1;23,6;10,3;72,3;6,2;58;17,4;74;996;2,4;686;227;241;803
2020;10917;Oberwart;7679;14,2;21,7;15,1;68,7;11,1;59,8;14;56,7;3570;2,12;2112;1009;1282;8109
2020;10918;Pinkafeld;5908;14,5;21,2;10,1;69,2;9;60,6;12,8;63,8;2410;2,29;1581;373;442;3531
2020;10919;Rechnitz;2973;12,3;27,3;8,6;69,5;7,4;63;7,5;62,7;1217;2,31;826;184;210;869
2020;10920;Riedlingsdorf;1653;12,5;21,2;7,4;74,2;7,5;65,8;8;84,2;688;2,38;503;76;80;348
2020;10921;Rotenturm an der Pinka;1438;12,5;20,6;8,5;73,5;5;65,2;11,3;83;611;2,35;456;104;119;468
2020;10922;Schachendorf;744;12,4;24,6;18,5;65;10,7;58,4;12,3;79,9;321;2,32;215;48;56;138
2020;10923;Stadtschlaining;2002;12,6;24,8;7,7;67,4;7,5;62,1;8,6;83,7;849;2,31;587;119;130;300
2020;10924;Unterkohlstätten;1003;13,6;22,1;4,4;71,6;3,7;66,8;7,5;83,5;373;2,69;307;71;79;270
2020;10925;Unterwart;957;15,4;18,8;18,7;67;9,9;64,4;6,9;86,8;404;2,36;279;50;77;469
2020;10926;Weiden bei Rechnitz;830;10,7;28,8;5,7;65,9;10,3;64,4;6,7;77,5;375;2,21;251;76;78;124
2020;10927;Wiesfleck;1165;14,9;17,1;1,5;76,3;4,1;68,4;9,1;82,1;434;2,68;361;71;77;164
2020;10928;Wolfau;1423;15,3;18,1;5,1;77,3;5,1;70;8;82,7;614;2,32;406;90;100;340
2020;10929;Neustift an der Lafnitz;807;15,4;14,9;1,4;77,8;3,1;68,4;7,5;85,6;321;2,51;245;50;53;127
2020;10930;Jabing;752;11,2;24,3;9,4;71,5;6,1;62,1;9,1;88,2;315;2,39;238;36;42;79
2020;10931;Badersdorf;291;11,7;26,8;1,4;71,5;5,7;63;5,1;78,6;126;2,31;90;26;28;69
2020;10932;Schandorf;267;12,4;31,1;15;62,9;5,8;62,8;8,1;85,6;121;2,21;81;30;32;47
2020;20101;Klagenfurt am Wörthersee;101785;13,1;20,9;17,6;69,6;8,5;56,8;20,5;27,4;52256;1,91;26501;8709;10168;73095
2020;20201;Villach;63253;12,9;21,3;20,5;68,5;10,5;62,2;15,8;34,4;31726;1,96;16991;4320;5114;38605
2020;20302;Dellach;1209;11,5;25,9;5,7;72,4;3,8;71,4;8,8;73,7;470;2,57;362;94;105;316
2020;20305;Hermagor-Pressegger See;6926;12,2;26,7;11,7;71,5;6,7;69,6;12,1;36,7;2992;2,29;2025;723;832;3637
2020;20306;Kirchbach;2523;12,9;25,2;5;71,3;5,2;72,6;7,4;67,9;954;2,57;711;235;249;597
2020;20307;Kötschach-Mauthen;3332;11,6;26,4;8;72,2;5;71;9,9;42,4;1413;2,33;936;368;400;1557
2020;20316;St. Stefan im Gailtal;1575;12,3;29,5;6,9;70,1;5,9;72,3;9;76,7;617;2,46;462;126;134;271
2020;20320;Gitschtal;1225;13,2;25,4;10,3;73,1;5,5;71,9;8,7;59,8;477;2,57;364;125;138;376
2020;20321;Lesachtal;1281;15,2;22,7;3,4;71,6;5,1;68,9;9,1;45,3;446;2,87;328;173;181;424
2020;20402;Ebenthal in Kärnten;8130;14,2;20,4;8,6;74,1;5,8;67,7;11,2;85,5;3517;2,29;2421;463;514;1619
2020;20403;Feistritz im Rosental;2496;13,8;25,5;11;70,8;6,9;66;12,3;76,9;1077;2,27;712;188;211;811
2020;20405;Ferlach;7195;12,4;24,7;13,7;68,8;7,6;64,4;11,3;57,8;3315;2,13;2035;479;541;3130
2020;20409;Grafenstein;3002;15,1;18,7;7,7;73,5;5,2;68,3;12,9;80,8;1258;2,39;906;250;282;932
2020;20412;Keutschach am See;2424;12,7;23,7;7,9;71,5;5,6;64;18,2;78,4;1080;2,24;716;231;242;534
2020;20414;Köttmannsdorf;3106;14,6;22;8,7;74,9;4,4;69,1;13,5;82,1;1314;2,36;954;230;241;538
2020;20415;Krumpendorf am Wörthersee;3517;13,9;23,4;11,6;69,9;6,8;54,2;30,7;79;1691;2,08;970;354;386;1258
2020;20416;Ludmannsdorf;1809;13,5;21,7;5,3;71,8;4,8;67;13,2;80,9;746;2,42;535;128;135;337
2020;20417;Maria Rain;2636;15,9;19,2;8,8;75,7;4,3;66,2;18,5;84,5;1126;2,34;797;200;208;394
2020;20418;Maria Saal;3906;13,8;23,6;6,4;70,9;4,4;63,3;19,6;79,6;1641;2,36;1189;322;346;1273
2020;20419;Maria Wörth;1625;11,1;27,4;12;70,3;6,3;56,2;28;77;823;1,89;415;152;171;570
2020;20421;Moosburg;4474;15,6;23;4,9;73;4,9;68;14,3;77,3;1815;2,36;1276;334;367;1247
2020;20424;Pörtschach am Wörther See;2860;12,2;26,4;12,8;69,5;8;60,2;23;71;1381;2,06;809;347;383;1121
2020;20425;Poggersdorf;3228;15,5;19,1;3,9;75;5,5;71,4;10,4;83,6;1343;2,4;983;238;276;1029
2020;20428;St. Margareten im Rosental;1092;16,4;22,9;4,5;73,6;3,3;69,8;9,7;83;461;2,37;315;70;77;135
2020;20432;Schiefling am Wörthersee;2633;13,5;20,3;13,1;67,6;7,1;65,5;14,6;79;1194;2,21;770;203;220;446
2020;20435;Techelsberg am Wörther See;2200;11,9;21,2;7,4;74,5;5,4;66,3;13,5;81,7;857;2,54;631;180;191;463
2020;20441;Zell;606;14,5;25,4;3,3;72;4,3;63,3;12,2;83,3;247;2,45;155;43;45;60
2020;20442;Magdalensberg;3574;16;22;6,6;75,6;4,4;69,2;12,3;80,6;1399;2,5;1068;292;317;896
2020;20501;Althofen;4680;13,1;21,4;6,5;72,9;5,9;65,9;9,3;52,4;2371;1,97;1300;293;366;4008
2020;20502;Brückl;2739;13,8;22,1;6,2;71,9;6,8;67,8;8,2;71,5;1224;2,23;823;185;208;889
2020;20503;Deutsch-Griffen;876;13,4;26,5;4,6;60,2;4,1;65,3;4,6;64,5;307;2,53;233;80;85;170
2020;20504;Eberstein;1227;12,6;24,3;5,8;68,9;6,1;69,2;6,8;70,6;526;2,25;339;129;137;349
2020;20505;Friesach;4900;12,7;25,8;3,6;72;3,6;68,5;9,5;60,2;2128;2,19;1375;383;440;2074
2020;20506;Glödnitz;819;12,9;24,8;6;70,4;6,1;68,7;7,7;72,1;358;2,28;229;82;91;197
2020;20508;Gurk;1186;13,8;22,8;3,1;73;3;72,4;6;72,1;538;2,2;341;104;111;287
2020;20509;Guttaring;1475;14,5;20,9;5,2;76,6;3,5;70,2;10,2;72,4;617;2,35;421;144;155;437
2020;20511;Hüttenberg;1352;10;27,6;5,5;70;6,5;69,4;5,6;73,8;667;2,03;379;114;126;245
2020;20512;Kappel am Krappfeld;1966;13,9;19,7;6;74,5;3,5;70;10,4;81,1;805;2,44;587;151;158;351
2020;20513;Klein St. Paul;1749;13,4;24,6;2,6;70,5;4,3;68,7;6,7;67,5;788;2,22;494;133;148;496
2020;20515;Liebenfels;3389;15,4;19,3;5,6;71,9;3,3;67,7;11,3;75,5;1337;2,48;956;258;278;1026
2020;20518;Metnitz;1933;13,8;25,1;2,7;70,9;3,6;70,8;7,7;68,9;713;2,71;552;249;257;423
2020;20519;Micheldorf;995;13,3;23,7;5,7;70,5;4,2;66,5;7,2;80,4;427;2,23;281;59;65;346
2020;20520;Mölbling;1328;16,8;18,8;4,1;73,6;4,9;71,5;9,7;80,6;546;2,43;388;130;134;289
2020;20523;St. Georgen am Längsee;3576;14;21;5,7;74,5;4,6;66,9;14,2;80;1517;2,34;1037;286;307;975
2020;20527;St. Veit an der Glan;12254;12,1;22,9;12,6;70,8;7,5;63,1;11,5;56,2;6122;1,96;3304;995;1216;8036
2020;20530;Straßburg;1997;14,9;24,4;4,2;68,5;4,7;67,8;8,1;63,7;785;2,42;539;199;223;712
2020;20531;Weitensfeld im Gurktal;2014;12,1;24,6;4,7;69,3;5,7;69,6;7,9;68,6;814;2,42;570;211;232;544
2020;20534;Frauenstein;3550;15;21;4,8;72,7;3,9;68,1;15;81,8;1426;2,48;1086;388;413;799
2020;20601;Bad Kleinkirchheim;1678;9,2;27,8;18,8;69,3;11;67,6;11;41,9;853;1,95;460;277;305;1155
2020;20602;Baldramsdorf;1847;13;21,2;4,7;71,4;5,9;75,4;5,8;87,4;787;2,35;563;87;95;178
2020;20603;Berg im Drautal;1253;13,8;22,7;4,1;71,1;6,2;69,1;8,1;67,8;492;2,55;373;115;119;289
2020;20604;Dellach im Drautal;1599;14,1;24,5;4,9;71,1;5,8;71,1;6,6;63,8;683;2,34;469;117;135;562
2020;20605;Großkirchheim;1310;13,7;22,1;5,5;63,1;10,9;70,2;6,2;68,9;533;2,46;367;98;106;258
2020;20607;Flattach;1189;15;19,3;5,8;70,7;7,4;74,7;5,2;67;491;2,42;329;104;120;407
2020;20608;Gmünd in Kärnten;2544;13,2;23,8;3,2;72;6,5;71,9;9;64,2;1121;2,22;726;220;252;1128
2020;20609;Greifenburg;1732;13,3;22,9;7,9;68,5;9;69,6;7,9;64,6;737;2,35;506;153;182;686
2020;20610;Heiligenblut am Großglockner;976;13,6;24,8;5,2;61,7;17,8;77,7;5;43,9;422;2,31;281;132;143;322
2020;20611;Irschen;1951;13,4;20,5;3,8;74,3;4,8;73,9;6,7;78,3;777;2,51;578;133;139;349
2020;20613;Kleblach-Lind;1167;15,9;22,3;2,2;73,8;3,6;75,4;6,8;73,2;422;2,77;339;101;108;219
2020;20616;Lendorf;1699;13,4;19,2;4,1;72,9;4,6;74,7;8,2;75,8;642;2,65;509;149;162;570
2020;20618;Mallnitz;765;10,7;29,9;13,9;63,4;11,9;73,2;10;57;363;2,11;222;89;103;244
2020;20619;Malta;1928;12,2;21,1;3,3;71,6;7,7;72,8;5,8;76,1;806;2,39;562;158;167;312
2020;20620;Millstatt am See;3457;10,7;26,4;11,5;69,7;6,6;67;15,1;69,8;1589;2,18;1002;332;366;916
2020;20622;Mörtschach;818;15,6;16,1;2;71,3;5,2;71,4;5,9;77,1;288;2,84;235;70;73;142
2020;20624;Mühldorf;998;14,2;25,2;6,1;73,2;6,5;70,8;6,3;77,8;401;2,28;269;69;74;306
2020;20625;Oberdrauburg;1171;13,3;24,3;7,3;70,8;4,1;69,5;6;77,9;488;2,35;330;80;90;242
2020;20627;Obervellach;2168;13,8;24;7,4;69,6;8,6;72;7,6;62,6;936;2,29;615;204;234;837
2020;20630;Radenthein;5768;11,4;26,9;8,5;67,7;9,7;70,3;7,8;59,9;2652;2,15;1685;427;487;1885
2020;20631;Rangersdorf;1700;17,6;18,9;4,3;73,3;5,5;71,3;4,5;74;686;2,48;468;109;117;427
2020;20632;Rennweg am Katschberg;1740;13,2;21,3;3,9;71,6;8,2;72,5;6,2;61;750;2,32;500;177;193;709
2020;20633;Sachsenburg;1343;14,8;20,6;10,1;72,9;6,6;71,2;8;75,8;569;2,31;386;73;80;746
2020;20634;Seeboden am Millstätter See;6585;12,9;25,8;8,9;70;7,3;67,6;14,2;69,6;2923;2,2;1871;563;619;2147
2020;20635;Spittal an der Drau;15182;12,2;23,9;13,8;68,3;9,9;66,7;10,1;44,3;7351;2,03;4228;1061;1372;11167
2020;20636;Stall;1493;13,4;20;2,1;69,7;5,2;72,9;3,5;77;568;2,63;428;105;113;266
2020;20637;Steinfeld;2046;14,7;24;6,4;68,7;9,7;71,4;5,7;68,7;830;2,4;578;137;156;519
2020;20638;Trebesing;1184;13,5;19,2;6,5;70,9;5,2;73,8;6,3;80,2;421;2,7;325;87;94;185
2020;20639;Weißensee;777;13,1;26,9;8,8;68,5;16,5;68,7;13,9;31,3;324;2,4;220;148;156;427
2020;20640;Winklern;1212;13,4;22,9;4,8;71,6;6,7;68,4;7,4;69,9;518;2,23;326;92;110;527
2020;20642;Krems in Kärnten;1662;10,8;24,2;4,3;68,2;8,2;71,9;4,7;72,9;652;2,55;471;155;169;343
2020;20643;Lurnfeld;2660;13,2;22,9;4,2;70,6;5,2;72,2;10,3;71,9;1128;2,3;776;213;235;858
2020;20644;Reißeck;2099;11,6;26,1;5,8;69,2;7,5;74;6,3;70,1;909;2,31;640;128;138;632
2020;20701;Afritz am See;1431;13,2;25,9;4,3;74,4;6;70,7;7,8;79;581;2,3;396;92;102;293
2020;20702;Arnoldstein;7036;14,5;20,8;14;70,1;8,1;69,2;8,6;73,8;3114;2,25;2041;389;436;2058
2020;20703;Arriach;1323;13,2;24;3,3;72,1;6,3;72,5;8,3;72,7;535;2,47;398;125;133;238
2020;20705;Bad Bleiberg;2184;11,4;27,4;10,4;67,8;7,6;70,3;8,2;68;1047;2,09;658;100;108;526
2020;20707;Feistritz an der Gail;624;13,9;24,4;2,7;74,8;4,2;69,3;10,6;77;264;2,36;178;60;61;223
2020;20708;Feld am See;1082;13,5;24,4;6,7;70,4;7;73,7;8,4;76,1;487;2,22;323;92;100;250
2020;20710;Ferndorf;2084;11,7;24,9;6,3;66,5;8,8;76;7,1;79,1;961;2,17;626;136;146;357
2020;20711;Finkenstein am Faaker See;9138;13,7;20,5;10,7;73,6;5,8;67,4;14,4;75,9;4116;2,21;2699;712;781;3168
2020;20712;Fresach;1232;13,8;23,9;3,5;74;5,4;77;8,7;77;470;2,62;381;101;109;192
2020;20713;Hohenthurn;855;13,2;22,2;13,6;70,3;2,9;71,4;12,4;80,4;345;2,34;242;76;80;204
2020;20719;Nötsch im Gailtal;2297;14,1;22,8;6,9;72,2;6;72,2;12,2;75,3;992;2,32;684;179;192;477
2020;20720;Paternion;5814;12,7;23,9;6,4;72,3;6,8;72,2;8,4;67,2;2487;2,29;1718;391;445;2059
2020;20721;Rosegg;1839;12,7;19,4;7,4;71,6;7,5;69,5;11,8;81,1;825;2,23;560;157;168;398
2020;20722;St. Jakob im Rosental;4287;11,7;24,9;9,1;68,8;8,3;68,3;10,4;75,7;1945;2,16;1257;274;300;908
2020;20723;Stockenboi;1607;15,7;21,5;3,5;70,9;5,2;73,6;7,7;74,5;646;2,49;470;150;155;349
2020;20724;Treffen am Ossiacher See;4539;11,8;26,8;9,4;69,2;6,2;63,3;15,9;73,5;1901;2,22;1251;389;439;1865
2020;20725;Velden am Wörther See;9140;12,2;25,5;12,9;69,8;7,6;66,2;15,3;64,7;4139;2,16;2553;895;1002;3200
2020;20726;Weißenstein;2928;12,8;22,9;5,2;71,8;5,3;73,2;11,8;76;1222;2,37;879;168;193;1069
2020;20727;Wernberg;5505;15,2;21;7,2;74,6;4,7;68,5;13,8;79,1;2259;2,39;1648;377;416;1777
2020;20801;Bleiburg;4065;14,3;20,9;14,7;69,7;7,2;66,1;9,1;67,6;1663;2,39;1111;348;391;1420
2020;20802;Diex;793;16;22,7;5,3;72,4;3,4;74,2;8,1;66;300;2,64;209;108;114;205
2020;20803;Eberndorf;5844;14,1;23;7,7;70,2;8,5;70;8,9;73,8;2534;2,29;1714;395;448;1787
2020;20804;Eisenkappel-Vellach;2233;12;27;10,3;67,3;9,2;64,5;7,4;62,9;1014;2,15;597;173;201;608
2020;20805;Feistritz ob Bleiburg;2200;15,7;17,6;10,3;69,2;6,3;67;11,6;64,7;906;2,43;640;146;164;2206
2020;20806;Gallizien;1763;13,7;21,2;5,5;72;6,4;71,1;8,9;82,5;716;2,43;524;129;136;277
2020;20807;Globasnitz;1593;14,2;18,5;6,2;69,2;7,1;70,2;7,9;83,4;619;2,57;449;112;119;228
2020;20808;Griffen;3433;14,4;20,2;6;72,2;6,2;69,4;8,1;67,8;1412;2,43;976;309;327;1404
2020;20810;Neuhaus;1023;12,3;26,7;4,3;71,3;5,2;66,1;9,5;76,9;358;2,68;287;79;84;182
2020;20812;Ruden;1538;12,9;21,2;5,9;70,8;8,7;68,5;7,2;78,8;619;2,48;437;107;117;613
2020;20813;St. Kanzian am Klopeiner See;4552;13,4;22,4;11,6;68,2;8,6;66,8;13,1;73,9;1986;2,28;1306;404;448;1094
2020;20815;Sittersdorf;1955;12;22,7;7,1;69;5,5;67,8;9,2;79,8;851;2,25;559;180;188;457
2020;20817;Völkermarkt;10918;13,9;21,1;8;71,6;6,9;67,7;11;61,1;4683;2,32;3118;918;1097;5709
2020;20901;Bad St. Leonhard im Lavanttal;4315;13,9;23;4,3;75,8;2,9;68,5;6,7;46,5;1676;2,54;1249;342;373;2351
2020;20905;Frantschach-St. Gertraud;2527;13,1;24,6;11,2;68,3;6,5;64,1;5,7;70,7;1033;2,37;696;217;241;1433
2020;20909;Lavamünd;2880;13,4;23,3;5,5;71,3;4,9;66,9;5,3;72,8;1221;2,35;831;278;297;689
2020;20911;Preitenegg;937;13,9;24,7;3,2;71,5;2,5;69;6,3;62,1;349;2,68;274;96;104;351
2020;20912;Reichenfels;1780;13,9;21,7;2,3;73,1;3;72,3;5;75,6;665;2,64;526;149;161;366
2020;20913;St. Andrä;9890;13,2;22,2;4,4;73,3;4,6;68,1;7,3;70,2;4018;2,42;2895;720;790;4206
2020;20914;St. Georgen im Lavanttal;1936;14,6;18,8;2;73;3,4;70,2;7;78,5;764;2,53;564;162;171;495
2020;20918;St. Paul im Lavanttal;3234;13,5;24,8;3,6;73,5;4;67,4;9,3;64,1;1283;2,48;963;272;308;2085
2020;20923;Wolfsberg;25038;13,5;22,3;7,5;73;5,2;66;10,7;39,7;11186;2,22;7203;2280;2628;13848
2020;21001;Albeck;974;15,6;24,6;6,1;70,8;4,5;71;9,4;64,6;439;2,22;263;112;121;252
2020;21002;Feldkirchen in Kärnten;14327;13,7;21,9;7,9;72,8;5,7;66,2;10,8;53,9;6376;2,19;4022;1101;1305;6760
2020;21003;Glanegg;1788;11,6;22,6;4,8;68,9;4,8;66,9;9;72,5;649;2,6;502;141;151;767
2020;21004;Gnesau;1029;14,5;21;8,8;75,2;4,1;71;9,4;64,8;429;2,4;297;99;106;434
2020;21005;Himmelberg;2282;14,8;22,3;5,6;73,7;4,5;70,2;9,5;74,1;931;2,45;688;222;231;492
2020;21006;Ossiach;790;12,5;24,6;17,7;63;5,5;61,4;20,4;70,7;354;2,06;206;74;89;290
2020;21007;Reichenau;1768;11,5;25,2;8,9;68,9;7,7;69,7;5,4;62,2;758;2,33;498;147;167;641
2020;21008;St. Urban;1504;12,6;20,7;10,5;71,4;4,8;67,1;9,8;71,6;594;2,43;422;139;143;416
2020;21009;Steindorf am Ossiacher See;3740;13,7;25,1;9,9;72,7;4,7;66,5;14,2;74,3;1695;2,16;1052;271;303;942
2020;21010;Steuerberg;1584;13,3;19,6;4;72,2;3,4;70,8;7,6;78,7;614;2,54;458;236;244;400
2020;30101;Krems an der Donau;24944;12,4;22,2;17,9;66,9;7,4;56,4;16,8;48,4;12075;1,98;6451;2138;2617;19538
2020;30201;St. Pölten;55867;14;20;18,3;69,2;10,1;57,8;14,2;36,4;25755;2,13;15035;3637;4578;56454
2020;30301;Waidhofen an der Ybbs;11152;14,9;21,7;7;76,1;3,1;63,8;14;47,3;4732;2,33;3034;1164;1316;6470
2020;30401;Wiener Neustadt;46406;15,6;17,2;19,3;67,2;11,8;54,2;15,2;58,2;20975;2,17;12408;3913;4655;32786
2020;30501;Allhartsberg;2173;17,7;16,4;2,2;78,3;1,6;67,4;9,9;78,4;768;2,82;630;156;172;718
2020;30502;Amstetten;23548;14,6;19,3;16,6;70,8;8,1;59,8;11,1;46,8;10599;2,18;6357;1499;1914;19632
2020;30503;Ardagger;3546;17,4;17,7;3,3;78,6;2;67,8;9,3;77;1279;2,77;1026;293;313;968
2020;30504;Aschbach-Markt;3788;15,9;17,7;7,7;77,4;3,3;66,2;9,5;71,8;1405;2,68;1097;252;280;1987
2020;30506;Behamberg;3468;17,1;17,3;4,7;80,2;3,4;71,2;10;84,1;1372;2,53;1034;205;220;726
2020;30507;Biberbach;2275;16,3;15,6;1,6;81,3;1,7;69,7;9;81,7;815;2,79;669;153;161;415
2020;30508;Ennsdorf;3091;16,2;16,1;11,4;77,8;4,9;66,4;8,9;87,6;1331;2,32;883;139;167;1546
2020;30509;Ernsthofen;2291;14,1;18;4,2;77,7;2,6;71,3;8,6;83,7;932;2,46;687;132;145;397
2020;30510;Ertl;1264;17,1;13,4;0,7;81;1,5;65,1;6,9;78,9;441;2,87;352;99;107;251
2020;30511;Euratsfeld;2684;18,9;14,6;2,3;79,7;2,2;67,7;9,8;75,7;898;2,99;768;210;219;588
2020;30512;Ferschnitz;1837;17;14,8;1,8;81,4;2,5;68,6;10,8;83,8;670;2,74;539;113;119;375
2020;30514;Haag;5677;14,8;19;6,2;78,8;4,2;66,7;11,3;67,5;2272;2,45;1604;441;511;2328
2020;30515;Haidershofen;3723;16,4;18;4,4;78,8;2,5;70,3;10,1;81,8;1466;2,54;1143;232;248;743
2020;30516;Hollenstein an der Ybbs;1676;16,3;23,1;5,5;77,3;2,8;71,4;8,8;56,4;691;2,42;466;551;564;933
2020;30517;Kematen an der Ybbs;2651;14,9;19,7;13;71;5,2;63,4;6,5;73;1186;2,22;745;123;155;1760
2020;30520;Neuhofen an der Ybbs;2969;19,1;15,7;3,2;78,5;2,2;67;10,3;76,2;1021;2,91;848;250;261;727
2020;30521;Neustadtl an der Donau;2139;17;17,5;3;78,1;3,5;67,3;7,2;75,1;730;2,91;627;191;202;461
2020;30522;Oed-Oehling;1987;16,8;13,9;7;79,1;3,5;67;12;86,1;794;2,5;593;105;121;567
2020;30524;Opponitz;881;16,3;18,8;5,9;77,9;2,8;68,8;6;71,2;304;2,82;243;80;85;201
2020;30526;St. Georgen am Reith;540;15,7;23,1;1,7;79,1;1,8;70,5;4,4;70,6;198;2,73;156;55;59;100
2020;30527;St. Georgen am Ybbsfelde;2926;16,8;16,6;6,3;76,8;3,7;67,5;9;81,3;1115;2,62;855;231;254;1043
2020;30529;St. Pantaleon-Erla;2662;14,2;16,3;5,3;77,8;3,4;68,8;9,8;83,7;1051;2,53;806;142;153;802
2020;30530;St. Peter in der Au;5160;17,3;18,5;4,1;78;2,8;65,8;10,3;73,8;1888;2,67;1454;399;445;2028
2020;30531;St. Valentin;9333;13,1;20,6;8,1;76,5;5;66,3;11;66,6;4314;2,16;2717;624;731;5772
2020;30532;Seitenstetten;3429;17,8;16,7;4,7;79,6;2,6;64,7;11,9;72,5;1263;2,7;967;238;265;1652
2020;30533;Sonntagberg;3779;14,4;22,9;6,7;74,2;5,2;66,5;6,8;72,8;1666;2,27;1100;191;214;1767
2020;30534;Strengberg;2112;18,4;18;4,5;79,3;2,6;66,8;8,8;74,1;791;2,66;611;198;215;514
2020;30536;Viehdorf;1368;17,9;20,5;3,9;78,4;2,7;69,1;8,5;79,6;491;2,72;390;116;122;313
2020;30538;Wallsee-Sindelburg;2195;16,9;20,5;5,9;74,1;2,9;66;9,2;71;786;2,64;598;166;185;673
2020;30539;Weistrach;2271;15,8;17,5;2;80,9;2,5;67,8;9,8;77,8;861;2,64;660;198;207;625
2020;30541;Winklarn;1830;16,9;15,4;5,7;79,9;2,9;67;13,3;85,2;696;2,63;541;134;143;330
2020;30542;Wolfsbach;2089;18,5;16,3;4,8;80,5;2,1;68,2;12,2;75,2;690;3;580;193;206;497
2020;30543;Ybbsitz;3392;15,5;21,2;2,3;77,7;1,8;66;8;54,7;1286;2,64;957;455;477;1814
2020;30544;Zeillern;1867;17,4;16,6;2;80,6;2,2;69,6;8,9;81,7;683;2,73;546;137;145;353
2020;30601;Alland;2592;12,5;19,8;12;73,8;5,5;63,1;14,6;73,5;1029;2,42;740;255;279;968
2020;30602;Altenmarkt an der Triesting;2057;15,8;21,4;11,4;71,6;5,1;66,7;11,8;71,1;761;2,54;570;193;208;524
2020;30603;Bad Vöslau;12305;13,9;22,2;16,6;71,9;8,4;57,2;18,3;77,7;5417;2,22;3463;895;990;3753
2020;30604;Baden;25866;12,7;25,4;17,6;70,5;8,7;52,9;25,4;66,2;12750;2;6921;2395;2736;13531
2020;30605;Berndorf;9055;14,1;21,5;17,6;70,1;10,8;59,5;9,9;70;4190;2,13;2528;541;617;3310
2020;30607;Ebreichsdorf;11409;16,5;16,9;13,4;74;7,7;64,9;12,4;79,1;4931;2,31;3387;884;977;3643
2020;30608;Enzesfeld-Lindabrunn;4189;13,6;21,2;9,8;73,9;7,8;66,4;12,2;81,4;1955;2,14;1219;338;371;1530
2020;30609;Furth an der Triesting;862;17,1;18,2;4,1;80,6;3,4;71,5;8,3;75,7;337;2,56;248;82;86;159
2020;30612;Günselsdorf;1702;12;19,6;13,5;73,5;8,9;65,6;7,1;81,9;816;2,09;506;129;137;716
2020;30613;Heiligenkreuz;1547;14,1;21,1;15,2;67,9;5,2;59,7;23,9;76;607;2,35;428;131;149;459
2020;30614;Hernstein;1558;13,4;21,4;4,9;77,5;4,9;67,2;14,9;84,1;680;2,29;489;137;148;271
2020;30615;Hirtenberg;2568;12;17,6;23,1;58,1;12,3;59,7;7,6;85,4;1014;2,23;637;119;136;1168
2020;30616;Klausen-Leopoldsdorf;1719;14,5;17,6;6,1;79,6;5,1;71;10,4;83,3;770;2,23;498;131;137;306
2020;30618;Kottingbrunn;7346;13,2;20,2;12,3;72,8;8,1;64,6;12,3;83,2;3209;2,29;2219;456;506;2829
2020;30620;Leobersdorf;4930;14,1;17,7;14,6;73,4;8,6;61;11,5;78,9;2295;2,15;1400;460;534;3128
2020;30621;Mitterndorf an der Fischa;2958;19,1;11,5;14,9;76,5;7,1;66,3;9,3;90,4;1224;2,42;851;121;136;314
2020;30623;Oberwaltersdorf;4875;17,5;15,4;11,3;75,8;6,3;61,8;18,2;82,4;2131;2,29;1466;383;408;1344
2020;30625;Pfaffstätten;3569;16;18,5;11,5;73,8;5,8;58,1;22,5;83,4;1517;2,35;1040;279;301;798
2020;30626;Pottendorf;7299;15,7;18,2;13,1;72;9,1;62,9;11;82,6;3107;2,31;2103;384;430;1564
2020;30627;Pottenstein;2899;13,7;21;13,8;71,3;9,2;63,3;8,7;78,7;1303;2,22;842;191;213;898
2020;30629;Reisenberg;1758;14,4;19,5;11,6;76,1;7,1;69,4;8,4;84,5;762;2,31;525;120;135;349
2020;30631;Schönau an der Triesting;2148;14,9;16,7;10,2;75,3;6,8;63,9;12,5;80,9;957;2,24;645;128;137;709
2020;30633;Seibersdorf;1518;14,4;20,1;5,1;76,6;5;71,8;10,1;79,9;631;2,41;469;118;138;794
2020;30635;Sooß;1041;12,4;21,6;16,6;74,2;7;58,2;17;74;454;2,29;297;141;152;379
2020;30636;Tattendorf;1444;14,3;19,3;11,4;78,3;4,8;64,8;12,8;75;631;2,29;426;152;168;614
2020;30637;Teesdorf;1810;14,1;14;10,8;75,7;7,7;66,3;10,7;84,8;798;2,27;541;115;133;677
2020;30639;Traiskirchen;19030;14,7;17,7;17;72,2;8,2;61,9;11,8;77,8;8150;2,26;5346;1313;1511;7933
2020;30641;Trumau;3735;15,6;16,3;15,9;74,3;7;63,7;13,5;80,7;1638;2,25;1056;221;253;1646
2020;30645;Weissenbach an der Triesting;1722;15,4;20;10,7;74,1;6,5;65,2;10,9;68,9;772;2,23;492;128;141;1027
2020;30646;Blumau-Neurißhof;1886;14,7;16,3;11,9;73;9,8;66,7;8,5;89,2;929;2,03;533;86;94;231
2020;30701;Au am Leithaberge;949;13,9;23;7,3;79,3;4,4;69,5;8,6;81,9;388;2,45;282;72;79;192
2020;30702;Bad Deutsch-Altenburg;1847;15,1;19,9;23,4;67,4;9,5;67,2;10,7;82,6;857;2,16;530;103;119;677
2020;30703;Berg;901;18,5;19,9;39,7;57,8;5,2;63,4;12,8;81,3;377;2,39;273;59;62;125
2020;30704;Bruck an der Leitha;8156;14,8;21,4;17,8;70,6;8,4;62,3;12,2;68,3;3653;2,19;2279;655;826;4869
2020;30706;Enzersdorf an der Fischa;3393;14,6;19,2;10,7;78;5;71,4;8,5;85,3;1481;2,28;1017;217;237;1362
2020;30708;Göttlesbrunn-Arbesthal;1451;15;20,6;7,4;77,6;3,3;69,5;12,2;73,9;587;2,47;444;170;183;615
2020;30709;Götzendorf an der Leitha;2151;15,1;19,3;14,5;74,5;5,5;66,8;10,7;87,2;890;2,42;630;131;144;475
2020;30710;Hainburg a.d. Donau;6964;19;19,7;38,7;57,8;10,6;60,7;12,2;69;3012;2,28;1899;348;431;2067
2020;30711;Haslau-Maria Ellend;2029;16,8;14,5;10,8;75,1;3,9;69,1;13,5;87,4;800;2,53;607;130;138;314
2020;30712;Höflein;1236;14,8;18,3;5,2;75,6;4,4;71,8;8,8;78,4;504;2,45;369;127;132;285
2020;30713;Hof am Leithaberge;1584;14,4;19,8;11,6;76,8;2,9;67,9;10,5;74;639;2,48;462;134;146;660
2020;30715;Hundsheim;641;14,8;22,8;10;72,3;6,1;67,9;10,4;84,5;290;2,21;195;51;52;83
2020;30716;Mannersdorf am Leithagebirge;4106;14,7;19,3;18,4;72;6,2;63,8;8,7;78;1839;2,23;1192;246;280;1093
2020;30718;Petronell-Carnuntum;1266;13,8;22,5;14,5;73,8;6,1;66,4;11,5;80;585;2,16;391;95;106;285
2020;30719;Prellenkirchen;1624;15,5;21,4;17,3;73,3;5,5;71;10,4;82,2;681;2,38;479;145;158;287
2020;30721;Rohrau;1632;16,4;17,6;11,2;78;4,2;71,9;8,9;81,7;622;2,61;480;150;162;346
2020;30722;Scharndorf;1186;12,3;21,8;9,6;74,5;4,8;70;12,8;83,8;512;2,31;352;90;93;190
2020;30724;Sommerein;2073;14,3;18,9;7,2;76,1;4,1;65,4;11,6;84,4;891;2,33;634;126;132;485
2020;30726;Trautmannsdorf an der Leitha;2995;14;21,1;9;74,9;4,8;70;9,4;82,1;1265;2,37;905;244;263;691
2020;30728;Wolfsthal;1175;21,2;15,1;45,9;49,9;5,3;63,2;12,2;80,5;441;2,66;333;63;70;233
2020;30729;Ebergassing;3993;15;16,4;19,1;73,4;7,4;63,6;7,5;81,1;1755;2,28;1169;203;231;1121
2020;30730;Fischamend;5580;14,3;18;16,1;73,8;9,1;66,4;9,8;80,8;2699;2,05;1577;339;381;2752
2020;30731;Gramatneusiedl;3647;19,4;13;18;74;7,4;60,8;13,9;89,2;1484;2,45;1069;153;184;628
2020;30732;Himberg;7552;15,1;20;11,8;76,3;6,2;66,9;12,1;80,4;3384;2,19;2171;504;578;3456
2020;30733;Klein-Neusiedl;953;15,5;20,1;19,3;72,3;9,1;64,8;6,1;87,4;464;2,05;270;45;51;226
2020;30734;Lanzendorf;1914;16,4;17,4;13,7;75,9;6,1;62,9;12,1;87,1;788;2,36;547;97;116;631
2020;30735;Leopoldsdorf;5251;14,6;16,5;11,1;75;5,1;61,9;18,9;84,7;2309;2,26;1548;390;432;2579
2020;30736;Maria-Lanzendorf;2171;14,6;22,2;13,3;73;7,6;63,8;12,6;84;959;2,16;598;132;150;1548
2020;30737;Moosbrunn;1766;15,1;19,4;10,1;77,4;5,6;66,2;13,1;87,7;803;2,2;531;93;104;322
2020;30738;Rauchenwarth;767;16,8;14,7;7,6;77,5;5,1;68,5;12,7;80,3;331;2,32;229;69;73;185
2020;30739;Schwadorf;2219;15,7;15,6;15,3;75,3;7,2;65,8;8,3;85;970;2,29;641;131;148;654
2020;30740;Schwechat;20176;14,5;17,2;23;72,8;8,9;62,9;10;70,9;9620;2,08;5564;2499;2811;29490
2020;30741;Zwölfaxing;1756;15,2;18,7;12,4;72,9;5,8;65,9;10,5;85,7;717;2,45;533;103;122;900
2020;30801;Aderklaa;195;13,8;16,9;9,2;80,7;0;69,6;15,5;56,5;72;2,51;51;46;51;241
2020;30802;Andlersdorf;144;15,3;22,9;13,2;66,3;6,2;62,3;13,9;70;54;2,41;38;22;23;30
2020;30803;Angern an der March;3431;14,2;20,9;12,3;70,1;10,6;65,4;7,5;84,6;1509;2,27;1043;214;236;580
2020;30804;Auersthal;1941;14,3;20,1;12,8;75,7;5,9;64,8;10,5;81,1;842;2,29;557;138;151;572
2020;30805;Bad Pirawarth;1754;16;21;6,4;74;6,2;66,3;10,7;81,7;748;2,34;518;139;150;701
2020;30808;Deutsch-Wagram;9023;15;17,9;13,3;74,1;7;64,2;14;81,6;3915;2,3;2633;521;584;2832
2020;30810;Drösing;1107;12,6;23,7;7;66,7;11,4;69,1;8,1;84,9;534;2,07;326;66;72;156
2020;30811;Dürnkrut;2247;13,8;21,9;7;69,6;10,5;67,5;7;82,9;1045;2,15;668;95;113;490
2020;30812;Ebenthal;899;15,6;17,1;9,5;71,1;5,6;67,9;8,6;85,8;391;2,3;260;47;54;102
2020;30813;Eckartsau;1343;14,8;20,1;14,6;75,2;6,7;66,1;8;80,9;592;2,27;389;112;120;288
2020;30814;Engelhartstetten;2084;16,3;20;12,7;73,7;5,2;68,6;7;73,3;889;2,34;604;186;199;646
2020;30817;Gänserndorf;11839;16,5;16,9;15;71,9;9,5;61,8;12,9;76;5146;2,28;3331;836;1014;5471
2020;30819;Glinzendorf;325;17,2;15,4;11,7;77,6;3,9;64,3;7,8;76;114;2,85;101;48;52;231
2020;30821;Groß-Enzersdorf;11730;16,2;17,4;12,3;74,6;6,6;65;14,2;78,2;4854;2,41;3454;775;864;4066
2020;30822;Großhofen;108;21,3;15,7;23,1;89,7;1,6;63,5;11,8;69,5;40;2,7;31;16;17;48
2020;30824;Groß-Schweinbarth;1317;14,7;16,9;10,2;75,2;5,4;64,8;11,2;81,3;538;2,45;397;83;91;291
2020;30825;Haringsee;1178;13,4;20,5;8,7;73;6,2;67;9,9;83,1;498;2,37;344;88;94;213
2020;30826;Hauskirchen;1278;14,7;23,2;7,1;71;8,7;69,4;4,8;86,7;582;2,2;388;45;53;114
2020;30827;Hohenau an der March;2743;13,5;25,7;14;65,4;12,6;66,6;5,5;79,5;1325;2,07;784;126;160;650
2020;30828;Hohenruppersdorf;946;14,1;21,2;4;76,6;4,8;70,1;8,2;79;415;2,28;290;81;87;246
2020;30829;Jedenspeigen;1111;11,8;25,2;5,9;69,9;8,8;70,4;8,8;86,6;492;2,26;352;60;68;125
2020;30830;Lassee;2946;14,6;17,5;13,4;75;7,6;67,7;7,4;77,6;1278;2,3;851;230;254;828
2020;30831;Leopoldsdorf im Marchfelde;2920;15,3;18,5;13,9;74,4;7,7;64,3;10,6;76,3;1180;2,43;860;169;200;948
2020;30834;Mannsdorf an der Donau;393;11,5;18,6;20,4;72;7,8;62,4;8,3;73,6;151;2,34;102;39;39;199
2020;30835;Marchegg;2982;14,8;21,4;19,5;66,1;11,5;63,5;7;81,8;1351;2,2;858;178;209;550
2020;30836;Markgrafneusiedl;888;11,1;19,5;7,4;76,5;6,3;72,4;8,4;85,9;410;2,17;268;67;83;587
2020;30838;Matzen-Raggendorf;2805;15,9;18,9;12;70,3;7,1;65,4;9,9;86;1198;2,33;817;134;154;451
2020;30841;Neusiedl an der Zaya;1244;12,9;24,2;7,2;70,2;9,6;67,2;6,1;84,2;582;2,14;377;82;91;260
2020;30842;Obersiebenbrunn;1741;13,3;16,9;9,9;74;7,2;67,5;8,3;86,1;723;2,38;517;112;132;565
2020;30844;Orth an der Donau;2185;14,5;23,6;10,7;73;9,4;63,7;8,9;69,8;955;2,17;585;155;185;1360
2020;30845;Palterndorf-Dobermannsdorf;1345;14,3;23;8,9;67,5;10,6;62,2;5,8;84,2;592;2,27;406;69;77;194
2020;30846;Parbasdorf;174;20,1;16,1;2,3;77,5;2,2;74,8;11,5;67,5;57;3,05;52;31;31;50
2020;30848;Prottes;1447;14,9;19;11,4;74,3;7,6;65,1;8,8;86,6;632;2,29;440;91;102;297
2020;30849;Raasdorf;663;14,9;17,6;20,1;80,5;3,7;61,2;11,9;66;253;2,58;182;78;92;520
2020;30850;Ringelsdorf-Niederabsdorf;1242;12,2;23,3;6,2;69,4;9,8;67,7;5;86,2;583;2,13;388;60;65;165
2020;30852;Schönkirchen-Reyersdorf;1980;14,1;20,3;10,7;72,1;6,5;68,5;8,8;87;816;2,43;601;115;122;276
2020;30854;Spannberg;984;15,4;18,6;5,7;70,1;8,6;72,1;6,1;79,6;423;2,33;311;67;74;243
2020;30856;Strasshof an der Nordbahn;11021;17,8;17,3;15,5;74,5;8;64,8;11;85,8;4464;2,47;3321;597;656;1975
2020;30857;Sulz im Weinviertel;1197;12,2;22,3;6,2;76,4;5,9;67,2;9,3;83,8;541;2,21;356;86;96;231
2020;30858;Untersiebenbrunn;1760;14,8;17,5;10,7;76,3;7,2;68,1;7,3;82,7;761;2,31;532;108;128;536
2020;30859;Velm-Götzendorf;771;13,9;25;6,5;71,1;6,9;72,3;7,2;83,8;360;2,14;245;56;61;113
2020;30860;Weikendorf;2052;16,5;21,1;11,1;70,6;7,9;66,5;11,5;82,5;820;2,5;616;146;157;362
2020;30863;Zistersdorf;5360;12,1;24,4;7,2;70,4;7,9;65,9;7,6;71,9;2396;2,19;1545;343;415;1694
2020;30865;Weiden an der March;982;13,1;20,1;13,7;70,9;6,9;65,1;10,2;70,4;359;2,66;277;121;132;342
2020;30902;Amaliendorf-Aalfang;1086;12,6;23,7;4,3;75,4;5,2;64,7;6,5;79,6;498;2,18;323;60;67;246
2020;30903;Brand-Nagelberg;1485;9,2;27,9;6,2;72,3;6,6;59;6,8;81,4;716;2,07;447;79;90;218
2020;30904;Eggern;661;12,6;22,4;1,1;75,6;7,3;61,9;4,5;79,6;310;2,13;175;56;61;108
2020;30906;Eisgarn;688;14,7;27,2;2,9;75;4,3;65,6;4,4;74,3;285;2,41;202;58;65;125
2020;30908;Gmünd;5268;12;25,9;13,5;68;9,7;59,1;10,9;47,7;2692;1,96;1457;465;609;5633
2020;30909;Großdietmanns;2212;13;22;2,8;75,4;4,4;67,4;6,7;85,9;943;2,35;678;138;149;308
2020;30910;Bad Großpertholz;1318;12,6;25;2,8;75;3,7;66;7,3;66,2;585;2,25;383;138;148;417
2020;30912;Großschönau;1221;15,8;18,9;1,7;75,3;3,6;68,8;8,6;70;441;2,74;345;143;149;338
2020;30913;Moorbad Harbach;718;13,5;20,8;4;71,6;3,6;64,4;10,1;60,7;284;2,53;203;85;90;620
2020;30915;Haugschlag;479;13,6;28;5;76,1;1,8;67,4;4,6;76,4;208;2,3;136;49;51;111
2020;30916;Heidenreichstein;3898;11,1;28,3;4,2;71,8;6,6;63,6;6,6;62;1825;2,14;1123;290;324;1692
2020;30917;Hirschbach;582;12,5;20,6;1;78,9;2,8;68,4;9,2;87,8;245;2,38;184;34;36;69
2020;30920;Hoheneich;1386;9,7;26,8;4,2;73,4;6,4;66,2;9,4;85,2;668;2,07;433;72;80;244
2020;30921;Kirchberg am Walde;1314;14,5;23,4;2,5;73,4;4,7;62,8;6,6;74;551;2,38;372;127;134;322
2020;30925;Litschau;2200;9,5;31,9;4,2;69,7;7;63,8;7,3;59,8;1053;2;586;182;203;745
2020;30929;Reingers;612;11,3;22,4;1,5;75,9;5,2;67;5,2;76;275;2,23;173;84;90;175
2020;30932;St. Martin;1076;13,4;21,5;2,3;76;5,1;65;6,7;75,5;399;2,7;305;114;123;235
2020;30935;Schrems;5366;11,9;25,8;6,6;70,6;6,3;59,7;7;56,9;2423;2,17;1561;296;343;3412
2020;30939;Unserfrau-Altweitra;979;13,9;21,1;1,7;79,6;4,1;66,1;8,2;77,7;389;2,52;271;101;104;212
2020;30940;Waldenstein;1178;14,9;17,3;1,6;79,2;3,6;64,9;8;85,6;473;2,49;341;90;94;144
2020;30942;Weitra;2634;12,6;26,7;3;76,9;3,1;63,7;9,6;63,5;1131;2,24;737;255;288;1267
2020;31001;Alberndorf im Pulkautal;754;14,7;23,9;2,5;73,9;5,7;71,1;5,1;88,5;338;2,23;231;49;53;108
2020;31008;Göllersdorf;3088;13,5;19,6;8,5;73,4;4,2;68,4;9,7;76,8;1270;2,35;885;234;247;927
2020;31009;Grabern;1729;16,9;16,3;8,8;73,8;4,4;68,1;8,6;83,3;681;2,54;515;114;118;262
2020;31014;Guntersdorf;1155;13,4;20,3;4,3;74,5;5,7;68,5;6,6;79,3;499;2,31;335;99;110;276
2020;31015;Hadres;1712;12,3;23,2;3,5;71,2;6,7;63,2;7,1;79;770;2,22;511;129;142;345
2020;31016;Hardegg;1321;11,6;26,9;5,5;73,4;6;68,7;6;72,9;595;2,22;390;130;136;350
2020;31018;Haugsdorf;1589;13,2;26,7;5;67,3;7,7;63,1;4,9;74,1;728;2,18;478;137;151;438
2020;31019;Heldenberg;1378;17,4;17,3;4,9;78;3,9;67,7;9,8;82,9;566;2,43;418;112;119;224
2020;31021;Hohenwarth-Mühlbach a.M.;1312;12,7;23,1;4,6;72,6;4,9;65,2;8,5;75;539;2,42;415;111;119;279
2020;31022;Hollabrunn;11997;13,6;20,5;10,4;70,7;5,7;61,9;14,8;61,7;5338;2,16;3321;868;1072;6852
2020;31025;Mailberg;575;11,8;25,7;4,9;69,9;4,8;65,5;5,7;76,4;278;2,07;160;51;55;174
2020;31026;Maissau;1933;12,8;23,8;3,9;77,7;3,4;69,9;10,3;77,8;877;2,18;573;156;171;516
2020;31028;Nappersdorf-Kammersdorf;1205;10,6;24,9;5,8;71,4;5,9;64,7;8,9;79,5;539;2,24;366;109;117;279
2020;31033;Pernersdorf;1042;13,1;23,9;3,3;72,3;7,5;65,7;5,3;85,4;474;2,2;299;57;63;154
2020;31035;Pulkau;1506;13,9;26,7;3,9;74,4;6,2;64,9;10,8;70,9;672;2,24;423;131;145;432
2020;31036;Ravelsbach;1635;11,9;22,1;4,9;74,6;6,3;67,8;9;80,4;758;2,16;479;128;142;368
2020;31037;Retz;4245;11,7;25,6;6;67,3;6,1;60,3;11,7;61,4;1884;2,13;1119;333;395;2226
2020;31038;Retzbach;1005;12,1;26,9;5,9;73,1;4,9;65,7;7,4;73,6;466;2,16;292;106;114;238
2020;31041;Schrattenthal;898;14,9;23,9;2,8;74,7;5,4;70,5;8,4;77,6;385;2,33;266;97;102;171
2020;31042;Seefeld-Kadolz;980;11,3;27,1;5,5;60,5;11,7;65,9;4;82,3;475;2,06;290;48;53;172
2020;31043;Sitzendorf an der Schmida;2140;12,7;23,6;3,4;76,7;3,8;65,7;8,9;74,5;934;2,28;629;208;220;485
2020;31051;Wullersdorf;2375;13;21,3;3,5;74,3;5,4;67,2;9,2;77,2;1021;2,3;688;222;236;595
2020;31052;Zellerndorf;2413;12,2;24,2;2,6;73;5,4;65,7;9,3;79,6;1058;2,27;721;191;209;543
2020;31053;Ziersdorf;3350;13,6;19,9;4,1;73,6;5,4;66;9,5;78,8;1448;2,31;1001;209;235;696
2020;31101;Altenburg;811;14,8;20,1;4,2;75,2;2,6;68,2;10,7;80,5;313;2,56;222;59;62;185
2020;31102;Brunn an der Wild;840;14,2;21,9;3;78,2;2,7;70,2;7,8;71,8;337;2,49;254;96;108;385
2020;31103;Burgschleinitz-Kühnring;1320;13;19,8;2;74,5;2,2;68,5;7,8;77,9;545;2,42;388;126;134;339
2020;31104;Drosendorf-Zissersdorf;1208;13;29,1;3,8;73;3,7;65,5;10,4;64,8;556;2,17;340;180;194;369
2020;31105;Eggenburg;3467;12,6;26,4;5,8;73,2;3,9;61,3;14,3;64,1;1614;2,1;955;238;285;2132
2020;31106;Gars am Kamp;3490;11,9;25,9;4,8;75,2;3,7;67,8;12,3;62,9;1666;2,09;1012;335;363;1587
2020;31107;Geras;1277;12,5;25,2;3,1;75,6;3;69,5;6;65;542;2,34;362;152;161;537
2020;31109;Horn;6384;12,7;24,3;8,7;72,9;5,1;62,4;12,8;50,7;3004;2,08;1732;706;882;6418
2020;31110;Irnfritz-Messern;1430;14,8;19,1;1,6;74,4;3,5;68;7;73,1;566;2,53;411;137;151;402
2020;31111;Japons;712;13,8;22,6;2,7;75,7;2;70,2;5,5;78,1;294;2,42;207;74;79;132
2020;31113;Langau;689;10,6;29;4,2;76,9;2,4;69;4,9;77,6;314;2,19;198;63;70;144
2020;31114;Meiseldorf;872;11,9;21,6;1,3;76,6;3,1;68,2;8,7;80,9;356;2,45;250;74;75;150
2020;31117;Pernegg;703;13,8;23,6;2,1;83,4;0,5;70,8;8,3;73,6;273;2,58;200;82;88;203
2020;31119;Röhrenbach;519;11,9;25,4;1,7;78,5;1,5;67;10,3;70,2;202;2,57;152;77;82;126
2020;31120;Röschitz;1060;12,6;22,8;2,5;78,2;3;65,9;9,5;74,3;461;2,3;322;105;112;233
2020;31121;Rosenburg-Mold;845;14;24,9;7,7;76,4;2,9;68,2;7,3;75,8;379;2,23;248;95;108;366
2020;31123;St. Bernhard-Frauenhofen;1299;14,4;19,8;1,8;76,6;3;70,2;8,5;81,2;512;2,54;390;114;143;630
2020;31124;Sigmundsherberg;1667;13;23,8;1,9;72,6;4,4;70;8,3;81,9;742;2,25;501;109;126;410
2020;31129;Weitersfeld;1539;13,2;25,9;2,6;75,1;2,3;67,7;9,6;65,1;660;2,33;452;189;208;460
2020;31130;Straning-Grafenberg;713;13,5;24,8;2,8;76,6;1,7;66;9,1;80,6;307;2,32;215;69;74;132
2020;31201;Bisamberg;4836;16,2;21,3;9,5;74,5;5,1;57,9;27,9;82,6;2105;2,3;1423;426;463;1378
2020;31202;Enzersfeld im Weinviertel;1775;14,9;19,9;6,3;77,2;3,7;69,7;14,4;82,5;766;2,32;540;149;157;433
2020;31203;Ernstbrunn;3293;13,8;20,5;7,5;78,5;4,5;68,2;9,8;69,5;1423;2,31;963;303;328;1159
2020;31204;Großmugl;1627;13,6;19,9;4,8;76,3;5,8;71,1;10,4;78,8;680;2,39;487;160;169;292
2020;31205;Großrußbach;2226;15,4;19,5;6,3;77,7;4,5;67,4;13,8;80,8;933;2,39;643;169;179;445
2020;31206;Hagenbrunn;2348;15,3;16,4;11,8;77,8;3,8;60,9;20,5;80,3;1010;2,32;717;351;394;2374
2020;31207;Harmannsdorf;4039;15,2;21;5,2;77,4;3,8;66,7;15,8;82,4;1725;2,34;1225;296;317;932
2020;31208;Hausleiten;3839;15,9;15,6;6,2;77,5;4,2;68,5;11,8;80,7;1576;2,44;1132;312;336;948
2020;31213;Korneuburg;13285;13,4;17,8;15,9;73,9;6,6;59,1;19,1;76,3;6341;2,06;3655;1035;1230;8572
2020;31214;Langenzersdorf;8072;13,7;23,2;9,8;73,8;4,8;59,1;26,4;81,9;3699;2,18;2380;719;798;2907
2020;31215;Leitzersdorf;1157;10,9;19,6;4,8;74,9;4,1;66,1;15,7;82,8;498;2,32;355;116;122;218
2020;31216;Leobendorf;4962;14,2;20;7,5;75,5;4,7;62,8;19,1;79,4;2161;2,29;1465;412;461;3309
2020;31224;Rußbach;1399;16;18,9;4;77,4;4,6;70,6;8,6;82,5;542;2,58;424;122;128;261
2020;31226;Sierndorf;3970;15,7;18,8;5,2;76,3;5,2;67,8;12,4;81,3;1585;2,49;1211;306;322;888
2020;31227;Spillern;2460;14,7;15,7;9,7;76,9;6,1;66,9;13,8;89;1112;2,21;747;151;162;526
2020;31228;Stetteldorf am Wagram;1055;15,7;18,6;5;75,8;4,7;69,4;9,4;79,4;445;2,37;298;89;94;197
2020;31229;Stetten;1373;17;17,9;5,8;79,3;3,9;68,1;14,3;86,6;591;2,32;418;116;131;529
2020;31230;Stockerau;16792;13,7;19,9;14,5;74,5;7,6;61,6;15,5;69,2;7937;2,08;4731;1081;1314;8107
2020;31234;Niederhollabrunn;1555;14,3;18;6,4;74,3;3,2;67,7;12,8;80,2;625;2,49;474;137;148;305
2020;31235;Gerasdorf bei Wien;11597;15,1;19,1;12,6;74;6;65,2;15,2;83;4790;2,41;3468;865;1067;5339
2020;31301;Aggsbach;640;11,6;27,7;5,8;77,9;4,3;69,1;10,2;83,2;287;2,23;191;46;51;102
2020;31302;Albrechtsberg an der Großen Krems;1006;13,1;23,5;2,5;77,6;2,1;66,4;8,5;71,2;395;2,55;291;106;112;239
2020;31303;Bergern im Dunkelsteinerwald;1291;14,9;20,1;2,1;77,4;2,8;68,9;12,3;83,7;533;2,42;401;93;99;171
2020;31304;Dürnstein;830;11,9;25,9;4,9;74,2;2;60,9;16,8;62,7;368;2,26;244;133;147;553
2020;31308;Grafenegg;3194;15,6;18,2;6,9;78,2;3,5;66,1;11,6;76,1;1368;2,33;994;280;302;917
2020;31309;Furth bei Göttweig;2970;14,6;20,5;7,7;75,8;3,5;62,7;17,9;81,4;1263;2,31;843;275;294;885
2020;31310;Gedersdorf;2125;12,1;20,8;6,5;74,8;4,3;65,4;9,5;83,1;854;2,49;665;147;161;807
2020;31311;Gföhl;3759;13,2;21,4;3,7;78;3,4;68,3;8,6;69;1629;2,31;1103;332;369;1238
2020;31315;Hadersdorf-Kammern;1971;12,6;23;6,2;76,4;5;66,8;10;85,3;921;2,14;579;124;144;572
2020;31319;Jaidhof;1214;16,9;15,2;3,9;77,5;3,6;67,2;10,4;80,1;463;2,59;332;127;130;261
2020;31321;Krumau am Kamp;755;12,6;30,2;3,8;71,3;4,3;66,1;7,4;80,1;332;2,27;218;65;72;121
2020;31322;Langenlois;7497;13,6;21,7;7,2;77;3,9;62,7;14,3;65,4;3321;2,23;2149;810;889;3419
2020;31323;Lengenfeld;1406;14,5;18,7;4;77,1;2,1;67,3;10,1;82,5;560;2,51;426;106;115;258
2020;31324;Lichtenau im Waldviertel;2046;14,1;20;2;79,6;2,1;65,3;4,9;76;808;2,52;576;203;220;447
2020;31326;Maria Laach am Jauerling;915;14,2;22,4;2,7;75,2;3,4;66,9;8,4;71,3;349;2,62;265;111;118;302
2020;31327;Mautern an der Donau;3489;12,4;23,9;7;74,1;5,3;63,3;16,6;83;1623;2,09;975;213;235;1219
2020;31330;Mühldorf;1274;12;23,9;4,2;76,9;4,3;66,7;8,1;73,2;530;2,4;379;117;126;261
2020;31333;Paudorf;2564;13,8;22;5,1;72,3;4,1;66,2;13;82,3;1100;2,31;771;140;158;607
2020;31336;Rastenfeld;1594;17,3;19,8;3,1;77,9;3,4;67,6;8,7;67,6;681;2,32;447;131;153;1105
2020;31337;Rohrendorf bei Krems;2129;15,6;18,4;8,8;76,4;4;63,2;14,5;82,4;836;2,55;639;170;183;533
2020;31338;Rossatz-Arnsdorf;1073;11,4;27;6,3;77,3;2,8;67,2;14,3;70,3;457;2,35;312;132;141;279
2020;31340;St. Leonhard am Hornerwald;1091;13,7;21,7;3;77,6;3,3;68,5;7,3;68,2;423;2,58;320;140;152;352
2020;31343;Senftenberg;1934;12,6;24,6;8,4;78,2;3,8;63,5;13;84,5;909;2,13;563;130;142;348
2020;31344;Spitz;1560;10,6;25,1;6,3;77,4;2,1;68,2;12;58,3;677;2,3;457;209;227;759
2020;31346;Straß im Straßertale;1748;15,2;21,2;7;77;4,7;64,2;11,3;78,1;724;2,41;520;150;157;340
2020;31347;Stratzing;875;13;17,3;7;78;2,8;62,2;19,3;86,8;350;2,5;273;67;69;158
2020;31350;Weinzierl am Walde;1247;13,6;23,7;1,4;80,4;2,4;66,6;5,6;78,8;460;2,71;367;125;129;220
2020;31351;Weißenkirchen in der Wachau;1395;11,6;25,4;3,2;77,9;3;67,6;14,9;57,5;590;2,36;412;229;242;724
2020;31355;Schönberg am Kamp;1885;13,5;23,6;4,2;75,4;3,3;66,2;13,3;77,9;858;2,19;554;183;196;423
2020;31356;Droß;1041;17,7;15,9;4,3;79,6;2,4;64,4;18,9;85,1;375;2,78;312;70;77;134
2020;31401;Annaberg;512;12,5;30,9;8;75,2;3;74,3;8,9;47,7;231;2,22;140;71;79;214
2020;31402;Eschenau;1315;15,1;19,2;7;73,3;7,1;69,2;6,3;82,1;512;2,44;369;113;118;349
2020;31403;Hainfeld;3781;14,2;24,8;10,9;75;5,9;66;7,5;60,6;1694;2,18;1033;279;316;3459
2020;31404;Hohenberg;1476;12,7;26;7,4;76,2;6,2;68;7;60,1;699;2,09;421;130;143;600
2020;31405;Kaumberg;1070;14,3;19,1;9;76,9;3,7;72,4;10;73,9;442;2,42;303;112;116;223
2020;31406;Kleinzell;859;15,8;21,8;5,9;72,2;7;67,8;7,1;63,3;339;2,53;238;107;116;305
2020;31407;Lilienfeld;2645;14;22,5;15;71,3;8,5;60,1;13,3;56,8;1241;2,12;724;187;234;2429
2020;31408;Mitterbach am Erlaufsee;475;9,3;33,3;7,8;77,3;3,5;71,2;9,7;69,3;210;2,18;137;57;66;171
2020;31409;Ramsau;832;13,5;22,1;10,1;80,2;3,3;67,2;7,9;72,1;366;2,27;239;82;88;278
2020;31410;Rohrbach an der Gölsen;1543;15,4;19,7;4,7;76,8;4,5;70,3;10,1;76,5;667;2,3;430;113;121;1089
2020;31411;St. Aegyd am Neuwalde;1850;13,2;29,8;5,5;74,3;5,2;72,3;6;54,6;879;2,1;531;159;178;666
2020;31412;St. Veit an der Gölsen;3859;15,2;20,7;6,9;76,2;4,7;68,2;9,1;78,1;1629;2,37;1123;450;476;925
2020;31413;Traisen;3418;12,3;23,3;19;67;10,8;58,6;6,2;71,5;1616;2,1;965;140;188;1534
2020;31414;Türnitz;1890;13,3;26,1;4,5;72,9;5;66,1;8,5;65,1;764;2,37;524;145;168;642
2020;31502;Artstetten-Pöbring;1240;18,6;19,1;3,1;81,5;2,4;69,8;9,1;78,3;411;3,02;368;111;116;256
2020;31503;Bergland;1918;17,2;16,7;4,7;77,3;2,1;71,7;7,7;78;682;2,78;559;192;209;988
2020;31504;Bischofstetten;1230;14,5;18,3;5,8;77,4;4,7;69,6;6,4;83,7;507;2,43;365;90;98;194
2020;31505;Blindenmarkt;2728;17,3;16,2;11,8;73,8;4,4;64,9;8,7;82,3;1096;2,47;781;138;163;703
2020;31506;Dorfstetten;581;17,9;14,8;1,4;78,5;2,8;70,2;2,5;69,1;204;2,85;166;60;62;141
2020;31507;Dunkelsteinerwald;2400;14,3;17,8;3,3;75,8;4,3;69,6;10,3;83,7;921;2,61;710;178;191;401
2020;31508;Erlauf;1093;13,2;21,6;6,3;75,9;4,3;70;7,3;84;450;2,43;324;73;80;202
2020;31509;Golling an der Erlauf;1488;12,4;19,7;10,9;72,6;6,8;62,7;4,3;93,5;706;2,1;438;35;41;161
2020;31511;Hofamt Priel;1719;16,1;18,4;3,8;77,1;2,8;68,1;9,7;85,9;688;2,5;527;91;100;289
2020;31513;Hürm;1857;15,3;16,3;4,3;81,5;3,1;69,7;9,3;72,7;685;2,71;539;200;211;751
2020;31514;Kilb;2584;16;17,8;3,2;77,8;3,1;67,3;10,3;71,4;1034;2,5;747;246;263;860
2020;31515;Kirnberg an der Mank;1104;18,5;16,3;1,4;78,8;1,7;70,8;7;77,4;401;2,75;314;87;94;232
2020;31516;Klein-Pöchlarn;1055;14,4;20,6;7,5;74,2;3,7;68,1;10;83,9;482;2,19;306;64;72;228
2020;31517;Krummnußbaum;1540;16,2;18;7;73,3;4;65,4;10,2;79,1;629;2,41;458;84;93;479
2020;31519;Leiben;1355;14,2;19,3;5,6;76;4,1;72,6;6,1;82;605;2,23;371;82;91;272
2020;31520;Loosdorf;3823;15,6;18,8;6,7;73,5;6;66,1;9,4;75,4;1707;2,23;1105;240;291;1987
2020;31521;Mank;3235;15,3;21,3;6,1;75,9;5,3;66,1;9,3;64,2;1188;2,6;886;282;319;1507
2020;31522;Marbach an der Donau;1675;14,6;20,1;8,6;75,8;4,6;70,7;7,5;78,3;719;2,33;499;302;311;584
2020;31523;Maria Taferl;915;17,2;16,3;6,9;77,7;3,2;69,3;8,2;79,6;363;2,52;256;61;64;188
2020;31524;Melk;5589;14;21,9;14,9;72,9;6,4;60,4;16,2;62,2;2550;2,13;1511;441;583;4744
2020;31525;Münichreith-Laimbach;1674;14,1;19,7;3,1;76,4;2,3;65,9;5,1;74,9;645;2,6;487;141;148;403
2020;31527;Neumarkt an der Ybbs;2003;15,9;18;6,8;76,6;4,4;68,6;8,7;85,9;873;2,29;593;101;119;464
2020;31528;Nöchling;1042;18;15,1;3,1;77,2;1,5;68,7;7,8;71,8;394;2,64;286;101;106;260
2020;31530;Persenbeug-Gottsdorf;2181;13,3;18,8;5,8;75,7;3,5;69,7;8,7;80,2;1012;2,16;635;128;156;760
2020;31531;Petzenkirchen;1446;13,1;19,3;14,9;78,5;4;65,7;8,4;78,5;644;2,25;424;195;206;1000
2020;31533;Pöchlarn;3966;12,3;22,2;13,4;73;6,5;63,5;9,2;68,1;1771;2,17;1127;270;334;2804
2020;31534;Pöggstall;2433;15,1;22,7;4,3;76;3,2;65,2;7,4;60,8;971;2,51;687;264;296;1076
2020;31535;Raxendorf;1037;15,5;18,7;1,4;77,7;2,5;69,3;5,3;77,2;375;2,73;303;118;123;226
2020;31537;Ruprechtshofen;2306;14,7;17,6;4,8;79,2;3,7;68;8,1;77;869;2,64;675;216;240;900
2020;31539;St. Leonhard am Forst;3056;14,8;20,4;3,2;79;2,4;67;8,4;77,3;1192;2,54;896;245;273;809
2020;31540;St. Martin-Karlsbach;1620;14,6;20,2;1,9;78,6;2,8;68,1;9,7;79,9;623;2,6;507;115;127;541
2020;31541;St. Oswald;1121;16,4;17,5;3;77,3;2;66,2;6,1;72,2;340;3,3;301;108;113;222
2020;31542;Schönbühel-Aggsbach;958;11,8;21,5;4,8;74,6;4,1;66,3;14,3;82,7;443;2,16;286;66;71;153
2020;31543;Schollach;1028;16,9;14,2;3,6;78,1;2,1;69,1;10,5;85,3;385;2,67;313;70;77;281
2020;31546;Weiten;1102;14,4;19,2;4,1;73,7;4,3;66,9;5,3;75,3;416;2,65;312;91;102;313
2020;31549;Ybbs an der Donau;5601;13,4;22,2;16;72,6;5,2;61,8;9,3;66,2;2301;2,31;1497;424;516;3772
2020;31550;Zelking-Matzleinsdorf;1229;13,9;20,1;3,8;79,9;1,8;69,8;11;83,3;471;2,61;371;93;99;189
2020;31551;Texingtal;1667;17,6;16,9;3,8;80,6;1,9;69,2;7;68,4;588;2,79;469;161;169;504
2020;31552;Yspertal;2010;15,5;20,7;2,3;79;2,4;64,9;8,1;69,5;747;2,6;554;172;188;652
2020;31553;Emmersdorf an der Donau;1766;15,5;20,2;5,4;74,9;3,3;68,7;13,6;80,5;687;2,57;530;136;156;347
2020;31601;Altlichtenwarth;754;10,5;23,1;9,5;66,1;8,1;65,8;4,1;84;338;2,23;234;53;58;101
2020;31603;Asparn an der Zaya;1882;15,1;20;5,2;74,2;7,2;67,5;7,6;80,8;785;2,4;562;122;131;389
2020;31604;Bernhardsthal;1594;10,5;29,1;10,1;65,3;8,5;67,3;6;81,2;801;1,99;483;87;104;235
2020;31605;Bockfließ;1333;13,4;22,8;11,4;70,4;7,4;65,8;10,5;78,5;582;2,29;405;119;125;326
2020;31606;Drasenhofen;1093;10,8;26,6;10,4;73,1;5,3;65,7;5,6;69,6;476;2,3;314;119;135;482
2020;31608;Falkenstein;482;13,1;27,2;7,7;77,8;3;65,2;16,5;72,7;209;2,31;142;53;59;136
2020;31609;Fallbach;805;11,2;25;4,1;77,2;4,5;65,6;8,7;81,5;329;2,45;244;69;74;196
2020;31611;Gaubitsch;873;14,9;17,6;2,4;79,3;3,5;72;7,9;84,5;354;2,47;266;61;67;159
2020;31612;Gaweinstal;4017;14,5;20,2;8,9;77,1;4,7;68,8;9,7;82,9;1758;2,28;1204;239;260;738
2020;31613;Gnadendorf;1159;12,4;23,8;2,9;74;5;67,1;8,4;83,4;503;2,3;345;96;102;173
2020;31614;Großebersdorf;2224;12,1;24,1;8,2;75,4;4;68,9;11,8;80,8;1016;2,19;689;240;258;1574
2020;31615;Großengersdorf;1475;14,4;19,1;11,9;74,7;4,8;65,5;8,8;83,1;610;2,42;433;96;101;377
2020;31616;Großharras;1107;12,1;24,4;2,4;71,8;5,2;65,7;5,9;83;498;2,22;327;74;82;245
2020;31617;Großkrut;1641;12,6;22,2;3,7;75,1;5,6;68,4;7,7;84,9;763;2,15;488;79;94;326
2020;31620;Hausbrunn;866;11,1;24;13,4;67,4;11;64,9;4,7;88,5;429;2,02;250;46;52;121
2020;31621;Herrnbaumgarten;951;13,7;24,3;7,9;72,5;4,4;64,9;8,4;80,6;399;2,38;283;65;72;199
2020;31622;Hochleithen;1127;10,9;22,4;4,3;74,4;5;68,9;10,4;85,4;509;2,21;356;74;80;148
2020;31627;Kreuttal;1481;11,7;23,5;6,5;75,5;5,4;68,8;14,9;87,8;669;2,21;447;97;104;176
2020;31628;Kreuzstetten;1570;14,6;20,1;4,9;73,2;6,1;66,4;15,6;81,8;688;2,28;466;103;107;207
2020;31629;Laa an der Thaya;6247;12,8;22;6,4;72,4;6,2;65,4;9,5;56,9;2832;2,17;1759;376;457;3191
2020;31630;Ladendorf;2299;13,9;19,5;5,1;74,5;4,7;69,8;9,8;82,7;980;2,35;693;152;162;367
2020;31633;Mistelbach;11598;13,3;21,2;7,7;74,4;5,9;65,2;12,7;58,7;5387;2,1;3200;1579;1810;8649
2020;31634;Neudorf im Weinviertel;1390;15,2;17,2;3,1;69,5;8,3;68,2;6,1;80,9;593;2,34;401;99;106;216
2020;31636;Niederleis;882;13,5;20,1;3,5;78,5;4,5;70,6;9,3;86;390;2,26;271;58;65;145
2020;31642;Pillichsdorf;1183;16,5;19,6;5;73;5;66,3;16,1;86,9;494;2,39;357;71;76;203
2020;31644;Poysdorf;5488;13,2;23,7;8,9;71,8;5,3;64,6;8,4;63,1;2323;2,29;1568;411;468;2821
2020;31645;Rabensburg;1094;13,2;27,6;10,2;63,6;12,9;67,3;4,8;89,9;523;2,09;329;34;42;82
2020;31646;Schrattenberg;833;12,4;26,4;7,7;66,1;6,7;64;3,7;75,6;364;2,29;251;56;60;151
2020;31649;Staatz;1916;12;22,5;3,5;76,5;5;70,6;7;84,5;832;2,3;577;119;129;299
2020;31650;Stronsdorf;1604;13,1;20,7;3,9;75;5,1;68,5;6,2;74,7;667;2,4;480;138;148;508
2020;31651;Ulrichskirchen-Schleinbach;2629;13,4;21,4;7,4;77,3;4,7;66,6;14,1;87,7;1202;2,19;777;143;151;304
2020;31652;Unterstinkenbrunn;551;13,2;20,9;2,7;77,4;4,1;71,8;7,7;83,2;231;2,39;158;49;54;102
2020;31653;Wildendürnbach;1543;14,1;21,8;4,9;74,8;5,3;65,8;7,2;80,6;645;2,39;449;112;119;390
2020;31654;Wilfersdorf;2106;14;19,3;6,2;74,1;5,3;71,5;5,8;84,8;921;2,28;646;117;133;497
2020;31655;Wolkersdorf im Weinviertel;7353;15;20,1;9,6;75,7;4,8;62,2;19,3;72;3275;2,21;2108;672;776;4949
2020;31658;Ottenthal;538;10,2;22,9;3,9;73,9;2,2;66;7,9;85;214;2,51;154;45;47;79
2020;31701;Achau;1408;16,4;16,1;8,9;79,8;4,5;67;13,2;82,8;636;2,21;406;101;128;749
2020;31702;Biedermannsdorf;3134;12,6;24,1;11,1;75,6;4,1;62,7;22,1;81,8;1492;2,1;940;360;402;3866
2020;31703;Breitenfurt bei Wien;5877;11,8;26,9;10,5;75,2;4,1;60,3;24,4;76,5;2600;2,2;1744;553;587;1577
2020;31704;Brunn am Gebirge;12002;15,4;18,9;14,7;76,1;5,6;58,6;23,9;81,2;5452;2,2;3432;1222;1407;9045
2020;31706;Gaaden;1654;12,7;19,1;9,1;74,8;4,3;60,2;26,5;81,5;692;2,38;506;632;648;822
2020;31707;Gießhübl;2375;17,2;19,3;8,2;75,6;3,2;51;35,2;80,7;961;2,47;713;320;332;618
2020;31709;Gumpoldskirchen;3916;16,5;19,1;10,9;77;5,4;59,5;24,3;76,2;1842;2,13;1102;362;404;3142
2020;31710;Guntramsdorf;9162;13,2;20,4;14,3;73,2;7,6;62;15,7;79,1;4304;2,1;2642;737;840;6668
2020;31711;Hennersdorf;1553;12,4;22,2;7,5;75,8;4,4;63,6;19,1;85;712;2,18;475;109;120;357
2020;31712;Hinterbrühl;3965;15,2;23,4;12,5;73,4;5,3;55,1;29,5;79,4;1626;2,36;1127;437;475;1408
2020;31713;Kaltenleutgeben;3359;13,4;19,5;11,5;75,1;6,2;62,7;19,3;84,3;1557;2,15;997;221;241;502
2020;31714;Laab im Walde;1114;11,9;27,1;9,2;74,8;4,2;57;26,5;75,5;472;2,24;325;89;97;392
2020;31715;Laxenburg;2895;12,7;25,3;14,5;75,7;4,5;58;23,2;79,4;1299;2,1;791;249;292;2608
2020;31716;Maria Enzersdorf;8661;13,9;25,2;13,3;73,7;5,8;53,6;30;81,2;3971;2,14;2410;822;880;4342
2020;31717;Mödling;20571;13,5;22,2;17,6;73,9;6,9;53,5;27,4;75;10087;2,01;5504;2094;2346;10305
2020;31718;Münchendorf;3061;17;18,1;8,8;78;6,3;64,6;18,6;82,8;1362;2,25;928;266;289;1273
2020;31719;Perchtoldsdorf;15007;14,2;25,5;9,5;74,5;4,8;53,4;32,7;76,9;6804;2,19;4268;1540;1639;6763
2020;31723;Vösendorf;7389;13,3;16,3;14,8;77,6;6;63,4;14,5;81,4;3462;2,1;2083;590;883;8831
2020;31725;Wiener Neudorf;9337;12,4;23,5;13,1;73,4;6,7;64;15,9;80,7;4458;2,09;2649;819;1012;13897
2020;31726;Wienerwald;2883;15;19,1;6,9;76,9;5,9;65,5;19,8;78,5;1191;2,38;859;297;307;563
2020;31801;Altendorf;356;16;18,5;3,4;74,7;9,6;72,2;9;84,8;146;2,44;101;33;33;41
2020;31802;Aspang-Markt;1766;12,2;22,9;3,1;77,5;4,1;67,1;13,4;73,3;896;1,97;476;161;201;1036
2020;31803;Aspangberg-St. Peter;1885;15,2;23;2,1;75,3;4,1;67,2;9,9;76,5;744;2,51;529;177;192;584
2020;31804;Breitenau;1571;16,2;17;5,1;80,7;5,2;72;11,2;87,2;729;2,16;490;84;94;608
2020;31805;Breitenstein;305;8,5;28,2;8,5;69,9;7,4;68,1;10;75,7;140;2,09;89;29;34;169
2020;31806;Buchbach;367;13,6;24,8;3,5;71,7;1,8;67,2;16,1;89,7;149;2,46;111;19;19;25
2020;31807;Edlitz;887;13,8;20,4;5,6;75,2;5,2;65,1;11,6;77,9;396;2,24;253;92;99;278
2020;31808;Enzenreith;1984;14,4;23,3;5;75,5;5;68,9;11,6;84,6;853;2,33;615;131;142;422
2020;31809;Feistritz am Wechsel;1038;13,1;22,8;2;77,1;3,5;70,5;8,9;81;421;2,47;302;100;105;197
2020;31810;Gloggnitz;5841;11,9;24,6;12,4;70,2;8,4;64,3;7,8;67;2774;2,05;1618;336;425;3006
2020;31811;Grafenbach-St. Valentin;2251;13,2;20,9;6,7;73,5;6,5;69,4;10,3;87,3;1037;2,17;655;101;110;283
2020;31812;Grimmenstein;1323;12,2;24,3;4,9;76,9;4,2;65,1;10,9;74,2;608;2,11;375;92;112;1025
2020;31813;Grünbach am Schneeberg;1592;14,8;22,9;10,9;70;9,8;64,3;9,4;81,4;737;2,11;448;104;118;311
2020;31814;Kirchberg am Wechsel;2462;15,4;23,2;4,2;77,1;3,6;65,4;13,6;66,3;1027;2,34;664;243;258;954
2020;31815;Mönichkirchen;611;12,3;25,2;3,3;67,3;4;65,5;8,8;69,8;246;2,39;173;76;84;238
2020;31817;Natschbach-Loipersbach;1695;13,3;20,2;5,8;74,5;4,4;69,9;11,4;83,9;697;2,4;513;100;106;638
2020;31818;Neunkirchen;12648;15,1;19,3;18,5;64,1;13,7;55,3;10,7;67,4;5736;2,18;3403;859;1063;6961
2020;31820;Otterthal;579;14,7;17,6;3,5;77,3;4,4;69,2;9,9;84,9;221;2,62;165;42;44;114
2020;31821;Payerbach;2060;11,9;26,5;9,1;70,5;8,9;67,3;11,8;81,2;1045;1,96;573;138;162;556
2020;31823;Pitten;2889;14,7;21,9;6,9;72,4;6,9;66,6;14,5;81;1341;2,15;827;193;212;904
2020;31825;Prigglitz;429;8,9;23,1;7,5;75,7;6,6;70,8;8,4;79,8;183;2,34;125;42;43;109
2020;31826;Puchberg am Schneeberg;2684;11,3;28,8;6,3;73,2;5,4;69,6;10,2;59,7;1288;2,07;740;260;289;933
2020;31827;Raach am Hochgebirge;297;18,2;20,2;2;77;4,6;68,7;11,9;77,9;122;2,43;84;42;44;67
2020;31829;Reichenau an der Rax;2522;11,6;30;8,4;71,7;6,1;66,1;12,1;59,5;1291;1,95;713;214;253;1253
2020;31830;St. Corona am Wechsel;398;17,1;22,4;6;75,9;4,1;70,3;10;75,7;136;2,91;111;36;42;144
2020;31831;St. Egyden am Steinfeld;2119;16,9;18,4;4,7;75,1;5,7;66,8;13,2;85,3;921;2,29;624;126;138;473
2020;31832;Scheiblingkirchen-Thernberg;1927;13,4;21,1;3,4;75,3;3,7;66,5;12,9;76,8;677;2,69;543;175;192;612
2020;31833;Schottwien;664;14,9;20,3;12;71,9;10,4;71,5;6,4;80,3;331;2,01;189;53;57;166
2020;31834;Schrattenbach;391;14,6;21,7;6,1;73,1;6,6;74;9,3;81,3;167;2,34;116;43;46;124
2020;31835;Schwarzau am Steinfeld;2042;15,2;16,6;7,3;69,3;5,2;68,1;9,9;87,4;845;2,3;581;93;103;457
2020;31836;Schwarzau im Gebirge;636;12,1;22,8;13,5;77,1;4,1;69,6;5,2;51,4;286;2,16;157;76;88;293
2020;31837;Seebenstein;1449;14,1;16,5;4,5;76,4;4,8;68,8;15,5;87,9;698;2,08;411;62;74;255
2020;31838;Semmering;533;9,6;32,1;19,9;67,2;7,1;66,4;13,1;60,3;281;1,82;122;62;75;397
2020;31839;Ternitz;14634;12,9;23,4;11,3;68,5;10,8;62,3;9,1;72,6;6903;2,11;4194;739;834;4418
2020;31840;Thomasberg;1262;15,8;20;2,3;80,9;4,3;70,1;7,4;82;492;2,54;365;109;119;1121
2020;31841;Trattenbach;530;14,2;20,9;3,2;72,4;4,9;67;6,4;75,7;232;2,28;149;48;51;120
2020;31842;Bürg-Vöstenhof;161;14,3;24,2;4,3;76,8;6;68,1;10,1;74,4;60;2,68;49;18;18;53
2020;31843;Warth;1502;14;22,6;4,1;73,9;5,3;65,9;11,1;81,2;621;2,42;456;113;124;451
2020;31844;Wartmannstetten;1629;14,7;20,5;4,1;78,5;2,9;69,3;13,8;84,4;679;2,4;498;129;138;252
2020;31845;Willendorf;985;13,2;17,2;7,3;76,2;5;68,8;15,2;81,6;425;2,32;304;73;81;229
2020;31846;Wimpassing im Schwarzatale;1614;14;22,1;18,6;66,8;13,3;58,4;7,1;79,8;789;2,05;451;78;102;1213
2020;31847;Würflach;1597;14,5;23,1;4,3;72,5;5,6;67;13,7;86,6;707;2,26;493;110;118;265
2020;31848;Zöbern;1391;12,7;21;3;78;2,3;68,1;8,7;73;534;2,6;411;157;164;378
2020;31849;Höflein an der Hohen Wand;885;11,1;23,3;5,4;77,3;5,9;70,1;12,7;83,9;437;2,03;263;69;75;175
2020;31901;Altlengbach;3093;15;19,4;9,4;76,2;5,9;68,1;12,3;78,6;1396;2,22;885;259;284;1013
2020;31902;Asperhofen;2271;15,6;16,8;8,1;78,7;3,4;69;10,3;76,7;913;2,49;671;220;228;657
2020;31903;Böheimkirchen;5114;14,8;17,9;8,2;75,5;6;66,2;11,6;71,1;2198;2,32;1460;372;425;2964
2020;31904;Brand-Laaben;1264;14,9;19,5;5,3;76,1;4,6;66,8;14,1;75,4;540;2,34;361;128;139;275
2020;31905;Eichgraben;4711;15,6;20,8;11,7;75,5;5,3;61,8;23,3;81,8;2009;2,32;1376;347;369;787
2020;31906;Frankenfels;1933;16,1;21;2,5;76,8;2,6;68,8;5,7;69,6;730;2,62;578;180;186;445
2020;31907;Gerersdorf;1003;16,7;22,3;6,9;76,8;4,2;68,3;13;80,9;386;2,57;291;93;106;368
2020;31909;Hofstetten-Grünau;2696;16,6;17,6;3,4;77,2;4,3;67,6;8,8;76,7;1045;2,58;790;219;234;608
2020;31910;Hafnerbach;1652;14,3;18,9;5;77,1;4,6;70,5;11,3;80,3;688;2,4;501;272;283;427
2020;31911;Haunoldstein;1250;17,4;14,5;9,1;77,7;5,6;69,8;8,9;87,7;499;2,48;367;65;70;135
2020;31912;Herzogenburg;7859;13,7;21,8;11,6;69,3;9;61,4;8,9;68,4;3471;2,23;2220;556;642;3910
2020;31913;Inzersdorf-Getzersdorf;1619;17,5;16,2;5;75,8;4,7;70,9;9,6;83,5;647;2,5;476;119;130;688
2020;31915;Kapelln;1372;14,7;17,7;5,2;77,8;3,1;69,9;10,9;76,9;530;2,59;402;144;151;374
2020;31916;Karlstetten;2176;14,8;19,1;4,5;76,7;3,4;67,1;11,9;79,6;876;2,47;658;149;163;586
2020;31917;Kasten bei Böheimkirchen;1383;16,9;17,6;2,7;78,3;3,4;68,1;14,4;77,5;533;2,59;392;138;149;331
2020;31918;Kirchberg an der Pielach;3175;14,6;21,9;3,4;77,6;3,9;67,5;8,7;67,7;1283;2,42;917;249;285;1046
2020;31919;Kirchstetten;2215;14,3;21,3;5,2;76,6;5,2;68,7;10,7;82,7;894;2,34;610;141;156;552
2020;31920;Loich;584;14,9;23,5;2,4;79,7;3,3;67;5,8;73,5;213;2,74;170;73;75;171
2020;31921;Maria-Anzbach;3035;15,1;22,9;7,9;75,1;4,2;61,2;21,7;79,5;1274;2,3;880;266;285;755
2020;31922;Markersdorf-Haindorf;2078;16,5;17;7;75,8;5;66,1;11,1;83,8;834;2,49;630;125;137;477
2020;31923;Michelbach;872;13,5;16,6;6,4;79,3;5,2;69,8;6,5;75,6;354;2,46;248;95;97;156
2020;31925;Neidling;1456;15,6;21;3,3;74,5;2,8;66,4;15,9;81,9;580;2,51;434;107;115;500
2020;31926;Neulengbach;8377;15,2;20,4;9,3;73,2;5,5;62,1;17,8;70,4;3476;2,34;2346;712;804;3190
2020;31927;Neustift-Innermanzing;1591;14,8;17,2;6,6;75,7;3,7;67,2;13,2;80,1;668;2,33;460;136;154;500
2020;31928;Nußdorf ob der Traisen;1820;14,8;17,9;3,5;76,7;3,3;69,5;10,7;80,6;787;2,31;545;158;170;968
2020;31929;Ober-Grafendorf;4598;13,9;21,3;9,5;74,4;6,7;65,3;11;74,8;2067;2,22;1376;310;342;2098
2020;31930;Obritzberg-Rust;2331;14,7;19,8;5,1;77,3;3,9;67,7;10,5;76,1;901;2,59;681;254;261;609
2020;31932;Prinzersdorf;1572;13;18,8;11,3;76,5;7,5;65,9;14,6;84,3;716;2,2;465;125;143;603
2020;31934;Pyhra;3618;15,6;19;7,2;76;4,1;66,7;12,3;75,7;1502;2,41;1040;342;363;825
2020;31935;Rabenstein an der Pielach;2518;15,5;17,2;5;76,5;5,4;70,7;7,8;80,2;1041;2,41;727;182;195;488
2020;31938;St. Margarethen an der Sierning;1014;15;18,7;3,5;76,3;4;67,9;12,5;82,1;401;2,53;313;96;101;196
2020;31939;Schwarzenbach an der Pielach;370;12,2;27,8;3;83,3;3;69,8;2,8;67,2;143;2,59;105;43;46;78
2020;31940;Statzendorf;1426;14,9;15,8;7,8;77,2;5;67,5;9,7;79,6;606;2,35;421;116;124;440
2020;31941;Stössing;844;15,4;17,5;7,7;72,4;6,3;68,3;10,2;74,3;336;2,51;245;92;96;211
2020;31943;Traismauer;6363;15,7;18,6;11,6;73,3;7,7;64,2;8,9;76,5;2849;2,23;1792;372;426;1706
2020;31945;Weinburg;1406;16,3;17,9;2,4;78,4;6;69;9,3;75,1;586;2,4;422;74;84;1218
2020;31946;Perschling;1417;16,8;18,4;5,4;78,8;3,9;70,4;10,2;74,5;547;2,59;429;252;261;523
2020;31947;Wilhelmsburg;6557;13,1;23,3;11,4;72;8,5;63;9;75,4;2940;2,2;1882;373;427;1757
2020;31948;Wölbling;2515;14,3;18,6;9,1;74,3;6,2;63,6;13,2;78,6;1061;2,35;738;178;192;718
2020;31949;Gablitz;5002;14,7;23,4;11,9;75,8;4,4;58,4;25,4;80,6;2120;2,31;1452;430;464;1145
2020;31950;Mauerbach;3604;14,1;24,9;8,7;74,6;4,7;58,4;27,3;80,6;1596;2,26;1075;309;328;727
2020;31951;Pressbaum;7782;16,3;20,3;12,6;75,4;4,3;58,6;23,7;78,9;3201;2,39;2271;607;665;1919
2020;31952;Purkersdorf;9847;15,8;18,8;14,6;75,4;5,6;57,8;25,5;79;4447;2,18;2731;805;900;3017
2020;31953;Tullnerbach;2922;16,3;21,1;11,2;73,8;3,7;58,5;25,3;82,8;1213;2,39;846;267;293;776
2020;31954;Wolfsgraben;1760;16,6;18,9;8,5;75;5;61,7;23,7;80,5;741;2,38;511;178;187;366
2020;32001;Gaming;2995;11,9;26,5;7;74,6;3,9;68,5;8;58,2;1340;2,23;905;302;339;1247
2020;32002;Göstling an der Ybbs;2004;14,5;23,3;3,8;77,8;2,5;69,9;7,8;46,3;800;2,51;575;224;240;870
2020;32003;Gresten;1981;14;18,1;8,3;75,8;4,4;67,2;10,6;62,2;887;2,22;551;176;202;1801
2020;32004;Gresten-Land;1493;17,4;16,9;1,5;78,9;2,2;70,6;6,9;76,6;506;2,95;428;160;162;328
2020;32005;Lunz am See;1797;14,7;25,5;3,1;77,4;3,5;69,3;9,5;53,7;775;2,32;518;211;233;805
2020;32006;Oberndorf an der Melk;2988;16,8;18;1,7;79,3;1,7;69,5;6,4;74,7;1032;2,89;849;267;279;723
2020;32007;Puchenstuben;295;13,6;22,7;6,8;64,9;4,6;61,6;8,6;65;108;2,4;74;26;41;151
2020;32008;Purgstall an der Erlauf;5373;16,1;19,2;4,4;77;2,7;68,3;8,2;63;1977;2,68;1508;545;607;2873
2020;32009;Randegg;1849;16,1;18;1,4;77,9;2,5;68,2;5,4;67,4;655;2,82;536;175;187;630
2020;32010;Reinsberg;1054;19,9;15,5;2,1;75,8;1,9;71,8;6;74,4;347;3,04;309;91;99;209
2020;32011;St. Anton an der Jeßnitz;1181;15,3;20,6;3,3;80,2;2,7;67;2,9;78;409;2,89;335;123;128;246
2020;32012;St. Georgen an der Leys;1333;16,7;17,5;2;77,8;2,5;73,4;4,7;74,4;381;3,5;387;123;128;307
2020;32013;Scheibbs;4118;13,8;24,4;5,3;75,9;3,6;63,8;14,4;51,8;1784;2,25;1107;467;564;3732
2020;32014;Steinakirchen am Forst;2298;17,6;18;2,5;78,3;2,7;66,5;10,7;73,6;869;2,64;652;237;250;725
2020;32015;Wang;1389;17,3;15,8;2,7;80,7;1,7;70,1;6,3;80,1;432;3,21;395;121;129;266
2020;32016;Wieselburg;4367;14,9;15,7;19,5;75;6,4;59,9;12,4;62,8;2084;2,09;1176;276;365;5313
2020;32017;Wieselburg-Land;3416;16,2;18,1;4,2;78,7;3;68,2;10,1;81,7;1302;2,61;1015;247;261;987
2020;32018;Wolfpassing;1651;20,7;13,7;3,6;78,1;2,8;70,2;8,7;81,6;590;2,8;479;112;119;399
2020;32101;Absdorf;2212;15,1;16,2;12;79,6;3,4;65,2;11,8;79,4;975;2,21;627;141;157;686
2020;32104;Atzenbrugg;3127;15,2;18,1;9,9;78,9;3,6;68,1;11;77,7;1302;2,4;929;215;242;1040
2020;32106;Fels am Wagram;2367;14,8;17,2;6,8;78,9;2,6;63,3;13;80,8;1004;2,36;728;170;181;513
2020;32107;Grafenwörth;3201;14,2;24,2;5,2;77,3;3,8;65,2;9,4;76,8;1298;2,35;930;242;265;1070
2020;32109;Großriedenthal;937;14,7;20;1,9;77;2;70,2;8,4;74,5;375;2,5;273;96;101;191
2020;32110;Großweikersdorf;3225;13,8;21,5;5,2;77,4;3,6;67,5;11,1;77,9;1415;2,28;947;256;284;827
2020;32112;Judenau-Baumgarten;2313;15,7;18,2;10,7;78,9;3,7;66,1;13,4;80,5;938;2,45;700;149;166;758
2020;32114;Kirchberg am Wagram;3720;15,5;19,5;6,3;77,4;4,2;64;12,1;74,2;1554;2,39;1113;440;478;1248
2020;32115;Königsbrunn am Wagram;1408;14,4;17,6;6,7;78,4;2,9;64,9;9,5;83,4;572;2,46;428;91;100;319
2020;32116;Königstetten;2579;19,9;15,9;9;77,6;4;65,4;19,1;85,3;1075;2,39;771;241;254;552
2020;32119;Langenrohr;2422;15,4;17,2;11,1;77,8;4,1;70,2;9,9;82,8;1016;2,38;720;178;220;1057
2020;32120;Michelhausen;3637;16,4;15,1;11,7;76,7;4,4;65,7;15,1;79,6;1458;2,44;1074;282;312;1542
2020;32131;Sieghartskirchen;7609;14;19,4;11,5;76,7;4,9;66,9;13,2;76,2;3247;2,34;2286;564;612;2253
2020;32132;Sitzenberg-Reidling;2356;15,5;20,2;8,4;77,2;4;66,5;12;75,6;953;2,39;667;160;172;970
2020;32134;Tulbing;3034;14,2;23,5;5,9;75,3;3,2;68,4;15,6;81,8;1322;2,3;922;232;243;509
2020;32135;Tulln an der Donau;16381;13,6;19,2;15,4;74,9;5,4;61,7;16,8;62,5;7558;2,12;4556;1353;1644;11943
2020;32139;Würmla;1513;14,9;18,8;8,8;75,3;5;68,8;10,1;81,8;642;2,36;446;106;112;331
2020;32140;Zeiselmauer-Wolfpassing;2255;14,7;22,5;9,5;74,9;5,4;64,3;18,5;86,4;1009;2,23;657;146;163;423
2020;32141;Zwentendorf an der Donau;4127;14,5;19,1;14,9;75,2;5,7;67,7;6,5;74,5;1762;2,33;1226;204;240;1530
2020;32142;St. Andrä-Wördern;7895;13,8;21,3;10,8;74,9;4,9;62,3;21,7;78,9;3591;2,2;2306;596;647;1650
2020;32143;Muckendorf-Wipfing;1687;15,4;19;7,5;79,7;3,9;70,1;13;87,5;773;2,18;515;75;83;158
2020;32144;Klosterneuburg;27608;15;22,6;14,6;73;4,5;52,4;32,2;65,7;12433;2,19;7700;2905;3141;10760
2020;32202;Dietmanns;1021;10,7;25,4;2,1;73;4,8;65,1;6,6;84,5;495;2,06;296;32;38;150
2020;32203;Dobersberg;1575;13,1;22,8;3;74,9;4,7;69,5;7;64,5;664;2,37;448;167;185;619
2020;32206;Gastern;1194;12,2;22,7;0,9;75,8;4,2;66;5,4;75,9;493;2,42;354;98;106;446
2020;32207;Groß-Siegharts;2697;11,5;25,4;3,6;69,4;8;65;6,6;66,8;1329;2,03;740;240;268;1279
2020;32209;Karlstein an der Thaya;1492;14,3;23;3,5;74,4;5,1;66,5;6,8;59,7;652;2,29;428;143;150;973
2020;32210;Kautzen;1094;12,2;24,9;2,7;71,8;5,5;66,8;7;76;489;2,24;315;90;99;300
2020;32212;Ludweis-Aigen;901;13,2;26,1;1,2;75,7;4,1;73,1;6,6;77,1;393;2,29;256;118;120;170
2020;32214;Pfaffenschlag bei Waidhofen a.d.Thaya;927;12,9;22,3;1,3;75;3,8;65,2;7,3;77,5;383;2,42;263;93;96;312
2020;32216;Raabs an der Thaya;2628;10,5;30,9;4,2;71,7;4,9;67,1;8,2;51,5;1165;2,17;730;340;370;1248
2020;32217;Thaya;1397;13,7;19,1;1,2;78;3,5;66,3;8;80,9;586;2,38;397;100;106;226
2020;32219;Vitis;2656;14,6;20,6;1,7;78,7;4;65,8;6,2;69,5;1135;2,34;767;238;263;1285
2020;32220;Waidhofen an der Thaya;5316;11,2;24,6;4,1;73,3;5;63,9;13,6;49,4;2499;2,07;1448;491;615;4689
2020;32221;Waidhofen an der Thaya-Land;1287;16;16,1;0,4;82;2,8;70,7;8,1;86,7;474;2,72;375;94;95;136
2020;32222;Waldkirchen an der Thaya;491;8,8;31,4;1,4;70,7;4,4;67;5,8;70,1;240;2,05;150;60;68;115
2020;32223;Windigsteig;909;11,3;22,4;1,4;77,7;5,6;65,8;7,1;79,4;391;2,32;258;75;82;204
2020;32301;Bad Fischau-Brunn;3446;15,8;19,7;6,8;75,4;5,3;60,2;21,5;79;1540;2,23;997;285;322;1128
2020;32302;Bad Schönau;739;16,5;24,6;3;74,9;5,1;69,2;7,9;63,4;263;2,62;204;83;92;992
2020;32304;Ebenfurth;3181;16;17,5;19,6;67,1;10,9;59,3;8,3;85,4;1446;2,2;901;177;206;2774
2020;32305;Eggendorf;5056;12,9;23,7;14,2;72,8;8,2;67,5;7,7;89;2246;2,25;1544;217;246;714
2020;32306;Bad Erlach;3190;15;20,5;6,7;76,2;5,7;66,6;12,1;83,3;1393;2,19;891;188;215;1331
2020;32307;Felixdorf;4399;15;21,7;12,9;70;10,2;60,7;8,6;86,2;2021;2,18;1275;211;246;770
2020;32308;Gutenstein;1275;11,8;28,6;9,1;70,4;6,6;65,6;8,3;64,8;522;2,19;324;119;131;469
2020;32309;Hochneukirchen-Gschaidt;1633;14;19,8;0,7;76,9;2,8;67,6;6,6;79,6;647;2,52;487;148;159;287
2020;32310;Hochwolkersdorf;1019;13,3;22,3;3,1;76,2;3,4;67,7;9,4;83,8;431;2,35;308;84;94;162
2020;32311;Hohe Wand;1413;14,2;18,3;6;76,2;4,8;65,1;15,8;81,2;584;2,41;431;118;125;270
2020;32312;Hollenthon;1005;15;18,8;3;75,8;2,1;70,5;8,8;80,4;396;2,54;287;92;97;176
2020;32313;Katzelsdorf;3238;14,8;19,8;5,3;76,9;4,7;60;23,8;83,5;1347;2,4;989;252;276;658
2020;32314;Kirchschlag in der Buckligen Welt;2832;14,7;23,4;4,3;77,2;3,7;71,5;8,8;60,6;1138;2,46;810;284;319;1189
2020;32315;Krumbach;2299;15,7;19,6;2,5;78,7;3,6;72,9;8,5;67,5;968;2,37;646;242;260;1015
2020;32316;Lanzenkirchen;4011;15,4;17,7;7,7;75,6;5,6;66,3;12,8;84;1705;2,35;1182;244;271;1182
2020;32317;Lichtenegg;1049;15,3;19,4;0,9;82,5;2,2;71,2;10,5;68,4;387;2,71;300;141;149;339
2020;32318;Lichtenwörth;2729;12,6;21,5;9,7;72,1;8;63,9;9,8;77,4;1213;2,23;806;188;208;988
2020;32319;Markt Piesting;3089;16;19,3;12,7;74,1;6,6;63;14,8;76,6;1342;2,28;877;206;222;980
2020;32320;Matzendorf-Hölles;2106;13,5;21,9;7;75,9;6,3;72,5;8,9;84,5;898;2,31;642;162;172;382
2020;32321;Miesenbach;670;12,8;22,2;6,4;76,3;3,9;71,7;8,9;72,2;281;2,38;190;85;88;175
2020;32322;Muggendorf;521;11,1;20,2;7,3;80,4;1,3;69,1;12,5;77,4;232;2,25;156;54;56;117
2020;32323;Pernitz;2478;13,2;24,1;11,9;69;10,3;59,3;9,2;60,4;1207;2,04;689;434;468;1526
2020;32324;Rohr im Gebirge;453;17;21;3,5;80,1;2,1;64,4;5,1;56,4;179;2,53;127;73;78;165
2020;32325;Bromberg;1180;15,2;20,3;3,8;80,3;2,1;70,2;11,4;73,7;407;2,9;358;120;125;350
2020;32326;Schwarzenbach;921;11,7;23,1;4,6;76,7;4;66,1;7;75,1;380;2,42;275;80;85;192
2020;32327;Sollenau;5229;13,8;22,6;14,1;69,4;8,5;62,2;7,8;82,8;2343;2,19;1481;291;334;2163
2020;32330;Theresienfeld;3737;18,7;16,5;18;72,3;9,3;62,5;11,6;86,7;1541;2,43;1075;207;238;1041
2020;32331;Waidmannsfeld;1516;10,6;26,4;8,2;70,3;6,5;64,5;9,4;85,3;748;2,02;447;79;85;203
2020;32332;Waldegg;2043;14,9;19,1;15,6;70;8,9;61,6;10,4;74,5;928;2,2;575;125;135;1504
2020;32333;Walpersbach;1150;16,4;18,6;4,6;76,3;5,4;68,8;12,7;86,7;465;2,47;350;83;88;176
2020;32334;Weikersdorf am Steinfelde;1074;14,2;18,2;3,9;74,7;3,5;66,8;12,5;76,4;445;2,41;325;91;103;1312
2020;32335;Wiesmath;1526;15,5;21,3;1,8;79,8;2;68,3;9,9;72,2;597;2,56;444;146;155;379
2020;32336;Winzendorf-Muthmannsdorf;1883;13,4;21;7,5;74,4;7;66,8;14,2;77,3;869;2,17;561;131;146;638
2020;32337;Wöllersdorf-Steinabrückl;4721;16,7;16,5;11,4;76,5;6;66,4;11;83,5;2046;2,31;1398;276;320;2054
2020;32338;Zillingdorf;2083;13,9;18,2;6,8;75,5;6,1;69,1;9,9;88,8;930;2,24;636;102;114;211
2020;32501;Allentsteig;1738;10,8;29,2;2,2;76,3;6,7;63,4;8,2;70,4;865;2;497;107;131;1136
2020;32502;Arbesbach;1596;13,5;19;1;79,2;1,7;65,2;6,9;65,1;575;2,78;450;219;231;475
2020;32503;Bärnkopf;349;12,6;24,4;1,1;80,5;2,2;67,5;4,9;78,1;138;2,53;103;29;32;68
2020;32504;Echsenbach;1276;15,8;17,9;2,7;77;3,6;68,9;5,8;75,4;528;2,42;376;94;104;487
2020;32505;Göpfritz an der Wild;1816;13;22,2;2,3;75,6;5;66,7;4,8;75,3;747;2,43;519;161;174;451
2020;32506;Grafenschlag;854;15,2;20;2,2;80,5;2,8;72;6,5;68,5;326;2,62;241;121;127;361
2020;32508;Groß Gerungs;4424;14,8;20,5;1,5;77,2;3,1;66,9;7,6;60,6;1693;2,61;1289;461;488;1763
2020;32509;Großgöttfritz;1366;14,3;18,3;2,3;82,2;1,9;69,1;4,5;72,3;502;2,72;397;157;163;787
2020;32511;Gutenbrunn;508;12;27,8;3,9;75,5;3,7;64;7,8;83,3;233;2,18;144;39;42;93
2020;32514;Kirchschlag;628;11,1;22,1;2,5;79,5;2,3;71,3;5,6;73,8;243;2,58;182;79;80;157
2020;32515;Kottes-Purk;1447;13,3;21,6;2,2;74,8;3;68,8;5;62,1;582;2,49;419;183;191;489
2020;32516;Langschlag;1725;15,1;21,3;1,8;77;2,5;66,9;5,9;66;667;2,59;494;195;200;455
2020;32517;Martinsberg;1089;16,1;21,5;4,5;76,3;2,8;70,4;5;63,5;412;2,64;320;127;132;386
2020;32518;Ottenschlag;1008;12,6;25,4;3,8;74,7;4,2;64,6;12,7;54,9;425;2,36;291;137;157;930
2020;32519;Altmelon;863;15,5;19,9;0,7;81,1;1,1;68,7;4,5;72,2;322;2,68;260;100;105;215
2020;32520;Pölla;906;13,4;25,8;3;71,9;4,1;67,6;6,1;71,6;406;2,23;259;106;111;206
2020;32521;Rappottenstein;1725;16,1;19,4;1,5;79,2;2,5;69,5;7,7;67,2;669;2,58;489;210;224;588
2020;32522;Sallingberg;1282;14,1;24,3;3,8;77,6;3,8;66;6,4;68,2;488;2,63;381;151;164;406
2020;32523;Schönbach;776;13;21,1;2,8;80;1,6;64,1;6,8;64,5;293;2,65;217;106;114;340
2020;32524;Schwarzenau;1526;14,1;22,5;2,6;72,7;5,9;63,6;9,4;77,4;663;2,29;437;108;123;371
2020;32525;Schweiggers;2022;16,2;19,3;1,6;78,2;2,9;68;6,5;68,7;781;2,59;600;223;230;545
2020;32528;Bad Traunstein;996;16,1;20,1;0,7;76,4;2;69,3;7,5;69,8;391;2,55;276;133;142;341
2020;32529;Waldhausen;1219;14;22,1;2,4;77,6;3,6;65;6,5;73,5;489;2,49;353;118;132;529
2020;32530;Zwettl-Niederösterreich;10732;12,6;23,3;2,8;77,3;2,5;65,1;12;40;4552;2,3;3025;1120;1325;8480
2020;40101;Linz;206537;13,8;19;25;70,9;8,8;52,3;18,9;32,6;105077;1,92;51272;14003;16293;184041
2020;40201;Steyr;38029;13,4;21,9;20,1;69,6;10,7;58,4;11,5;42,8;19205;1,95;10072;2176;2688;27424
2020;40301;Wels;62627;15,2;18,5;28,7;70,4;9,8;55;11;43,5;28250;2,18;16622;4247;5080;50876
2020;40401;Altheim;4988;13,4;21,2;14,2;74,8;5;63,3;7,9;68,1;2214;2,22;1457;393;432;2226
2020;40402;Aspach;2593;16;15,6;9,5;79,3;3,4;64;7,1;70,7;1068;2,43;734;224;247;980
2020;40403;Auerbach;710;18,2;13,8;13;79,9;3,2;66,6;6,5;87,1;290;2,45;219;63;65;121
2020;40404;Braunau am Inn;17595;14;21;26,9;69,2;8,3;55,1;10;37,5;8116;2,13;4837;940;1171;13687
2020;40405;Burgkirchen;2725;15,3;17;11;77,7;3,5;65;7,8;78,7;1055;2,58;801;214;230;799
2020;40406;Eggelsberg;2517;14,4;17,3;10,3;78,6;4,1;63,4;8,7;66,7;1032;2,39;715;200;219;2519
2020;40407;Feldkirchen bei Mattighofen;2023;15,8;16,8;5,8;81,6;2,4;62,2;7,7;76,3;802;2,52;595;189;195;515
2020;40408;Franking;1014;12;18,7;12,2;80,3;4,3;65,4;8,3;75,1;422;2,4;307;75;82;410
2020;40409;Geretsberg;1171;17,1;17,9;9;77;2,6;62,7;5,8;72,6;456;2,55;337;97;100;534
2020;40410;Gilgenberg am Weilhart;1375;15,6;18,3;10,7;79,2;2,5;62,9;6,9;77,9;526;2,59;398;114;123;387
2020;40411;Haigermoos;621;16,7;18,8;5,5;77,5;2,7;65,2;10,1;83,3;247;2,51;189;52;55;84
2020;40412;Handenberg;1328;15,7;17;6,6;78,3;2,6;61,8;7,8;74,2;526;2,52;386;134;136;375
2020;40413;Helpfau-Uttendorf;3702;15,7;16;24;74,8;7,1;55;4,7;78,1;1469;2,52;1072;227;246;1107
2020;40414;Hochburg-Ach;3314;14,6;21,1;24,1;71,3;2,1;65,5;10,2;76,8;1420;2,33;992;214;230;772
2020;40415;Höhnhart;1432;15,4;18,2;6,7;77,2;3,1;61,6;6;67,5;599;2,39;407;142;148;561
2020;40416;Jeging;691;15,5;15,3;14,6;77,4;2,6;63;5,8;81,9;275;2,51;201;54;56;200
2020;40417;Kirchberg bei Mattighofen;1209;16,9;17,9;6;80,1;3,2;65,1;11,4;79,2;458;2,64;364;100;107;241
2020;40418;Lengau;4896;16,2;17;12,1;78,9;4,1;65,3;7;70;2007;2,44;1435;293;331;2537
2020;40419;Lochen am See;2878;17,7;14,8;5,1;81,4;1,9;67,2;10,8;74,7;1171;2,46;845;243;256;835
2020;40420;Maria Schmolln;1436;12,9;22,4;5,6;81;1,9;58,9;7,4;68,8;520;2,58;397;130;139;459
2020;40421;Mattighofen;7047;16,4;15,1;37;74,7;7,3;51;6,8;66,3;2855;2,42;1986;365;466;5394
2020;40422;Mauerkirchen;2517;13,9;19,9;24,6;72,8;8;54;7,2;81,9;1084;2,23;697;105;130;964
2020;40423;Mining;1269;15,2;17,5;7,6;77,5;2,6;67,3;11,8;84,5;527;2,41;390;87;92;196
2020;40424;Moosbach;1103;17,1;15;15,9;76,6;5,5;63,1;5,4;81,4;438;2,52;316;90;97;211
2020;40425;Moosdorf;1705;14,8;18,3;10,9;80,6;3,2;65,5;6,7;78,2;705;2,42;512;146;157;587
2020;40426;Munderfing;3063;15,3;16,6;12,5;77,8;4,4;64,5;9;76,8;1230;2,49;912;201;223;2075
2020;40427;Neukirchen an der Enknach;2282;16,3;17,9;9,6;78,6;3,4;65,3;7;78,6;904;2,52;666;188;196;607
2020;40428;Ostermiething;3295;15,2;20,2;13,7;75;3,7;62,4;7,2;77,9;1382;2,32;932;179;208;925
2020;40429;Palting;1052;15,2;16,3;4,8;81,3;2,5;67,3;11,3;80;440;2,39;323;96;98;251
2020;40430;Perwang am Grabensee;1067;16,6;15,5;7,9;82,8;2,1;65,3;12,7;81,7;437;2,44;314;93;99;206
2020;40431;Pfaffstätt;1179;15,8;15,9;21;76,8;4,6;61,7;8,8;74;469;2,5;348;65;74;1200
2020;40432;Pischelsdorf am Engelbach;1700;14,3;18;11,1;80,7;3;63,4;5,8;80,2;676;2,51;501;147;155;313
2020;40433;Polling im Innkreis;994;16,6;19,7;6,9;81,7;3,5;62,8;5,7;75,5;408;2,44;291;83;87;295
2020;40434;Roßbach;895;12,3;19,3;5,5;78,6;2,6;64,5;6;81;383;2,34;268;76;82;253
2020;40435;St. Georgen am Fillmannsbach;429;14,2;14,5;3,7;83;1,5;61,7;7,9;82,2;167;2,57;126;50;50;221
2020;40436;St. Johann am Walde;2047;14;18,3;6,4;77,3;3,8;61,1;6,1;75,7;801;2,56;619;158;165;461
2020;40437;St. Pantaleon;3225;15,2;19,8;15,4;75,3;5,9;62,1;7,7;78,4;1412;2,27;944;212;230;811
2020;40438;St. Peter am Hart;2380;13,8;20;13,1;72,3;3,8;63,9;11,9;81,7;964;2,4;716;143;161;678
2020;40439;St. Radegund;588;13,4;18,5;10,7;73,3;2;60,9;10,6;78,6;252;2,33;174;46;48;122
2020;40440;St. Veit im Innkreis;412;17,2;18,7;6,8;83;2,6;66,9;5,3;86,4;153;2,69;126;18;19;35
2020;40441;Schalchen;4020;15,2;17,2;15,9;76,8;5;62,1;7,7;84,1;1602;2,51;1200;222;252;1320
2020;40442;Schwand im Innkreis;1005;18;16,3;6,6;81,4;1,3;66,1;8,5;76,7;380;2,64;303;99;105;261
2020;40443;Tarsdorf;2110;13,2;19,4;10;77,5;2,2;63;7,3;70,7;809;2,61;634;153;159;837
2020;40444;Treubach;735;15,9;18,5;9,5;78,2;2,3;64,2;5,7;79,8;295;2,49;208;69;72;152
2020;40445;Überackern;679;12,1;19,3;29,3;70;2,9;63,5;9;93,4;287;2,37;211;23;25;42
2020;40446;Weng im Innkreis;1413;12,2;19,1;6,6;77,8;3,1;68,8;5,6;70,9;593;2,38;433;112;123;987
2020;40501;Alkoven;6041;16,3;17,3;8,3;76,3;3;63,9;13,5;79,5;2532;2,34;1781;384;424;1704
2020;40502;Aschach an der Donau;2206;15,6;21,3;15,8;76,7;3,3;58,9;11,4;78;978;2,26;624;131;163;906
2020;40503;Eferding;4290;15,7;19,2;20,2;75,4;4,8;57,1;10;72,3;2004;2,07;1113;340;447;3518
2020;40504;Fraham;2451;16,7;17,4;8,2;81,2;2,9;65;10,9;82,3;1005;2,44;735;173;182;1223
2020;40505;Haibach ob der Donau;1278;13,6;18,9;2,3;80,9;1,5;63,6;9,5;77,1;505;2,53;376;127;135;339
2020;40506;Hartkirchen;4054;13,9;21,7;3,6;79,1;1,9;65,3;8,3;76,2;1599;2,49;1179;340;370;1217
2020;40507;Hinzenbach;2059;15,8;16,5;6,6;79,5;1,7;67,9;8,8;82,5;815;2,53;633;147;161;786
2020;40508;Prambachkirchen;2969;16,2;16,8;6,9;78,6;2,3;64,5;8,8;75,7;1158;2,54;868;201;218;1172
2020;40509;Pupping;1826;13,6;20;6,7;78,5;1,7;65,6;10,1;81,2;732;2,48;547;154;179;1044
2020;40510;St. Marienkirchen an der Polsenz;2328;14,3;17,8;4;80,8;2,1;66,5;9,6;80,5;942;2,47;704;205;216;497
2020;40511;Scharten;2275;16,8;17;4,3;78,1;3,2;66,6;13,6;82,4;922;2,47;670;178;184;405
2020;40512;Stroheim;1623;16,1;17,4;1,4;80,7;1,8;66,2;7,7;81,5;608;2,67;496;150;156;324
2020;40601;Freistadt;8004;15,6;19,2;10,2;74,4;5,9;60,2;13,6;60,7;3621;2,17;2232;586;788;5603
2020;40602;Grünbach;1940;16,8;16,3;2,5;76,6;3,4;65,6;6,7;80,1;740;2,61;569;160;170;384
2020;40603;Gutau;2744;14,7;17,5;2,7;76,9;3,4;63;8,7;75,8;1024;2,65;818;235;243;708
2020;40604;Hagenberg im Mühlkreis;2789;15,3;15,8;3,7;77;1,4;60,7;19,9;78,3;1177;2,35;817;208;252;1438
2020;40605;Hirschbach im Mühlkreis;1175;16,8;19,7;1,6;76,7;2,9;66,9;8,9;75,7;448;2,62;354;120;126;313
2020;40606;Kaltenberg;608;16,4;17,4;1,2;77,6;2,2;60;6,1;78,1;204;2,98;172;66;68;133
2020;40607;Kefermarkt;2160;17,3;17,4;3,2;77,6;2,7;68,8;10,3;81,6;869;2,49;643;157;173;768
2020;40608;Königswiesen;3086;16,9;16,6;0,9;78,9;1,5;63;5,5;67,4;1054;2,93;892;268;288;878
2020;40609;Lasberg;2848;14,9;20,4;3,5;79,1;2,6;66;9,5;80,1;1056;2,63;813;213;227;770
2020;40610;Leopoldschlag;992;15,4;19,4;3,6;77,7;2,1;68,3;6;74,3;391;2,54;294;96;105;225
2020;40611;Liebenau;1571;14,6;20,2;0,8;77,7;2;64,1;5,7;63,8;625;2,49;451;172;183;475
2020;40612;Neumarkt im Mühlkreis;3148;15,6;18,4;2,3;76,2;3,4;66,4;11,1;79,3;1177;2,66;941;266;279;820
2020;40613;Pierbach;1018;19,4;15,5;1,4;76,8;2,1;64,8;5;76;352;2,89;293;88;92;188
2020;40614;Pregarten;5533;14,9;18,5;5,2;79,1;2,9;65,8;10,8;79,7;2364;2,3;1661;344;399;1807
2020;40615;Rainbach im Mühlkreis;2962;17,4;21;3,5;78,1;3,3;65,5;7,7;73,6;1103;2,61;846;210;228;897
2020;40616;Sandl;1385;14,2;20,7;3,2;76,6;4,4;62,5;6,2;76,1;573;2,42;402;119;126;258
2020;40617;St. Leonhard bei Freistadt;1350;14,4;20,1;1,4;76,2;2,4;62,9;5,7;77,3;547;2,47;401;120;128;257
2020;40618;St. Oswald bei Freistadt;2904;16,4;15,7;2,9;79,7;3,2;68,3;6,5;80;1186;2,45;853;192;199;666
2020;40619;Schönau im Mühlkreis;1960;17,6;18,1;1,3;80;1,3;64,7;6,9;69,2;752;2,57;570;168;175;494
2020;40620;Tragwein;3132;16,7;17,7;2,6;80;2,4;65,2;9,7;72,9;1211;2,59;917;273;285;1078
2020;40621;Unterweißenbach;2155;16,2;21,3;1,2;79,5;1,7;62,1;5,5;58,2;736;2,83;606;211;240;1142
2020;40622;Unterweitersdorf;2188;16,1;15,4;2,2;78,2;3,5;66,9;12,9;87;892;2,45;675;147;169;793
2020;40623;Waldburg;1411;17,9;17,3;1,8;77;1,5;64,4;8,9;81,7;528;2,67;417;110;118;229
2020;40624;Wartberg ob der Aist;4370;15,4;17,4;2,8;78,7;2,1;66,7;12,5;83,6;1752;2,44;1313;246;262;1239
2020;40625;Weitersfelden;1056;17,2;19,5;3,5;79,2;2,5;65,9;6,4;70,7;420;2,51;293;110;121;284
2020;40626;Windhaag bei Freistadt;1567;15,8;18,1;3,4;75,5;2,5;64,8;5,6;72,7;594;2,64;457;159;171;400
2020;40627;Bad Zell;2927;16,9;18,7;1,9;80,5;1,8;65;10,5;65,8;995;2,89;840;284;307;1097
2020;40701;Altmünster;9872;14,7;21,6;8;75;3,3;62,8;17,1;71,3;4273;2,27;2809;776;848;3266
2020;40702;Bad Goisern am Hallstättersee;7544;12,7;22,6;6,4;77,2;2,9;70,8;10,3;48,9;3287;2,25;2210;533;595;3395
2020;40703;Bad Ischl;14131;13,3;23,9;13,3;73,9;4,9;62,4;14,5;44,3;6795;2,05;3825;1149;1364;6986
2020;40704;Ebensee am Traunsee;7612;12,4;23,6;7,4;73,6;4,2;66,3;11,5;63,8;3607;2,08;2245;428;491;2367
2020;40705;Gmunden;13207;12,2;24,9;17,9;72,6;6;55,4;20,7;55,5;6499;1,97;3492;1268;1554;10414
2020;40706;Gosau;1821;13,2;23,9;8,4;75,5;4,7;70,1;8,9;54,4;764;2,3;482;140;159;702
2020;40707;Grünau im Almtal;2040;14;24,2;8,2;76,4;5,2;66,1;10,1;64,5;911;2,24;588;201;216;618
2020;40708;Gschwandt;2875;16,4;16,7;4,6;79,7;2,1;66,9;13,1;81,5;1143;2,52;857;228;248;890
2020;40709;Hallstatt;748;10,3;25,8;16,7;71,5;5,6;65,6;13;46,2;389;1,92;213;89;113;474
2020;40710;Kirchham;2239;16,3;16,1;4,6;80,7;2,4;66,8;9;73,3;896;2,5;655;190;203;833
2020;40711;Laakirchen;9771;15,3;18,5;15,8;74,6;5,5;64,8;7,2;60,8;4124;2,34;2793;572;655;6103
2020;40712;Obertraun;747;10,7;24,8;17;72;5,9;70,9;7,8;62,1;350;2,13;231;49;63;276
2020;40713;Ohlsdorf;5282;16,8;18,4;6,6;77,8;3,4;67,8;12,7;78,8;2191;2,41;1595;352;384;2066
2020;40714;Pinsdorf;4063;15,9;17,6;12,6;77;4,8;65;10,5;81,8;1719;2,36;1209;202;233;1362
2020;40715;Roitham am Traunfall;2038;15,4;17,5;5,9;79,6;3,2;68,4;10,8;78,3;841;2,42;589;153;164;711
2020;40716;St. Konrad;1152;16,6;17,8;4,9;82,1;2,6;67;7,5;79,1;440;2,62;344;102;109;223
2020;40717;St. Wolfgang im Salzkammergut;2834;14,7;20,5;9,7;77,6;3,1;68,4;9,6;57,7;1162;2,43;804;341;359;1270
2020;40718;Traunkirchen;1649;13,1;22,9;6,2;74,3;3,2;64,9;17,7;76,4;788;2,09;466;146;161;531
2020;40719;Scharnstein;4942;16,3;19,9;7,8;77,6;3;65,7;11,4;55,7;2055;2,37;1388;392;430;2496
2020;40720;Vorchdorf;7589;15,8;17,2;9,2;77,5;4,1;63,9;8,8;60,8;3089;2,46;2243;581;651;4164
2020;40801;Aistersheim;951;16,9;15,6;7,2;83;1,5;66,3;9,1;82,6;373;2,55;282;85;91;216
2020;40802;Bad Schallerbach;4246;13,9;20;17,8;78,8;3,8;59,9;12,1;75,5;1973;2,11;1153;248;285;1927
2020;40804;Eschenau im Hausruckkreis;1051;14,7;17,8;1,6;81,5;0,7;62,9;5,2;83,5;350;3;313;90;92;270
2020;40805;Gallspach;2826;15,8;19,5;23,7;74,4;5,4;59;8,5;83,8;1198;2,26;744;145;161;588
2020;40806;Gaspoltshofen;3599;15,1;20,6;8;74,1;2,7;65;8,2;62,1;1336;2,55;985;279;308;1793
2020;40807;Geboltskirchen;1442;15,8;18,7;5;78,1;2,6;65,1;10,1;78,3;557;2,59;418;114;120;266
2020;40808;Grieskirchen;4996;15,1;22,1;19,5;73,4;6,1;55;14,3;64,9;2229;2,2;1363;471;607;5891
2020;40809;Haag am Hausruck;2203;16,1;17,6;10,6;81;2,2;61,9;12,9;66,2;883;2,49;631;203;230;1684
2020;40810;Heiligenberg;705;15,9;16,5;2,7;80,7;2;65,4;8,3;78,2;248;2,84;206;66;68;130
2020;40811;Hofkirchen an der Trattnach;1657;16,7;16,5;9,4;79,8;2,2;62,9;9,3;74,3;673;2,46;475;126;131;889
2020;40812;Kallham;2503;13,1;23,4;4,4;77,8;3;62,6;8,4;77,9;1015;2,39;719;196;206;862
2020;40813;Kematen am Innbach;1432;18,2;13,8;9;78,7;3;69,8;6,1;86,1;552;2,59;414;84;92;212
2020;40814;Meggenhofen;1560;18,3;14,6;3,9;80,6;2,4;65,6;10,6;83,2;595;2,62;450;118;130;377
2020;40815;Michaelnbach;1265;16,4;19;2,5;79,7;1,6;65,7;7,3;79,5;409;3,09;367;117;124;307
2020;40816;Natternbach;2305;14,7;19,1;3;78,9;2,4;61;5,8;71,5;857;2,69;673;177;191;674
2020;40817;Neukirchen am Walde;1638;15,4;18,6;2,9;78,9;2,4;63,9;6,6;74,1;630;2,6;464;131;139;569
2020;40818;Neumarkt im Hausruckkreis;1484;13,1;21;15,2;73,2;5,8;59,3;7,8;77,8;671;2,21;412;107;137;857
2020;40820;Pötting;539;15,2;18,7;0,6;78,1;2;64,6;10,5;79,4;195;2,76;165;55;60;181
2020;40821;Pollham;967;16,2;16,3;2,7;81,1;0,7;66,5;12,1;83,9;350;2,76;285;88;89;141
2020;40822;Pram;1665;14;18,4;5,9;77,5;2,6;60,6;11,6;75,5;657;2,53;485;120;127;605
2020;40823;Rottenbach;1109;16,3;16,8;7,5;80,5;2,7;62,8;8,1;80,7;407;2,72;323;90;95;362
2020;40824;St. Agatha;2141;16;16,2;1,8;82,4;1,1;61,4;7,5;77,8;751;2,85;617;177;187;458
2020;40825;St. Georgen bei Grieskirchen;1355;17,4;13,1;3;79,6;2,1;65,7;13,5;86,7;527;2,57;394;88;96;691
2020;40826;St. Thomas;562;19,8;12,8;3,2;81,8;1,9;69,4;7,8;82,3;197;2,85;154;41;45;76
2020;40827;Schlüßlberg;3039;15,3;18,9;7,7;77,5;3,5;64,8;8,2;82,2;1258;2,4;923;214;240;1253
2020;40828;Steegen;1081;12,9;16,4;2,5;68,2;1,7;59,6;6,1;73,1;368;2,7;297;93;97;909
2020;40829;Taufkirchen an der Trattnach;1940;15;18,2;4,2;80,6;1,9;64,5;8,4;80,2;756;2,57;586;174;181;666
2020;40830;Tollet;931;15,7;17;2,9;80,1;1,7;62;16,8;84,4;349;2,65;287;65;70;252
2020;40831;Waizenkirchen;3721;15,7;19,9;7,8;80;2,4;63;9,5;69,7;1478;2,47;1044;280;309;1555
2020;40832;Wallern an der Trattnach;3079;15,9;19,4;7,8;77,8;2,2;65,7;12,4;75,5;1281;2,4;918;273;302;1839
2020;40833;Weibern;1714;15,8;19,1;8,5;78,5;2,2;63,2;10,6;69,6;641;2,67;505;128;139;863
2020;40834;Wendling;860;17,9;12,9;1,9;78,2;2,1;65,3;8,8;78,6;315;2,73;238;80;87;134
2020;40835;Peuerbach;4669;14,5;18,9;7,1;79;2,4;62;9,2;67,8;1911;2,39;1326;464;504;2081
2020;40901;Edlbach;639;14,6;19,7;8;76,2;2,7;64,8;13,2;68,7;243;2,58;178;81;86;191
2020;40902;Grünburg;3858;15,6;20;9,7;76,5;4,5;60,1;6,3;76,3;1547;2,44;1075;312;333;1207
2020;40903;Hinterstoder;903;11,2;29,7;12,6;79,4;4;63,6;10,3;45,1;434;2,08;257;146;162;516
2020;40904;Inzersdorf im Kremstal;1876;14,8;19,9;4,9;80,3;3,5;66,4;7,3;80,1;787;2,38;555;172;188;535
2020;40905;Kirchdorf an der Krems;4629;14,2;20,2;17,7;75,1;6,4;58,5;12,1;60,9;2212;2,05;1245;349;475;4813
2020;40906;Klaus an der Pyhrnbahn;1072;13,4;21,5;10,4;79,7;3,1;65,4;9,1;74,5;483;2,19;302;68;81;350
2020;40907;Kremsmünster;6663;15,2;19,2;17,3;77,6;4,1;60,8;11,2;58,9;2744;2,38;1859;475;537;4130
2020;40908;Micheldorf in Oberösterreich;5919;14,4;20,9;10,3;76,9;4,2;61,5;11,1;69,9;2525;2,29;1717;379;430;2582
2020;40909;Molln;3657;15,7;20,8;10,3;76,4;3,9;61,8;8,4;58,7;1478;2,46;1061;275;299;2006
2020;40910;Nußbach;2296;17,5;17,6;3,9;80,1;1,6;66,9;8,7;72,3;830;2,76;680;194;200;1292
2020;40911;Oberschlierbach;487;20,9;19,1;3,1;77,7;3,3;62,3;12,7;79,3;183;2,66;138;44;46;88
2020;40912;Pettenbach;5348;16,4;17,1;8,3;79;3,5;64,4;9;68,1;2132;2,51;1501;467;505;2289
2020;40913;Ried im Traunkreis;2827;16;17,6;7,4;78,7;2,9;64,3;7,5;70;1075;2,56;792;272;295;1402
2020;40914;Rosenau am Hengstpaß;658;12,8;22;12,6;80,2;3;64,5;4,5;74,3;285;2,31;200;50;54;233
2020;40915;Roßleithen;1916;16,8;21;4,7;78,8;2,1;67,5;9,3;72,8;758;2,53;558;160;168;510
2020;40916;St. Pankraz;351;16,8;19,7;8,8;79,4;4,3;66,8;4,8;79,1;154;2,28;98;30;34;85
2020;40917;Schlierbach;2874;17,2;16,7;8,1;78,9;3,2;62,3;14,2;75,6;1142;2,5;829;270;281;1079
2020;40918;Spital am Pyhrn;2245;15,7;19,4;8,2;76,6;4,1;68,4;6,5;56,3;965;2,33;640;187;204;1390
2020;40919;Steinbach am Ziehberg;860;16;20,2;3;79,6;1,6;67,5;6,2;78,1;318;2,69;244;81;85;148
2020;40920;Steinbach an der Steyr;1970;14,9;18,9;4,8;79,1;3;67,5;8,1;79,9;756;2,61;580;166;171;341
2020;40921;Vorderstoder;819;14,4;23,1;5,1;77,7;3,8;72,5;7,7;63,6;332;2,47;230;93;97;215
2020;40922;Wartberg an der Krems;2980;16,1;16,6;8,9;76,5;4,5;64,8;8,4;70,2;1142;2,61;894;287;306;1551
2020;40923;Windischgarsten;2368;12,3;25,5;12,5;75,2;4,5;63,9;12,9;66;1118;2,03;641;183;222;1070
2020;41001;Allhaming;1201;16,2;16;6,8;79,4;3;64,7;14,5;77,7;479;2,45;349;124;138;830
2020;41002;Ansfelden;17437;16,5;17,2;25,3;72,8;7,9;56,4;8;74,7;7523;2,3;4901;928;1143;8090
2020;41003;Asten;6832;15,6;14,7;16,3;73,3;4,6;63,4;8,1;83,8;2842;2,31;1954;283;377;3658
2020;41004;Eggendorf im Traunkreis;1083;21,4;12,2;6,6;82,1;3,4;65,6;15;86,7;399;2,71;317;80;87;168
2020;41005;Enns;11915;15,2;18,6;22,9;74,8;5,8;58,1;11,8;65,2;5299;2,22;3369;734;877;7791
2020;41006;Hargelsberg;1413;19,8;15,6;3,9;80;1,6;66,5;17,5;82,9;554;2,55;438;126;133;332
2020;41007;Hörsching;6258;15,3;18,9;13,6;76,8;5;64,2;10,2;77,5;2783;2,21;1805;459;553;6806
2020;41008;Hofkirchen im Traunkreis;1953;18,4;15,1;8,1;79,1;2,9;63,7;14;85,4;758;2,56;594;111;124;315
2020;41009;Kematen an der Krems;2977;18,7;13,2;11,4;79,6;2,5;65,3;12,3;83,3;1202;2,45;855;267;276;866
2020;41010;Kirchberg-Thening;2467;15;21,4;4,2;79,5;2,8;62,4;19,7;84,2;1043;2,37;777;189;199;563
2020;41011;Kronstorf;3553;15,5;18,5;11,8;79,6;4,1;66,9;10,9;84,2;1548;2,3;1060;228;243;646
2020;41012;Leonding;28936;15,9;18,6;15,2;76,7;4,9;56,4;21;80,6;13406;2,14;8175;1903;2186;14349
2020;41013;St. Florian;6184;14,3;22,2;5,5;77,6;3;63,7;19;77,6;2643;2,3;1859;490;544;9243
2020;41014;Neuhofen an der Krems;6661;16,8;18,4;10,3;77,3;3,8;61,8;16,7;76,6;2824;2,3;1909;439;485;2300
2020;41015;Niederneukirchen;2088;16,9;17,6;4;80,8;2,3;68,6;14,1;79,6;810;2,58;658;181;193;493
2020;41016;Oftering;2135;17,4;18,1;5,2;78,9;3,6;68,2;14,7;84,1;916;2,33;639;163;169;792
2020;41017;Pasching;7644;15,3;18;15,3;76,3;5,5;61,3;13,8;80,4;3354;2,24;2202;550;801;7703
2020;41018;Piberbach;1870;17,8;16,4;4,7;78;2,7;66,4;10,7;88,7;739;2,53;552;122;125;207
2020;41019;Pucking;4058;16;18,1;7,7;79,2;3,2;68,7;10,8;84,1;1589;2,55;1269;268;293;1192
2020;41020;St. Marien;4864;16,6;16,3;6,4;79,6;3,4;66,2;14,4;83,4;1934;2,51;1491;328;346;1002
2020;41021;Traun;24872;15,4;18,8;25,8;72;8;56,6;8,3;76;10800;2,26;6873;1282;1520;11639
2020;41022;Wilhering;5888;15,4;19,8;7,1;77,3;2,4;58,9;21,8;81,4;2429;2,41;1800;399;425;1300
2020;41101;Allerheiligen im Mühlkreis;1279;17;17,8;3;77,8;2,5;67,9;8,6;81,9;473;2,7;376;94;97;216
2020;41102;Arbing;1518;16,9;15,3;5,9;78;3,7;63,8;10,1;84,8;591;2,56;460;99;105;550
2020;41103;Baumgartenberg;1789;17,2;20,3;6,7;76;2,6;65,3;10,1;70,7;653;2,58;491;124;136;1024
2020;41104;Dimbach;963;15,6;19,3;0,6;78,5;2;62,1;3,4;68,5;343;2,81;273;134;140;283
2020;41105;Grein;2904;13,7;21,5;9,4;74,4;3,8;63,8;8,3;67,5;1125;2,51;817;302;348;1317
2020;41106;Katsdorf;3205;17,6;14,9;4,9;79,2;2,3;66,3;15,6;85,8;1276;2,5;957;209;235;606
2020;41107;Klam;952;15,4;12,6;2,5;80,1;1,1;69,7;7,5;87,6;357;2,67;277;51;57;103
2020;41108;Bad Kreuzen;2323;17,4;17,6;6,5;76,2;2,5;62,1;8,3;70;671;3,16;605;215;228;786
2020;41109;Langenstein;2501;14,1;18,8;9,5;76,2;3,3;65,3;7;85,3;1118;2,24;762;137;146;542
2020;41110;Luftenberg an der Donau;4330;15,9;17,2;6,6;80,4;3,5;67,4;11,9;87,7;1871;2,31;1345;238;258;1226
2020;41111;Mauthausen;4953;14,2;19,3;16,3;75,1;5,6;58,7;10;78,6;2182;2,22;1384;318;400;2580
2020;41112;Mitterkirchen im Machland;1720;16,5;18,2;6,5;77,3;2,8;68,1;6,1;79,8;640;2,67;508;128;135;326
2020;41113;Münzbach;1820;18,4;15,3;8,5;78,6;1,7;64,8;5,7;67;676;2,67;523;181;188;1039
2020;41114;Naarn im Machlande;3740;16,8;16,6;8,9;78,4;2,9;66,2;8,2;76,4;1398;2,65;1089;276;288;1489
2020;41115;Pabneukirchen;1687;18,8;17,4;2,9;78,2;1,4;62,8;7,4;61,3;527;3,2;489;206;222;782
2020;41116;Perg;8808;15,6;16,3;15,7;76,3;4,7;59,6;11,9;64,7;3832;2,27;2459;686;833;7203
2020;41117;Rechberg;1012;21,7;12,4;4,4;80,1;1,6;64,9;8,2;79,2;365;2,73;295;68;73;226
2020;41118;Ried in der Riedmark;4323;16,7;15,6;3,6;77,6;3;64,8;12,3;84,3;1615;2,66;1307;260;271;779
2020;41119;St. Georgen am Walde;1964;15,7;17,6;1,1;78,5;1,7;62,1;5,7;72;692;2,84;565;178;189;447
2020;41120;St. Georgen an der Gusen;4385;15,7;18,4;9,4;77,7;4,2;62,2;13,2;83,4;1930;2,23;1260;212;244;981
2020;41121;St. Nikola an der Donau;735;13,9;18,9;13,5;67,8;7,6;62,2;8,5;78,7;305;2,33;205;70;70;125
2020;41122;St. Thomas am Blasenstein;915;17,4;18,7;2;81,7;0,6;64,2;6,5;73,7;314;2,91;251;102;106;216
2020;41123;Saxen;1750;15,4;18,4;6,6;78,9;2,3;66,3;9,1;80,2;650;2,69;511;124;136;378
2020;41124;Schwertberg;5351;16,2;19,4;12,8;75,5;4,7;59,2;11,1;65,8;2208;2,39;1542;286;325;4145
2020;41125;Waldhausen im Strudengau;2855;16,7;18,5;3,9;77,4;2,1;62,8;7,6;70,5;1047;2,73;839;223;242;654
2020;41126;Windhaag bei Perg;1511;17,3;15,4;9,9;76,8;3,4;64,3;8,9;80,2;531;2,85;446;113;119;281
2020;41201;Andrichsfurt;789;18;14,1;7,2;80,6;3,5;62,4;7;76,7;302;2,61;221;79;83;201
2020;41202;Antiesenhofen;1052;12,7;19,9;15,1;77,4;4,1;59,4;5;80,3;428;2,46;324;69;78;349
2020;41203;Aurolzmünster;3090;15,1;17,2;15,1;77;4,4;61,9;6,6;79,9;1302;2,37;913;176;197;1696
2020;41204;Eberschwang;3471;14,6;19,2;7,7;79,8;2,8;64,9;8,8;67,7;1459;2,35;984;270;291;1163
2020;41205;Eitzing;884;17,4;14,4;6,1;80,4;3;64,2;9,3;86,8;341;2,59;265;58;62;112
2020;41206;Geiersberg;501;15,2;21,2;2,4;79,6;1,6;58,6;8,9;83;199;2,52;144;42;44;143
2020;41207;Geinberg;1416;14,3;17,5;13,2;75,8;4,5;64,6;6,2;73,9;617;2,28;403;98;112;1281
2020;41208;Gurten;1205;15;18,9;9,5;78,5;5,1;65,5;7,7;68,9;503;2,4;347;88;95;1285
2020;41209;Hohenzell;2269;15,8;17,2;5;74,3;3,2;61;15,4;77,2;907;2,5;671;215;238;1223
2020;41210;Kirchdorf am Inn;649;13,9;19;12,2;80,7;3,5;63,1;8,6;79,8;263;2,47;190;58;60;155
2020;41211;Kirchheim im Innkreis;729;14,8;16,7;4;81,2;2,2;64,6;7,2;79,9;291;2,51;212;90;92;226
2020;41212;Lambrechten;1329;15;19;5,6;80,3;1,9;62;6,5;69,4;521;2,54;371;129;133;449
2020;41213;Lohnsburg am Kobernaußerwald;2212;15,3;19,7;3,7;78,2;2,3;63,8;8,1;71,2;888;2,49;644;210;215;740
2020;41214;Mehrnbach;2351;13,9;21;8,2;78,3;4;62,3;9,3;80,5;944;2,42;685;167;177;1223
2020;41215;Mettmach;2371;15,1;17,3;3,7;77;2,6;64,7;5,5;76,5;966;2,45;672;181;194;632
2020;41216;Mörschwang;337;15,7;19,6;7,1;80,7;1,6;66,9;14,1;73,9;122;2,76;104;41;41;89
2020;41217;Mühlheim am Inn;661;12,1;22,2;9,4;78,1;2,3;69,5;6,9;84,7;293;2,26;205;46;48;119
2020;41218;Neuhofen im Innkreis;2481;14,4;17,5;7,3;76,7;3,8;64,3;14,4;85,7;1013;2,45;763;168;175;396
2020;41219;Obernberg am Inn;1639;10,7;23,8;27,5;71,2;5,5;57,3;7;81;740;2,09;443;70;85;521
2020;41220;Ort im Innkreis;1295;17,8;16,4;14,1;77;3,4;61,3;5,8;77,1;518;2,5;363;101;107;669
2020;41221;Pattigham;1019;18,4;17,4;4,7;78,5;3;64,3;11,1;82;402;2,53;307;88;95;204
2020;41222;Peterskirchen;686;15,3;20,4;2,2;78,9;1,7;64,2;11,5;82,4;261;2,63;209;59;61;98
2020;41223;Pramet;1024;15,4;18,9;4,1;79,2;3;64,9;9,1;72,8;413;2,48;303;92;96;434
2020;41224;Reichersberg;1595;14,5;18,6;14,9;77,5;2,9;62,9;9,1;74,5;641;2,47;476;122;141;2284
2020;41225;Ried im Innkreis;12240;13,5;20,2;24,4;70,9;7,4;52,9;13,9;48,7;5943;2;3230;944;1217;14001
2020;41226;St. Georgen bei Obernberg am Inn;554;11,4;23,3;9;79,6;4,2;67,2;11,8;73,7;231;2,4;159;87;89;171
2020;41227;St. Marienkirchen am Hausruck;900;17,9;12,7;3,4;78,6;2,5;65,6;11,2;79,5;327;2,75;261;74;78;202
2020;41228;St. Martin im Innkreis;2100;17,3;13,5;22,6;76,6;3,7;61,6;9,7;67,8;847;2,48;608;143;169;2014
2020;41229;Schildorn;1205;16,4;15,6;2,9;83;1,7;66;8,6;82,7;456;2,64;361;98;105;197
2020;41230;Senftenbach;788;15;17,1;9,8;79,4;3,6;64,8;8,8;84,8;307;2,57;238;60;62;224
2020;41231;Taiskirchen im Innkreis;2416;16,6;18,1;4,3;77,9;3,7;61,5;10,2;75,6;918;2,63;695;179;191;546
2020;41232;Tumeltsham;1590;14,2;18;7,2;78,6;2,4;61,3;17,3;80,9;637;2,5;482;172;212;1396
2020;41233;Utzenaich;1606;15,9;16,8;7,5;80,1;2,9;62,8;9,8;80,8;636;2,53;480;129;139;474
2020;41234;Waldzell;2260;16,7;17,8;4,4;79,1;2,8;64,8;6,4;70,7;903;2,48;654;192;203;662
2020;41235;Weilbach;623;15,9;18,8;7,4;78,4;1,5;63,7;9,2;79,6;240;2,6;188;54;58;159
2020;41236;Wippenham;562;16,2;16;3,7;78,5;1,6;67,5;7,4;87,7;227;2,48;165;35;36;93
2020;41304;Altenfelden;2309;16,6;17,2;5,5;77,9;2,1;64,1;11,3;74,1;893;2,54;666;191;204;979
2020;41305;Arnreit;1154;19,3;15,2;2,5;78,4;1,3;68,3;8,2;77,8;460;2,51;312;104;108;381
2020;41306;Atzesberg;440;17,3;17;1,4;76,1;3,5;63,5;3,3;82,9;171;2,57;133;40;41;58
2020;41307;Auberg;572;18,2;16,8;1,9;82,5;1,9;65,8;5,8;78,5;228;2,51;164;67;68;135
2020;41309;Haslach an der Mühl;2557;14,4;23,5;6,5;76,1;2,3;60,8;11,2;71,7;1063;2,32;705;172;191;988
2020;41311;Hörbich;400;15,8;14,8;2;82,7;0,9;67,4;4,7;79,9;149;2,68;120;51;54;72
2020;41312;Hofkirchen im Mühlkreis;1516;16,8;18,7;4;78,9;3;63,3;7,2;68,2;598;2,52;450;125;143;681
2020;41313;Julbach;1562;14,2;19,3;3,6;78,5;1,9;62,1;6,3;83,7;655;2,38;461;100;107;217
2020;41314;Kirchberg ob der Donau;1050;15,7;18,9;1,8;78,6;2,5;65,4;7,2;79,3;451;2,33;300;80;83;325
2020;41315;Klaffer am Hochficht;1301;12,6;19,8;6,4;80,5;1,4;64,6;5,6;83,4;577;2,25;377;67;77;221
2020;41316;Kleinzell im Mühlkreis;1688;17,5;18,4;2,5;80,4;1,9;63;9,7;82,9;639;2,51;479;89;101;334
2020;41317;Kollerschlag;1532;17,8;15,9;4,2;81,2;1,5;62,9;5,1;78,9;572;2,67;440;87;92;353
2020;41318;Lembach im Mühlkreis;1535;16;21,5;6,7;81,2;1,9;60,1;8,8;74,5;626;2,33;404;104;126;763
2020;41319;Lichtenau im Mühlkreis;473;13,1;18,4;2,5;81,2;1,1;64,5;5,4;86,1;185;2,56;144;39;40;63
2020;41320;Nebelberg;651;20,1;15,4;4,3;79,8;0,3;62,9;6,3;83;230;2,83;188;34;35;162
2020;41321;Neufelden;1208;16,2;19,3;13,7;74,1;2,3;56,4;15,5;68,2;501;2,39;329;134;153;1147
2020;41322;Niederkappel;976;17,1;20,7;1,9;80,6;2,9;62,4;7,3;80,5;398;2,45;280;77;81;287
2020;41323;Niederwaldkirchen;1841;17,9;17;2,3;80,6;1,1;66,1;9,6;73,8;710;2,59;523;169;181;671
2020;41324;Oberkappel;716;16,5;18,4;10,8;75,1;2,2;63;7;78,7;271;2,64;196;57;63;163
2020;41325;Oepping;1543;14,8;15,4;2,2;81,3;2;67;7,7;79,1;625;2,47;460;116;122;548
2020;41326;Peilstein im Mühlviertel;1536;17;17,6;2;78,9;1,5;65,6;6,4;73,5;608;2,53;448;126;135;500
2020;41327;Pfarrkirchen im Mühlkreis;1424;16,2;19;5,4;78,9;0,9;61,2;7,6;73,3;540;2,64;400;138;146;396
2020;41328;Putzleinsdorf;1536;16,1;16,7;3,8;81,9;0,9;65,1;8,8;77,1;614;2,5;423;144;152;419
2020;41329;Neustift im Mühlkreis;1449;16,8;18;5,8;75,4;2,4;61,3;8;71,5;530;2,73;412;108;117;306
2020;41331;St. Johann am Wimberg;994;15,9;16,7;3,1;78,8;2,2;63,3;8,7;76;406;2,45;279;94;99;248
2020;41332;St. Martin im Mühlkreis;3780;17;16;5,1;79,1;1,8;65,4;11,4;71,5;1502;2,52;1110;329;356;1747
2020;41333;St. Oswald bei Haslach;504;16,1;15,1;3,2;78,1;2,8;64,8;7,1;84;200;2,52;148;34;36;74
2020;41334;St. Peter am Wimberg;1731;14,6;17;1,6;82,6;0,7;64,2;7,6;75;710;2,42;494;125;135;561
2020;41336;St. Ulrich im Mühlkreis;666;17,7;17;1,5;80,9;1,1;60,2;10,9;82,9;256;2,6;192;63;63;126
2020;41337;St. Veit im Mühlkreis;1272;17,4;19,7;3;79;1,1;66,1;10,4;78,3;518;2,46;372;93;96;281
2020;41338;Sarleinsbach;2270;16,7;16,7;2,4;77,7;1,2;64;8,1;62,1;876;2,56;625;210;223;1683
2020;41341;Schwarzenberg am Böhmerwald;569;10,5;25,7;14,1;77,4;0,3;64,2;5,3;83,5;262;2,17;162;40;43;73
2020;41342;Ulrichsberg;2853;11,9;22,6;5,9;76,7;2,7;60,5;7,6;63,9;1213;2,29;819;202;226;1234
2020;41343;Aigen-Schlägl;3248;15,1;21,4;5,8;78,4;2,1;63,8;10,6;66,4;1418;2,24;907;240;272;1439
2020;41344;Rohrbach-Berg;5210;14,2;20,8;8,7;76,3;3,3;57,1;14,4;57,8;2284;2,23;1447;443;592;4594
2020;41345;Helfenberg;1535;14,7;21,6;4,2;76,1;1,9;61,1;9,9;75,9;609;2,52;444;109;118;397
2020;41346;St. Stefan-Afiesl;1100;14,7;19,7;2,7;79,5;1,8;62,4;7,9;80,3;433;2,54;331;102;108;291
2020;41401;Altschwendt;693;18,2;17,7;3,2;78,8;3,3;64;8,8;77,8;269;2,58;187;64;66;113
2020;41402;Andorf;5230;15,3;18,8;7,4;75,5;4,4;58,6;8,8;72,1;2051;2,51;1476;364;412;2125
2020;41403;Brunnenthal;2097;15,8;19;10,9;75,3;3,7;61,8;13,8;82,3;815;2,57;625;141;149;438
2020;41404;Diersbach;1546;13,5;18,8;4,7;77,6;1,7;60,7;8;80,3;593;2,59;446;140;147;284
2020;41405;Dorf an der Pram;1059;15,5;16,7;3;80,2;1,2;62,7;11,4;73,8;404;2,62;317;89;93;501
2020;41406;Eggerding;1334;16,3;17,5;4,6;77,3;2,8;65;8,2;75,6;504;2,65;388;124;126;278
2020;41407;Engelhartszell;912;9,2;25,5;8,7;65,2;3,6;57,7;7,9;63,5;362;2,31;237;81;105;492
2020;41408;Enzenkirchen;1798;14,4;16,9;4,7;78,1;2,5;61,1;4,5;73,2;686;2,62;519;162;172;543
2020;41409;Esternberg;2852;12,7;21,5;6,2;76,9;1,7;60,3;6,5;76,3;1036;2,64;809;169;183;591
2020;41410;Freinberg;1439;12,3;22,6;26;64,8;2,6;63,9;8,2;70,2;607;2,36;405;80;87;924
2020;41411;Kopfing im Innkreis;1974;14,7;20,8;4,2;79;2,3;57,3;8;64,4;805;2,45;577;178;190;1076
2020;41412;Mayrhof;323;20,1;11,8;3,4;83,6;1,6;70,5;7,4;87;101;3,2;89;30;30;34
2020;41413;Münzkirchen;2549;15,8;17,6;3,5;77,7;2,6;64,3;7,6;72,8;950;2,67;736;188;205;835
2020;41414;Raab;2257;14,2;19,8;6,2;77,9;3;62,8;8,2;74;943;2,39;659;206;222;831
2020;41415;Rainbach im Innkreis;1515;16,9;17,2;3,4;78,8;1,6;64,3;7,1;81,5;558;2,72;455;132;136;242
2020;41416;Riedau;2074;14,9;18,5;10,9;74,1;4,4;59,5;7,9;78;881;2,35;610;106;124;892
2020;41417;St. Aegidi;1550;14;18,3;2,6;79,8;1,5;60,1;5,5;73;560;2,74;438;132;144;421
2020;41418;St. Florian am Inn;3171;15,2;18,4;13,3;74,5;4,5;61,2;10;73,8;1332;2,37;927;205;230;2509
2020;41419;St. Marienkirchen bei Schärding;1943;17,1;17,3;8,4;76,2;3,4;62;9,1;74,1;759;2,55;576;138;151;945
2020;41420;St. Roman;1743;14,7;16,8;2,4;81;2,1;61,9;5,9;74,3;643;2,71;485;154;159;438
2020;41421;St. Willibald;1129;13,6;18,4;5;78,4;3,2;62,3;4,4;73,7;452;2,5;331;96;104;438
2020;41422;Schärding;5173;12,9;23,6;22,6;69,3;6,9;55,3;13,4;61,4;2557;1,99;1353;404;556;4162
2020;41423;Schardenberg;2461;18,4;18,7;16,9;72,7;2,8;64,9;8;74,8;981;2,5;712;207;214;623
2020;41424;Sigharting;826;14,4;17,8;4;81,4;1,9;64,5;7,8;71,6;312;2,65;234;83;89;490
2020;41425;Suben;1552;12,1;14,4;21,8;56,7;4,6;59,8;10,1;81,5;533;2,41;378;90;102;720
2020;41426;Taufkirchen an der Pram;2943;15,5;20;7,9;75,6;3,2;60;7,3;67,9;1177;2,49;875;223;248;1536
2020;41427;Vichtenstein;616;14,6;21,4;16,1;71,1;3,1;61;4,6;81,7;262;2,35;165;45;49;85
2020;41428;Waldkirchen am Wesen;1179;12,9;18,5;2,7;73,9;2,7;64,2;5,3;76,7;453;2,55;330;109;119;344
2020;41429;Wernstein am Inn;1553;14,2;19,8;11,7;73,3;3;64,3;9,1;78,8;656;2,37;437;108;112;441
2020;41430;Zell an der Pram;2000;16,1;20,6;7,2;79,1;2,6;61;9,3;69,6;747;2,6;545;151;162;763
2020;41501;Adlwang;1949;18,4;16,2;5,3;78,7;3;67,2;10,4;76,6;703;2,77;567;161;172;632
2020;41502;Aschach an der Steyr;2307;16,5;17,7;2,4;78,5;2,7;69,8;13,7;80,5;843;2,74;713;184;191;429
2020;41503;Bad Hall;5568;14,5;21,6;13,6;75,1;5,9;61,5;12,3;68,3;2463;2,17;1537;352;415;3164
2020;41504;Dietach;3297;15,8;17,2;8,2;79,7;3,6;67,1;14,3;81,9;1400;2,36;992;263;292;1607
2020;41505;Gaflenz;1924;17,6;19,4;3,8;78,3;1,2;67,9;7,5;68,5;714;2,69;565;183;190;569
2020;41506;Garsten;6639;14,3;20,5;6,2;71,8;3,5;63,2;15,4;80,9;2568;2,42;1855;414;443;1662
2020;41507;Großraming;2671;17,1;21,4;2,4;77;2,8;67;9,4;69,4;1068;2,48;759;202;219;1099
2020;41508;Laussa;1234;16,6;17,5;1,6;78;2,7;69;6,4;73,7;452;2,73;350;114;122;278
2020;41509;Losenstein;1591;14,7;20,4;5,3;75,6;3,9;67,9;9,5;66,2;649;2,45;473;131;146;921
2020;41510;Maria Neustift;1629;19,3;16;1,5;77,9;2,9;67,8;6,4;77,9;545;2,99;454;147;152;289
2020;41511;Pfarrkirchen bei Bad Hall;2331;15;18,8;6,3;78,8;3,2;67,2;11,3;87,4;990;2,35;702;126;131;424
2020;41512;Reichraming;1710;13;21,3;4,3;75,6;4,4;70,5;5;73,7;731;2,34;517;118;133;476
2020;41513;Rohr im Kremstal;1444;18,3;14,5;7,5;74,7;5;66,8;10,5;81,4;571;2,53;428;103;110;402
2020;41514;St. Ulrich bei Steyr;3080;14,8;21,9;3,8;77,9;2,9;62,7;17,4;81,5;1258;2,45;947;283;300;1031
2020;41515;Schiedlberg;1283;15,4;17,7;6,2;77,5;4,5;66,9;11,2;73,3;490;2,62;387;166;174;523
2020;41516;Sierning;9442;14,2;19,4;10,2;76,4;5,8;67,2;9,3;77,6;4229;2,2;2749;559;623;2623
2020;41517;Ternberg;3377;14,8;21,9;4,6;78,9;4;70,1;7,5;68,1;1409;2,36;966;301;329;1252
2020;41518;Waldneukirchen;2247;15,1;17,4;5,9;77,2;2,5;66,8;9,6;73,5;858;2,59;651;206;223;1215
2020;41521;Wolfern;3175;15,4;21;2,6;79,1;3;68,2;12,2;75,8;1320;2,36;959;265;283;1517
2020;41522;Weyer;4092;14,4;24,6;6,9;74,9;4,2;63,8;10,3;60;1714;2,32;1167;274;323;1343
2020;41601;Alberndorf in der Riedmark;4201;17,5;15,6;3;78,8;1,7;68,3;11,4;82,3;1595;2,63;1252;279;298;727
2020;41602;Altenberg bei Linz;4628;17,8;18,3;3,3;79,3;1,6;61,3;20,3;76,9;1765;2,61;1393;392;413;968
2020;41603;Bad Leonfelden;4267;15,4;19,4;6,9;78,1;2,5;64,8;11,1;59,7;1807;2,31;1174;341;401;2726
2020;41604;Eidenberg;2118;15,6;15,1;4;80,9;2,7;67,4;12,6;82,9;850;2,49;620;203;212;395
2020;41605;Engerwitzdorf;8853;15,8;18,2;4,5;77,1;2,4;63,3;16,4;83,6;3557;2,42;2602;497;539;2649
2020;41606;Feldkirchen an der Donau;5364;13,8;20,2;5,2;78,4;2,2;66;10,7;76,2;2232;2,34;1555;434;463;1641
2020;41607;Gallneukirchen;6604;13,9;18,2;7,1;75,7;3,4;59,3;19,8;80,3;2978;2,14;1870;897;986;3155
2020;41608;Goldwörth;799;13,1;19,1;2,8;79,3;2,7;64,4;15;86,7;335;2,39;249;66;68;134
2020;41609;Gramastetten;5113;15,5;21;4,6;78,1;2,2;60,2;20,1;79,6;2093;2,38;1523;432;458;1211
2020;41610;Haibach im Mühlkreis;914;15,3;17,8;3,5;79,7;2,4;66;15,5;85,9;340;2,69;270;78;82;104
2020;41611;Hellmonsödt;2357;15;22,2;6,2;78,9;2,9;62,1;17,7;79,8;1031;2,21;674;188;211;776
2020;41612;Herzogsdorf;2677;16,5;15,3;1,8;82,8;1,7;69,5;9;80,8;978;2,74;793;235;246;574
2020;41613;Kirchschlag bei Linz;2202;16,2;17,3;6,7;76,8;3,3;62,8;18,4;79;947;2,33;636;205;212;640
2020;41614;Lichtenberg;2784;16,1;18,9;3,2;77,9;2,2;57,7;27;81,6;1159;2,4;845;237;247;564
2020;41615;Oberneukirchen;3182;14,9;19,4;3,7;79;2,4;65,5;11,3;70,9;1287;2,46;940;274;290;1136
2020;41616;Ottenschlag im Mühlkreis;563;19,7;15,1;2,3;74,9;3,8;67,3;9,3;87;189;2,97;159;42;43;60
2020;41617;Ottensheim;4762;14,8;20;8,2;77,3;3,2;59,9;23,1;77,2;2202;2,16;1392;382;446;1677
2020;41618;Puchenau;4521;14,1;25,8;6,6;73,8;3,1;55,6;30,3;85,2;2154;2,09;1356;343;368;816
2020;41619;Reichenau im Mühlkreis;1319;16;14,2;5,3;78,4;1,6;67,8;13,2;82,5;545;2,42;395;101;106;248
2020;41620;Reichenthal;1505;17,6;16,7;2,7;81,2;2,3;68,9;8,1;74,8;625;2,41;437;120;133;550
2020;41621;St. Gotthard im Mühlkreis;1318;14,6;18,9;5,3;79,2;3;65,8;13,9;84,3;583;2,26;396;97;101;184
2020;41622;Schenkenfelden;1580;15,3;18,6;2,2;76,4;1,7;67,6;8,7;77,4;601;2,61;454;138;149;390
2020;41623;Sonnberg im Mühlkreis;1054;19,3;13,7;2;81,2;2,2;64,4;16,1;86,5;405;2,6;318;93;94;207
2020;41624;Steyregg;4913;14,3;21,4;9;77,8;3,2;63,2;16;80,7;2289;2,15;1467;360;404;2046
2020;41626;Walding;4222;14,6;21,2;4,7;78,8;2,6;62,3;16,7;79,4;1831;2,25;1240;303;333;1232
2020;41627;Zwettl an der Rodl;1744;17,3;18,5;5,6;78,8;2,8;62,9;13,7;80;704;2,48;496;142;155;449
2020;41628;Vorderweißenbach;2670;17,5;17,2;2;79,3;1,8;65,9;9,4;73,9;1020;2,62;770;204;218;760
2020;41701;Ampflwang im Hausruckwald;3386;14,9;22,2;14;72,9;5,8;62,5;5,6;72,9;1502;2,25;989;154;171;1062
2020;41702;Attersee am Attersee;1626;13,3;21,8;7,3;76,3;3,7;61,2;20,4;71,8;765;2,13;447;192;215;504
2020;41703;Attnang-Puchheim;9135;16,1;19,8;29,6;69,4;8,4;56,4;7;70;3915;2,27;2488;388;497;5274
2020;41704;Atzbach;1230;16,4;18,4;6,2;77,2;2,9;61,9;10,4;71,6;487;2,53;354;118;124;559
2020;41705;Aurach am Hongar;1760;17,3;15,6;3,7;79,8;3,4;70,1;8;83,9;681;2,58;522;118;129;264
2020;41706;Berg im Attergau;1074;18;15,6;3,9;80,1;1,5;65,3;10,9;79,8;404;2,66;313;96;99;204
2020;41707;Desselbrunn;1876;19;15,1;4,7;78,9;3,1;70,1;9,1;82,7;693;2,71;558;146;160;462
2020;41708;Fornach;969;18,1;14,9;3,7;77,4;3,9;65;7,4;80,8;363;2,67;280;76;79;283
2020;41709;Frankenburg am Hausruck;4891;14,8;19,3;6,3;76,9;3,8;65,4;7,2;68,9;2012;2,4;1416;350;376;1514
2020;41710;Frankenmarkt;3752;16,1;18,7;16,7;75,5;5,1;61,1;8,3;64,3;1553;2,35;1023;225;258;1966
2020;41711;Gampern;2958;17,3;15,7;4,1;79,3;2,3;65,9;10,7;77,4;1135;2,61;874;210;223;1676
2020;41712;Innerschwand am Mondsee;1207;16,2;16,7;7;80,7;2,3;64,9;13,6;79;461;2,62;351;121;129;325
2020;41713;Lenzing;5239;14,4;20,9;13,7;74,2;6,6;63,5;7,7;65,7;2443;2,1;1474;201;252;5611
2020;41714;Manning;788;14,5;19;2,3;74,4;4,8;68,5;8,8;87;308;2,56;231;45;49;107
2020;41715;Mondsee;3889;13;20,1;22,4;78,5;4,2;59,4;17,1;64,1;1917;1,99;1027;631;709;3470
2020;41716;Neukirchen an der Vöckla;2631;16,9;20,1;3,9;80,2;2,3;67,2;10,4;73,4;1006;2,58;767;187;199;905
2020;41717;Niederthalheim;1130;20,1;17,2;10,3;77,3;3,6;62,9;7,1;75,8;384;2,94;317;97;100;187
2020;41718;Nußdorf am Attersee;1142;15,2;22,4;10,9;76,8;4,6;67,6;13,7;61;526;2,17;319;166;177;393
2020;41719;Oberhofen am Irrsee;1699;18,2;13,6;8,7;80,2;3,4;67,5;11,4;77,2;687;2,47;471;149;160;452
2020;41720;Oberndorf bei Schwanenstadt;1347;13,4;19,7;7,9;74,4;5,1;66,7;8,9;88,3;591;2,28;400;83;88;445
2020;41721;Oberwang;1742;16,6;15,9;3,6;83,7;0,8;67,2;5,4;66,3;651;2,68;489;190;203;743
2020;41722;Ottnang am Hausruck;3902;17,2;19,4;8,6;74,6;4,5;64,5;8,1;78,4;1531;2,51;1115;242;266;885
2020;41723;Pfaffing;1506;14,8;19,1;3,8;75,4;3,2;66,4;8;81,9;563;2,56;433;104;108;518
2020;41724;Pilsbach;630;13,7;17,8;3,3;77,1;2,9;66,7;12,7;83,2;243;2,59;197;58;58;92
2020;41725;Pitzenberg;549;15,3;13,7;2,4;78,7;2,8;71;9,2;86,5;207;2,65;171;34;36;88
2020;41726;Pöndorf;2428;16,4;16,9;6,8;79,1;3,4;65;5,5;76,5;953;2,55;702;191;201;592
2020;41727;Puchkirchen am Trattberg;1090;18,4;15,5;5,3;78,3;2,4;64,3;14,6;83,2;396;2,72;314;95;99;292
2020;41728;Pühret;622;18;17,8;2,3;76,4;2,2;68,4;9,4;89,6;221;2,81;190;33;37;64
2020;41729;Redleiten;535;17,8;14,2;7,5;76,9;4,7;63,4;5,2;85,4;202;2,65;157;28;29;59
2020;41730;Redlham;1632;14,4;17,5;6;77,1;4;67,4;9,4;84,7;681;2,4;496;99;108;1194
2020;41731;Regau;6758;16,6;16,4;10,5;77,5;3,9;65,3;10,2;80,4;2655;2,54;1987;609;671;3014
2020;41732;Rüstorf;2190;16,1;17;7,9;76,7;4,7;65,1;8,1;86,5;927;2,36;658;105;113;530
2020;41733;Rutzenham;299;22,4;18,1;3,7;79,8;1,4;66,4;15,5;76,1;111;2,69;92;33;34;70
2020;41734;St. Georgen im Attergau;4518;16,2;16,2;14,8;76,1;3,7;63,9;10,6;66,2;1852;2,34;1248;368;413;2107
2020;41735;St. Lorenz;2523;16,8;17,1;8,7;79,9;2,3;62,9;17,2;75,2;978;2,58;726;323;332;887
2020;41736;Schlatt;1407;14,9;18,2;9,4;78,1;4,9;67,3;10,8;87,2;594;2,37;418;84;89;278
2020;41737;Schörfling am Attersee;3472;14,5;19,5;8,5;76,8;4,1;64,4;17,1;76,5;1593;2,18;1004;295;338;1546
2020;41738;Schwanenstadt;4501;15,6;18;21,7;73,1;8;57,6;10,5;75,6;2046;2,16;1216;295;359;2238
2020;41739;Seewalchen am Attersee;5666;14,8;19,4;6,8;76,5;3,4;64,3;16,8;80,7;2545;2,22;1670;396;443;1439
2020;41740;Steinbach am Attersee;904;15;25,6;11,2;76,7;3,4;67,3;14,7;60;407;2,18;243;101;106;319
2020;41741;Straß im Attergau;1511;16,2;14,8;8,3;77,7;4;67,6;9,2;81,3;597;2,53;424;139;145;336
2020;41742;Tiefgraben;4009;17;14,9;9,8;80,8;2,3;63,4;15,5;76,4;1549;2,59;1143;411;443;1250
2020;41743;Timelkam;5934;13,3;20;12;74,6;4,7;64,5;8,9;80,4;2657;2,19;1697;292;348;1910
2020;41744;Ungenach;1496;17,2;17,5;4,7;80,3;2,7;66,4;13,8;84;559;2,68;440;92;99;237
2020;41745;Unterach am Attersee;1514;12,1;23,4;11,6;76,2;3,5;65,1;15,8;64,3;736;2,06;422;153;168;830
2020;41746;Vöcklabruck;12445;13,1;23;19,6;71,3;7,4;56,4;15,2;58,9;5875;2,03;3292;1233;1530;13209
2020;41747;Vöcklamarkt;5074;15,5;18,2;12,2;77,6;4,1;64,1;8,1;68,5;2072;2,42;1459;354;396;2401
2020;41748;Weißenkirchen im Attergau;957;17,1;17,7;3,9;77,6;2,4;63,8;7,3;75,9;367;2,61;280;102;104;276
2020;41749;Weyregg am Attersee;1551;15;22,2;5,3;76,7;2,7;61,8;19,3;70,7;679;2,28;438;159;172;396
2020;41750;Wolfsegg am Hausruck;2016;15,9;20;11;76,3;4,9;65,4;10,9;75;832;2,42;579;173;184;734
2020;41751;Zell am Moos;1631;16,1;18,2;8,2;81,3;2,2;63,9;13,2;70,6;636;2,56;480;177;188;720
2020;41752;Zell am Pettenfirst;1233;16,5;19,7;4,9;76,1;4,2;67,2;10,9;82,1;492;2,51;363;89;96;194
2020;41801;Aichkirchen;614;20,8;15;4,1;81;4,2;65,8;11,3;83,4;232;2,65;169;52;55;410
2020;41802;Bachmanning;741;19,8;17,7;14,7;75,2;5,3;66,2;8,6;73,1;275;2,69;208;69;74;240
2020;41803;Bad Wimsbach-Neydharting;2582;16,6;17,9;6,3;80,5;3,6;67,3;9,7;75,8;1052;2,45;744;212;219;1025
2020;41804;Buchkirchen;4023;14,6;18;4,6;80,5;2,2;68,9;12,3;81,4;1650;2,44;1239;307;321;1213
2020;41805;Eberstalzell;2809;17,7;15,7;6,9;82;2,6;65,9;9,2;70,8;1004;2,73;780;242;265;1776
2020;41806;Edt bei Lambach;2331;15,8;17,6;9,1;77,9;3,4;70,3;8,9;82,8;994;2,35;713;176;195;1525
2020;41807;Fischlham;1359;15,5;19,5;4,2;78,1;3,6;67,2;9,6;77,3;548;2,48;412;132;138;432
2020;41808;Gunskirchen;6342;15,9;18,2;10,8;79,3;3;66,1;11,8;69,6;2510;2,5;1885;509;549;4956
2020;41809;Holzhausen;1033;20,6;11,1;5,2;85,4;4,3;68,8;15;83;435;2,36;302;98;105;708
2020;41810;Krenglbach;3217;17,3;17,8;6;78,9;3,1;67,3;13,4;83,6;1282;2,51;989;241;256;1124
2020;41811;Lambach;3583;14,7;20,1;23,2;73,2;7,9;57,9;10,6;78,6;1616;2,12;945;204;242;1360
2020;41812;Marchtrenk;14266;16,5;16,5;17;77,5;5,6;64,4;8,9;73,9;5889;2,4;4131;898;1022;7995
2020;41813;Neukirchen bei Lambach;962;17,6;17;5,9;78,4;3,7;68,1;13,2;85,8;384;2,51;287;73;75;194
2020;41814;Offenhausen;1723;17,1;15;10;80,3;3,1;66,3;10,2;80;693;2,49;491;117;126;386
2020;41815;Pennewang;953;18,5;14,2;5,2;81,5;1,3;68,7;13;81;377;2,53;279;97;103;183
2020;41816;Pichl bei Wels;2912;16,3;16,8;8,8;78,2;3,2;65,9;11,3;77,9;1115;2,61;853;229;252;1163
2020;41817;Sattledt;2694;16,3;16,3;13,5;79,7;4;64,6;9,5;68,3;1071;2,51;777;241;292;4480
2020;41818;Schleißheim;1421;19,4;14,6;7,2;80,3;3,8;65,3;17,8;85,6;558;2,55;421;91;97;200
2020;41819;Sipbachzell;2143;19,1;14,8;6,2;79,5;2,6;65,9;13,4;78,1;811;2,64;628;180;191;1046
2020;41820;Stadl-Paura;4969;13,7;20,8;18;75,9;6,4;63,1;6,8;80,6;2227;2,19;1448;306;347;1261
2020;41821;Steinerkirchen an der Traun;2427;17,5;18,7;4,6;82,1;1,8;66,3;10,1;73,9;821;2,87;682;238;251;715
2020;41822;Steinhaus;2346;17,8;18,1;6,1;79,1;2;65,8;14,6;78,9;920;2,55;713;225;242;2055
2020;41823;Thalheim bei Wels;5567;14,6;21,4;13;77;4,4;59,9;19,9;79;2522;2,17;1583;490;540;3133
2020;41824;Weißkirchen an der Traun;3453;16,3;16,2;8;79,3;2,8;66,1;13,1;81,2;1366;2,52;1072;300;323;1455
2020;50101;Salzburg;154996;12,9;20,7;28,9;70,5;6,9;51,8;22,1;29,7;76172;1,99;38782;13712;15812;115773
2020;50201;Abtenau;5906;15,1;19,1;10,4;78,1;3;67,5;8,2;44,1;2120;2,74;1682;583;639;2683
2020;50202;Adnet;3675;15,8;19,1;6,6;80,9;2,4;69,9;13,5;74;1502;2,45;1111;327;349;1512
2020;50203;Annaberg-Lungötz;2237;16;20,8;8,9;77,6;2,5;66,5;6,5;57,8;866;2,58;633;206;226;862
2020;50204;Golling an der Salzach;4326;17,1;19;15,7;76,9;4;66,4;12,2;70;1817;2,36;1202;313;355;1650
2020;50205;Hallein;21336;16;17;22,9;73,9;6;59,1;13,9;66,8;9626;2,2;5911;1404;1658;9668
2020;50206;Krispl;887;17,8;18,8;3,4;82,2;2,5;73,3;7,3;71,7;329;2,7;244;101;105;199
2020;50207;Kuchl;7376;17;17,5;10,1;78,6;2,8;65,5;14,7;68;2893;2,53;2073;580;637;3073
2020;50208;Oberalm;4463;14,4;21,8;13,5;78;2,9;60,2;20,8;81,5;1902;2,28;1270;336;374;1479
2020;50209;Puch bei Hallein;4740;14,2;17,5;14,3;74,7;3,1;63,1;19,9;80,8;1923;2,33;1314;382;422;3840
2020;50210;Rußbach am Paß Gschütt;774;12,9;20,4;6,1;74;3,9;68,2;5,9;71,4;302;2,56;232;59;64;200
2020;50211;Sankt Koloman;1782;17,3;17,2;6,3;78,3;1,9;68,9;10;76,9;648;2,75;515;157;167;319
2020;50212;Scheffau am Tennengebirge;1403;17,1;18,6;4,6;78,7;1,5;71,5;10,3;76,7;532;2,64;404;127;130;349
2020;50213;Bad Vigaun;2087;17,2;18;8,5;81,5;1,8;69;11,9;77,7;876;2,38;605;150;159;687
2020;50301;Anif;4323;14,6;22,6;16;76,5;3,3;59,5;24,8;74,3;1846;2,31;1215;481;529;3069
2020;50302;Anthering;3738;15,6;17,3;8,9;79,2;2,7;67,5;14,8;76,1;1625;2,3;1082;319;349;1310
2020;50303;Bergheim;5623;15,5;18,7;16,4;75,9;2,7;62,1;18,6;73,9;2312;2,34;1533;535;679;4845
2020;50304;Berndorf bei Salzburg;1713;13,8;17,9;6,4;78,9;3;69,7;10;77;709;2,42;507;160;169;468
2020;50305;Bürmoos;4946;15,5;18,1;13,4;74,9;4,6;65,2;10,2;77;2031;2,4;1460;197;222;1753
2020;50306;Dorfbeuern;1573;16,7;17,5;7,6;79,8;1,7;64,3;12,3;79,8;592;2,64;449;132;141;334
2020;50307;Ebenau;1441;18,1;18,5;6,7;77,7;2,9;67,2;14,2;73,2;571;2,52;417;117;124;364
2020;50308;Elixhausen;3049;14,8;20,2;9,8;80,1;2,8;65,7;17,4;77,9;1282;2,37;896;261;294;1132
2020;50309;Elsbethen;5493;13,7;21;11,3;77,6;2,9;58,6;26,1;79,7;2472;2,2;1554;457;513;2580
2020;50310;Eugendorf;7057;15,2;17,8;10,3;79,2;3,2;67,4;13,5;72,3;2764;2,52;2043;664;782;4842
2020;50311;Faistenau;3095;17;15,7;7,9;77,1;2,9;70,1;10,7;74,2;1147;2,68;906;264;281;633
2020;50312;Fuschl am See;1581;14,7;16,3;18,2;78,5;2,9;63,3;19,3;64,1;689;2,27;440;171;189;1286
2020;50313;Göming;779;17,3;14,5;4,7;76,6;2,4;71,3;12,9;77,6;302;2,58;223;74;82;184
2020;50314;Grödig;7411;14,5;20,3;19,6;76,1;4,5;61,9;14,7;73,4;3318;2,21;2097;534;589;3879
2020;50315;Großgmain;2632;15,7;22,8;19,3;77,7;3;63;20,4;76,6;1154;2,23;724;206;229;821
2020;50316;Hallwang;4224;15,4;19,4;9,4;78,6;3,3;65,1;17,5;77,9;1779;2,33;1191;420;463;2120
2020;50317;Henndorf am Wallersee;4987;15,5;18,6;10,2;80,3;2,9;64,9;14,9;73,4;2115;2,36;1500;420;466;2107
2020;50318;Hintersee;472;16,9;14;7,2;78,5;4;70,4;8,9;75,1;159;2,97;144;52;59;111
2020;50319;Hof bei Salzburg;3605;14,8;19,6;11,8;78,1;3,9;64,8;15,6;72,5;1475;2,39;1025;314;359;1745
2020;50320;Köstendorf;2658;15,8;17,6;7,7;78,9;2,9;69,6;11;75;1008;2,59;741;221;237;1261
2020;50321;Koppl;3668;16,5;15,6;8,8;79,4;2,5;65,4;19,9;78,9;1433;2,56;1077;326;354;1014
2020;50322;Lamprechtshausen;4055;17,3;15,3;11,1;76,9;3,1;65,7;11,5;72,9;1555;2,61;1186;342;373;1957
2020;50323;Mattsee;3441;15,4;20,9;12,5;77,9;2,5;63,6;19,1;71,1;1487;2,29;965;289;325;1106
2020;50324;Neumarkt am Wallersee;6468;17,6;16;14,5;77,2;4,1;63,5;14;70,7;2695;2,37;1824;497;558;3017
2020;50325;Nußdorf am Haunsberg;2415;16,4;16;6,7;79,2;2,7;68,1;10,5;76,5;899;2,68;711;218;229;797
2020;50326;Oberndorf bei Salzburg;5795;15,2;19;21,6;73,5;5,2;60,6;14,1;72,9;2578;2,21;1628;412;489;2324
2020;50327;Obertrum am See;4968;16,5;16,7;9,4;80;2,7;68,7;13,9;72,8;2063;2,39;1417;410;455;1851
2020;50328;Plainfeld;1259;14;17,2;9,4;78,9;4,2;68,2;14,5;78,6;523;2,41;362;120;129;338
2020;50329;Sankt Georgen bei Salzburg;3034;16,8;16,7;6,1;79,3;3,3;71,3;9,2;75;1157;2,62;905;236;251;931
2020;50330;Sankt Gilgen;3920;13;22,2;17,9;73,5;4;63,6;15,7;59,9;1662;2,28;1031;418;454;1657
2020;50331;Schleedorf;1124;15,7;14,1;8,1;80,7;2,3;71,2;9,3;80,4;421;2,67;327;104;110;237
2020;50332;Seeham;1923;14,8;18,3;9,4;80,9;3,1;68,8;16,1;77,3;830;2,31;562;193;204;503
2020;50335;Straßwalchen;7745;16,7;15;14,3;79,5;3,2;65,6;8,6;65,6;3075;2,5;2224;634;709;3870
2020;50336;Strobl;3666;15,5;21,5;7,9;77,3;3,5;67,3;13,5;63,9;1476;2,46;994;343;380;1380
2020;50337;Thalgau;5976;14,8;17,5;8,9;80;3,5;68,2;11,8;70;2402;2,46;1742;555;614;3059
2020;50338;Wals-Siezenheim;13498;15,3;17,8;11,6;78,9;3,1;66;16,1;68,1;5890;2,27;3890;1165;1453;13527
2020;50339;Seekirchen am Wallersee;10995;16,6;18;11,6;78,7;3,1;64,8;17,2;72,1;4430;2,42;3135;861;958;6117
2020;50401;Altenmarkt im Pongau;4476;16,2;16;16,2;78,3;6,1;65;11,7;50,9;1787;2,47;1277;485;555;3010
2020;50402;Bad Hofgastein;6805;13,2;22,2;17,3;71,7;8,2;66,4;9;35,6;3003;2,22;1907;576;649;3270
2020;50403;Bad Gastein;3952;11,7;25;25,8;69,4;10,1;64,9;9,2;44,9;1880;2,06;1079;324;374;1685
2020;50404;Bischofshofen;10562;14,3;20,3;19,9;73,8;6,7;61,2;8,6;59,8;4693;2,21;2975;695;856;5070
2020;50405;Dorfgastein;1635;14;20,1;6,5;78,6;4,5;70,8;8,7;67,7;638;2,56;493;164;174;457
2020;50406;Eben im Pongau;2559;18,5;15,6;15,2;76,4;5,8;66,5;8,6;68,7;996;2,55;730;225;247;1035
2020;50407;Filzmoos;1520;17,6;15;16,8;68,2;12,4;70,9;5,5;50,1;580;2,62;417;186;196;481
2020;50408;Flachau;2884;17;15,3;11,6;73,5;9,6;69,9;9,8;55,1;1143;2,51;801;387;445;1399
2020;50409;Forstau;546;18,1;18,3;3,5;75,5;5,9;72,7;7,8;68,1;186;2,94;167;63;72;267
2020;50410;Goldegg;2569;16,4;17,1;5,2;79,4;3,3;67,4;14;78;1023;2,5;765;217;235;548
2020;50411;Großarl;3777;18,2;14,8;8,4;80,9;3,9;70,8;6,3;39;1367;2,72;1031;378;406;1961
2020;50412;Hüttau;1472;16,8;19,6;16,5;77,8;4,6;64,1;5,4;72;558;2,55;403;150;159;398
2020;50413;Hüttschlag;907;18,3;20,5;4,2;82,9;2,5;67,9;4,6;67,4;328;2,77;258;67;70;200
2020;50414;Kleinarl;804;17;17,9;7,3;70,7;12,2;70,3;5,7;54,9;299;2,69;242;93;102;331
2020;50415;Mühlbach am Hochkönig;1434;12,8;22,5;12,1;69,6;9,6;68,4;5,2;62,8;638;2,19;409;119;128;440
2020;50416;Pfarrwerfen;2503;17,7;16,6;9,3;79,1;3,9;70,6;9,3;74,1;902;2,73;715;247;265;777
2020;50417;Radstadt;4911;15,9;18,4;20,2;73,6;7,2;62,9;10,1;54,1;1954;2,48;1361;513;575;2479
2020;50418;Sankt Johann im Pongau;11310;15,5;16,3;17,6;77,3;5,1;63,2;11,8;53;4824;2,33;3215;970;1155;7307
2020;50419;Sankt Martin am Tennengebirge;1706;16;16,6;10,9;79,8;2,9;66,5;8,2;71,4;677;2,52;506;163;174;452
2020;50420;Sankt Veit im Pongau;3858;16,3;17,9;6,9;79,8;2,8;68,2;11,8;75,8;1513;2,47;1103;275;304;1364
2020;50421;Schwarzach im Pongau;3468;13,8;21;18,4;74,1;5,2;60,8;7,6;63,9;1562;2,12;942;180;224;2884
2020;50422;Untertauern;463;18,8;13,6;17,1;72,2;9,9;71,5;8,2;46,4;189;2,45;121;120;141;362
2020;50423;Wagrain;3114;15,4;19,4;16,4;75,7;6,7;66,1;7,2;41,7;1195;2,54;878;357;395;1977
2020;50424;Werfen;3081;15,4;19,2;14,4;74,6;4,9;67,3;7,7;70;1294;2,33;898;226;260;1213
2020;50425;Werfenweng;1055;19,4;12,4;11;77,3;4,6;70,8;12;66,2;383;2,69;295;112;119;405
2020;50501;Göriach;344;13,7;17,7;0,6;75,4;1,1;67,3;7,7;74,3;109;3,16;101;38;39;60
2020;50502;Lessach;531;13,6;19,2;3;78,2;3,7;66,7;6,8;79,6;199;2,67;147;45;49;78
2020;50503;Mariapfarr;2410;14;24,1;6;76,5;4,2;66,4;10,3;69;854;2,75;670;224;245;701
2020;50504;Mauterndorf;1586;13;27,2;10,6;69,5;6,5;65,7;11,1;56,1;681;2,26;441;181;200;810
2020;50505;Muhr;484;10,5;20,9;4,3;73,8;3,5;65,6;3;78,9;194;2,49;141;37;43;79
2020;50506;Ramingstein;1035;11,2;21,6;5,1;70,4;4;67,7;6,9;74,2;438;2,36;307;76;88;235
2020;50507;Sankt Andrä im Lungau;773;14,6;22,5;1,8;79,4;4,4;68,2;7;82,6;293;2,64;220;53;57;125
2020;50508;Sankt Margarethen im Lungau;726;14,9;17,2;10,3;77,3;3,5;65,2;9,5;70,1;275;2,63;212;72;80;395
2020;50509;Sankt Michael im Lungau;3481;13,7;20,9;10,6;74,9;4,4;65,7;9,3;50,7;1360;2,52;1009;317;383;1858
2020;50510;Tamsweg;5669;13,1;20,6;10,6;75,2;4,6;64,7;11,4;48,6;2423;2,3;1576;494;603;3362
2020;50511;Thomatal;352;17;21;4,5;76,1;5;69,9;7,2;74,9;115;3,06;98;24;29;82
2020;50512;Tweng;248;16,1;19;17,7;66,5;8,8;72,6;6,7;28,9;104;2,38;64;77;92;291
2020;50513;Unternberg;1015;16,3;18,2;5,4;74,1;4;70,8;8,1;68,8;362;2,8;289;95;102;564
2020;50514;Weißpriach;310;18,4;20,6;3,2;79,4;3,2;74,3;4,7;66,7;103;3,01;93;39;45;96
2020;50515;Zederhaus;1175;17,1;18,4;1,9;74,9;4,3;66,3;4,1;77;390;3,01;324;81;85;158
2020;50601;Bramberg am Wildkogel;3955;15,1;18,8;4,8;74,8;6,3;67,4;5,9;58,6;1513;2,56;1169;305;345;1366
2020;50602;Bruck an der Großglocknerstraße;4833;15;19,5;15,3;75,5;6,1;65,8;8,8;63,7;1949;2,42;1397;346;401;2150
2020;50603;Dienten am Hochkönig;724;12,4;22,5;6,1;72,8;11,1;66,9;3,9;65,8;273;2,65;206;86;95;230
2020;50604;Fusch an der Großglocknerstraße;759;17,9;18,4;12,6;70,4;11,4;70,9;7,1;69,1;301;2,52;223;80;86;332
2020;50605;Hollersbach im Pinzgau;1246;16;18,6;7,3;77,3;4,7;67;8,4;69;510;2,44;379;132;149;665
2020;50606;Kaprun;3099;12,1;21;25,4;73,3;8,1;66,3;8,4;45;1454;2,09;872;343;400;2403
2020;50607;Krimml;840;14,4;19,4;13;68;11,3;65,5;7,8;53,7;317;2,65;236;112;119;312
2020;50608;Lend;1275;12,5;21,1;13,7;71,4;7,4;64,8;5,4;71,8;510;2,35;354;87;95;486
2020;50609;Leogang;3387;15,3;18;12,2;75,7;4,5;68,5;8,8;49,3;1266;2,61;958;364;390;1881
2020;50610;Lofer;2084;15,5;23,2;14;78,3;4,7;72,1;7,7;49,3;821;2,44;582;227;254;952
2020;50611;Maishofen;3656;16,9;17,6;13,5;76,9;5,5;67,1;11,6;63,6;1468;2,46;1043;329;356;2678
2020;50612;Maria Alm am Steinernen Meer;2204;17,7;18,3;13,4;71,6;9,6;67,9;8,5;50;863;2,55;606;313;346;988
2020;50613;Mittersill;5564;14,2;20;19,3;74;5,2;62,4;8,4;45,4;2252;2,39;1591;508;580;3465
2020;50614;Neukirchen am Großvenediger;2580;14,5;19,3;8,1;74,3;9;69,8;7,7;53,9;1024;2,48;741;267;301;1053
2020;50615;Niedernsill;2758;17,1;16,1;7,3;76,3;4,7;71,9;8,4;75,4;1091;2,53;807;219;237;628
2020;50616;Piesendorf;3824;14,1;20,6;12,4;75,1;4,3;70,2;8,6;67,1;1497;2,52;1126;305;334;1579
2020;50617;Rauris;3026;15,3;19,3;5,8;73,8;7,1;70,4;7,1;53,8;1172;2,56;873;303;324;870
2020;50618;Saalbach-Hinterglemm;2822;13,1;17,9;20;66,8;16,6;67,4;7,3;24,1;1318;2,13;777;542;600;1843
2020;50619;Saalfelden am Steinernen Meer;16738;14,3;18,8;16,8;74,6;6,2;66;11;45,4;7424;2,23;4780;1388;1572;7328
2020;50620;Sankt Martin bei Lofer;1197;14,6;19,2;15,5;78,2;5,5;73,8;7,2;65,7;502;2,38;336;120;127;457
2020;50621;Stuhlfelden;1588;14,2;16,5;5,4;76,4;5,1;70,3;7;75,7;606;2,62;476;122;134;482
2020;50622;Taxenbach;2700;15,9;18,1;7,9;76,6;3,7;70,3;5,5;70,7;1008;2,63;776;224;250;663
2020;50623;Unken;1924;15,2;23,9;13,3;77,5;2,3;70,9;9,7;51;789;2,44;565;177;191;777
2020;50624;Uttendorf;3007;15,2;19,1;9,5;75,8;3,7;68,2;7,6;64,2;1221;2,43;873;262;283;1002
2020;50625;Viehhofen;589;16,1;18,5;13,2;70,1;10,1;68,4;5,3;71;243;2,42;171;60;66;127
2020;50626;Wald im Pinzgau;1155;15,1;18,6;10,9;74;7,3;69,6;6;59,1;441;2,62;339;130;140;430
2020;50627;Weißbach bei Lofer;413;15;16,9;14;71,9;6;69,2;5,1;60,2;151;2,74;116;40;45;162
2020;50628;Zell am See;10078;12,4;21,2;28,2;67,2;11,8;59,8;11,9;48,6;4763;2,09;2764;1018;1271;6982
2020;60101;Graz;290910;13,3;16,9;24,3;69,4;8,7;49,9;28,7;26,3;145178;1,96;72166;21870;24958;209154
2020;60305;Frauental an der Laßnitz;2997;13,9;19,4;5,7;74,1;6;68,2;9,3;77;1248;2,39;898;309;325;1566
2020;60318;Lannach;3574;14,2;19,1;6,3;78,7;3,6;67,4;14,1;77,5;1520;2,33;1048;377;432;3023
2020;60323;Pölfing-Brunn;1620;11,2;26,4;5,2;71;5,2;63,4;4,4;75;731;2,11;456;268;278;766
2020;60324;Preding;1820;14,8;20,1;3,7;78,5;5,3;69,5;9,9;76,6;756;2,35;535;155;171;916
2020;60326;Sankt Josef (Weststeiermark);1658;16;16,8;4;79,4;3,5;66,3;13,6;83,5;674;2,46;493;116;124;348
2020;60329;Sankt Peter im Sulmtal;1258;11,1;21,5;2,3;67,1;7,3;68,5;6;74,5;498;2,42;375;96;98;450
2020;60341;Wettmannstätten;1645;14;18,8;3;76;4,4;69,5;7,4;77,8;646;2,55;497;126;135;491
2020;60344;Deutschlandsberg;11649;13;22,1;9;71,4;6,9;63,5;12,5;51,9;5302;2,17;3272;1032;1253;7780
2020;60345;Eibiswald;6379;12,1;23,7;3,8;70,6;6;65,1;6,3;62;2664;2,34;1853;541;598;2101
2020;60346;Groß Sankt Florian;4119;12,9;20,8;4,2;76,7;4,4;67;8,7;74;1663;2,46;1240;378;411;1587
2020;60347;Sankt Martin im Sulmtal;3118;13,3;22,8;3,4;76,2;4,8;64,3;7,7;75,1;1223;2,52;937;252;267;992
2020;60348;Sankt Stefan ob Stainz;3580;12,4;20,8;4,1;77,1;3,7;68,2;10,3;73,9;1433;2,5;1076;377;395;962
2020;60349;Bad Schwanberg;4529;12,6;22,6;3,8;73,4;4,9;66,6;8,5;76,1;1779;2,52;1376;341;374;1276
2020;60350;Stainz;8703;13,4;21,2;4,4;75,5;4,5;67,5;11,2;70,7;3687;2,33;2565;694;764;2821
2020;60351;Wies;4299;12,3;23,8;3,8;74,8;4,9;65,9;6;69,9;1750;2,43;1285;379;421;1764
2020;60608;Feldkirchen bei Graz;6844;15,8;16;20,6;76,8;5,3;63,7;11,6;85,1;2862;2,35;1942;457;560;3531
2020;60611;Gössendorf;4170;16;18,5;11,1;77,2;5;64,5;14,3;86,1;1667;2,45;1254;310;353;1864
2020;60613;Gratkorn;8065;15,1;19,3;10,7;76,2;6,3;66,3;12;76,7;3687;2,16;2299;586;658;4783
2020;60617;Hart bei Graz;5228;14,4;18,6;9,5;76;4,1;58,1;26,3;82,9;2235;2,31;1561;395;434;3880
2020;60618;Haselsdorf-Tobelbad;1574;15,1;19,3;6,8;77,5;3,3;66,5;18;81,2;658;2,39;499;111;121;727
2020;60619;Hausmannstätten;3581;15,9;18,3;9,8;78,8;3,8;60,2;20,9;83,9;1500;2,37;1072;323;369;1514
2020;60623;Kainbach bei Graz;2795;13,4;22,3;5,6;62,5;3,1;52,1;22,6;81,7;907;2,52;694;209;219;1593
2020;60624;Kalsdorf bei Graz;7655;16,1;14,9;16,1;77;5,9;66,5;10,7;81,5;3300;2,29;2200;481;591;5816
2020;60626;Kumberg;3901;16,4;18,4;3,7;76,5;2,8;61,2;22,1;80,4;1555;2,51;1180;320;349;805
2020;60628;Laßnitzhöhe;2770;13,3;21,8;9,1;75,8;4,2;63,6;19,3;81,1;1208;2,22;770;227;253;1338
2020;60629;Lieboch;5302;13,7;21,1;9,4;76,2;4,9;67,1;13,5;81,8;2326;2,2;1545;389;458;3025
2020;60632;Peggau;2317;13,8;20,6;11,8;74,9;4;67,5;9,8;80,3;1059;2,12;653;128;158;1512
2020;60639;Sankt Bartholomä;1456;17;20;3,6;77,9;3,3;68,6;11,3;81,7;570;2,55;451;127;131;363
2020;60641;Sankt Oswald bei Plankenwarth;1271;15;20,9;3,1;77,9;3,7;66;14,6;85,1;510;2,44;393;96;102;183
2020;60642;Sankt Radegund bei Graz;2123;13,1;21,9;4,4;75,2;4,1;61,4;21,3;76,2;917;2,32;614;210;224;700
2020;60645;Semriach;3292;15,8;21,1;7,7;76;3,5;67,8;10,1;69,2;1188;2,7;925;327;343;947
2020;60646;Stattegg;2977;16,5;21,3;4,7;77,3;3;54,9;31,9;84,4;1237;2,41;903;264;279;496
2020;60647;Stiwoll;705;14,6;20,3;2,3;78;1,4;71,4;8,8;85,7;254;2,78;212;55;59;82
2020;60648;Thal;2389;14,8;21,3;8,1;72,8;4,2;59,7;22,4;85,7;934;2,47;717;140;148;373
2020;60651;Übelbach;2044;12,7;23,6;6,3;77,4;4,7;68,3;7,2;72,2;898;2,19;593;174;185;830
2020;60653;Vasoldsberg;4618;15,2;20,9;5,8;76,7;4,2;63,9;15,4;81,1;1764;2,57;1405;368;391;1066
2020;60654;Weinitzen;2729;15,5;21,5;4,8;73,4;3,6;60,4;22,1;82,6;1029;2,57;808;227;240;785
2020;60655;Werndorf;2444;16,5;16;12,2;76,9;4,3;70,5;9,1;88;1036;2,36;739;114;157;1743
2020;60656;Wundschuh;1645;15,7;17,6;9,7;78,2;2,9;70,1;10,2;81,1;657;2,5;496;136;161;1423
2020;60659;Deutschfeistritz;4434;15,1;19,2;9,2;77;4,9;67,1;10,2;82,5;1889;2,31;1321;277;322;1159
2020;60660;Dobl-Zwaring;3541;16,6;17,2;6,2;77,9;3,3;67,3;12,4;81;1409;2,5;1042;341;382;1652
2020;60661;Eggersdorf bei Graz;6909;16,1;19,6;7,1;77,2;3,9;64,8;15,5;78;2711;2,52;2048;602;634;1805
2020;60662;Fernitz-Mellach;4897;15,4;18,5;6,2;78,4;4,1;67,8;13,5;83;2037;2,38;1481;375;421;1310
2020;60663;Frohnleiten;6518;12,2;23,9;6,3;76,4;4,1;68,9;10,3;55,2;3046;2,11;1926;530;605;3086
2020;60664;Gratwein-Straßengel;12827;14,6;20,6;6,8;76,1;4,3;63,7;18;78;5499;2,31;3783;868;956;3436
2020;60665;Hitzendorf;7262;15,3;20,1;4,6;77,9;3,3;66,3;15,1;81,7;2864;2,5;2242;552;588;1260
2020;60666;Nestelbach bei Graz;2664;14,7;20,5;4,2;78,8;3,7;64,2;13,5;82,2;1040;2,52;797;244;260;599
2020;60667;Raaba-Grambach;4712;16,2;17;10,8;77,7;3,6;61,6;20,9;79,8;1931;2,44;1407;517;601;6278
2020;60668;Sankt Marein bei Graz;3731;14,6;19,4;4,3;77,6;3,2;65,6;11,4;81,2;1450;2,57;1152;299;308;647
2020;60669;Seiersberg-Pirka;11530;14,4;17,2;14,6;76;5,4;63;16,7;82,5;4953;2,31;3390;1104;1358;8921
2020;60670;Premstätten;6475;14,9;18,6;14,6;77,7;5,1;64,6;13,3;78,5;2746;2,27;1855;517;623;8692
2020;61001;Allerheiligen bei Wildon;1560;15,6;22;4,8;77;4,5;65;11,8;79,7;601;2,5;453;144;155;363
2020;61002;Arnfels;981;13,8;25,3;6,6;70,1;6,8;58,9;8,6;71;398;2,3;273;89;114;452
2020;61007;Empersdorf;1397;13,9;20;3,1;78,5;4,4;69,7;7,8;85,5;550;2,54;444;110;114;344
2020;61008;Gabersdorf;1247;15,9;15,5;7,5;76,4;6,2;68,4;6,1;77,6;474;2,63;372;132;143;784
2020;61012;Gralla;2596;16,4;12,2;9;75,4;5,8;71,5;6,8;87;1104;2,31;756;167;232;1266
2020;61013;Großklein;2272;12,9;19,9;3,5;73,9;4,8;65,6;7;73,8;879;2,54;666;236;252;737
2020;61016;Heimschuh;1987;15,5;20,9;3,5;77,8;3,7;67,1;7,6;79,3;818;2,39;600;169;181;488
2020;61017;Hengsberg;1508;16,6;16,2;3,8;78,1;4,5;65;11,5;81,7;562;2,68;447;140;150;276
2020;61019;Kitzeck im Sausal;1216;13,3;23,4;3,6;74,4;4,1;65,7;10;74,5;502;2,42;365;139;152;815
2020;61020;Lang;1354;15,1;16,8;5,5;77,8;4,5;66,3;12;78,6;569;2,38;405;134;156;579
2020;61021;Lebring-Sankt Margarethen;2204;14,1;19,1;11;76,6;4,8;68,7;9,4;79,3;913;2,39;678;192;222;1951
2020;61024;Oberhaag;2044;12,6;23,1;3,8;73,6;4,2;64,1;3,8;77,7;774;2,61;607;178;186;491
2020;61027;Ragnitz;1501;14,5;18,9;4,5;76,6;3,9;66,7;6,9;78,6;579;2,58;459;127;140;617
2020;61030;Sankt Andrä-Höch;1716;11,9;21,4;3,5;73,4;4,4;64,9;5,6;80,2;646;2,56;499;149;162;346
2020;61032;Sankt Johann im Saggautal;2002;13,5;21,3;2,1;76,3;3,5;64,5;5,3;77,8;759;2,62;613;168;177;474
2020;61033;Sankt Nikolai im Sausal;2344;13,7;20,7;5,2;74,4;4,2;67,4;9,4;78,8;902;2,53;682;193;212;572
2020;61043;Tillmitsch;3427;12,7;17,6;5,8;76;5;69;7,5;84,9;1390;2,4;1044;236;254;1076
2020;61045;Wagna;6334;13,6;18,2;12,5;74,1;6,7;64,9;9,2;83,3;2965;2,11;1830;355;395;2340
2020;61049;Ehrenhausen an der Weinstraße;2497;13,5;19,8;10,2;71,9;6,7;62,1;8,1;75,9;1135;2,2;741;206;232;905
2020;61050;Gamlitz;3215;13,5;22,8;5,5;75,1;4,8;62,6;6,1;67,4;1251;2,52;956;351;375;1212
2020;61051;Gleinstätten;2781;13,1;18,8;4;76,9;3,5;64,9;7,8;69,7;1196;2,33;843;259;286;1216
2020;61052;Heiligenkreuz am Waasen;2826;14,7;18,5;6,6;77,9;3,4;67;9,3;80,6;1148;2,43;841;211;247;767
2020;61053;Leibnitz;12472;12,6;19,7;14,7;71;8,9;62,1;11,3;66,2;6022;2,06;3559;1138;1386;7546
2020;61054;Leutschach an der Weinstraße;3632;13,3;20,3;3,7;74,9;3,7;61,9;5;61,8;1352;2,66;1065;429;458;1110
2020;61055;Sankt Georgen an der Stiefing;1581;15,3;18,7;5;78,1;3,5;66,9;12,1;79,7;628;2,52;488;125;133;379
2020;61057;Schwarzautal;2295;12,8;20,9;5,1;79,3;3,2;66,1;4,7;70,6;841;2,73;721;272;283;1570
2020;61059;Wildon;5525;13,6;19,3;11,9;75,8;5,3;65;10,4;81,1;2390;2,26;1624;432;480;1823
2020;61060;Sankt Veit in der Südsteiermark;4380;14;20,2;5,3;75,1;3,1;66,4;6,2;75,2;1660;2,62;1326;413;437;1365
2020;61061;Straß in Steiermark;6354;14,8;18,5;11,4;73,6;5,9;66,6;6,8;76,3;2671;2,38;1916;465;526;2577
2020;61101;Eisenerz;3764;7,4;39,4;4,9;68,1;5,7;68,4;6,7;41,6;2078;1,78;1058;187;241;1338
2020;61105;Kalwang;964;10,7;25,4;4,9;70,1;5,2;71;5,8;55,6;490;1,97;279;55;68;506
2020;61106;Kammern im Liesingtal;1581;12,9;23,6;5,1;74,8;4,2;69,9;7;73,5;662;2,32;471;141;146;482
2020;61107;Kraubath an der Mur;1327;12,4;22,3;2,8;76,7;2,9;70,2;10,6;78,1;575;2,27;400;100;112;332
2020;61108;Leoben;24279;11,1;23,5;18;66;8,8;61,1;14,1;40,7;12786;1,83;6282;1203;1572;16883
2020;61109;Mautern in Steiermark;1717;11,4;26,4;4;72;4,5;69,3;5,3;61,2;780;2,1;488;121;144;653
2020;61110;Niklasdorf;2357;11,4;24,9;10,7;72,2;7;68,3;6,5;74,2;1212;1,92;675;131;156;1229
2020;61111;Proleb;1600;13,1;25,1;3,6;78,3;2,8;70,5;11,9;86,7;734;2,18;506;97;106;211
2020;61112;Radmer;510;8;31,2;2,4;67,4;5,8;69,1;5,3;79,3;250;2,04;163;26;28;60
2020;61113;Sankt Michael in Obersteiermark;3048;12,7;23;9,4;72,8;5,7;69,4;7,6;78,9;1490;2,03;890;166;203;1121
2020;61114;Sankt Peter-Freienstein;2338;13,4;24,2;7,1;73,9;5,7;70,7;7,4;83,6;1061;2,18;687;109;124;849
2020;61115;Sankt Stefan ob Leoben;1898;11,6;26,1;3,8;73,4;3,9;70;6,6;80;888;2,14;577;96;112;349
2020;61116;Traboch;1408;12,6;22,2;4,6;75,5;3,8;73,8;6,8;75,5;661;2,13;447;170;198;1070
2020;61118;Vordernberg;977;6,7;29,4;16,7;55,8;7;68,6;4,8;75,1;485;1,75;249;59;71;305
2020;61119;Wald am Schoberpaß;546;11,2;27,3;5,9;73,5;3,4;70,7;4,3;66,5;267;1,99;148;63;71;169
2020;61120;Trofaiach;11019;11,6;27,3;6,3;72,1;5,3;68;10,7;73,3;5527;1,97;3213;706;795;2640
2020;61203;Aigen im Ennstal;2703;14,7;21,8;3;77,2;3,3;71,1;11,2;77,8;1078;2,51;809;191;210;836
2020;61204;Altaussee;1869;12;29,4;7,6;76;2,5;68,3;14,5;62,8;823;2,2;502;163;188;815
2020;61205;Altenmarkt bei Sankt Gallen;812;13,7;23,9;9,6;73,4;2,8;65,8;6,7;60,5;372;2,18;247;47;53;715
2020;61206;Ardning;1233;12,1;24,6;4;75,2;4,4;69,4;8,6;79,4;498;2,37;374;80;89;290
2020;61207;Bad Aussee;4920;12;27,2;17,1;76,8;3,6;66,1;13,2;43,9;2350;2,07;1364;402;473;2691
2020;61213;Gröbming;3112;14,9;19,5;15,1;75,9;5,6;69;10,2;58,9;1429;2,15;839;263;325;1832
2020;61215;Grundlsee;1173;10,7;27,6;5,5;74,2;3,6;67,5;12,9;70,8;560;2,09;345;97;106;381
2020;61217;Haus;2455;14,4;20,6;8,6;73,7;6;72;8,1;59;1005;2,43;710;258;281;1249
2020;61222;Lassing;1712;12,6;25,3;3;75,8;2,9;71,3;6,5;75,7;640;2,52;481;137;148;430
2020;61236;Ramsau am Dachstein;2797;14,4;21,6;10,5;73,3;9;70,4;10,4;49,8;1053;2,66;801;362;382;970
2020;61243;Selzthal;1539;12,5;23,1;11,9;71,7;5,9;69,9;4,5;81,6;792;1,94;440;73;97;448
2020;61247;Trieben;3354;12,5;26,9;15,6;69,7;7,5;66,2;4,8;61,8;1619;2,03;954;150;178;1352
2020;61251;Wildalpen;449;9,8;30,5;3,1;75;2,8;73,1;4,2;46,1;211;2,13;137;41;48;156
2020;61252;Wörschach;1159;14,2;22;7,3;75,7;4,7;68,3;10,8;77,9;538;2,15;345;76;84;293
2020;61253;Admont;4961;12,8;23,7;7;76,6;5,1;67,6;9,8;60,5;2244;2,16;1477;317;365;1538
2020;61254;Aich;1323;15,5;17,2;7,9;75,2;7,3;74,5;6,4;77,4;476;2,78;364;131;139;338
2020;61255;Bad Mitterndorf;4925;12,5;24,5;11,6;76;4,4;70,8;9,2;50,9;2257;2,18;1437;450;496;1868
2020;61256;Gaishorn am See;1296;13;22,8;4,6;75,1;3;71,5;9,2;74,4;557;2,33;395;101;110;508
2020;61257;Irdning-Donnersbachtal;4143;14,7;21,1;4,7;76,8;4,1;68,6;11,5;70,1;1760;2,33;1208;357;394;1293
2020;61258;Landl;2642;10,4;30,5;3,7;74,3;3,1;68,9;4,6;56,8;1240;2,09;761;239;269;857
2020;61259;Liezen;8222;13,7;22,2;19,8;72;6,8;64,2;8;46,6;3961;2,05;2297;553;809;6152
2020;61260;Michaelerberg-Pruggern;1201;15,7;18;10;76,3;4,9;73,1;7;76,3;465;2,58;341;104;115;488
2020;61261;Mitterberg-Sankt Martin;1912;15,4;20,9;6,1;78,2;3,2;71,9;9,8;77;769;2,49;558;168;182;482
2020;61262;Öblarn;2018;15,3;21,3;9,9;76,2;4,6;69;8,9;75,1;812;2,45;576;151;172;457
2020;61263;Rottenmann;5105;12,1;24,5;12,7;74,2;4,7;66,2;6,8;55,4;2406;2,1;1499;306;363;2797
2020;61264;Sankt Gallen;1789;14,2;25,1;8,8;76,2;3,1;67,1;6,4;50,6;804;2,23;513;150;174;905
2020;61265;Schladming;6581;13,2;22,4;12,7;72;9;70,1;9,2;33,8;2905;2,21;1766;850;989;4721
2020;61266;Sölk;1479;13,5;21,5;3,2;77,4;2,7;73,6;5,5;73,3;560;2,64;434;145;159;331
2020;61267;Stainach-Pürgg;2800;12,4;24,1;14,7;72,7;5,5;66;7,7;61,2;1306;2,11;778;191;235;1741
2020;61410;Mühlen;889;15,6;24;1,8;75;2,6;72,4;7,3;72,7;321;2,77;267;89;94;157
2020;61413;Niederwölz;607;17,5;21,3;3;76,6;4,2;69,3;7,2;82;270;2,25;185;49;53;206
2020;61425;St. Peter am Kammersberg;2024;14,1;21,9;2,3;74,1;3;71,1;7,5;67,8;739;2,67;588;253;269;581
2020;61428;Schöder;922;13,4;22,9;3;72,6;3,8;72,3;7,9;78,7;338;2,73;275;71;79;140
2020;61437;Krakau;1384;11,1;20,4;2,5;75,2;3,1;66,1;8;77,2;505;2,74;402;125;137;226
2020;61438;Murau;3478;10,6;27;7,6;74;3,2;63,1;15,9;38,7;1611;2,09;966;385;507;3133
2020;61439;Neumarkt in der Steiermark;4889;13,7;24,1;3;76;3,1;71,7;8,8;56,2;2103;2,3;1432;489;548;1747
2020;61440;Oberwölz;2952;13,9;23,7;2,4;74,2;3,8;67,8;7;61,7;1099;2,63;850;309;330;791
2020;61441;Ranten;1143;12,9;22,3;1,7;77,2;2;71,6;5,4;76,4;423;2,7;340;110;112;203
2020;61442;Sankt Georgen am Kreischberg;1715;14,1;23,3;5,5;76,9;3,6;70,7;8,6;62,1;662;2,59;500;210;229;563
2020;61443;Sankt Lambrecht;1777;11,1;26,4;6,6;70,9;4,8;68,1;8,7;59;777;2,23;529;179;188;547
2020;61444;Scheifling;2148;14,4;21,1;4,6;76,2;3,5;67,5;9;67,8;930;2,31;619;162;193;951
2020;61445;Stadl-Predlitz;1679;11,6;23,3;7;72,1;5;70,6;6,3;65,7;674;2,41;471;167;196;592
2020;61446;Teufenbach-Katsch;1871;13,9;23,1;5,2;77,2;2,9;69,3;7,6;64,1;767;2,33;520;146;174;1063
2020;61611;Krottendorf-Gaisfeld;2462;13,4;21,2;2,6;76;3,7;69,5;9,5;82,5;1014;2,42;762;165;181;606
2020;61612;Ligist;3219;13,8;21,7;2,5;76,3;2,9;66,7;10,8;79,2;1364;2,36;977;266;290;781
2020;61615;Mooskirchen;2201;14,8;20,5;4,9;76,8;3,5;69,9;9,1;82,3;888;2,39;640;185;203;519
2020;61618;Rosental an der Kainach;1660;9,9;24,3;5,5;71,4;6,8;69,9;5,2;85,5;798;2,08;497;162;210;1012
2020;61621;Sankt Martin am Wöllmißberg;810;15,7;22,3;1,5;76,5;2,2;69,4;7,6;79,7;304;2,66;245;80;82;134
2020;61624;Stallhofen;3153;14,8;20,6;2,9;76;3,3;68,5;8,4;80;1225;2,54;972;237;252;807
2020;61625;Voitsberg;9414;11,6;24,2;7,8;69;6,4;65,4;8,2;62,4;4419;2,06;2609;614;751;5279
2020;61626;Bärnbach;5696;12,9;22,7;5,9;74,3;5,1;66,2;8,7;79,1;2595;2,18;1668;389;465;1762
2020;61627;Edelschrott;1699;10,9;25,9;3,1;75,1;3,4;68,8;7,6;69,3;696;2,41;490;214;226;441
2020;61628;Geistthal-Södingberg;1497;11,4;21,2;1,6;77,2;3,6;68,9;5,4;80,7;575;2,6;468;152;157;259
2020;61629;Hirschegg-Pack;1016;10,1;27,6;3,6;73,9;3,6;71,2;6,5;66,4;432;2,35;287;146;154;244
2020;61630;Kainach bei Voitsberg;1606;13,2;21,8;2,6;72,3;3,8;70,4;5,5;81,2;603;2,66;493;142;156;254
2020;61631;Köflach;9721;11,1;27,1;7,6;69,3;6,9;65,4;7,9;66,7;4790;2,01;2828;596;690;5384
2020;61632;Maria Lankowitz;2751;10,7;24,6;4,5;73,3;4,2;67,6;8,3;80,8;1261;2,13;793;248;269;614
2020;61633;Söding-Sankt Johann;4141;14,1;19,1;5,4;75,5;3,4;67,5;12,3;81,8;1713;2,39;1246;357;382;1406
2020;61701;Albersdorf-Prebuch;2255;17;15,7;7;80,7;3,3;66,3;10,8;82,9;866;2,6;679;190;200;2226
2020;61708;Fischbach;1529;14,8;22,8;1,6;74,4;2,3;65,9;5,8;70,6;516;2,96;452;130;139;342
2020;61710;Floing;1198;14,7;20,2;3,7;77,6;4;68,4;4,9;76,3;438;2,74;363;115;120;312
2020;61711;Gasen;887;17,5;19,8;1,8;75,4;1,2;68,4;4,4;57;282;3,15;255;102;108;298
2020;61716;Markt Hartmannsdorf;2962;15;18,8;4,6;78,6;3,3;64,1;10,8;73,8;1160;2,55;887;314;339;992
2020;61719;Hofstätten an der Raab;2298;15,2;17;9,1;77,6;3,4;66,5;10,6;83,8;928;2,48;695;196;224;1307
2020;61727;Ludersdorf-Wilfersdorf;2506;15,5;14,4;8,5;78,8;4,1;67,5;12,4;86,4;1091;2,3;761;217;239;991
2020;61728;Miesenbach bei Birkfeld;677;13,4;19,9;0,4;78,9;3;70,1;4,1;70,6;208;3,25;206;74;79;150
2020;61729;Mitterdorf an der Raab;2118;15,7;19;2,9;80,2;2;70,6;9,2;83,2;808;2,62;660;179;188;392
2020;61730;Mortantsch;2207;18,8;18,1;2,6;80,3;2;68,1;12,5;87;819;2,69;648;143;147;274
2020;61731;Naas;1345;14,4;17,7;3,8;78,2;2,8;71,9;4,3;82,1;468;2,87;415;103;111;289
2020;61740;Puch bei Weiz;2048;14,2;20,7;2,3;79,6;2,4;69,8;7,6;75,5;770;2,66;630;238;249;512
2020;61741;Ratten;1091;13,4;27,2;3,3;76,7;3,8;67,2;5,5;58,4;411;2,56;314;122;135;617
2020;61743;Rettenegg;708;14,5;27,7;2,7;74,6;2,2;68,4;5,5;63,9;286;2,39;208;74;79;182
2020;61744;St. Kathrein am Hauenstein;625;13,8;20,6;2,1;75,4;1,6;67,2;3,7;71;239;2,62;180;63;65;127
2020;61745;Sankt Kathrein am Offenegg;1068;12,4;23,2;2,7;76;2,4;65,9;5,3;70,8;368;2,9;331;126;131;266
2020;61746;St. Margarethen an der Raab;4135;15,8;20,6;4,2;78,3;3,1;66;8,8;74;1583;2,58;1237;394;423;1411
2020;61748;Sinabelkirchen;4378;15,7;16;7,7;78,1;3,6;67,6;6,2;74,9;1611;2,67;1296;335;367;1861
2020;61750;Strallegg;1910;15,4;20,4;3;78,6;1,6;68,8;4,4;71,2;610;3,13;580;170;178;407
2020;61751;Thannhausen;2465;15,8;20,4;4,1;79;2,4;68,4;10;84,2;904;2,73;749;190;199;537
2020;61756;Anger;3965;13,9;21,9;2,1;78;2,8;70;6,4;62,9;1630;2,43;1211;352;375;1883
2020;61757;Birkfeld;4943;13,8;21,9;2,4;76,3;2,3;68,2;6,8;55,2;1823;2,68;1459;493;546;2161
2020;61758;Fladnitz an der Teichalm;1797;15,1;19,1;1,7;82,1;1,9;73,3;4,5;60,4;666;2,7;518;213;227;916
2020;61759;Gersdorf an der Feistritz;1699;15,1;19,4;2,9;76,4;3,7;66,7;6,2;74,3;574;2,96;503;191;198;634
2020;61760;Gleisdorf;11031;14,2;18,9;11,1;76,3;4,7;63,1;13,6;69,8;4960;2,19;3112;1849;2043;7821
2020;61761;Gutenberg-Stenzengreith;1621;16,5;16,8;1,8;79,4;1,3;66,8;12,4;85,3;597;2,72;487;116;122;216
2020;61762;Ilztal;2183;15,7;20,4;3,8;81;2,6;66,5;7,7;80,5;834;2,62;660;211;223;583
2020;61763;Passail;4419;14,8;21,9;3,4;78,9;2;70,7;6,7;62,3;1594;2,73;1306;436;470;1537
2020;61764;Pischelsdorf am Kulm;3682;14,7;20;3,8;77,3;3,7;64,7;8,2;69;1453;2,53;1096;317;349;1693
2020;61765;Sankt Ruprecht an der Raab;5408;17,5;16;5,6;77,9;3,6;70;9,1;71,9;2109;2,56;1595;455;494;3333
2020;61766;Weiz;11765;13,2;21,9;13,9;73,9;5;63,6;11,9;46,1;5730;2,02;3235;799;1006;11813
2020;62007;Fohnsdorf;7619;11;26,4;6,6;70,6;7,5;68,8;7,6;68,2;3650;2,06;2238;1184;1297;3895
2020;62008;Gaal;1334;15;23,3;2,5;73,1;1,8;71,9;7,3;65,9;500;2,67;404;159;166;319
2020;62010;Hohentauern;389;8,5;30,3;5,7;74,4;3,7;73,6;9,6;69;185;2,1;113;49;54;92
2020;62014;Kobenz;1900;13,8;19,9;3;76,7;2,5;69;12,3;79,8;774;2,41;583;148;167;691
2020;62021;Pusterwald;429;13,8;25,4;2,8;73,6;1,5;74,9;5,4;73,8;170;2,52;128;46;51;85
2020;62026;Sankt Georgen ob Judenburg;866;13,7;24,1;2,7;77,1;3,2;72,6;5,8;73,7;346;2,41;250;75;81;195
2020;62032;Sankt Peter ob Judenburg;1073;14,4;24;2,5;79,9;2,5;74,9;9,5;76,3;457;2,35;326;94;102;360
2020;62034;Seckau;1301;16,8;22,1;1,7;74,7;2,3;67,4;15,7;70,8;503;2,56;389;126;135;368
2020;62036;Unzmarkt-Frauenburg;1282;10,4;28,6;4,7;68,8;4;69,3;5,5;74,7;546;2,21;360;95;104;323
2020;62038;Zeltweg;7045;11,6;24,3;13,6;68;8,1;65;6,1;68,9;3524;1,97;1973;347;442;4470
2020;62039;Lobmingtal;1837;14,2;21,9;3,9;75,2;3,6;67,3;9,1;78,9;726;2,46;552;143;157;447
2020;62040;Judenburg;9722;11,1;25,8;9,8;68,7;8;66,2;8,9;56;5043;1,88;2668;654;803;6143
2020;62041;Knittelfeld;12597;12,5;22,7;21,5;65,5;9,3;61;7;58,3;6337;1,96;3406;657;814;6701
2020;62042;Obdach;3763;13,8;21,7;3,2;76;3;69,8;7,6;54,1;1456;2,55;1070;359;386;1464
2020;62043;Pöls-Oberkurzheim;2943;11,6;25,8;4,7;71,7;4,2;69,3;7,1;62,7;1352;2,13;853;189;222;1180
2020;62044;Pölstal;2564;12,7;26,8;3,8;76,1;3,2;70;5,7;56,3;1082;2,31;728;306;322;877
2020;62045;Sankt Marein-Feistritz;2041;16,9;20,3;2,9;76;3,3;69,7;12,7;78,7;765;2,62;614;217;224;458
2020;62046;Sankt Margarethen bei Knittelfeld;2661;12,7;23,4;4,7;75,3;3,8;71,5;8,3;79,1;1097;2,4;817;194;210;570
2020;62047;Spielberg;5379;13,9;22;4,5;73,3;4,8;70,6;9,1;79,7;2381;2,26;1666;329;374;2188
2020;62048;Weißkirchen in Steiermark;4762;13,7;22,5;2,9;75,1;3,6;71,6;9,7;73,9;1918;2,47;1439;400;433;1362
2020;62105;Breitenau am Hochlantsch;1634;12,2;31,2;5,5;64,5;5,1;68,1;5,9;51,8;748;2,18;506;114;126;477
2020;62115;Krieglach;5337;14,1;23,7;3,6;74,4;4,7;69,9;9,5;68,2;2468;2,13;1586;364;413;1745
2020;62116;Langenwang;3883;12,2;24,3;4,1;73,4;4,4;70,7;8,3;75,2;1788;2,17;1184;289;317;1146
2020;62125;Pernegg an der Mur;2406;12,2;23,4;6,9;75;4;68,5;9,8;80,2;1105;2,17;724;150;175;492
2020;62128;Sankt Lorenzen im Mürztal;3667;14,6;20,8;6,4;75,8;4,7;69,1;12,2;82,8;1509;2,4;1136;228;255;1216
2020;62131;Spital am Semmering;1439;8,8;30,1;6,3;71,9;3,7;72,8;6,8;76,2;716;1,99;423;120;150;717
2020;62132;Stanz im Mürztal;1852;15,6;21,9;2;74,1;4,9;70,5;4,9;77,8;756;2,45;570;155;161;294
2020;62135;Turnau;1602;13,9;26;6,9;75,7;5,9;69;6,7;68;648;2,41;464;124;140;366
2020;62138;Aflenz;2448;11,9;26,6;5,9;72,7;4,7;70;11,8;64,7;1121;2,17;727;212;236;833
2020;62139;Bruck an der Mur;15715;11,7;25,2;11,7;69,2;8,5;65,7;11,2;57,2;7955;1,92;4339;1045;1297;8924
2020;62140;Kapfenberg;22459;12,8;23,6;19,4;65,3;10,7;64;7,5;46,6;10798;2,05;6305;1039;1295;13856
2020;62141;Kindberg;8131;12,3;24,1;5,9;72,8;6,3;69,1;8,8;63,3;3794;2,12;2432;500;572;3327
2020;62142;Mariazell;3637;10,9;29,6;8,9;75;2,9;71,2;6,2;26,4;1780;2,01;1046;321;398;1701
2020;62143;Mürzzuschlag;8260;10,9;29,3;12;66,1;9,4;64,8;7,9;49;4086;1,97;2307;484;609;4142
2020;62144;Neuberg an der Mürz;2359;10;30,1;5,8;73,3;3,7;72,3;6,5;68,9;1157;2,03;694;208;229;536
2020;62145;Sankt Barbara im Mürztal;6601;11,6;28;7;69,3;6,1;68,9;7;62,5;3215;2,04;1992;393;447;2250
2020;62146;Sankt Marein im Mürztal;2819;14,6;21,1;9,8;74,5;6,4;67,9;8,9;81,5;1232;2,23;827;199;219;847
2020;62147;Thörl;2237;10,9;27,4;4,8;71,3;5,6;66,9;6,5;66,1;1023;2,15;666;178;203;765
2020;62148;Tragöß-Sankt Katharein;1841;12,7;27,1;4;73;4,4;73,6;6,2;71,6;875;2,1;559;134;144;326
2020;62202;Bad Blumau;1635;13,3;19,6;5,4;74,6;4,4;67,7;7,3;73,2;613;2,6;473;140;148;802
2020;62205;Buch-St. Magdalena;2162;13,6;19,3;1,8;74,2;3,8;69,4;5,9;82,4;779;2,78;669;147;152;406
2020;62206;Burgau;1053;11,5;24,8;9,7;71,5;6,9;66,5;8,8;73;504;2,09;300;87;100;364
2020;62209;Ebersdorf;1291;14,7;17,3;2,6;77,7;2,8;70;6,4;77,3;471;2,74;386;123;131;404
2020;62211;Friedberg;2619;14,7;21,3;3,4;74,7;4,5;68,5;8;74,5;1033;2,5;761;221;247;802
2020;62214;Greinbach;1813;14,1;19,1;3,8;76,4;3,8;69,2;6,2;75,1;675;2,64;541;175;186;685
2020;62216;Großsteinbach;1269;13,8;20,1;2,8;75;3,2;68,9;8;80;494;2,57;391;112;118;314
2020;62219;Hartberg;6784;13,6;22,7;9,7;72;6,9;60,2;14,5;54,7;3061;2,17;1850;1082;1308;7632
2020;62220;Hartberg Umgebung;2181;16,6;18,9;4,3;77;2,5;66,2;11,1;79;714;3,02;642;229;242;999
2020;62226;Lafnitz;1453;13,7;19,8;8,3;72,5;6,7;64,8;6,2;74,3;572;2,48;433;114;124;1144
2020;62232;Ottendorf an der Rittschein;1566;14,6;15,3;2,2;79,7;2,9;68,4;5,4;84,5;602;2,6;476;120;127;267
2020;62233;Pinggau;3142;15,8;21,3;4,1;76,3;4,7;68,2;7,4;74,2;1248;2,51;918;238;270;1214
2020;62235;Pöllauberg;2054;13,1;21,8;2,5;80,4;2,9;66,6;7,2;79,2;685;3;626;193;196;495
2020;62242;Sankt Jakob im Walde;1038;14,9;18,7;2,5;78,7;2;75,5;4,1;71;335;3,05;312;124;130;255
2020;62244;Sankt Johann in der Haide;2178;12,9;20,1;4,2;74,8;5,5;70,4;6,3;80;918;2,29;637;172;189;1126
2020;62245;Sankt Lorenzen am Wechsel;1436;13;22,3;1;76,6;4,1;71,7;5;78;551;2,61;455;127;132;240
2020;62247;Schäffern;1347;16,5;18,3;0,9;77,1;2,6;69,5;6;75;445;3;384;151;159;296
2020;62252;Söchau;1451;12,4;25,8;4,2;74,3;3,8;61,4;8,6;85;553;2,46;449;110;113;307
2020;62256;Stubenberg;2205;12,7;23,9;4,1;74,6;4,1;65,1;9;66,2;859;2,49;633;217;246;880
2020;62262;Wenigzell;1400;14,7;22,3;3,4;73,6;1,5;65,9;9;63,6;458;3,06;420;174;186;465
2020;62264;Bad Waltersdorf;3883;14,9;18,3;4,8;79;4,6;68,4;7,8;67,1;1531;2,54;1167;367;402;2035
2020;62265;Dechantskirchen;2008;14,1;19,4;1,7;77,5;2,7;66,8;7,8;80,9;752;2,67;604;156;174;386
2020;62266;Feistritztal;2404;13,9;19,6;3,5;76,5;3,8;67,5;6,4;79,1;935;2,57;718;209;221;679
2020;62267;Fürstenfeld;8673;12,2;23,6;10,1;72,7;7,1;62,9;12,6;55,9;4193;2,03;2464;801;1013;5554
2020;62268;Grafendorf bei Hartberg;3140;14,7;19,7;2,6;75,8;4,2;70,2;7,1;70,2;1148;2,74;945;341;356;1369
2020;62269;Großwilfersdorf;2091;13,5;19,9;5,8;77,1;3,7;64;11,3;70,1;858;2,44;629;210;235;1208
2020;62270;Hartl;2119;15,8;17,5;1,7;75,4;4,2;69,7;4;72,5;742;2,86;672;213;220;1386
2020;62271;Ilz;3765;14,4;18,5;4,7;77,4;4,3;65,8;8,7;75,8;1568;2,4;1115;362;412;2124
2020;62272;Kaindorf;3007;15;19,6;4,7;76;3,9;67,1;6,8;70,3;1134;2,55;845;295;318;1318
2020;62273;Bad Loipersdorf;1819;12,5;22;4,6;76,3;4,6;65,8;6,6;72,1;747;2,44;556;170;181;970
2020;62274;Neudau;1480;16,2;20,6;20;61,8;11,4;59;5,1;72,4;612;2,33;394;96;109;455
2020;62275;Pöllau;5923;13,1;21,2;1,8;76,9;3,6;67,3;6,9;62,3;2117;2,78;1768;613;665;2253
2020;62276;Rohr bei Hartberg;1455;12,3;22,5;3,8;74,6;6,6;66,8;5,9;83,3;613;2,37;449;108;116;324
2020;62277;Rohrbach an der Lafnitz;2650;12,9;23,5;2,5;76,9;3,9;67,5;7,1;72;1016;2,6;813;219;235;952
2020;62278;Vorau;4657;13,9;22,5;1,8;75,9;3;68,7;6,5;58,6;1680;2,73;1391;461;501;1727
2020;62279;Waldbach-Mönichwald;1460;11,4;24,3;2,9;74;4,6;69,5;5,8;65,9;543;2,69;428;161;176;394
2020;62311;Edelsbach bei Feldbach;1331;14,4;20,5;3,3;76,9;3,2;64,4;7,3;78,6;496;2,68;411;122;128;552
2020;62314;Eichkögl;1347;17,4;16,7;3,4;79,1;3,1;63,8;8,6;85,2;501;2,69;415;108;114;282
2020;62326;Halbenrain;1738;10,2;24,7;4,4;73,9;3,1;67,2;7,3;74,9;683;2,46;510;173;194;671
2020;62330;Jagerberg;1645;14,2;20,1;2,2;76,7;3,8;64,1;4,7;73,7;572;2,88;481;184;188;525
2020;62332;Kapfenstein;1554;15;21,7;2,1;76,1;2,1;61,9;5,8;76,1;522;2,98;473;148;159;457
2020;62335;Klöch;1178;11,1;26,7;3,3;76,6;2,7;66,5;7,1;69,6;509;2,31;366;152;157;478
2020;62343;Mettersdorf am Saßbach;1341;11,9;23;6,5;78;2,9;64;5,4;71,3;487;2,63;389;121;126;671
2020;62368;Tieschen;1202;11;25,9;2,8;75,4;3,6;68,8;7,9;78,4;488;2,45;363;115;122;258
2020;62372;Unterlamm;1270;12,9;20,5;2;76;3;58;5,9;82,3;501;2,48;387;97;104;259
2020;62375;Bad Gleichenberg;5187;12,5;23,6;7,1;73;4,6;64,5;9;60,8;2259;2,24;1488;453;533;2738
2020;62376;Bad Radkersburg;3201;10,8;30;13,9;68,8;5,5;64,2;11,3;45,3;1466;2,09;881;338;408;2907
2020;62377;Deutsch Goritz;1801;13,1;22,8;3,1;76,6;2,8;67,6;7,2;70,7;714;2,52;556;188;208;1032
2020;62378;Fehring;7170;12,5;23,5;4,2;74;3,7;61,9;7,8;66,1;2912;2,39;2087;630;702;2721
2020;62379;Feldbach;13371;14,1;20,3;12,7;72,1;6,5;61,4;8,4;54,5;5861;2,26;3823;1006;1286;9502
2020;62380;Gnas;5974;13,8;20,4;2;78;2,6;65;5,6;63,5;2096;2,82;1768;658;695;2182
2020;62381;Kirchbach-Zerlach;3262;13,5;20,8;3,4;78,4;2,5;63,8;8,1;72,5;1217;2,65;977;306;343;1195
2020;62382;Kirchberg an der Raab;4591;14,5;19,7;4,3;77,6;2,8;65,1;7,1;72;1823;2,5;1394;470;495;1855
2020;62383;Mureck;3498;11,3;25,2;10;72,8;5,1;66,6;8,8;69;1553;2,22;1003;338;402;1576
2020;62384;Paldau;3150;15;19,3;2,7;77,6;3,4;65,5;5;76,9;1182;2,65;945;289;308;1087
2020;62385;Pirching am Traubenberg;2537;14,3;18;3,4;77,6;3,8;66,5;6,9;83,1;942;2,69;777;181;188;520
2020;62386;Riegersburg;4935;13,6;21,2;3,7;78;3,5;63,1;7;73,5;1864;2,65;1522;461;488;1555
2020;62387;Sankt Anna am Aigen;2370;11,9;22,2;2,4;77,2;2,6;64,3;5,6;72,6;867;2,7;705;238;255;637
2020;62388;Sankt Peter am Ottersbach;2931;13;21,2;3,1;77,5;3,2;64,9;5,8;74,1;1086;2,66;855;285;309;1524
2020;62389;Sankt Stefan im Rosental;3910;14,1;20,3;2,7;79,2;2,5;62,5;6;67,6;1453;2,69;1152;379;416;1501
2020;62390;Straden;3509;11,6;23,3;3,2;76;3;66;7,1;67,4;1394;2,52;1076;387;401;1564
2020;70101;Innsbruck;130973;11,8;18,6;27,7;68,2;6,6;49,1;27;28,2;65290;1,94;31310;11227;12975;103437
2020;70201;Arzl im Pitztal;3154;15,9;17,3;9,1;75,5;5,3;63,4;8,4;76,1;1274;2,44;906;190;207;1059
2020;70202;Haiming;4759;16,5;15,7;9,6;73,7;4,9;63;10,7;67,3;1840;2,55;1381;338;403;2654
2020;70203;Imst;10883;15,7;16,5;18,2;72,9;6,6;57,2;12,8;47,4;4620;2,3;3002;834;1077;7888
2020;70204;Imsterberg;799;18,4;13,8;2,3;77,7;3,4;70,4;8,9;81,3;270;2,96;228;36;43;167
2020;70205;Jerzens;941;15;16,9;10,5;68;10,5;64,1;4,5;68,1;361;2,61;273;82;94;241
2020;70206;Karres;610;15,6;15,9;1,6;80,9;1,4;67,4;6,2;85,5;232;2,63;185;35;41;101
2020;70207;Karrösten;685;13,3;20,1;6,1;78,5;2,6;65,8;13,3;85,2;288;2,35;204;46;52;143
2020;70208;Längenfeld;4782;17,1;13;11,5;72,9;10,2;66;5,5;50,3;1745;2,71;1329;380;425;1895
2020;70209;Mieming;3844;15,1;17,5;11,3;76,9;3,6;61,7;19,7;70,1;1590;2,39;1106;296;321;1248
2020;70210;Mils bei Imst;616;15,4;15,3;6,8;78;4;65,1;10;82,8;244;2,52;189;49;51;308
2020;70211;Mötz;1300;16,3;16,3;12,5;74,5;4,6;66,8;11,9;88;534;2,43;389;62;69;151
2020;70212;Nassereith;2157;14,4;21,1;9,5;72,9;4,9;62,2;7,7;75;844;2,5;626;122;139;544
2020;70213;Obsteig;1397;16,5;16,8;13,2;75,1;3,9;62,1;16,2;78,2;572;2,44;390;114;120;322
2020;70214;Oetz;2342;14;18;12,8;70,4;10,6;65,3;10,8;66;956;2,44;686;192;223;1006
2020;70215;Rietz;2434;17,1;16,1;6;77,8;3,5;66,7;10,2;80,7;981;2,48;730;126;138;755
2020;70216;Roppen;1874;17,2;14,9;10,6;77,3;3,9;67,6;9,5;85,3;735;2,52;551;93;106;629
2020;70217;St. Leonhard im Pitztal;1382;14,1;17,3;8,8;65,3;14,4;63,1;3,8;48,7;539;2,56;394;113;125;477
2020;70218;Sautens;1638;15,8;15,9;18,1;72,3;7,2;64,2;8,7;80,5;638;2,55;461;106;110;238
2020;70219;Silz;2582;16,2;19;8,7;74,2;3,8;63,4;13,9;71,9;1015;2,44;709;213;240;960
2020;70220;Sölden;2945;13,3;15,8;14,4;65,9;16,9;65,5;5;18,8;1147;2,52;816;581;645;2395
2020;70221;Stams;1563;18,2;15,9;11,5;79,9;3,3;62,5;13,5;77,1;608;2,5;453;95;117;1053
2020;70222;Tarrenz;2764;15,9;16,6;8,4;75,4;4,4;67,1;8,8;82,5;1119;2,47;816;161;179;492
2020;70223;Umhausen;3380;15,9;13,5;12,8;71,7;10;64,2;6,2;69;1316;2,56;944;236;260;925
2020;70224;Wenns;2074;14,8;17,3;7,9;73;7,3;64,4;7,7;75,8;848;2,45;589;130;145;458
2020;70301;Absam;7316;14,9;19,9;9,1;78,6;2,6;60,9;21,3;78,1;3243;2,22;2120;553;600;2813
2020;70302;Aldrans;2758;16,8;16,9;12,5;78,4;3,2;55,6;30;82,5;1193;2,27;745;228;246;599
2020;70303;Ampass;1832;15,8;14,3;15,4;78,6;3;62;16,9;80,9;776;2,36;516;146;158;418
2020;70304;Axams;6115;14,9;19,5;10,3;77,9;3,2;61,6;19,6;80,1;2629;2,29;1800;398;428;1548
2020;70305;Baumkirchen;1304;15,5;16,3;10,7;80;2,4;64;12,7;88,3;548;2,37;383;78;87;151
2020;70306;Birgitz;1492;16,2;19,8;11,3;79,3;3,6;59,2;24;89;664;2,25;436;87;95;245
2020;70307;Ellbögen;1142;16,6;18,9;4;81,9;1,6;70,3;11,4;88,4;458;2,49;337;64;65;109
2020;70308;Flaurling;1298;16,3;15,6;8,9;77,7;3,7;58,5;15,7;87,7;515;2,52;394;64;71;209
2020;70309;Fritzens;2156;16,5;16,5;7,7;79;1,4;67,1;14;83,5;931;2,31;631;122;138;559
2020;70310;Fulpmes;4502;16,3;16,6;17,1;75,1;6,7;58,4;11,4;58,6;1820;2,43;1280;347;382;2093
2020;70311;Gnadenwald;827;17,4;17,3;9,4;82,6;0,6;61,6;20,8;76,3;340;2,43;242;83;88;229
2020;70312;Götzens;4117;14,6;17,6;11,8;79,2;3,4;60;20,4;81,9;1828;2,25;1212;266;293;1044
2020;70313;Gries am Brenner;1327;15,4;18,4;10,9;74,6;2,8;60,6;8,5;78,5;559;2,33;353;94;112;381
2020;70314;Gries im Sellrain;615;16,3;18,2;6,2;75,9;4,6;68,7;8;80,9;245;2,51;169;39;45;97
2020;70315;Grinzens;1415;15,3;17;8,3;79,7;2,9;63,3;15,3;91,2;547;2,59;409;67;69;152
2020;70317;Gschnitz;435;16,8;20,5;5,5;76,2;5,8;63;5,5;77,1;150;2,9;125;40;43;73
2020;70318;Hatting;1467;17;14,1;10,8;80,2;3,6;62,2;17,2;86,5;623;2,35;440;84;94;176
2020;70319;Inzing;3987;17,3;16,3;10,7;79,1;3,2;63,9;18,3;78,9;1644;2,4;1165;245;278;1609
2020;70320;Kematen in Tirol;3017;16,1;14,9;11,7;80,4;2,6;63,2;18,3;79;1336;2,24;854;212;258;2188
2020;70322;Kolsass;1669;16,4;16,2;8,4;79,8;1,9;62,8;14,5;82,7;687;2,43;506;118;133;464
2020;70323;Kolsassberg;835;15,8;16;7,7;79,4;3,2;63,6;11,8;82,7;339;2,46;249;68;70;106
2020;70325;Lans;1106;15,8;16,6;11,4;80,9;2,8;53,2;33;74,4;491;2,25;314;125;140;640
2020;70326;Leutasch;2408;12;20,8;24,7;68,1;11,1;63,7;10,5;57,3;1065;2,22;675;275;292;700
2020;70327;Matrei am Brenner;915;13,2;18,3;13,8;75,6;5,7;66,2;7,4;82;427;2,14;260;81;91;353
2020;70328;Mieders;1937;17,3;16;16,5;78,1;4,1;58,5;18,4;77;759;2,55;559;163;182;790
2020;70329;Mils;4547;15,9;20,5;11;77,7;2,4;58;22,5;79,9;1843;2,4;1277;458;514;2375
2020;70330;Mühlbachl;1455;13,7;24,2;12,5;76,2;4;58,6;5,7;80,2;607;2,25;389;89;96;569
2020;70331;Mutters;2236;16,3;18,1;14,2;76,1;3,7;57,3;23,8;79,1;921;2,4;634;195;216;607
2020;70332;Natters;2092;13,6;23,5;10,5;78;2,9;60,5;24,1;78,4;943;2,18;599;176;191;831
2020;70333;Navis;2041;16,4;16,5;4,1;81,6;2,1;66;6,3;81,1;806;2,53;598;126;136;643
2020;70334;Neustift im Stubaital;4830;15,2;15,5;14,2;75,9;6,4;61,4;8,1;56,1;1883;2,54;1376;485;523;1874
2020;70335;Oberhofen im Inntal;1914;19,6;15,9;10,1;77,2;3,7;60,9;12,7;79;747;2,56;578;107;114;553
2020;70336;Obernberg am Brenner;379;16,4;20,6;7,1;78,2;3,5;61,8;10,4;72,6;140;2,71;104;40;43;72
2020;70337;Oberperfuss;3082;17,2;16,8;5,8;81,8;1,9;65,2;15,1;83,1;1245;2,46;896;214;228;479
2020;70338;Patsch;1072;15,2;17,7;10,1;81,6;1,8;60,4;23;86,1;467;2,3;311;78;87;174
2020;70339;Pettnau;1062;13,8;16,5;8,3;80,1;3,1;62,6;16;86,2;473;2,25;324;67;73;198
2020;70340;Pfaffenhofen;1155;17,7;15,8;12,4;77,1;5;56,8;13,6;85,8;457;2,53;329;76;93;560
2020;70341;Pfons;1225;15,2;20,2;4,9;80,2;3;69,4;11,5;85,5;489;2,51;369;68;74;231
2020;70342;Polling in Tirol;1285;21,6;12,5;10,5;82,2;4,1;64,2;13,5;81,5;461;2,76;379;88;95;542
2020;70343;Ranggen;1102;18,3;14,4;8,4;78,8;2,5;64;17;85;419;2,63;329;75;79;187
2020;70344;Reith bei Seefeld;1436;14,5;15,7;25,2;71,9;7,6;60,7;17,4;75,3;621;2,23;378;138;154;488
2020;70345;Rinn;1949;18,1;14,7;9,3;78,3;2,4;63,4;20,4;82,5;795;2,45;552;128;138;301
2020;70346;Rum;9299;15,3;21,4;14;77,5;3,9;59,5;16,8;82,7;4208;2,19;2597;483;582;4685
2020;70347;St. Sigmund im Sellrain;178;12,9;21,3;14;81,2;4,8;65,8;8,4;78,5;71;2,51;52;16;16;25
2020;70348;Scharnitz;1359;14,5;20,9;27,1;68,6;6;70,8;9;77,8;590;2,3;396;79;86;243
2020;70349;Schmirn;881;15,8;18,5;3;80,3;1,7;63,2;4,6;87;328;2,69;257;40;46;71
2020;70350;Schönberg im Stubaital;1082;17,6;17,2;18,8;79,3;2,7;61,4;11,8;79,4;427;2,52;306;70;88;484
2020;70351;Seefeld in Tirol;3519;13,5;22,4;33,8;65,3;14,3;58,6;13,4;42,7;1729;2,01;920;393;449;1910
2020;70352;Sellrain;1335;13,6;22,2;5,1;81,1;1,4;63,1;9,4;87,4;556;2,4;409;62;67;122
2020;70353;Sistrans;2270;16,6;19,5;8,5;77,6;2,8;54,4;32;83;955;2,38;664;191;206;484
2020;70354;Hall in Tirol;14288;14,8;19,6;20,7;74,5;5,4;54,1;17,1;67;6259;2,16;3739;1077;1322;12027
2020;70355;Steinach am Brenner;3633;15,3;19,3;14,1;78,2;3,9;65,1;9,4;75,6;1576;2,28;1018;226;273;1283
2020;70356;Telfes im Stubai;1586;14,8;18,6;11,3;78,6;4;65,5;16,3;82,6;668;2,37;457;114;123;281
2020;70357;Telfs;16097;16;16;19,5;71,2;7,1;53,6;12,2;62,2;6699;2,36;4410;915;1085;6616
2020;70358;Thaur;4101;15,7;16;11,5;80,9;2,8;63,1;19,3;76,9;1703;2,39;1168;414;451;2082
2020;70359;Trins;1351;14,9;18;7,3;79,6;2,5;65,7;13,3;85,6;539;2,51;411;93;99;177
2020;70360;Tulfes;1694;16,4;15,8;10,4;80,9;2,6;66,7;15;81,4;691;2,44;504;156;168;353
2020;70361;Unterperfuss;231;10,8;38,5;12,6;75,2;0;57,8;9,7;71,4;77;2,17;48;19;21;164
2020;70362;Vals;531;13,7;17,7;3,6;80,2;2,3;62,2;3,5;84,1;198;2,68;147;43;47;93
2020;70364;Völs;6954;15,1;24,1;13,2;77,4;3,7;59,8;18;81,9;3178;2,17;1992;337;449;3072
2020;70365;Volders;4500;15,2;16,1;10,1;77,8;3,1;64,2;12,4;83,4;1905;2,33;1335;310;349;1153
2020;70366;Wattenberg;773;15,8;13,1;4,3;82;1,7;67,3;11,8;85,7;317;2,44;216;63;69;142
2020;70367;Wattens;7997;14,2;19,6;13;76,6;3,8;59,6;11,7;60;3693;2,12;2275;488;576;7429
2020;70368;Wildermieming;977;16,2;17;10,5;80,2;3,4;60,9;21,2;80,6;374;2,6;272;84;87;271
2020;70369;Zirl;8173;15,2;15,2;12,3;78,2;2,9;60,8;19,3;76,4;3461;2,31;2382;563;665;3599
2020;70401;Aurach bei Kitzbühel;1117;9,8;27;19,5;70,1;4,1;67,6;9,6;59,4;552;2,02;315;151;159;537
2020;70402;Brixen im Thale;2625;13,1;21,7;12,6;75;6,1;69,3;7,5;61,7;1173;2,22;759;271;290;875
2020;70403;Fieberbrunn;4392;13,8;20,9;13,8;72,9;5,3;66,6;9,1;49,5;1900;2,24;1226;403;462;1978
2020;70404;Going am Wilden Kaiser;1899;11,8;18,3;21;72;6,5;70,1;8,1;63,6;802;2,29;515;186;196;826
2020;70405;Hochfilzen;1277;15,3;18,8;13,2;74,2;5,3;68,3;6,4;74,1;533;2,4;384;91;105;527
2020;70406;Hopfgarten im Brixental;5668;15,2;18,9;11,6;75,1;5,4;67,2;8,5;56,4;2427;2,31;1603;550;608;2287
2020;70407;Itter;1181;13,4;19,1;10,9;75,7;4;67,6;10,4;76,8;504;2,34;350;110;126;393
2020;70408;Jochberg;1508;12,1;24,3;14,7;70,6;4,6;71,3;6,5;64,7;713;2,12;424;155;170;503
2020;70409;Kirchberg in Tirol;5221;11,4;22,2;21;68,9;9,6;67,3;9,4;52,4;2455;2,1;1419;635;694;1903
2020;70410;Kirchdorf in Tirol;4010;15,5;18,2;15,3;76,4;6,9;68,7;8,5;66;1658;2,41;1166;370;397;1666
2020;70411;Kitzbühel;8220;9,9;26,4;23,5;67,1;8;62,4;14;35;4157;1,93;2180;1303;1496;6904
2020;70412;Kössen;4445;14,5;20,7;21,2;73,3;5,9;69,7;8,2;52,7;1919;2,29;1267;422;470;1525
2020;70413;Oberndorf in Tirol;2329;14,1;22,7;17,1;74,1;6,3;66;10,9;68,6;1027;2,2;650;254;282;1143
2020;70414;Reith bei Kitzbühel;1694;12,7;26,2;23;65,2;4,6;66,7;13,9;64,8;829;2,03;435;190;207;651
2020;70415;St. Jakob in Haus;799;16,3;16,8;10,8;76,3;4,1;71,7;8,1;79,4;335;2,39;227;64;67;153
2020;70416;St. Johann in Tirol;9674;13,6;19,8;21,5;72,3;6,9;64,1;11,4;45,1;4483;2,13;2701;951;1118;6922
2020;70417;St. Ulrich am Pillersee;1872;16,1;18,6;21,1;73,5;5,7;69,9;8;58,5;783;2,38;532;165;184;675
2020;70418;Schwendt;873;14,5;16,7;20;70,5;6,7;67,8;7,8;76,4;350;2,49;254;74;77;146
2020;70419;Waidring;2041;14;20,1;13,2;73,7;7,1;70,4;6,7;62;844;2,42;599;189;203;589
2020;70420;Westendorf;3676;13,1;21,3;13,4;73,4;6,9;68,3;8,3;56,1;1585;2,29;1041;423;460;1194
2020;70501;Alpbach;2544;14,8;20,1;10,3;73,9;4,5;66;8;58,3;1003;2,54;685;217;236;749
2020;70502;Angath;1027;16,4;13,7;10,8;78,1;3,4;65,3;8;88,1;398;2,58;292;57;64;182
2020;70503;Bad Häring;2850;15,9;18,2;15,4;76,8;3,4;64,6;13,1;73,2;1198;2,31;814;158;179;997
2020;70504;Brandenberg;1522;15,6;21,2;6,5;79;2,1;71;4,5;78,8;561;2,69;441;118;125;227
2020;70505;Breitenbach am Inn;3513;15,7;16,4;8,5;80,1;2,8;64,7;10,5;81,2;1373;2,56;1017;220;233;571
2020;70506;Brixlegg;3071;13,4;18;15,8;76,9;4,7;64,4;11,8;69,7;1392;2,19;873;268;323;2148
2020;70508;Ebbs;5679;15,2;19;14,3;77;3,7;68,7;8,9;65;2412;2,31;1612;461;490;2614
2020;70509;Ellmau;2863;14;20,7;23,3;69,7;9,5;67,4;8,1;49;1313;2,18;810;393;425;1396
2020;70510;Erl;1540;15,5;17,9;19,9;75,4;3,6;68,4;9,6;66;636;2,42;439;130;140;580
2020;70511;Kirchbichl;5883;15,9;18,8;13,4;76,1;5,2;64,8;9,9;74,5;2515;2,31;1699;452;514;2912
2020;70512;Kramsach;4952;14,4;19;10,1;77,9;3,3;66,5;14,1;73,1;2158;2,26;1402;376;426;2385
2020;70513;Kufstein;19497;14,6;17,5;28,8;71,4;6,9;55,6;14,8;49,9;9045;2,13;5153;1627;1893;12253
2020;70514;Kundl;4778;16,8;16,3;15,8;79,1;4,2;64,7;11,4;58,2;2000;2,35;1335;317;379;5497
2020;70515;Langkampfen;4144;16,2;17,7;12,3;78,6;3,3;68,3;9,5;70,9;1776;2,32;1217;239;272;3740
2020;70516;Mariastein;457;17,5;10,7;13,6;80,5;2,5;61,3;16,4;85,7;168;2,65;128;31;35;106
2020;70517;Münster;3438;15,2;16;7,8;80,3;2,6;66,6;10,9;80,7;1435;2,37;1003;181;195;873
2020;70518;Niederndorf;2821;16,1;17,4;14,8;77,2;3;69,4;10,1;77,9;1194;2,36;842;178;202;944
2020;70519;Niederndorferberg;717;19,1;14,8;15,1;75,1;3,2;71,7;7,9;75,1;269;2,67;192;54;59;130
2020;70520;Radfeld;2562;16,2;14,1;15,7;77,7;5,2;64,7;9;81,6;1116;2,29;698;154;174;1280
2020;70521;Rattenberg;447;13,4;17,7;36,9;72,4;10,3;59,7;12,9;81,5;238;1,88;111;59;74;322
2020;70522;Reith im Alpbachtal;2763;15,6;17,5;13,6;75,7;4,5;65,4;9;69,1;1086;2,49;785;283;307;1050
2020;70523;Rettenschöss;559;19,9;15,7;13,1;78,1;2,4;73;7,8;78,3;208;2,69;164;54;58;110
2020;70524;Scheffau am Wilden Kaiser;1488;13,4;20,8;17,5;69,1;8,8;66,5;8,9;62,7;607;2,36;418;164;171;508
2020;70525;Schwoich;2567;16,2;17,8;10,1;79,5;2,7;69,7;9,8;75,8;1048;2,45;769;254;264;1147
2020;70526;Söll;3730;16,5;17,9;12,9;74,6;8,2;68,2;8,4;61;1531;2,44;1063;385;425;1572
2020;70527;Thiersee;3090;16,8;19,2;15,5;76,5;3,5;70,4;9,1;67;1303;2,37;881;250;265;890
2020;70528;Angerberg;1931;15,8;18,2;7,5;77,6;2,7;67,2;13;80;779;2,48;583;157;166;352
2020;70529;Walchsee;2021;14,9;18,5;20,2;71,2;7,3;67,9;9,7;63,3;849;2,38;564;197;211;760
2020;70530;Wildschönau;4293;15;18,3;11,2;74,3;7,7;67,9;7,8;53,3;1771;2,4;1168;482;515;1275
2020;70531;Wörgl;14189;15,8;16,4;25,4;72,1;7;57,1;8,6;58,3;6396;2,19;3926;856;1137;8829
2020;70601;Faggen;382;19,1;13,6;7,1;73,2;11,2;72,2;5,5;87,6;147;2,6;114;18;19;44
2020;70602;Fendels;274;14,6;12,8;7,3;72,4;11,6;71,4;6;77,8;109;2,51;75;14;18;53
2020;70603;Fiss;983;15;12,9;11,8;60,4;24,8;67,5;9,6;30,5;357;2,66;267;205;216;677
2020;70604;Fließ;3098;18,5;15,6;6,3;73,3;7,5;64,5;7,6;77,6;1173;2,64;906;185;206;667
2020;70605;Flirsch;989;14,4;20,5;9,9;69,7;10;63,9;8;80,4;397;2,46;285;52;57;173
2020;70606;Galtür;765;13,3;15,6;8,6;59,9;27;67,1;6;38,4;297;2,58;216;117;131;292
2020;70607;Grins;1383;15,5;21,1;4,3;78,2;4,3;64,7;8,5;83,2;541;2,49;396;52;57;432
2020;70608;Ischgl;1558;15,7;13,1;6,7;62,6;22,6;67,1;8,2;20;596;2,61;428;360;390;1088
2020;70609;Kappl;2536;15,1;17,9;3,9;66,5;15,3;60,8;6,6;60,7;909;2,79;738;186;204;709
2020;70610;Kaunerberg;435;23;17,2;4,1;73,1;12,4;70,4;4,5;79,3;150;2,9;125;30;30;49
2020;70611;Kaunertal;612;17,3;18,6;7,2;75;8,4;73,9;6,1;58,5;214;2,86;175;61;66;258
2020;70612;Kauns;500;16,4;17,6;4;78,8;8,4;66,7;8,4;85,4;200;2,5;138;28;29;52
2020;70613;Ladis;531;17,3;16,9;7,3;65;21,4;70,6;4,1;56,5;206;2,58;147;87;91;166
2020;70614;Landeck;7652;14,1;19,1;16,8;68,3;12,6;57,9;10,5;60,3;3347;2,25;2152;509;653;4272
2020;70615;Nauders;1535;16,7;17,1;13,4;62,4;21;66,3;6,8;45,4;616;2,48;445;167;176;508
2020;70616;Pettneu am Arlberg;1475;13,4;16,5;12,5;64,2;16,1;67;10,3;72,3;602;2,45;425;131;135;308
2020;70617;Pfunds;2583;16,3;18,2;10;68,2;13,9;68,6;5;65,1;1071;2,41;741;167;193;754
2020;70618;Pians;787;16,1;20,5;10,3;72,7;7,1;59,8;13,6;77,4;289;2,72;241;56;62;449
2020;70619;Prutz;1894;15;17;14,9;69,9;13,9;65,2;8,3;71,2;804;2,36;544;126;143;750
2020;70620;Ried im Oberinntal;1253;14,8;16,5;13,3;67;15,4;67,4;9;60,1;522;2,32;344;132;157;805
2020;70621;St. Anton am Arlberg;2327;11,7;20,8;16,5;59,1;19,5;65,1;13,3;32,7;1022;2,28;654;412;450;1266
2020;70622;Schönwies;1667;16,7;18,8;5,5;73,6;4,8;64,7;9,5;83,7;652;2,56;495;74;83;701
2020;70623;See;1250;18,6;12,8;4,9;69,3;12,9;65,1;6,8;74,4;442;2,83;351;77;83;295
2020;70624;Serfaus;1146;13,2;16,2;12,4;62,7;24,9;71,3;7,6;32,5;437;2,62;328;228;249;696
2020;70625;Spiss;100;8;17;14;66,7;13,8;58,7;0;82;47;2,13;28;11;11;16
2020;70626;Stanz bei Landeck;581;15,7;14,6;3,8;72,6;3,9;65,7;14,7;84,2;218;2,67;168;35;41;132
2020;70627;Strengen;1243;17,1;17,5;3,7;73,8;7,2;67,5;6,7;90,1;457;2,72;377;27;32;135
2020;70628;Tobadill;510;15,1;20,2;6,9;75,5;5,2;67,4;6;87,5;201;2,54;149;17;23;53
2020;70629;Tösens;762;18,4;14,4;9,2;69,3;13,9;70,6;5,3;80,5;280;2,72;221;48;50;89
2020;70630;Zams;3452;14,5;19,6;10,3;74,1;5,5;61,6;15,7;63;1425;2,36;979;206;255;3123
2020;70701;Abfaltersbach;648;17,1;18,5;3,4;74,6;2,1;66,9;10,1;64,9;243;2,67;177;57;65;660
2020;70702;Ainet;925;15,5;18,7;2,7;77,5;3,4;67,8;10;76,9;380;2,43;262;60;63;280
2020;70703;Amlach;496;19,4;14,3;5,6;78,1;2,6;69,5;13,3;81,3;181;2,74;130;40;44;126
2020;70704;Anras;1238;16,6;18,7;3,5;74,5;3,2;66,4;7,2;75,8;431;2,87;347;84;89;252
2020;70705;Assling;1795;14,9;22,2;3,2;75,9;4,5;67,9;9,5;62,9;701;2,56;512;141;152;735
2020;70706;Außervillgraten;746;14,6;24;1,1;74,9;5,1;68,6;6,1;66,5;248;3,01;210;77;82;219
2020;70707;Dölsach;2309;15,1;19,1;6,1;77,4;4,3;68,9;10,1;79,6;996;2,32;675;168;179;631
2020;70708;Gaimberg;877;15,4;19,4;3,9;77,8;3,6;69,9;13,5;80,9;357;2,46;255;66;78;221
2020;70709;Hopfgarten in Defereggen;690;12,6;23,8;4,2;76,1;5,8;67;8,5;66,4;266;2,59;193;61;68;213
2020;70710;Innervillgraten;911;16,2;18,3;2,1;74,7;4,5;64,4;2,9;61;269;3,39;226;99;106;236
2020;70711;Iselsberg-Stronach;615;14,6;20,2;9,1;74,8;3,8;69,3;10,3;79,3;266;2,31;171;52;53;113
2020;70712;Kals am Großglockner;1127;12,6;18,2;5,5;70,1;11,6;72,3;6,9;67,6;419;2,69;319;118;128;332
2020;70713;Kartitsch;762;13,8;25,5;3,7;69,3;6,8;62,4;11,1;70,2;277;2,75;204;81;89;149
2020;70714;Lavant;339;18,6;9,7;2,7;79;5,3;71,4;12;75,6;126;2,69;94;29;33;213
2020;70715;Leisach;704;13,9;25,1;5;75,8;4,6;71,3;10,6;84,1;301;2,34;203;43;49;249
2020;70716;Lienz;11952;12,9;24,4;11,2;70,7;6,8;63,2;14,9;35,1;6160;1,89;3145;1332;1622;10935
2020;70717;Matrei in Osttirol;4653;15;19,2;1,9;75,1;6,5;69,1;7;51,3;1702;2,68;1281;360;407;2112
2020;70718;Nikolsdorf;892;16;20,1;5;78,1;2,6;71,2;9,3;77;366;2,44;254;77;82;227
2020;70719;Nußdorf-Debant;3400;14,4;20,1;4,8;76,9;3,2;70,1;10,4;76,3;1437;2,28;969;190;238;1512
2020;70720;Oberlienz;1462;14,1;18,1;3,1;77,1;3,6;71;8,8;81,9;522;2,8;419;110;115;302
2020;70721;Obertilliach;656;11,3;22,6;2;75,3;7,4;67,9;7,7;56;245;2,68;175;94;99;226
2020;70723;Prägraten am Großvenediger;1145;13,8;17,6;3,1;72,4;9;67;3,4;76,4;391;2,93;313;79;91;164
2020;70724;St. Jakob in Defereggen;835;14,3;23,4;5,3;62,2;20,3;71,8;7,1;47,4;343;2,43;237;112;124;278
2020;70725;St. Johann im Walde;298;18,5;19,8;2,7;82,6;2,5;74,5;2,9;79,3;102;2,92;87;29;31;84
2020;70726;St. Veit in Defereggen;634;13,1;19,1;3,2;63,7;17,5;63,9;4,4;75,5;227;2,79;166;41;46;94
2020;70727;Schlaiten;456;13,4;20;2;77;4,8;72,7;4,1;85,8;181;2,52;131;34;35;56
2020;70728;Sillian;2037;13,5;20;7,2;71,6;5,9;66,6;9,3;55,2;879;2,27;539;183;209;1069
2020;70729;Strassen;795;14,8;19;7;73,6;3;63,8;10,5;80,4;282;2,82;223;64;66;246
2020;70731;Thurn;623;15,9;19,9;3,7;80,8;0,9;71;13,9;83;266;2,34;182;52;57;100
2020;70732;Tristach;1451;16,2;19,3;3,2;77,1;4,9;68,7;12,8;88,4;557;2,61;435;77;85;186
2020;70733;Untertilliach;224;11,2;20,5;8,5;71,2;5,8;63,8;4,5;73,2;79;2,84;58;31;33;48
2020;70734;Virgen;2206;17,5;16;3;72;6,8;69,7;6;75,6;801;2,75;639;128;139;357
2020;70735;Heinfels;1012;15,9;15,6;7,9;74,2;4,4;66,7;10,7;63,8;380;2,66;274;64;80;938
2020;70801;Bach;633;15,3;16,1;7,6;66,1;12,6;65,5;4,9;69,2;241;2,63;181;67;72;119
2020;70802;Berwang;593;13,7;21,6;21,2;65,4;12,1;65,2;8;51,4;246;2,41;171;86;89;175
2020;70803;Biberwier;637;12,7;21,8;21,5;68,6;10,4;65,1;9,4;67,5;292;2,18;190;130;139;260
2020;70804;Bichlbach;780;14;21,8;19,6;69,5;8,7;64,2;7,9;75,6;326;2,39;242;50;57;126
2020;70805;Breitenwang;1491;13,9;19,6;16,6;74;3,3;68,6;12,1;59,7;644;2,32;444;75;85;2808
2020;70806;Ehenbichl;826;14,3;26;13,2;77,7;2,5;63,7;14,7;72,4;350;2,18;218;58;65;798
2020;70807;Ehrwald;2581;10,1;27,1;27;67,5;10,1;68,6;8,8;45,2;1277;2,02;764;252;274;1014
2020;70808;Elbigenalp;882;16,7;17,8;11,5;66,6;13,7;63,8;9,9;53,3;354;2,49;262;91;99;393
2020;70809;Elmen;392;14,3;26;12,2;75,2;5,8;64,6;6,5;83,6;175;2,24;119;27;28;55
2020;70810;Forchach;257;15,6;21,8;12,1;69,6;8;74,2;3,7;72,7;97;2,65;80;14;16;114
2020;70811;Grän;588;10,9;17,9;27,2;73,3;10,1;65,5;6,3;32,8;210;2,6;165;80;88;527
2020;70812;Gramais;41;7,3;26,8;12,2;74,1;0;47,4;13,2;52,4;18;2,28;11;9;9;15
2020;70813;Häselgehr;669;13,2;18,5;10;74;6;65,1;8,3;77,2;255;2,62;194;65;68;107
2020;70814;Heiterwang;529;14,4;22,5;10,6;77,2;5,1;69,3;8,8;78,5;231;2,29;163;45;48;80
2020;70815;Hinterhornbach;94;16;24,5;5,3;80,4;4,2;64,6;2,5;65,2;35;2,69;29;10;10;18
2020;70816;Höfen;1248;14,4;21,9;11,4;77,2;4,2;70,2;8,1;77,1;522;2,39;378;76;85;595
2020;70817;Holzgau;389;15,2;19,3;11,8;65,9;11,9;61,8;10,3;58,1;159;2,45;107;51;60;113
2020;70818;Jungholz;300;10,7;21,3;67;50;4,5;64,9;6;51,4;124;2,27;81;32;33;80
2020;70819;Kaisers;77;11,7;16,9;13;69,1;2,5;63,2;10,3;66,7;31;2,48;17;12;12;16
2020;70820;Lechaschau;2076;14,1;19,8;18,3;75,1;5,1;65,3;9,4;79,2;946;2,19;608;113;130;797
2020;70821;Lermoos;1147;13,3;20,3;25,3;68,9;9,5;65,4;9,6;42;504;2,17;311;139;161;742
2020;70822;Musau;392;12,2;22,7;15,8;74,1;1;68,3;6,4;93,1;162;2,42;122;14;14;33
2020;70823;Namlos;67;11,9;11,9;10,4;72,5;11,6;50,8;3,4;73,7;28;2,39;20;7;8;15
2020;70824;Nesselwängle;459;15,9;20;18,1;68,7;9,2;70,2;7,8;64,9;187;2,45;136;51;55;207
2020;70825;Pfafflar;103;6,8;22,3;11,7;65,8;5,8;49;11,5;70,2;43;2,4;28;12;12;19
2020;70826;Pflach;1478;16,3;17;25,6;71;4;67,2;12,9;87,7;622;2,38;448;81;89;263
2020;70827;Pinswang;405;18,3;22;23,2;67,8;1,7;71,3;10,3;75;161;2,52;122;31;34;109
2020;70828;Reutte;6960;15,8;18,5;28,8;70,3;6,4;54,4;10,9;56,2;3136;2,2;1877;461;610;4169
2020;70829;Schattwald;456;16,9;16,2;21,7;69,2;6,6;68,1;7,7;67,5;174;2,62;129;46;51;138
2020;70830;Stanzach;489;10,8;22,3;15,5;75,2;5,6;67,4;10,3;68,8;211;2,32;153;47;52;161
2020;70831;Steeg;662;16,8;15,9;5;66,6;14,7;67,5;3,3;61;235;2,82;186;69;72;176
2020;70832;Tannheim;1120;15;17,2;26,7;69;13,5;72,4;5;41,8;455;2,44;330;147;159;596
2020;70833;Vils;1497;13,8;21;21,1;72,7;2,2;68,3;7,6;62,2;638;2,35;437;96;100;620
2020;70834;Vorderhornbach;257;10,1;21,8;7;78,9;2,1;60,6;15,2;84,9;103;2,5;77;18;19;42
2020;70835;Wängle;937;13,4;20,7;14,8;75,5;2,7;69,3;12,1;88;408;2,3;281;50;54;87
2020;70836;Weißenbach am Lech;1262;13,5;19;11,4;72,9;4,2;65,8;6,3;80,8;547;2,31;380;78;85;265
2020;70837;Zöblen;243;11,1;24,3;20,2;77,7;5,3;63;10,2;73;97;2,51;72;26;26;39
2020;70901;Achenkirch;2168;12,1;22,8;19,6;71,8;6,8;67,8;7,8;52,6;965;2,22;626;203;221;924
2020;70902;Aschau im Zillertal;1861;17,2;15,6;11,7;77;6,3;65,4;4,6;77,8;751;2,48;535;125;146;387
2020;70903;Brandberg;371;20,8;17,8;3,8;78,1;3,2;65;6,8;72,4;125;2,97;94;40;44;105
2020;70904;Bruck am Ziller;1129;17,9;17,7;5,7;79;3;61,6;8,3;86,2;430;2,63;329;69;76;141
2020;70905;Buch in Tirol;2585;14,3;17,9;8,3;79,2;3;66,7;10,6;85,1;1075;2,4;785;149;166;586
2020;70907;Eben am Achensee;3346;14,9;17,8;25,6;72,7;9,6;64;11;49,9;1465;2,25;953;342;377;1552
2020;70908;Finkenberg;1421;11,5;21,7;13,2;71,7;10;64,5;6,4;61,9;547;2,56;419;151;169;505
2020;70909;Fügen;4217;15,4;17,5;21,1;72,6;9,8;61,2;7,7;61;1760;2,35;1207;359;414;2813
2020;70910;Fügenberg;1445;17,2;15,2;7,1;80,9;3,9;64,7;5,6;76,8;575;2,51;426;124;134;319
2020;70911;Gallzein;679;21,5;14,1;4,7;80,5;3,3;64,7;8,1;79,4;254;2,67;198;48;51;131
2020;70912;Gerlos;803;16,7;18,7;12,6;61,7;20,6;66,1;4,2;19,1;298;2,62;232;149;168;441
2020;70913;Gerlosberg;474;17,1;13,7;3,2;72;7,7;62,3;1,5;80,9;179;2,65;136;37;42;57
2020;70914;Hainzenberg;720;16;18,3;9,4;71,5;10,3;64,6;4,5;77,2;264;2,73;213;57;61;118
2020;70915;Hart im Zillertal;1595;16,6;15,1;8,1;77,1;4,6;60,8;8;77,3;643;2,48;455;133;138;295
2020;70916;Hippach;1449;16,4;16,2;8,5;71,9;9,6;64,4;2,8;79;561;2,58;409;116;122;214
2020;70917;Jenbach;7191;14,6;19,1;20,7;71,8;6,9;56,9;9,4;68,6;3252;2,19;2022;357;427;4175
2020;70918;Kaltenbach;1324;15,9;16,8;17,6;70,2;9,6;59,3;6,6;67;536;2,47;383;102;126;1141
2020;70920;Mayrhofen;3884;14,5;19,9;22,5;63,3;18,3;62,9;6,8;38,9;1600;2,36;1067;489;561;2567
2020;70921;Pill;1205;17,2;16,1;8;80,8;2,8;64,6;12,6;80,7;486;2,48;361;93;99;568
2020;70922;Ramsau im Zillertal;1662;14,8;13,1;12,9;72,1;11,4;63,1;6,8;72,5;682;2,44;473;170;194;844
2020;70923;Ried im Zillertal;1266;13,6;15,1;16,2;73,1;10,8;63,9;6,2;77,9;563;2,25;367;86;94;590
2020;70924;Rohrberg;585;19,1;13,2;5,3;77;7,5;62,6;5,1;75,1;213;2,75;163;60;64;236
2020;70925;Schlitters;1523;15,9;14,2;14,4;75,1;7,4;63,1;5,5;78,2;593;2,55;436;113;136;537
2020;70926;Schwaz;13800;14,5;18,7;16;75,2;4,8;58,2;12,9;57,6;6197;2,18;3812;915;1117;9282
2020;70927;Schwendau;1753;17,1;16,1;11,2;71,4;10,5;64,7;6,1;78,5;679;2,58;500;125;139;364
2020;70928;Stans;2178;16,3;16,4;10,4;79,5;3,4;65,7;14,6;80,2;923;2,34;654;143;161;1141
2020;70929;Steinberg am Rofan;288;9;30,6;18,4;70,1;5,8;71,8;5;62,3;121;2,38;85;35;39;66
2020;70930;Strass im Zillertal;850;14,8;15,4;7,8;79,4;3,8;63,4;10,1;77,6;335;2,54;249;84;101;845
2020;70931;Stumm;1940;15,1;17,2;10,6;76,6;7,5;65,4;9,6;71,2;797;2,43;568;181;193;621
2020;70932;Stummerberg;856;16,2;18,8;4;74,6;2,5;59,7;3,5;81,1;312;2,74;242;63;67;103
2020;70933;Terfens;2211;17,9;15,7;8,2;81,3;2,6;67,4;12;75,9;929;2,38;655;176;190;1137
2020;70934;Tux;1925;14,9;16,5;15;74,4;8,8;63,9;4,3;24,4;733;2,59;539;231;249;1285
2020;70935;Uderns;1825;15,8;14,4;11,6;76,9;6,2;67,7;6,8;78,4;762;2,4;519;127;148;640
2020;70936;Vomp;5292;16,1;17,5;11,6;79,5;2,8;63,9;12,2;76,7;2179;2,4;1539;360;434;2713
2020;70937;Weer;1642;14,9;16,9;11,7;80,2;2,8;65,9;12,4;79,4;738;2,22;488;133;148;626
2020;70938;Weerberg;2490;17,9;16,1;4,6;81,1;1,5;65,8;6,9;79,8;965;2,58;743;168;181;370
2020;70939;Wiesing;2148;15,1;18,4;8,8;79,1;4;67,7;10;82,4;926;2,28;628;158;180;633
2020;70940;Zell am Ziller;1686;13,8;22,2;13,8;73,5;11,4;64,7;8,1;59,4;717;2,32;477;261;295;1413
2020;70941;Zellberg;674;17,5;16,8;5,5;68,6;9;66,2;4,5;71,9;251;2,69;197;72;78;303
2020;80101;Bartholomäberg;2369;17,3;18,5;9,5;76;4,1;66,1;7,9;81,1;887;2,62;664;139;148;469
2020;80102;Blons;335;19,7;14,9;6,9;81,7;3,6;58,7;7,8;72,9;120;2,79;91;40;43;99
2020;80103;Bludenz;14967;15;18,6;26,4;72,9;7;55,2;11,1;59,5;6880;2,15;4053;916;1097;8050
2020;80104;Bludesch;2383;17;13,2;20,8;75,1;5,4;58,4;9,6;86,2;1011;2,35;669;126;141;831
2020;80105;Brand;760;14,7;18;25;70,8;11,3;65,3;11,1;44,2;303;2,47;201;104;112;438
2020;80106;Bürs;3369;15,9;17,1;18,5;76,8;4,4;61,5;9,5;75,8;1479;2,26;976;212;287;2648
2020;80107;Bürserberg;559;13,4;18,1;11,1;74,9;3,9;68,6;9,9;77,2;242;2,31;161;50;57;170
2020;80108;Dalaas;1643;18,7;18,3;16,5;72,7;6,3;67,3;7,5;75,4;642;2,52;481;114;126;322
2020;80109;Fontanella;460;21,1;15,4;5,9;77,1;7,5;68;5,8;62,5;172;2,67;116;55;57;141
2020;80110;Gaschurn;1451;13,4;22,3;12,3;65,8;12,5;68,5;7;61,8;652;2,23;431;149;169;456
2020;80111;Innerbraz;1007;15,2;20,4;13,4;74,6;3,9;63,2;9,5;87,3;385;2,48;282;49;57;211
2020;80112;Klösterle;676;15,2;19,8;15,5;69,9;9,2;71,7;7;62;290;2,33;197;89;104;307
2020;80113;Lech;1573;11,4;19,4;19;65,2;18,6;65,9;13,6;17,1;714;2,19;406;416;442;1222
2020;80114;Lorüns;288;17,4;20,8;15,6;74,7;4,2;64,3;8;91,1;125;2,3;88;16;20;52
2020;80115;Ludesch;3672;17,8;13,4;16,5;77,6;3,5;61,1;10,4;83,6;1506;2,42;1047;201;225;1166
2020;80116;Nenzing;6213;14,9;18,2;13,8;77;4,7;62,8;9,7;73,2;2596;2,38;1826;416;477;4801
2020;80117;Nüziders;4953;15,8;20,3;11,6;77,8;3,6;63,7;14,8;80,4;2120;2,32;1444;299;327;2418
2020;80118;Raggal;881;17,7;16,8;9;79;3,1;66,5;8,6;75,5;357;2,47;247;83;87;189
2020;80119;St. Anton im Montafon;700;15,9;17,3;9,4;75,4;4,2;65,2;9,8;84,2;297;2,36;206;41;41;146
2020;80120;St. Gallenkirch;2212;13,5;23,5;12,2;69,5;11,9;68,8;5,4;68;932;2,33;631;186;206;623
2020;80121;St. Gerold;409;18,1;15,9;13,4;74,8;5,1;64,8;10,1;73,9;160;2,56;109;33;36;92
2020;80122;Schruns;3896;14,6;23,4;18,9;70,2;8,9;61,7;13,6;55,3;1831;2,08;1044;388;451;2939
2020;80123;Silbertal;847;16,9;16,3;3,5;76,9;5,2;71,9;3,4;84,7;312;2,71;243;49;53;124
2020;80124;Sonntag;631;17;15,5;5,4;79,1;2,3;70;4,4;63,7;234;2,7;166;82;90;285
2020;80125;Stallehr;276;17;15,9;12,3;78,9;5,7;72,5;8,7;87,2;111;2,49;79;16;19;39
2020;80126;Thüringen;2217;16,5;17,5;13,7;75,9;4,1;64;12,5;77,2;944;2,35;655;137;152;1289
2020;80127;Thüringerberg;707;18,8;17;6,1;79,1;2,4;70;9,6;76,7;264;2,68;201;63;68;171
2020;80128;Tschagguns;2175;14,4;20,9;11,5;71,5;8,3;67,4;8,4;80,9;937;2,32;645;148;163;395
2020;80129;Vandans;2722;15,2;20,2;13,1;75,9;4,4;66,1;11,1;78,8;1158;2,34;817;129;141;1071
2020;80201;Alberschwende;3216;18,4;15,7;7,3;77,7;3;65,9;10,6;70,9;1221;2,6;870;297;323;1036
2020;80202;Andelsbuch;2602;20,3;15,1;8,7;78;3;64,6;10,1;64,7;966;2,67;705;265;282;1167
2020;80203;Au;1796;17,5;16,2;7,7;75,7;6,4;66,7;7,6;50,4;688;2,59;496;183;194;857
2020;80204;Bezau;2021;16,5;16,9;16,5;78;3,3;62,5;9;57,2;789;2,51;532;237;257;1129
2020;80205;Bildstein;804;16;15,2;9,1;78,1;2,7;64,6;14,1;82,8;331;2,43;235;74;77;116
2020;80206;Bizau;1112;18,3;17,8;11,2;81,7;2;64,5;8,1;65,7;425;2,59;298;95;100;397
2020;80207;Bregenz;29644;15,2;19,5;26,1;68,5;9,1;51,1;15;58,5;14142;2,06;7628;1975;2330;19298
2020;80208;Buch;612;16,8;16,3;5,6;80,4;2,4;66,8;6,5;83,2;226;2,71;177;50;52;98
2020;80209;Damüls;323;17,3;19,5;15,2;69,1;16,3;67,4;6;29,9;129;2,5;89;76;80;180
2020;80210;Doren;1037;16,1;19;13,3;77,7;2,9;64,1;9,5;71,2;417;2,49;306;102;109;330
2020;80211;Egg;3641;17,4;16,4;8,7;79,8;2,6;66,7;10,6;65,8;1435;2,51;1004;379;421;1705
2020;80212;Eichenberg;417;20,1;14,4;18,2;79,5;2,6;67;10,2;59,7;152;2,74;109;55;57;141
2020;80213;Fußach;3894;16,6;16,5;16,8;73,4;6,7;60,7;10,6;85;1538;2,53;1123;212;236;1363
2020;80214;Gaißau;1878;17,8;16,7;11,8;77,5;3,4;66,2;10,4;82;686;2,67;533;95;102;788
2020;80215;Hard;13611;15,8;18,2;18,9;73,5;6,2;56,8;11,6;72,1;5814;2,31;3832;880;973;5804
2020;80216;Hittisau;2049;18,9;15,1;16;79,7;2,8;62,4;9,9;60,4;812;2,48;547;226;240;909
2020;80217;Höchst;8184;16,4;17,6;15,6;74,6;5,1;59,7;11;65,2;3284;2,47;2347;511;560;5555
2020;80218;Hörbranz;6639;15;18,5;17,8;74,1;5,2;60,9;11,5;75,3;2828;2,32;1891;398;432;2330
2020;80219;Hohenweiler;1315;14,9;16,3;17,6;77,2;2,5;65;12,2;86;512;2,53;393;78;84;177
2020;80220;Kennelbach;1895;15,1;22;16,3;73,8;5,2;57;12,6;87,3;827;2,27;542;107;117;926
2020;80221;Krumbach;1063;15,9;18,9;10,3;76,8;4,6;64,4;6,9;76,5;463;2,3;301;83;90;217
2020;80222;Langen bei Bregenz;1485;15,8;18,7;12,7;77,9;3,5;66,6;9,6;70,9;584;2,49;433;134;144;414
2020;80223;Langenegg;1151;17,7;15,6;11,5;74,7;2,2;63,5;9,1;68,3;433;2,6;322;105;115;513
2020;80224;Lauterach;10338;16,3;16,2;18,1;76,2;4,9;60;12;76,9;4412;2,32;2933;630;707;5290
2020;80225;Lingenau;1553;19;15,4;10,8;78,8;2,9;64,3;12,6;70,3;590;2,61;417;175;187;632
2020;80226;Lochau;6255;12,9;23,4;23,8;69,7;6;56,1;17,7;82,2;3091;1,98;1720;412;456;1557
2020;80227;Mellau;1292;17,3;18,6;12,6;78,4;5,6;63,4;7,6;57,8;525;2,46;341;141;148;577
2020;80228;Mittelberg;4942;12,2;20,7;46,4;65,5;11,5;67,5;7,9;12,2;2224;2,13;1313;608;649;2436
2020;80229;Möggers;524;14,7;12,4;12,8;79,1;2,8;73,8;5,4;77,7;203;2,58;155;51;53;102
2020;80230;Reuthe;659;17,3;14;16,7;80,4;3,6;62,9;7,2;61,6;262;2,47;177;55;58;562
2020;80231;Riefensberg;1052;18,8;15,1;18;77,3;2,1;67;5,6;57,6;397;2,65;278;123;128;428
2020;80232;Schnepfau;464;14,4;16,6;13,1;82,2;2,6;66,2;5,8;72,1;187;2,48;135;56;61;165
2020;80233;Schoppernau;938;17,4;19,8;9,6;76,7;7;64,9;7,5;61,8;371;2,53;263;112;118;308
2020;80234;Schröcken;204;14,7;19,6;13,7;80,6;8,1;60,3;10,3;54,5;83;2,46;53;41;43;92
2020;80235;Schwarzach;3932;16,2;19,2;14,6;77,9;4;61;16,6;79,3;1678;2,34;1157;296;319;2394
2020;80236;Schwarzenberg;1828;16,5;16,2;8,9;77,5;2,4;63;11,7;64,7;708;2,56;475;219;235;728
2020;80237;Sibratsgfäll;436;17,9;21,8;12,8;78,3;2,7;70,9;5,9;72,2;169;2,58;115;51;55;86
2020;80238;Sulzberg;1822;17,9;17,8;17,7;75,3;3,3;65,8;10,1;59,9;702;2,54;502;188;196;592
2020;80239;Warth;170;12,9;18,2;10;65,8;17,3;69,6;8,1;24,4;73;2,33;46;57;60;205
2020;80240;Wolfurt;8611;16,3;17,7;16,8;75,9;4,8;60,4;13,1;72,8;3621;2,35;2429;586;683;7260
2020;80301;Dornbirn;50195;15,7;17,8;19,9;74,4;6,5;54,6;15,2;49,3;22369;2,21;13728;3747;4313;29898
2020;80302;Hohenems;16714;16,5;17,2;20,5;74,1;6,5;54,5;9,1;70,3;6935;2,38;4631;1034;1188;7204
2020;80303;Lustenau;23489;17,2;17,2;19,5;73,6;6,4;54,8;10,2;64,7;9770;2,39;6599;1517;1652;12381
2020;80401;Altach;6829;16,4;16,5;11,5;77,3;4,3;61,9;11,6;80,4;2846;2,39;1985;450;482;2059
2020;80402;Düns;406;18,2;16;6,4;78,7;2,7;68,7;11,4;87,6;154;2,64;118;32;33;48
2020;80403;Dünserberg;139;18,7;12,9;9,4;77,9;5,1;75,2;7,1;70,7;58;2,4;39;22;22;39
2020;80404;Feldkirch;34553;15,3;17,3;22,1;73,4;5,6;55,7;16,6;60,6;15581;2,19;9423;2112;2451;17064
2020;80405;Frastanz;6577;16;17,8;20,3;72,4;6,1;56,8;9,8;76,1;2734;2,37;1823;313;349;2901
2020;80406;Fraxern;722;19,8;13,4;7,3;75,1;4,2;68,6;12,6;86,6;264;2,69;214;50;54;76
2020;80407;Göfis;3325;15,2;18,3;10,7;76,3;4;62,9;14;80,5;1344;2,47;988;200;221;613
2020;80408;Götzis;11790;15,6;17,3;19,4;74,5;6,4;55,6;12,1;72,9;5101;2,28;3316;779;894;6928
2020;80409;Klaus;3119;15,6;16,6;14,7;75,6;4,9;60;14,4;81,3;1264;2,45;916;230;258;2163
2020;80410;Koblach;4779;16,2;14,8;10,8;78,3;3,1;65,3;11,2;82,8;1953;2,43;1418;311;331;1746
2020;80411;Laterns;672;16,8;18,9;5,1;80,1;1,4;66,9;6,8;77,9;267;2,52;196;60;71;129
2020;80412;Mäder;4106;18,4;14,6;12,7;79;4,1;63,8;9,1;82,8;1669;2,46;1213;207;231;1371
2020;80413;Meiningen;2345;18,5;13,8;15,8;77,5;3,9;65,5;9,5;85,7;941;2,49;683;135;151;624
2020;80414;Rankweil;12012;15,1;18,9;17,5;74,6;5,6;57,7;11,9;69,1;5147;2,31;3428;799;935;8026
2020;80415;Röns;352;15,9;17,9;11,4;78,5;3,7;58,8;16,9;82,4;138;2,55;104;30;32;77
2020;80416;Röthis;2147;14,4;18,8;14,4;77,3;5,6;62;13,8;83,9;925;2,21;588;160;187;1342
2020;80417;Satteins;2741;16,9;18,7;8,9;76,8;3,2;60,7;13,6;81,1;1104;2,46;794;173;184;715
2020;80418;Schlins;2505;18;15,5;17,9;74,8;5,8;61;11,7;78,7;991;2,5;729;165;178;1072
2020;80419;Schnifis;809;17,6;15;8,8;76,9;3,2;64,8;13,9;80,4;303;2,67;225;60;65;174
2020;80420;Sulz;2622;15,1;16,9;13,8;76,2;4,4;61;12,1;82,8;1133;2,31;740;191;210;1180
2020;80421;Übersaxen;613;15;16,8;6;81,3;0,6;68,1;7,3;85,9;229;2,68;178;35;38;76
2020;80422;Viktorsberg;411;18,7;17,3;7,5;80,2;1,9;67,4;11,7;88,9;168;2,45;125;28;30;53
2020;80423;Weiler;2159;16,6;15,2;14;78,1;4,3;65,3;10,8;85;901;2,4;624;163;180;833
2020;80424;Zwischenwasser;3328;17;17,6;12,4;76,1;4,2;63;12,5;88;1366;2,39;939;174;192;463
2020;90101;Wien-Innere Stadt;15794;10,1;26,2;25;66,4;4,9;42,3;45,7;9,3;8376;1,86;3803;11123;12566;119499
2020;90201;Wien-Leopoldstadt;105032;14,5;15;34,4;64,4;13,7;46,6;29,2;10,6;50703;2,02;25085;8210;9081;84441
2020;90301;Wien-Landstraße;92847;12,6;16,3;32,5;66,2;11,6;47;32,9;11,8;47601;1,92;22579;10083;11153;120573
2020;90401;Wien-Wieden;32934;11,7;17,5;32,3;65,4;10,2;43,5;40,7;11,6;16487;1,91;7758;5734;6140;32330
2020;90501;Wien-Margareten;54355;11,7;14,5;38,1;64,5;14,1;45,8;29,2;11,9;28541;1,88;12564;4797;5157;22224
2020;90601;Wien-Mariahilf;31180;9,9;16;30,4;66,5;10,9;44,9;38,9;10,3;16004;1,85;7116;5011;5507;29383
2020;90701;Wien-Neubau;31568;10,3;15,3;29,3;69,3;8,3;42,2;44;9,6;16936;1,82;7325;5942;6459;33799
2020;90801;Wien-Josefstadt;24185;10,3;16,9;29,5;65,2;8,1;43,2;43,9;9,8;12132;1,84;5369;3675;3970;17050
2020;90901;Wien-Alsergrund;41673;10,8;15,6;32,4;67;8,1;43,4;42,2;10,6;21879;1,83;9527;5783;6417;53808
2020;91001;Wien-Favoriten;209522;16,2;15,5;38,4;61,7;17,7;51,3;13;14;96316;2,15;52483;8588;9716;88142
2020;91101;Wien-Simmering;104774;17,1;14,6;31,2;64,1;16,5;55,7;11,6;14;47228;2,18;27181;3694;4381;38880
2020;91201;Wien-Meidling;97046;14,3;15,9;35,4;63;16,6;50,2;18,8;13,8;46894;2,03;23619;7019;7664;43374
2020;91301;Wien-Hietzing;53912;14;23,9;21;68,7;9,5;48,9;35,2;11,3;25821;2,01;13784;5198;5598;26354
2020;91401;Wien-Penzing;93255;13,9;19;26,8;66,9;12,4;52,1;24,7;10,9;45961;2;23807;5796;6399;28639
2020;91501;Wien-Rudolfsheim-Fünfhaus;75823;12,6;13,9;42,1;63,2;16,1;48;21,7;12,1;37638;1,97;17652;5184;5780;31070
2020;91601;Wien-Ottakring;102444;13,7;15,9;36,8;64,3;14,7;48,5;21,4;10,6;51005;1,98;24935;5976;6526;29704
2020;91701;Wien-Hernals;56366;13,9;16,4;34,7;65,4;13,1;46,9;27,7;10,3;27748;2;13887;3885;4197;16593
2020;91801;Wien-Währing;51204;13,5;17,8;27,8;67,8;9,3;42,7;40,6;9,9;25727;1,95;12459;5177;5575;18285
2020;91901;Wien-Döbling;73719;13,8;22;26;64,4;10,7;48,3;33,7;10,4;35937;1,98;18120;7066;7652;33599
2020;92001;Wien-Brigittenau;85184;14,3;15,5;39;60,3;17,9;48,5;18,4;12;41348;2,02;20445;3864;4343;30117
2020;92101;Wien-Floridsdorf;172756;16,5;16,6;26,3;64,6;15,3;57;14,5;12,2;80453;2,12;45350;6746;7747;64002
2020;92201;Wien-Donaustadt;197869;16,7;15,3;22,5;67,6;11,7;58,6;18;10,6;88618;2,2;53978;8653;9955;71845
2020;92301;Wien-Liesing;111301;16,1;19,6;21,6;68,7;11,4;56,8;20,1;16,1;51373;2,13;29980;7199;8165;63382
2021;10101;Eisenstadt;15220;14,1;20,1;16,3;71,5;6,1;57,8;22,5;48,2;7147;2,1;4078;1626;1956;18912
2021;10201;Rust;1984;12,3;26,1;7,8;75,9;3,7;63,9;11,9;65,6;852;2,2;568;211;232;969
2021;10301;Breitenbrunn am Neusiedler See;1892;11,4;29,0;6,2;75,1;5,1;64,8;15,1;79,7;935;2,0;555;175;188;510
2021;10302;Donnerskirchen;1856;12,1;23,9;7,3;75,3;4,2;68,4;13,0;79,7;855;2,2;553;192;201;482
2021;10303;Großhöflein;2128;14,9;18,8;6,3;77,7;3,9;63,3;16,5;84,2;951;2,2;640;177;186;667
2021;10304;Hornstein;3228;14,5;22,8;11,6;75,2;5,9;64,6;14,3;79,1;1508;2,1;949;260;280;1357
2021;10305;Klingenbach;1232;12,7;21,8;19,1;71,4;5,8;65,1;9,9;87,2;553;2,1;346;80;85;234
2021;10306;Leithaprodersdorf;1211;15,2;18,7;4,5;79,7;2,1;68,5;11,0;78,2;440;2,8;360;116;123;291
2021;10307;Mörbisch am See;2210;11,7;28,0;7,5;74,3;4,3;63,8;8,3;69,6;984;2,2;685;201;211;506
2021;10308;Müllendorf;1403;13,4;20,7;6,3;73,9;4,7;60,8;16,5;83,7;591;2,4;425;95;112;667
2021;10309;Neufeld an der Leitha;3627;14,9;20,9;10,3;75,0;4,8;63,0;14,2;81,9;1669;2,1;1029;257;283;1000
2021;10310;Oggau am Neusiedler See;1740;12,4;26,6;4,2;73,2;3,9;62,3;9,7;82,3;802;2,2;536;104;112;261
2021;10311;Oslip;1277;11,0;24,9;7,5;72,1;4,9;60,8;13,4;86,3;560;2,3;401;90;95;293
2021;10312;Purbach am Neusiedler See;2907;12,9;23,4;6,7;75,7;4,0;65,8;11,7;74,1;1326;2,2;884;234;254;808
2021;10313;Sankt Margarethen im Burgenland;2695;10,8;24,6;4,4;74,8;4,9;64,1;12,2;79,1;1213;2,2;814;207;226;870
2021;10314;Schützen am Gebirge;1443;13,1;23,3;9,4;71,1;4,9;59,3;14,8;84,0;595;2,4;442;98;110;323
2021;10315;Siegendorf;3193;13,7;21,8;16,4;73,7;5,6;64,8;11,7;80,9;1376;2,3;967;258;295;1543
2021;10316;Steinbrunn;2990;15,6;19,8;9,1;73,9;4,7;66,1;14,0;85,9;1286;2,3;868;173;185;518
2021;10317;Trausdorf an der Wulka;2078;13,4;25,1;7,6;76,7;3,8;65,8;16,1;87,6;969;2,1;624;136;146;312
2021;10318;Wimpassing an der Leitha;1707;19,1;15,2;9,1;78,1;4,2;68,4;13,2;82,9;735;2,3;506;117;125;464
2021;10319;Wulkaprodersdorf;1973;16,0;21,2;12,6;75,5;3,7;62,0;14,2;78,2;809;2,4;600;167;186;960
2021;10320;Loretto;502;10,8;23,3;5,0;75,8;4,8;72,5;10,3;88,7;237;2,1;147;33;35;85
2021;10321;Stotzing;828;17,0;19,0;8,9;76,8;3,3;68,1;6,6;92,2;345;2,4;243;32;35;62
2021;10322;Zillingtal;984;12,8;19,1;10,5;76,1;4,1;69,8;13,8;86,3;447;2,2;293;66;70;116
2021;10323;Zagersdorf;1103;13,9;23,8;12,3;72,1;6,0;60,5;14,4;87,2;456;2,4;334;83;92;247
2021;10401;Bocksdorf;802;11,8;26,1;3,5;74,5;4,6;65,2;6,4;85,4;361;2,2;242;39;45;127
2021;10402;Burgauberg-Neudauberg;1319;11,8;21,1;5,9;73,6;5,1;63,4;8,1;81,5;567;2,3;407;125;130;348
2021;10403;Eberau;929;12,7;30,7;12,5;70,3;4,7;57,0;12,5;74,0;405;2,3;273;72;80;260
2021;10404;Gerersdorf-Sulz;1020;11,8;27,8;7,2;71,3;5,5;60,9;8,2;85,2;444;2,3;318;69;73;125
2021;10405;Güssing;3608;11,1;28,9;11,2;69,8;5,7;57,1;13,2;51,2;1627;2,1;1024;329;445;3379
2021;10406;Güttenbach;872;9,5;28,7;9,4;72,7;4,3;54,8;10,8;78,9;354;2,4;265;67;74;310
2021;10407;Heiligenbrunn;741;10,5;29,7;5,0;68,6;4,3;54,1;9,5;81,0;321;2,3;227;64;68;139
2021;10408;Kukmirn;2018;12,8;27,1;6,3;72,9;4,5;59,4;9,9;79,9;826;2,4;606;173;186;444
2021;10409;Neuberg im Burgenland;964;10,7;25,4;3,5;73,9;5,7;63,0;6,6;86,3;434;2,2;292;53;57;101
2021;10410;Neustift bei Güssing;455;7,7;33,2;7,3;65,1;7,8;56,0;7,1;80,9;223;2,0;139;34;35;72
2021;10411;Olbendorf;1454;13,3;26,2;6,1;71,9;5,7;64,6;7,5;79,5;614;2,3;416;321;330;505
2021;10412;Ollersdorf im Burgenland;928;10,1;24,5;5,5;74,8;6,5;67,1;9,5;79,5;431;2,2;285;64;68;177
2021;10413;Sankt Michael im Burgenland;994;10,5;28,1;7,2;73,8;4,1;62,2;11,1;74,9;450;2,2;303;91;99;397
2021;10414;Stegersbach;2709;12,8;22,8;11,5;69,7;6,2;61,1;11,3;69,2;1247;2,1;760;220;258;1917
2021;10415;Stinatz;1189;11,4;23,3;13,0;61,6;7,9;59,0;11,7;88,2;483;2,4;352;61;67;135
2021;10416;Strem;873;8,2;36,4;7,3;72,3;4,7;57,7;6,6;73,9;389;2,1;248;81;89;233
2021;10417;Tobaj;1337;12,6;22,7;6,2;75,7;3,5;61,8;9,9;78,7;565;2,3;414;125;131;413
2021;10418;Hackerberg;363;12,4;19,6;8,0;76,1;6,8;66,0;7,5;86,7;159;2,3;111;29;31;49
2021;10419;Wörterberg;477;12,2;21,4;3,8;72,9;3,3;65,2;7,9;81,6;187;2,6;141;36;39;65
2021;10420;Großmürbisch;236;8,5;29,2;5,1;74,1;0,9;57,9;10,2;84,1;108;2,2;68;17;19;32
2021;10421;Inzenhof;329;13,1;25,8;6,1;75,1;6,2;60,5;5,2;86,3;140;2,4;103;20;21;36
2021;10422;Kleinmürbisch;234;6,8;25,2;1,7;73,6;6,3;66,5;6,4;88,8;104;2,3;70;8;9;16
2021;10423;Tschanigraben;67;10,4;32,8;6,0;76,3;3,1;61,7;5,0;90,0;35;1,9;20;2;2;2
2021;10424;Heugraben;222;10,4;26,1;6,8;75,2;1,8;63,3;6,5;89,7;96;2,3;65;15;16;28
2021;10425;Rohr im Burgenland;367;10,9;26,7;2,7;70,7;6,3;57,5;4,9;83,0;167;2,2;118;34;35;68
2021;10426;Bildein;339;13,3;26,8;12,7;74,9;7,2;58,8;9,2;77,8;134;2,5;100;38;38;86
2021;10427;Rauchwart;451;11,1;25,5;5,8;71,7;8,1;63,6;10,2;85,8;204;2,2;133;33;34;56
2021;10428;Moschendorf;388;11,3;30,9;5,9;71,4;5,8;56,1;9,0;76,3;152;2,6;119;36;37;81
2021;10501;Deutsch Kaltenbrunn;1737;11,9;23,1;5,6;69,6;5,2;60,3;10,0;80,5;732;2,4;530;412;421;685
2021;10502;Eltendorf;911;9,4;26,5;6,6;72,3;4,2;62,2;10,3;80,0;395;2,3;284;76;85;215
2021;10503;Heiligenkreuz im Lafnitztal;1260;12,2;24,5;12,8;70,9;5,9;60,6;7,4;77,6;569;2,2;377;103;122;548
2021;10504;Jennersdorf;4148;11,0;23,6;6,5;71,3;4,8;62,2;9,8;67,2;1908;2,1;1227;371;450;2225
2021;10505;Minihof-Liebau;1052;11,2;22,4;6,7;74,1;4,3;65,0;7,2;79,3;435;2,4;327;67;74;278
2021;10506;Mogersdorf;1138;10,9;25,3;11,2;74,4;4,9;63,7;7,8;81,4;511;2,2;340;93;101;226
2021;10507;Neuhaus am Klausenbach;931;14,6;24,8;7,6;71,6;4,9;62,3;7,0;79,7;380;2,4;267;83;94;221
2021;10508;Rudersdorf;2158;11,2;23,2;5,1;75,8;5,4;64,2;11,7;73,1;969;2,2;670;173;189;907
2021;10509;Sankt Martin an der Raab;1963;10,4;25,7;4,7;70,9;3,6;61,1;9,5;82,9;865;2,3;613;135;146;361
2021;10510;Weichselbaum;698;10,5;27,2;6,2;73,6;5,0;59,4;9,8;87,3;330;2,1;216;41;45;108
2021;10511;Königsdorf;775;13,7;23,5;4,9;70,6;4,3;62,5;7,0;80,6;327;2,3;234;60;68;159
2021;10512;Mühlgraben;377;10,3;20,2;3,2;73,7;3,4;66,6;6,8;85,8;167;2,3;108;27;29;65
2021;10601;Draßburg;1252;15,6;23,2;13,2;74,0;4,8;64,7;11,4;85,1;531;2,3;359;87;91;334
2021;10602;Forchtenstein;2800;13,4;23,6;6,4;75,5;3,9;63,1;14,3;79,9;1185;2,3;854;167;182;590
2021;10603;Hirm;1031;14,2;19,9;13,3;74,4;7,0;67,6;10,5;85,1;452;2,3;308;56;59;390
2021;10604;Loipersbach im Burgenland;1190;11,9;22,8;9,6;74,9;4,8;67,3;8,3;81,1;522;2,3;344;75;82;237
2021;10605;Marz;2117;15,3;20,6;8,2;76,3;4,0;63,5;12,0;83,6;851;2,5;648;133;148;702
2021;10606;Mattersburg;7572;13,9;19,7;11,0;74,4;5,9;61,0;14,8;70,2;3430;2,2;2169;573;704;3937
2021;10607;Neudörfl;4815;13,7;19,7;13,6;71,4;7,1;62,4;11,3;78,3;2088;2,2;1322;271;310;2216
2021;10608;Pöttelsdorf;772;13,3;21,4;4,5;78,2;3,6;66,7;15,8;76,8;343;2,3;231;125;133;743
2021;10609;Pöttsching;2985;12,5;22,8;7,1;74,4;4,2;65,4;14,7;79,8;1340;2,2;887;232;253;992
2021;10610;Rohrbach bei Mattersburg;2605;12,1;23,0;9,0;73,7;5,7;63,4;9,8;84,5;1115;2,3;795;161;172;541
2021;10611;Bad Sauerbrunn;2264;14,0;23,9;7,4;74,8;6,2;64,2;18,1;77,7;1048;2,1;642;184;198;851
2021;10612;Schattendorf;2388;13,3;21,6;7,2;73,9;4,4;64,9;10,0;84,6;1071;2,2;715;172;186;485
2021;10613;Sieggraben;1267;15,2;21,9;6,6;73,2;4,8;66,4;8,7;82,3;507;2,5;399;91;100;332
2021;10614;Sigleß;1161;12,7;22,8;6,1;79,3;3,5;65,4;15,4;87,2;503;2,3;356;90;93;257
2021;10615;Wiesen;2758;14,0;24,0;6,8;75,3;4,3;65,5;11,5;83,4;1134;2,4;834;191;202;490
2021;10616;Antau;782;13,2;20,3;8,2;73,5;4,4;66,7;9,3;81,2;347;2,3;249;71;77;234
2021;10617;Baumgarten;902;13,5;26,1;11,1;75,2;3,7;62,8;13,7;84,7;399;2,3;275;73;80;219
2021;10618;Zemendorf-Stöttera;1262;11,3;20,5;10,1;73,5;4,5;65,3;12,6;76,7;535;2,3;368;118;127;336
2021;10619;Krensdorf;640;18,4;20,0;6,6;76,6;4,4;68,2;10,0;84,7;247;2,6;190;55;57;79
2021;10701;Andau;2251;10,3;27,9;6,4;70,9;5,7;58,7;6,1;71,3;979;2,3;717;213;230;874
2021;10702;Apetlon;1731;10,8;29,2;2,0;70,7;4,4;56,4;9,0;71,8;777;2,2;541;248;262;566
2021;10703;Bruckneudorf;3038;13,6;14,6;10,3;74,7;4,1;67,4;12,6;89,9;1468;2,1;882;194;210;1165
2021;10704;Deutsch Jahrndorf;652;15,2;25,5;20,4;62,0;7,4;66,4;7,2;73,9;284;2,3;201;59;60;138
2021;10705;Frauenkirchen;2859;10,9;24,7;10,0;73,1;3,8;63,2;9,9;65,3;1254;2,2;799;336;397;1947
2021;10706;Gattendorf;1439;17,2;19,0;22,4;69,5;4,7;62,9;11,4;85,4;593;2,4;432;90;99;278
2021;10707;Gols;3960;12,7;20,3;7,1;76,3;2,8;61,3;13,5;68,3;1687;2,3;1150;495;526;1916
2021;10708;Halbturn;1919;13,6;25,9;4,1;74,2;3,0;61,3;11,9;77,0;779;2,5;576;197;210;514
2021;10709;Illmitz;2371;10,7;26,4;4,3;74,7;4,4;61,6;11,2;67,3;1007;2,3;727;299;322;1000
2021;10710;Jois;1626;14,0;20,6;9,0;74,1;4,0;66,7;14,4;78,1;698;2,3;483;180;191;655
2021;10711;Kittsee;3547;22,8;17,7;53,1;52,8;5,5;61,4;17,1;67,6;1388;2,5;981;208;248;1503
2021;10712;Mönchhof;2197;11,9;22,0;5,1;75,7;3,3;60,6;9,6;73,9;913;2,4;656;244;259;787
2021;10713;Neusiedl am See;8693;14,9;17,2;15,1;74,4;4,8;59,5;21,3;69,4;3990;2,2;2468;928;1096;5028
2021;10714;Nickelsdorf;1832;14,8;22,5;23,5;66,7;6,1;63,8;9,9;79,1;798;2,3;535;143;156;557
2021;10715;Pama;1243;17,5;21,3;20,4;66,6;4,1;62,9;10,6;82,4;519;2,4;362;123;131;288
2021;10716;Pamhagen;1549;9,8;26,7;3,4;74,4;3,3;60,7;7,2;69,0;633;2,4;470;187;199;804
2021;10717;Parndorf;5206;17,7;14,2;20,7;74,0;7,3;64,9;10,7;76,5;2116;2,5;1511;401;605;5073
2021;10718;Podersdorf am See;2143;11,8;25,1;6,9;74,3;4,1;59,5;15,0;65,9;953;2,2;637;302;328;882
2021;10719;Sankt Andrä am Zicksee;1384;11,9;27,1;6,4;70,5;6,2;60,5;11,4;72,6;612;2,3;418;139;154;580
2021;10720;Tadten;1162;9,9;28,7;6,3;70,9;4,1;55,6;8,7;79,1;473;2,5;368;127;137;337
2021;10721;Wallern im Burgenland;1668;10,3;25,2;5,1;72,6;4,8;58,8;6,2;75,8;692;2,4;517;177;189;1058
2021;10722;Weiden am See;2555;14,0;21,3;8,8;75,2;3,4;60,0;19,7;78,2;1124;2,3;775;284;298;788
2021;10723;Winden am See;1389;14,0;20,7;8,1;75,1;5,3;66,3;10,5;85,9;629;2,2;416;98;107;215
2021;10724;Zurndorf;2264;14,4;23,5;15,9;71,8;4,5;63,9;10,3;76,3;984;2,3;671;215;230;648
2021;10725;Neudorf;728;15,1;21,4;11,1;75,1;5,6;62,5;10,8;83,7;315;2,3;215;74;79;180
2021;10726;Potzneusiedl;631;16,0;21,7;20,9;71,0;6,6;65,3;8,7;88,4;297;2,1;173;49;55;156
2021;10727;Edelstal;797;16,1;21,2;33,6;56,6;5,6;62,8;13,0;77,0;327;2,4;236;49;57;426
2021;10801;Deutschkreutz;3149;12,4;25,8;7,8;73,2;4,0;63,2;10,9;72,5;1370;2,3;965;258;283;1044
2021;10802;Draßmarkt;1361;10,7;26,0;8,0;76,5;2,9;63,9;8,1;78,5;551;2,4;393;127;136;390
2021;10803;Frankenau-Unterpullendorf;1062;10,0;27,6;7,7;70,7;4,6;66,0;12,4;86,8;475;2,2;307;89;97;170
2021;10804;Großwarasdorf;1350;9,1;31,6;9,3;67,9;5,3;59,7;12,3;77,1;644;2,1;413;108;118;301
2021;10805;Horitschon;1830;13,5;22,8;8,1;70,9;3,1;62,0;10,7;74,2;774;2,4;561;148;165;749
2021;10806;Kaisersdorf;603;13,9;24,4;6,5;76,6;6,8;69,2;9,6;83,9;274;2,2;172;119;120;186
2021;10807;Kobersdorf;1887;12,8;21,6;3,8;74,5;4,0;67,9;8,7;80,1;790;2,4;570;133;147;446
2021;10808;Lackenbach;1158;11,1;27,5;9,0;67,9;5,6;65,4;8,2;82,0;472;2,3;332;69;76;264
2021;10809;Lockenhaus;2020;11,9;25,0;7,5;72,6;4,5;63,9;10,3;67,2;892;2,2;583;146;163;1013
2021;10810;Lutzmannsburg;826;9,3;29,8;9,8;75,0;2,8;65,6;10,8;69,8;411;2,0;236;98;110;628
2021;10811;Mannersdorf an der Rabnitz;1787;12,6;25,8;8,8;71,6;6,8;66,1;8,5;82,7;762;2,3;527;109;121;279
2021;10812;Markt Sankt Martin;1271;13,9;22,7;7,1;74,7;6,0;67,5;10,0;82,1;559;2,3;368;99;110;486
2021;10813;Neckenmarkt;1665;13,5;24,1;2,9;75,6;2,8;61,7;10,6;79,4;677;2,5;505;129;143;442
2021;10814;Neutal;1119;13,6;25,7;8,0;73,9;4,8;67,1;9,1;68,8;475;2,3;322;113;129;1335
2021;10815;Nikitsch;1412;11,1;34,4;9,8;67,9;6,3;58,4;10,1;82,0;617;2,2;374;106;118;274
2021;10816;Oberpullendorf;3238;12,2;22,7;12,2;72,5;6,8;62,6;13,8;62,6;1494;2,1;895;358;457;3511
2021;10817;Pilgersdorf;1600;12,3;21,8;3,3;72,7;3,6;68,4;9,0;88,6;674;2,4;478;92;96;204
2021;10818;Piringsdorf;844;12,9;24,9;3,0;70,7;6,2;66,8;7,9;81,6;347;2,4;254;48;51;142
2021;10819;Raiding;892;12,2;30,8;2,5;73,6;5,3;62,1;7,5;81,7;354;2,3;237;52;59;253
2021;10820;Ritzing;903;9,4;28,6;8,3;71,1;4,0;68,8;9,4;83,9;418;2,1;269;56;61;139
2021;10821;Steinberg-Dörfl;1278;13,1;23,7;4,9;74,4;6,0;67,1;12,5;81,6;533;2,4;383;151;158;593
2021;10822;Stoob;1380;11,4;21,7;8,5;73,3;5,8;66,3;11,6;75,0;600;2,3;405;123;147;887
2021;10823;Weppersdorf;1837;13,6;23,8;4,9;75,1;4,3;68,7;7,4;82,0;770;2,4;533;119;135;618
2021;10824;Lackendorf;598;13,0;21,4;7,5;74,0;5,7;74,0;5,8;83,2;250;2,4;186;42;46;109
2021;10825;Unterfrauenhaid;643;14,5;21,6;6,2;72,7;2,3;69,1;7,1;81,3;274;2,3;185;49;54;136
2021;10826;Unterrabnitz-Schwendgraben;639;14,7;18,8;3,1;73,9;3,7;68,3;7,0;81,4;250;2,6;183;53;56;181
2021;10827;Weingraben;355;13,5;29,6;13,8;67,3;6,6;60,6;8,1;81,4;157;2,3;106;25;27;50
2021;10828;Oberloisdorf;792;14,1;21,3;5,2;75,5;4,4;68,5;7,6;86,5;344;2,3;231;43;46;120
2021;10901;Bad Tatzmannsdorf;1624;13,2;25,7;12,5;75,9;4,9;63,8;18,9;64,3;774;2,0;443;170;189;1784
2021;10902;Bernstein;2080;10,6;26,4;5,7;71,0;5,9;65,4;10,7;79,0;879;2,3;632;131;143;454
2021;10903;Deutsch Schützen-Eisenberg;1088;9,0;31,9;6,1;69,5;4,4;59,3;7,8;74,7;482;2,3;328;103;113;236
2021;10904;Grafenschachen;1246;12,4;19,0;4,9;78,6;4,0;69,9;6,0;82,1;493;2,5;374;88;94;668
2021;10905;Großpetersdorf;3561;11,9;24,8;9,0;69,9;7,0;63,3;10,5;70,7;1601;2,2;1014;235;275;1982
2021;10906;Hannersdorf;743;9,7;28,1;6,9;72,9;5,7;63,2;10,9;85,2;339;2,2;221;40;50;187
2021;10907;Kemeten;1509;12,4;20,7;7,3;73,8;6,6;66,1;9,2;81,5;672;2,2;449;99;106;458
2021;10908;Kohfidisch;1464;11,4;23,8;6,6;66,0;5,8;65,7;7,4;80,5;621;2,3;428;81;90;328
2021;10909;Litzelsdorf;1145;12,8;22,4;5,2;72,7;5,0;67,1;8,5;73,5;497;2,3;354;93;102;326
2021;10910;Loipersdorf-Kitzladen;1350;15,2;16,7;4,5;75,2;4,6;66,4;5,2;78,9;501;2,7;412;98;105;476
2021;10911;Mariasdorf;1144;11,5;25,0;2,9;74,4;4,2;62,9;10,4;84,7;494;2,3;339;76;81;197
2021;10912;Markt Allhau;1898;14,3;21,9;5,5;76,3;3,5;64,9;13,8;72,4;802;2,4;565;174;198;1096
2021;10913;Markt Neuhodis;661;11,0;25,3;7,7;68,2;7,4;69,9;4,8;78,8;289;2,3;203;80;82;155
2021;10914;Mischendorf;1501;10,5;27,4;3,7;72,8;5,0;61,8;7,5;88,7;632;2,3;452;78;81;194
2021;10915;Oberdorf im Burgenland;1000;11,6;23,0;5,2;72,0;4,4;65,2;7,4;90,3;439;2,3;303;49;53;97
2021;10916;Oberschützen;2464;15,1;23,8;10,6;73,6;5,4;58,0;17,9;75,1;1006;2,4;702;221;235;831
2021;10917;Oberwart;7692;13,9;22,4;15,1;70,0;10,0;60,0;14,3;56,2;3643;2,1;2142;1143;1413;8627
2021;10918;Pinkafeld;5931;14,7;21,6;10,9;71,1;7,3;60,8;13,2;64,2;2452;2,3;1582;393;459;3687
2021;10919;Rechnitz;2984;11,6;27,7;9,0;70,4;6,3;62,6;7,8;65,1;1247;2,3;832;181;207;847
2021;10920;Riedlingsdorf;1641;12,3;21,1;7,7;75,4;6,5;66,1;8,3;83,7;690;2,4;496;78;81;355
2021;10921;Rotenturm an der Pinka;1446;12,2;21,0;8,9;74,0;4,7;65,8;11,6;83,1;623;2,3;463;115;130;450
2021;10922;Schachendorf;755;12,7;24,4;19,3;67,4;6,6;58,1;13,2;82,0;331;2,3;215;60;67;155
2021;10923;Stadtschlaining;2001;12,4;25,8;8,2;69,0;6,3;62,8;8,8;82,2;847;2,3;596;115;123;314
2021;10924;Unterkohlstätten;975;13,3;23,7;4,7;73,1;3,6;67,1;8,3;82,1;369;2,6;304;70;77;289
2021;10925;Unterwart;965;15,1;20,1;18,3;69,8;7,9;64,5;6,8;85,7;412;2,3;283;50;78;582
2021;10926;Weiden bei Rechnitz;813;10,3;28,7;4,7;68,3;7,0;65,8;6,9;76,7;370;2,2;244;82;87;133
2021;10927;Wiesfleck;1155;15,3;17,5;1,6;76,4;4,0;68,9;9,2;81,7;439;2,6;349;83;91;193
2021;10928;Wolfau;1443;15,2;18,4;6,6;77,2;3,6;70,5;8,1;82,5;621;2,3;412;97;108;365
2021;10929;Neustift an der Lafnitz;795;15,0;16,2;0,9;78,4;3,1;69,4;8,0;84,7;317;2,5;245;50;53;127
2021;10930;Jabing;753;11,3;23,8;9,6;70,3;6,7;63,2;9,3;88,6;314;2,4;239;34;40;78
2021;10931;Badersdorf;277;11,9;27,4;0,7;70,8;1,6;63,9;5,7;77,7;122;2,3;84;26;27;62
2021;10932;Schandorf;262;12,6;33,2;14,1;66,2;6,7;63,3;8,3;85,1;122;2,1;80;32;34;52
2021;20101;Klagenfurt am Wörthersee;102527;13,0;21,2;18,3;71,5;6,8;56,6;20,9;27,9;52752;1,9;26566;9101;10609;75493
2021;20201;Villach;63935;12,8;21,6;21,6;70,4;8,6;61,7;16,5;34,3;32250;2,0;17079;4504;5324;40140
2021;20302;Dellach;1195;11,6;25,8;5,3;74,2;2,6;72,1;9,3;73,5;470;2,5;360;91;100;314
2021;20305;Hermagor-Pressegger See;6938;12,2;26,6;12,5;73,1;5,1;69,7;12,4;35,4;2999;2,3;2028;739;844;3813
2021;20306;Kirchbach;2525;12,8;25,3;5,4;73,3;3,5;72,4;8,0;67,8;951;2,6;716;236;251;635
2021;20307;Kötschach-Mauthen;3309;11,9;26,5;8,9;74,9;2,7;70,4;10,9;43,5;1423;2,3;933;354;392;1561
2021;20316;St. Stefan im Gailtal;1579;12,1;29,2;7,6;70,8;2,6;72,3;9,7;77,7;627;2,4;466;116;127;283
2021;20320;Gitschtal;1229;13,1;25,8;10,0;74,0;3,9;71,7;9,5;61,1;481;2,6;364;126;138;377
2021;20321;Lesachtal;1289;14,8;23,2;4,3;74,6;2,6;68,6;9,7;46,0;454;2,8;333;187;197;434
2021;20402;Ebenthal in Kärnten;8173;14,1;20,8;9,3;75,6;4,3;67,5;11,5;85,5;3537;2,3;2433;492;539;1778
2021;20403;Feistritz im Rosental;2531;14,2;25,1;12,2;72,7;4,2;66,1;12,6;76,4;1084;2,3;719;181;206;797
2021;20405;Ferlach;7255;12,3;25,0;14,4;71,5;5,6;64,0;12,0;57,7;3353;2,1;2054;487;549;3375
2021;20409;Grafenstein;3043;15,2;19,0;8,6;75,8;4,2;68,6;12,8;80,0;1274;2,4;918;257;284;956
2021;20412;Keutschach am See;2427;12,3;24,4;8,0;72,4;5,0;63,9;19,0;78,1;1089;2,2;714;230;238;561
2021;20414;Köttmannsdorf;3128;14,9;22,6;8,5;77,7;3,4;69,2;14,2;82,9;1315;2,4;971;220;232;581
2021;20415;Krumpendorf am Wörthersee;3498;13,6;24,0;11,9;71,6;5,0;53,3;31,2;78,8;1698;2,1;963;376;409;1362
2021;20416;Ludmannsdorf;1820;13,9;22,3;5,1;74,0;5,9;67,5;13,3;81,6;754;2,4;528;128;138;356
2021;20417;Maria Rain;2667;16,5;19,4;9,0;78,2;3,3;66,2;18,8;84,7;1139;2,3;790;205;212;401
2021;20418;Maria Saal;3915;13,7;24,1;6,7;72,8;3,0;63,7;19,8;79,0;1658;2,3;1201;327;354;1322
2021;20419;Maria Wörth;1614;10,8;28,0;12,7;71,8;4,7;55,0;29,5;77,8;823;1,9;407;169;188;604
2021;20421;Moosburg;4516;15,4;23,7;5,1;73,8;3,9;67,3;15,1;78,4;1831;2,4;1294;350;383;1180
2021;20424;Pörtschach am Wörther See;2882;12,6;26,5;12,9;72,3;6,1;59,6;23,8;70,2;1393;2,1;809;361;405;1206
2021;20425;Poggersdorf;3255;15,4;19,4;3,9;76,7;4,2;71,1;11,1;84,2;1369;2,4;989;236;273;1045
2021;20428;St. Margareten im Rosental;1090;16,6;22,8;5,1;73,0;5,2;69,0;10,1;83,2;460;2,4;311;73;79;143
2021;20432;Schiefling am Wörthersee;2659;13,2;21,2;13,2;70,4;4,9;65,2;15,2;79,6;1204;2,2;779;216;232;446
2021;20435;Techelsberg am Wörther See;2227;12,1;21,4;7,7;75,0;5,0;65,9;13,9;81,3;874;2,5;644;189;203;427
2021;20441;Zell;603;14,8;25,7;3,5;72,4;2,2;63,6;12,8;83,0;242;2,5;156;45;47;62
2021;20442;Magdalensberg;3642;16,3;22,2;7,1;76,9;4,3;69,1;12,3;80,8;1420;2,5;1087;299;321;945
2021;20501;Althofen;4683;12,9;21,6;7,1;73,4;5,8;65,6;9,5;51,6;2404;1,9;1286;318;384;4137
2021;20502;Brückl;2728;13,5;22,8;6,7;73,4;5,8;67,6;8,8;71,9;1221;2,2;815;198;222;943
2021;20503;Deutsch-Griffen;860;13,0;26,9;4,4;59,2;3,1;65,9;5,1;66,3;304;2,5;225;86;88;159
2021;20504;Eberstein;1223;12,3;25,2;6,7;70,4;4,1;68,6;7,6;68,9;525;2,2;335;131;141;359
2021;20505;Friesach;4906;12,7;26,2;4,0;71,4;3,0;68,2;9,8;59,7;2141;2,2;1383;398;452;2021
2021;20506;Glödnitz;827;12,9;24,8;6,4;70,1;4,2;67,2;8,3;71,0;362;2,3;228;89;97;204
2021;20508;Gurk;1198;13,8;23,5;3,0;71,4;4,4;71,7;6,5;71,6;540;2,2;349;102;110;275
2021;20509;Guttaring;1494;14,9;21,2;5,4;77,0;3,2;69,6;10,5;72,9;620;2,4;431;158;167;448
2021;20511;Hüttenberg;1315;9,9;27,8;5,7;70,7;4,2;70,0;5,8;74,1;647;2,0;379;106;122;240
2021;20512;Kappel am Krappfeld;1957;13,6;20,2;5,8;74,7;3,5;70,7;10,2;81,7;817;2,4;581;156;166;356
2021;20513;Klein St. Paul;1739;13,2;24,6;2,8;70,1;4,1;70,2;6,6;66,2;785;2,2;480;139;156;532
2021;20515;Liebenfels;3400;15,3;19,3;5,8;71,6;3,2;67,4;11,9;74,8;1349;2,5;960;283;306;1073
2021;20518;Metnitz;1900;13,2;25,4;2,9;72,4;2,1;71,4;7,7;68,8;709;2,7;545;237;243;414
2021;20519;Micheldorf;991;13,0;23,7;6,6;71,1;3,8;66,0;7,2;81,7;427;2,2;276;57;63;350
2021;20520;Mölbling;1337;16,9;19,4;4,1;78,0;3,0;73,1;9,5;81,2;553;2,4;383;137;145;335
2021;20523;St. Georgen am Längsee;3576;14,1;21,7;5,8;74,9;3,9;66,7;14,6;79,6;1533;2,3;1053;301;319;905
2021;20527;St. Veit an der Glan;12211;11,7;23,4;13,5;72,2;6,1;62,7;11,8;56,0;6168;1,9;3274;1023;1246;8026
2021;20530;Straßburg;2000;14,6;24,3;3,8;70,5;3,4;67,6;8,3;64,0;789;2,4;547;202;221;710
2021;20531;Weitensfeld im Gurktal;2002;12,0;25,5;5,0;69,9;4,3;69,2;8,4;67,4;816;2,4;576;214;238;555
2021;20534;Frauenstein;3564;15,0;21,9;5,4;75,0;3,3;68,6;15,3;82,2;1426;2,5;1096;384;404;797
2021;20601;Bad Kleinkirchheim;1661;8,5;27,5;20,2;70,2;7,9;67,4;11,0;39,6;844;1,9;456;291;318;1252
2021;20602;Baldramsdorf;1836;13,2;21,5;4,6;73,6;4,8;75,9;5,9;87,6;779;2,4;570;93;103;188
2021;20603;Berg im Drautal;1246;13,9;23,1;3,9;73,0;4,5;69,2;8,8;68,6;491;2,5;370;118;123;284
2021;20604;Dellach im Drautal;1584;14,6;24,9;5,3;73,0;4,2;71,1;6,9;64,6;675;2,3;471;121;137;576
2021;20605;Großkirchheim;1309;14,0;22,8;5,6;67,8;6,7;70,8;7,0;69,3;537;2,4;362;96;106;266
2021;20607;Flattach;1189;15,1;20,0;5,0;75,1;4,4;75,4;5,2;67,7;484;2,5;336;108;122;444
2021;20608;Gmünd in Kärnten;2531;13,5;24,3;3,1;74,5;5,0;72,5;9,2;64,7;1119;2,2;720;228;258;1099
2021;20609;Greifenburg;1714;13,4;23,6;8,3;72,6;6,2;69,9;8,3;64,5;737;2,3;492;157;183;683
2021;20610;Heiligenblut am Großglockner;964;13,3;25,0;5,0;63,5;14,1;77,3;5,5;43,5;414;2,3;280;140;151;356
2021;20611;Irschen;1966;13,5;20,3;4,3;75,2;3,2;74,5;6,9;78,1;777;2,5;579;133;137;355
2021;20613;Kleblach-Lind;1162;15,5;22,7;3,3;76,0;3,0;74,4;7,0;73,9;424;2,7;335;100;105;223
2021;20616;Lendorf;1713;13,6;19,7;4,0;75,5;2,9;75,3;8,0;75,5;657;2,6;518;150;163;561
2021;20618;Mallnitz;751;10,8;29,8;14,4;66,8;6,6;72,1;11,2;57,0;352;2,1;221;89;103;252
2021;20619;Malta;1928;13,1;21,2;3,6;74,1;4,7;73,7;6,3;76,5;822;2,3;555;160;169;327
2021;20620;Millstatt am See;3467;11,1;26,4;11,4;71,6;6,0;67,4;15,8;69,0;1589;2,2;1006;347;384;963
2021;20622;Mörtschach;823;16,9;16,6;2,6;72,4;5,2;71,6;6,3;75,3;293;2,8;229;75;77;159
2021;20624;Mühldorf;1006;13,6;24,5;7,0;73,7;5,2;70,0;7,1;77,2;407;2,3;262;75;84;325
2021;20625;Oberdrauburg;1164;11,8;24,1;8,5;72,2;1,8;69,9;5,6;77,7;490;2,3;328;76;89;230
2021;20627;Obervellach;2185;13,9;24,5;7,9;72,0;6,1;72,9;7,4;61,6;931;2,3;615;197;230;932
2021;20630;Radenthein;5749;11,2;27,1;9,0;70,3;6,9;70,8;8,1;60,6;2669;2,1;1682;444;498;1899
2021;20631;Rangersdorf;1687;16,9;19,8;4,0;74,6;3,8;71,0;4,7;74,3;688;2,5;468;111;118;436
2021;20632;Rennweg am Katschberg;1741;14,7;21,3;4,8;74,3;5,8;73,9;6,5;62,1;738;2,4;496;193;212;744
2021;20633;Sachsenburg;1352;15,6;20,6;11,8;72,4;5,6;71,1;7,8;74,6;571;2,3;383;80;87;811
2021;20634;Seeboden am Millstätter See;6628;12,9;26,2;9,4;72,3;5,2;67,7;14,7;69,5;2949;2,2;1888;591;644;2203
2021;20635;Spittal an der Drau;15168;12,0;24,5;14,2;69,6;8,1;66,6;10,4;44,3;7405;2,0;4187;1091;1391;11149
2021;20636;Stall;1491;13,1;20,5;2,7;70,6;4,8;72,6;3,9;79,0;561;2,7;436;102;111;252
2021;20637;Steinfeld;2018;14,6;24,4;6,3;71,2;7,1;70,9;6,4;67,9;827;2,4;565;144;161;544
2021;20638;Trebesing;1168;13,7;19,3;7,0;75,1;2,9;74,5;6,3;80,8;414;2,7;330;95;102;198
2021;20639;Weißensee;771;13,1;26,5;9,5;71,7;12,1;68,4;14,0;31,9;325;2,4;214;146;158;489
2021;20640;Winklern;1198;13,7;23,7;4,3;74,7;3,7;69,9;7,2;68,1;516;2,2;319;100;118;521
2021;20642;Krems in Kärnten;1634;10,8;25,3;4,9;71,5;5,8;72,7;5,0;73,1;645;2,5;470;154;166;355
2021;20643;Lurnfeld;2666;12,8;23,7;4,7;73,1;3,9;72,4;10,7;71,4;1136;2,3;785;215;239;935
2021;20644;Reißeck;2108;12,0;26,0;5,8;69,6;6,3;74,6;6,9;71,0;907;2,3;633;133;147;631
2021;20701;Afritz am See;1428;13,0;25,7;4,4;74,5;4,6;70,8;8,2;81,4;589;2,3;394;100;108;301
2021;20702;Arnoldstein;7031;14,2;21,3;14,3;72,5;6,1;69,3;8,9;74,7;3139;2,2;2028;380;424;2050
2021;20703;Arriach;1322;13,6;24,7;3,7;73,4;5,1;73,4;8,3;72,9;536;2,5;395;134;140;234
2021;20705;Bad Bleiberg;2176;11,1;28,0;10,4;70,2;6,7;70,5;8,1;70,9;1054;2,1;657;105;112;538
2021;20707;Feistritz an der Gail;655;15,1;24,3;4,7;76,6;4,3;69,2;11,3;78,0;277;2,4;184;64;66;236
2021;20708;Feld am See;1072;13,7;24,8;6,7;72,4;5,7;73,4;8,8;75,2;479;2,2;319;95;102;272
2021;20710;Ferndorf;2051;11,8;25,5;6,3;68,3;7,6;77,1;7,3;79,3;947;2,2;623;133;142;362
2021;20711;Finkenstein am Faaker See;9262;13,9;20,5;12,0;74,1;4,9;66,9;14,7;76,3;4140;2,2;2713;734;805;3252
2021;20712;Fresach;1252;14,5;24,5;3,5;75,8;3,1;76,5;8,8;77,7;479;2,6;380;107;115;200
2021;20713;Hohenthurn;859;13,0;22,7;15,1;66,3;3,1;72,2;12,6;79,4;346;2,3;240;76;82;211
2021;20719;Nötsch im Gailtal;2308;14,0;23,7;6,6;74,3;4,0;72,4;12,4;74,4;994;2,3;689;187;199;506
2021;20720;Paternion;5810;12,5;24,3;6,9;73,2;5,5;72,1;8,7;67,5;2507;2,3;1726;388;444;2196
2021;20721;Rosegg;1873;13,6;19,8;8,2;72,7;5,4;69,8;12,2;81,5;827;2,3;573;157;170;385
2021;20722;St. Jakob im Rosental;4273;11,8;25,1;9,7;70,1;6,3;68,6;10,9;79,1;1961;2,1;1240;279;310;771
2021;20723;Stockenboi;1598;16,0;22,2;3,7;71,9;4,3;74,5;8,0;75,4;648;2,5;463;147;154;341
2021;20724;Treffen am Ossiacher See;4573;12,0;27,3;9,9;70,1;5,7;63,5;16,5;74,0;1911;2,2;1256;403;458;1948
2021;20725;Velden am Wörther See;9100;12,1;26,0;12,8;72,6;5,5;66,1;15,8;65,2;4138;2,2;2561;955;1075;3384
2021;20726;Weißenstein;2929;12,8;23,3;5,6;72,6;4,1;72,7;11,7;76,7;1225;2,4;875;178;207;1071
2021;20727;Wernberg;5594;15,2;21,2;7,5;74,7;4,2;67,9;14,6;78,7;2309;2,4;1672;388;427;1893
2021;20801;Bleiburg;4121;14,4;20,7;15,4;69,4;7,1;65,2;9,9;66,7;1684;2,4;1122;352;396;1516
2021;20802;Diex;789;15,8;22,4;5,3;71,7;2,9;74,1;8,4;67,9;296;2,7;213;106;111;206
2021;20803;Eberndorf;5887;14,2;23,2;8,1;71,9;6,8;70,2;9,6;73,9;2573;2,3;1715;413;463;1884
2021;20804;Eisenkappel-Vellach;2208;11,9;27,0;10,6;69,9;7,0;65,5;7,9;62,4;1006;2,1;582;171;189;609
2021;20805;Feistritz ob Bleiburg;2178;15,4;18,4;10,1;70,3;6,1;67,2;11,9;68,5;903;2,4;634;148;166;1997
2021;20806;Gallizien;1757;13,1;22,7;5,6;74,1;4,8;71,8;8,8;82,5;717;2,4;530;126;132;280
2021;20807;Globasnitz;1592;13,9;19,5;6,7;71,7;4,9;71,3;8,0;82,6;632;2,5;450;110;118;236
2021;20808;Griffen;3422;14,3;20,9;6,2;73,9;4,8;69,3;8,4;67,9;1419;2,4;970;309;328;1423
2021;20810;Neuhaus;1015;11,4;28,1;4,0;72,1;4,4;65,0;10,1;76,6;362;2,6;286;84;92;189
2021;20812;Ruden;1513;12,5;21,9;5,9;71,8;6,0;69,3;7,2;80,5;618;2,4;432;112;123;593
2021;20813;St. Kanzian am Klopeiner See;4575;13,0;22,8;11,9;70,3;6,5;66,9;13,8;74,4;2026;2,2;1299;415;471;1142
2021;20815;Sittersdorf;1963;12,3;22,9;7,2;68,9;5,5;68,7;9,6;80,5;852;2,3;560;184;191;466
2021;20817;Völkermarkt;10909;13,6;21,9;8,1;72,1;6,1;67,6;11,2;60,9;4716;2,3;3096;922;1095;5798
2021;20901;Bad St. Leonhard im Lavanttal;4289;13,6;23,2;4,9;75,4;2,6;68,7;7,0;46,8;1665;2,5;1235;355;384;2376
2021;20905;Frantschach-St. Gertraud;2492;12,7;25,2;11,2;70,1;4,8;64,0;5,7;70,6;1033;2,3;690;214;240;1665
2021;20909;Lavamünd;2856;13,1;23,9;5,9;70,9;4,6;67,3;5,2;73,7;1228;2,3;834;297;316;703
2021;20911;Preitenegg;912;13,2;25,0;3,6;71,5;2,1;69,4;6,3;62,0;351;2,6;266;98;106;347
2021;20912;Reichenfels;1749;13,2;22,6;2,3;73,5;3,2;72,9;5,0;73,9;655;2,6;520;141;159;382
2021;20913;St. Andrä;9825;13,1;22,7;4,8;74,5;3,5;68,6;7,6;70,0;4024;2,4;2881;753;819;4441
2021;20914;St. Georgen im Lavanttal;1945;15,0;19,1;2,4;73,6;3,7;70,7;7,5;78,6;769;2,5;564;154;164;588
2021;20918;St. Paul im Lavanttal;3211;13,7;25,6;3,8;75,2;4,0;67,3;9,8;62,6;1280;2,5;952;273;309;2095
2021;20923;Wolfsberg;25114;13,5;22,7;8,0;74,5;4,2;66,0;11,1;40,6;11232;2,2;7187;2480;2806;14169
2021;21001;Albeck;997;14,7;25,6;6,8;73,9;2,8;70,7;10,1;66,6;449;2,2;271;112;120;252
2021;21002;Feldkirchen in Kärnten;14299;13,6;22,3;8,0;74,6;4,0;66,5;11,1;54,5;6409;2,2;3997;1151;1350;6922
2021;21003;Glanegg;1779;11,1;22,8;5,0;69,8;4,2;67,1;9,5;72,1;652;2,6;497;156;167;843
2021;21004;Gnesau;1025;14,4;21,2;8,7;75,6;3,0;71,4;10,1;67,3;426;2,4;297;104;110;444
2021;21005;Himmelberg;2295;14,9;22,4;5,3;75,7;2,3;70,3;10,0;74,3;931;2,5;692;239;247;528
2021;21006;Ossiach;864;17,2;22,7;23,8;62,0;3,7;56,9;21,0;67,6;359;2,0;209;83;101;326
2021;21007;Reichenau;1754;11,6;25,4;9,3;71,7;4,8;70,3;5,9;62,2;763;2,3;491;162;181;667
2021;21008;St. Urban;1525;13,0;21,4;12,0;71,4;2,8;67,6;10,4;71,1;597;2,4;422;142;149;421
2021;21009;Steindorf am Ossiacher See;3761;13,3;25,4;10,7;73,6;3,2;66,3;14,6;73,9;1707;2,2;1041;292;328;1021
2021;21010;Steuerberg;1581;13,1;19,9;4,4;73,3;3,9;70,7;7,6;79,7;616;2,5;468;223;234;380
2021;30101;Krems an der Donau;24821;12,3;22,5;18,6;68,5;6,4;56,2;17,2;49,3;12077;2,0;6402;2214;2686;19797
2021;30201;St. Pölten;56180;14,0;20,0;18,7;71,1;7,9;57,7;14,7;36,9;26122;2,1;15075;3755;4708;59424
2021;30301;Waidhofen an der Ybbs;11118;14,8;21,8;7,2;77,4;2,0;63,8;14,5;48,4;4707;2,3;3040;1189;1333;6393
2021;30401;Wiener Neustadt;47069;15,6;17,1;20,2;69,0;9,8;54,0;15,5;58,7;21314;2,2;12546;4185;4959;33630
2021;30501;Allhartsberg;2189;17,0;16,4;2,0;79,4;1,3;67,7;10,4;77,0;794;2,7;640;159;172;746
2021;30502;Amstetten;23669;14,5;19,5;17,6;72,3;6,2;59,4;11,2;48,1;10643;2,2;6368;1568;1996;19236
2021;30503;Ardagger;3573;17,3;18,0;3,5;79,2;2,2;68,1;9,5;78,7;1292;2,8;1028;291;309;946
2021;30504;Aschbach-Markt;3775;16,0;18,2;8,2;79,5;2,6;66,2;10,3;73,1;1404;2,7;1096;248;278;1957
2021;30506;Behamberg;3500;17,1;17,5;4,9;80,9;2,4;71,5;10,1;84,4;1409;2,5;1043;208;225;760
2021;30507;Biberbach;2292;16,5;16,0;1,6;80,8;0,9;69,7;9,3;81,6;827;2,8;668;157;164;423
2021;30508;Ennsdorf;3161;16,2;16,0;11,9;78,3;3,8;66,0;9,0;87,6;1350;2,3;903;140;163;1524
2021;30509;Ernsthofen;2293;13,8;19,0;4,6;77,2;3,8;71,2;8,7;84,4;950;2,4;677;136;147;393
2021;30510;Ertl;1249;17,4;14,7;0,8;82,0;1,4;66,6;6,6;78,7;440;2,8;351;100;108;258
2021;30511;Euratsfeld;2700;18,5;15,3;2,4;80,4;1,6;66,8;10,1;75,3;907;3,0;782;213;223;611
2021;30512;Ferschnitz;1831;17,0;15,0;1,5;82,0;1,3;68,7;11,5;82,9;681;2,7;534;119;125;393
2021;30514;Haag;5669;14,3;18,9;6,5;79,4;3,3;66,5;11,9;69,2;2305;2,4;1611;465;524;2289
2021;30515;Haidershofen;3711;16,4;18,4;4,6;79,5;2,5;70,2;10,8;81,9;1480;2,5;1129;235;253;737
2021;30516;Hollenstein an der Ybbs;1669;16,4;23,3;5,7;80,1;1,4;71,4;9,0;55,8;687;2,4;475;543;555;940
2021;30517;Kematen an der Ybbs;2666;14,9;20,1;13,8;73,5;3,7;63,3;6,5;73,7;1190;2,2;754;137;166;1773
2021;30520;Neuhofen an der Ybbs;3041;19,1;16,2;3,1;80,4;1,6;67,0;10,7;76,8;1057;2,9;872;250;262;737
2021;30521;Neustadtl an der Donau;2153;17,2;17,8;2,9;79,6;1,6;68,2;7,8;74,7;739;2,9;634;197;206;485
2021;30522;Oed-Oehling;2045;17,0;13,4;7,5;78,8;3,3;67,0;12,1;86,9;815;2,5;616;115;132;565
2021;30524;Opponitz;890;16,6;19,7;8,3;77,2;1,5;68,3;6,5;72,6;307;2,7;239;76;81;198
2021;30526;St. Georgen am Reith;539;16,5;22,4;1,9;77,8;1,1;70,9;4,9;71,6;196;2,8;154;58;61;100
2021;30527;St. Georgen am Ybbsfelde;2884;16,6;17,0;6,2;79,1;2,2;68,0;9,4;81,2;1109;2,6;843;237;261;1041
2021;30529;St. Pantaleon-Erla;2643;14,6;16,9;5,6;78,8;2,6;69,0;10,3;82,6;1055;2,5;798;165;177;860
2021;30530;St. Peter in der Au;5189;17,1;19,0;4,1;78,1;2,3;66,5;10,4;73,9;1896;2,7;1466;411;454;2023
2021;30531;St. Valentin;9362;13,0;20,7;8,3;77,8;3,5;66,5;11,6;66,8;4362;2,1;2723;640;748;6074
2021;30532;Seitenstetten;3446;17,5;17,0;4,7;80,1;2,2;65,0;12,4;72,8;1284;2,7;984;248;276;1680
2021;30533;Sonntagberg;3717;14,3;23,1;6,7;77,0;2,9;66,7;7,2;72,6;1673;2,2;1074;189;214;1806
2021;30534;Strengberg;2124;18,5;18,4;3,9;80,1;2,4;67,4;9,5;74,4;784;2,7;612;212;229;539
2021;30536;Viehdorf;1356;17,5;20,3;4,2;78,3;2,5;68,8;8,6;80,2;493;2,7;385;110;117;314
2021;30538;Wallsee-Sindelburg;2175;16,8;20,9;5,8;74,8;2,5;64,6;9,7;72,8;786;2,6;597;165;182;671
2021;30539;Weistrach;2281;16,1;18,1;2,2;82,2;1,6;68,0;10,2;76,9;872;2,6;673;206;216;658
2021;30541;Winklarn;1837;17,3;15,1;5,8;81,4;1,9;66,5;14,3;85,0;710;2,6;549;135;143;336
2021;30542;Wolfsbach;2119;18,7;16,3;4,3;81,3;2,0;68,3;12,7;76,9;709;3,0;603;198;213;562
2021;30543;Ybbsitz;3364;15,4;21,5;2,3;80,0;1,3;67,0;8,3;56,1;1279;2,6;941;440;460;1765
2021;30544;Zeillern;1904;17,2;16,6;2,5;82,1;1,9;69,4;9,5;81,2;698;2,7;565;133;144;361
2021;30601;Alland;2629;12,7;19,8;12,0;75,9;3,6;63,1;15,3;74,0;1037;2,4;760;274;299;1001
2021;30602;Altenmarkt an der Triesting;2164;16,3;20,2;15,3;69,0;4,5;65,8;12,3;71,6;777;2,5;566;201;219;541
2021;30603;Bad Vöslau;12369;14,0;22,2;16,8;73,3;6,7;56,9;19,4;78,4;5529;2,2;3452;920;1017;3775
2021;30604;Baden;25759;12,5;25,6;17,8;72,2;6,6;52,6;26,1;66,6;12842;2,0;6889;2465;2817;13693
2021;30605;Berndorf;8991;13,9;21,6;17,8;71,3;8,8;59,4;10,3;70,1;4175;2,1;2522;580;650;3327
2021;30607;Ebreichsdorf;11558;16,7;17,2;13,5;75,2;5,9;65,0;12,8;78,5;5022;2,3;3416;972;1073;3940
2021;30608;Enzesfeld-Lindabrunn;4183;13,4;21,7;9,8;75,1;6,9;66,7;12,7;82,1;1981;2,1;1215;329;368;1533
2021;30609;Furth an der Triesting;873;16,4;18,8;4,8;79,5;3,2;70,8;9,2;77,6;343;2,5;258;92;95;175
2021;30612;Günselsdorf;1727;13,0;19,2;13,7;75,6;6,5;65,8;7,2;83,3;833;2,1;505;119;128;754
2021;30613;Heiligenkreuz;1541;14,1;21,6;17,0;68,4;3,6;59,5;24,0;76,1;608;2,3;420;136;150;477
2021;30614;Hernstein;1558;13,5;22,2;5,0;78,4;3,7;67,9;15,1;82,8;679;2,3;491;154;166;301
2021;30615;Hirtenberg;2574;11,9;17,5;24,7;59,5;10,4;59,2;7,6;86,0;1010;2,2;639;121;141;1117
2021;30616;Klausen-Leopoldsdorf;1705;14,3;17,6;6,9;80,8;4,2;71,6;10,8;82,8;770;2,2;490;128;135;322
2021;30618;Kottingbrunn;7351;13,1;20,3;12,7;74,2;6,6;64,3;13,1;83,1;3244;2,3;2224;493;545;2869
2021;30620;Leobersdorf;5065;14,1;17,8;14,7;75,1;6,5;61,5;11,9;79,6;2403;2,1;1423;483;562;3142
2021;30621;Mitterndorf an der Fischa;3052;19,4;11,1;14,2;77,2;5,2;67,0;9,5;90,3;1265;2,4;878;132;142;341
2021;30623;Oberwaltersdorf;4938;17,4;15,7;11,2;76,3;4,9;62,2;18,3;82,6;2189;2,3;1469;406;431;1381
2021;30625;Pfaffstätten;3540;15,3;19,0;11,5;74,7;4,6;57,2;22,9;83,5;1500;2,4;1030;281;306;836
2021;30626;Pottendorf;7466;16,0;18,6;13,6;73,5;7,1;63,0;11,0;82,5;3188;2,3;2131;418;464;1571
2021;30627;Pottenstein;2888;13,3;21,1;14,8;72,9;7,6;63,2;9,0;79,1;1326;2,2;816;207;232;919
2021;30629;Reisenberg;1722;14,1;19,7;11,1;76,6;4,8;69,1;9,0;84,1;761;2,3;512;127;140;379
2021;30631;Schönau an der Triesting;2113;14,7;17,3;10,0;76,1;4,5;63,2;12,8;80,6;945;2,2;640;122;135;728
2021;30633;Seibersdorf;1561;14,5;20,4;5,4;75,9;3,9;70,8;10,9;80,7;649;2,4;477;119;139;797
2021;30635;Sooß;1023;11,9;21,7;16,1;74,2;4,8;57,4;17,0;71,9;453;2,3;300;142;153;517
2021;30636;Tattendorf;1434;14,3;20,3;11,5;78,5;4,5;64,5;12,9;74,2;634;2,3;415;147;162;679
2021;30637;Teesdorf;1777;14,0;15,0;10,6;77,0;5,4;67,0;11,6;84,3;800;2,2;530;123;135;602
2021;30639;Traiskirchen;19409;14,6;17,4;18,7;72,0;6,6;61,7;12,1;77,8;8217;2,3;5367;1351;1545;8122
2021;30641;Trumau;3741;16,4;16,2;15,4;75,2;5,9;64,4;13,4;81,3;1637;2,3;1062;222;252;1674
2021;30645;Weissenbach an der Triesting;1743;15,5;20,4;11,0;76,7;4,9;65,9;10,9;69,6;772;2,3;496;132;145;989
2021;30646;Blumau-Neurißhof;1903;15,0;16,7;12,4;75,1;6,9;66,2;9,1;89,3;932;2,0;549;94;105;236
2021;30701;Au am Leithaberge;950;13,9;22,5;8,2;78,0;3,6;70,5;8,6;79,5;391;2,4;282;71;77;213
2021;30702;Bad Deutsch-Altenburg;1954;14,7;19,5;24,7;70,1;6,6;67,0;11,3;83,8;928;2,1;559;114;129;624
2021;30703;Berg;950;18,8;19,8;41,3;56,3;2,9;63,4;13,4;82,1;402;2,4;283;58;60;141
2021;30704;Bruck an der Leitha;8177;14,9;21,7;17,9;72,2;7,2;62,8;12,5;68,9;3679;2,2;2280;646;815;4960
2021;30706;Enzersdorf an der Fischa;3503;15,5;19,0;11,4;78,5;3,5;71,1;9,0;85,0;1513;2,3;1043;222;251;1498
2021;30708;Göttlesbrunn-Arbesthal;1449;14,6;21,2;7,7;77,0;3,9;69,5;12,8;73,4;586;2,5;451;193;208;704
2021;30709;Götzendorf an der Leitha;2203;15,3;18,8;15,4;75,4;4,4;66,5;11,3;87,3;907;2,4;645;145;161;507
2021;30710;Hainburg a.d. Donau;6922;18,6;20,3;39,9;59,3;10,1;60,6;12,7;69,4;3016;2,3;1874;365;445;2127
2021;30711;Haslau-Maria Ellend;2021;16,2;15,2;11,2;75,0;4,0;68,3;14,2;87,1;807;2,5;607;130;141;547
2021;30712;Höflein;1211;14,2;18,8;5,2;76,1;3,1;71,7;9,3;78,5;507;2,4;367;124;127;284
2021;30713;Hof am Leithaberge;1590;14,3;20,6;12,1;78,1;2,4;66,9;11,1;74,7;653;2,4;473;152;166;692
2021;30715;Hundsheim;634;14,8;23,5;10,3;70,6;5,4;68,3;10,4;83,9;286;2,2;190;45;46;81
2021;30716;Mannersdorf am Leithagebirge;4150;14,8;19,5;18,3;73,2;6,0;64,0;9,0;78,2;1850;2,2;1192;243;276;1090
2021;30718;Petronell-Carnuntum;1279;14,2;22,8;14,7;74,7;6,0;66,3;12,4;81,3;588;2,2;395;95;108;278
2021;30719;Prellenkirchen;1669;16,1;21,5;17,9;75,4;4,1;71,2;10,6;82,6;695;2,4;495;144;155;300
2021;30721;Rohrau;1660;17,2;18,1;11,0;80,0;3,0;72,7;9,1;80,4;634;2,6;486;158;169;371
2021;30722;Scharndorf;1214;12,6;21,7;9,5;76,8;2,9;69,5;13,9;84,5;512;2,4;362;95;100;192
2021;30724;Sommerein;2160;15,4;19,0;8,1;77,6;4,2;65,6;12,0;85,0;921;2,3;647;132;140;495
2021;30726;Trautmannsdorf an der Leitha;2965;14,0;22,0;9,8;76,3;4,6;69,8;9,8;81,6;1265;2,3;890;251;271;682
2021;30728;Wolfsthal;1201;20,8;15,5;47,5;51,2;4,1;61,8;12,9;80,1;453;2,7;338;68;76;235
2021;30729;Ebergassing;4017;14,7;16,2;19,3;73,6;6,1;64,0;7,9;85,2;1791;2,2;1168;211;238;879
2021;30730;Fischamend;5598;14,1;18,5;17,0;75,3;6,8;66,5;10,1;81,0;2704;2,1;1569;338;391;2747
2021;30731;Gramatneusiedl;3673;19,1;13,1;18,1;75,9;4,1;59,9;14,4;89,3;1486;2,5;1075;161;193;665
2021;30732;Himberg;7814;15,3;19,3;12,7;77,7;4,8;66,6;12,7;81,7;3510;2,2;2251;527;605;3326
2021;30733;Klein-Neusiedl;954;16,7;19,2;19,7;75,8;5,4;66,3;6,2;88,6;465;2,1;261;46;55;381
2021;30734;Lanzendorf;1901;16,4;17,5;12,7;76,0;4,8;62,8;12,3;88,2;787;2,4;546;102;122;699
2021;30735;Leopoldsdorf;5272;14,8;16,7;11,1;75,8;4,3;62,1;19,3;85,2;2319;2,3;1553;403;446;2642
2021;30736;Maria-Lanzendorf;2166;14,1;22,0;12,6;72,5;6,9;63,0;13,6;84,3;957;2,2;597;138;158;1628
2021;30737;Moosbrunn;1802;15,4;19,8;9,9;78,6;4,4;65,8;13,4;87,1;812;2,2;538;101;114;368
2021;30738;Rauchenwarth;788;17,5;15,0;7,7;80,8;3,1;68,5;13,5;80,6;350;2,3;231;74;81;189
2021;30739;Schwadorf;2248;15,8;15,3;15,7;75,6;6,0;65,5;8,3;84,2;983;2,3;642;144;160;765
2021;30740;Schwechat;20512;14,7;17,2;22,8;75,2;6,6;62,7;10,4;71,7;9849;2,1;5691;3080;3397;29105
2021;30741;Zwölfaxing;1716;15,1;19,5;12,1;75,4;4,7;65,9;11,4;86,1;713;2,4;522;109;127;900
2021;30801;Aderklaa;197;13,2;17,3;9,1;82,5;1,7;70,8;15,8;55,8;71;2,6;53;53;59;266
2021;30802;Andlersdorf;176;13,1;17,6;24,4;67,2;4,5;56,2;15,0;76,2;54;2,6;40;21;22;30
2021;30803;Angern an der March;3455;14,6;20,8;12,3;71,6;8,8;65,9;8,2;84,2;1524;2,3;1047;200;226;586
2021;30804;Auersthal;1973;14,3;20,3;12,0;75,4;5,2;64,5;11,4;80,4;862;2,3;564;145;157;629
2021;30805;Bad Pirawarth;1786;16,4;21,1;6,6;75,3;4,9;65,6;11,4;81,7;752;2,4;523;155;166;749
2021;30808;Deutsch-Wagram;9108;15,4;18,0;13,6;74,5;6,5;64,2;14,3;81,3;3932;2,3;2660;548;615;2956
2021;30810;Drösing;1091;12,1;24,7;6,6;68,1;10,3;68,9;8,8;83,7;539;2,0;320;66;71;152
2021;30811;Dürnkrut;2271;13,9;22,3;8,1;72,7;8,7;67,4;7,4;83,8;1047;2,2;676;96;115;483
2021;30812;Ebenthal;926;15,2;17,0;11,9;71,7;5,6;68,3;8,7;85,9;410;2,3;258;53;60;103
2021;30813;Eckartsau;1341;14,6;20,1;14,8;74,0;5,2;66,8;7,4;79,7;592;2,3;387;114;121;288
2021;30814;Engelhartstetten;2114;16,7;20,4;12,5;74,3;4,6;68,7;7,6;72,3;911;2,3;617;187;201;650
2021;30817;Gänserndorf;11940;16,9;17,1;15,0;73,7;8,4;62,4;13,0;76,6;5179;2,3;3347;879;1047;5653
2021;30819;Glinzendorf;344;19,2;14,8;12,2;78,9;4,7;62,9;8,6;76,4;120;2,9;106;46;50;253
2021;30821;Groß-Enzersdorf;11810;16,0;17,7;12,6;75,3;6,0;64,9;14,4;78,0;4946;2,4;3479;820;908;4091
2021;30822;Großhofen;105;20,0;15,2;24,8;85,3;4,9;64,3;11,9;71,9;39;2,7;30;15;17;49
2021;30824;Groß-Schweinbarth;1321;15,2;17,9;10,9;75,6;4,1;63,7;12,1;82,7;543;2,4;399;85;95;305
2021;30825;Haringsee;1182;13,8;21,2;9,6;73,6;4,5;66,7;9,9;81,6;497;2,4;346;90;96;319
2021;30826;Hauskirchen;1293;14,8;23,2;8,5;74,2;6,8;68,8;5,5;86,7;589;2,2;388;55;64;121
2021;30827;Hohenau an der March;2748;13,6;25,5;14,7;66,4;11,2;66,1;5,7;78,4;1317;2,1;788;119;153;653
2021;30828;Hohenruppersdorf;937;14,0;21,8;3,9;76,7;5,1;71,5;7,7;78,9;409;2,3;292;82;90;239
2021;30829;Jedenspeigen;1115;11,9;26,2;5,6;72,3;6,1;71,4;9,5;85,8;492;2,3;345;61;71;176
2021;30830;Lassee;2972;14,6;18,2;13,7;76,9;6,4;67,0;7,7;77,0;1289;2,3;862;239;264;862
2021;30831;Leopoldsdorf im Marchfeld;2912;15,3;18,9;13,0;74,9;7,6;64,8;11,2;78,7;1195;2,4;862;176;201;940
2021;30834;Mannsdorf an der Donau;385;11,2;20,5;20,5;74,5;3,4;62,9;9,4;72,0;149;2,3;100;41;44;229
2021;30835;Marchegg;3024;14,5;21,1;20,3;67,3;9,0;62,6;7,3;81,9;1372;2,2;876;176;202;531
2021;30836;Markgrafneusiedl;903;12,1;19,9;8,2;79,2;5,9;72,0;8,3;83,5;411;2,2;264;76;88;625
2021;30838;Matzen-Raggendorf;2805;15,2;19,1;11,9;71,0;7,1;64,7;10,4;85,8;1200;2,3;822;138;159;473
2021;30841;Neusiedl an der Zaya;1228;12,8;24,2;7,4;70,0;7,6;68,4;6,2;84,3;575;2,1;372;78;87;263
2021;30842;Obersiebenbrunn;1766;14,1;16,5;10,4;74,8;5,9;67,2;9,0;87,7;726;2,4;527;112;128;538
2021;30844;Orth an der Donau;2184;14,8;23,4;10,6;74,9;7,3;64,2;9,4;70,2;947;2,2;594;157;185;1399
2021;30845;Palterndorf-Dobermannsdorf;1370;15,3;23,6;9,9;69,3;7,8;62,8;6,0;85,7;595;2,3;416;64;71;189
2021;30846;Parbasdorf;167;18,6;18,0;2,4;79,2;4,5;74,3;11,0;64,7;57;2,9;50;34;34;56
2021;30848;Prottes;1449;14,8;19,5;11,2;73,7;6,3;64,2;9,0;86,6;632;2,3;441;100;109;289
2021;30849;Raasdorf;669;16,1;17,3;19,4;80,7;3,9;61,3;12,1;67,6;253;2,6;186;81;101;636
2021;30850;Ringelsdorf-Niederabsdorf;1262;12,5;23,7;7,1;67,6;9,2;68,1;5,7;86,3;597;2,1;391;54;60;161
2021;30852;Schönkirchen-Reyersdorf;2010;14,2;20,7;11,7;73,1;4,6;67,3;9,6;86,7;822;2,4;611;110;114;276
2021;30854;Spannberg;993;15,3;19,6;6,4;72,8;6,7;72,1;5,9;81,3;424;2,3;312;67;73;239
2021;30856;Strasshof an der Nordbahn;11360;18,1;16,9;16,1;74,8;6,9;64,4;11,4;86,1;4585;2,5;3405;620;683;2105
2021;30857;Sulz im Weinviertel;1237;12,9;22,0;7,3;77,8;3,3;67,3;10,4;83,1;564;2,2;366;88;97;253
2021;30858;Untersiebenbrunn;1792;15,6;17,6;11,3;76,5;6,5;69,0;7,5;82,5;770;2,3;544;118;136;531
2021;30859;Velm-Götzendorf;772;14,4;25,1;7,1;72,6;4,7;72,3;6,8;82,8;359;2,2;253;64;69;126
2021;30860;Weikendorf;2033;15,8;21,9;10,9;72,5;6,2;66,3;11,7;83,8;819;2,5;598;150;160;350
2021;30863;Zistersdorf;5415;12,2;24,9;7,8;71,4;6,9;65,9;7,6;72,0;2413;2,2;1550;357;428;1749
2021;30865;Weiden an der March;998;12,8;19,7;13,1;69,8;7,0;66,0;9,9;72,0;369;2,6;275;129;140;360
2021;30902;Amaliendorf-Aalfang;1110;12,5;24,0;4,2;76,7;6,0;64,6;7,1;80,4;515;2,2;323;63;71;222
2021;30903;Brand-Nagelberg;1463;8,8;29,1;5,7;75,2;3,3;59,2;7,2;80,7;716;2,0;448;90;104;255
2021;30904;Eggern;683;13,6;22,1;1,3;76,3;4,5;61,5;5,1;81,0;313;2,2;184;53;57;101
2021;30906;Eisgarn;689;14,4;26,3;3,8;71,9;5,9;65,8;5,3;73,2;281;2,4;204;67;74;140
2021;30908;Gmünd;5225;12,0;26,0;13,8;68,8;8,7;59,6;11,1;47,0;2677;2,0;1427;509;649;5835
2021;30909;Großdietmanns;2180;12,6;23,1;2,8;77,7;3,1;68,8;7,0;85,7;955;2,3;676;146;157;322
2021;30910;Bad Großpertholz;1293;12,9;25,0;2,6;75,3;4,2;66,2;7,8;64,9;586;2,2;377;133;145;425
2021;30912;Großschönau;1227;16,2;19,8;1,9;78,5;1,7;69,0;9,2;70,2;444;2,7;352;149;155;368
2021;30913;Moorbad Harbach;720;12,8;23,1;5,3;74,7;2,2;67,4;10,0;60,2;291;2,5;209;83;88;615
2021;30915;Haugschlag;478;14,2;30,1;5,0;75,6;2,8;69,0;4,6;74,5;209;2,3;136;47;50;113
2021;30916;Heidenreichstein;3866;10,8;28,8;4,6;73,7;5,4;64,3;7,0;62,8;1828;2,1;1104;293;329;1731
2021;30917;Hirschbach;581;13,1;21,0;1,4;79,1;2,2;69,9;8,9;88,6;244;2,4;186;29;32;68
2021;30920;Hoheneich;1396;10,1;27,2;4,4;73,9;5,3;67,0;9,7;85,1;673;2,1;425;71;81;277
2021;30921;Kirchberg am Walde;1281;14,1;23,7;2,7;73,9;3,2;63,4;6,7;73,9;537;2,4;371;125;133;310
2021;30925;Litschau;2148;9,1;33,0;3,9;71,1;5,0;64,8;7,4;60,1;1040;2,0;585;186;211;750
2021;30929;Reingers;626;11,8;23,3;1,9;75,6;5,5;67,4;5,6;74,8;284;2,2;172;110;116;199
2021;30932;St. Martin;1061;13,9;20,7;2,2;78,2;4,3;66,2;7,0;75,4;397;2,7;300;114;124;236
2021;30935;Schrems;5323;12,1;26,1;6,4;71,6;5,2;59,8;7,2;56,5;2429;2,1;1555;312;362;3521
2021;30939;Unserfrau-Altweitra;1008;15,3;20,3;3,3;78,4;2,6;66,2;8,9;76,6;396;2,5;288;110;116;242
2021;30940;Waldenstein;1172;15,5;17,2;1,5;81,3;2,0;65,7;8,8;87,5;472;2,5;342;92;96;131
2021;30942;Weitra;2624;12,6;27,2;3,2;78,4;2,3;64,3;9,9;63,7;1138;2,2;721;265;299;1296
2021;31001;Alberndorf im Pulkautal;736;15,1;24,3;2,9;74,9;5,8;71,0;5,4;88,8;335;2,2;226;46;50;108
2021;31008;Göllersdorf;3138;14,0;20,3;8,6;75,0;3,6;68,5;10,5;77,0;1291;2,3;900;249;266;1078
2021;31009;Grabern;1730;17,0;17,0;8,4;76,6;3,2;68,7;9,0;84,7;685;2,5;521;118;121;275
2021;31014;Guntersdorf;1154;13,7;20,5;4,3;75,1;4,6;69,8;6,2;78,7;507;2,3;335;112;122;286
2021;31015;Hadres;1748;12,8;23,8;3,9;73,6;4,8;63,3;7,5;80,0;783;2,2;519;126;137;338
2021;31016;Hardegg;1320;11,8;27,1;6,1;73,6;4,9;68,9;6,7;72,5;600;2,2;381;134;139;364
2021;31018;Haugsdorf;1602;14,2;26,6;4,5;72,3;6,4;64,0;5,5;75,5;730;2,2;479;132;146;443
2021;31019;Heldenberg;1433;18,1;16,7;5,3;77,8;3,8;67,6;10,7;83,7;578;2,5;432;103;110;239
2021;31021;Hohenwarth-Mühlbach a.M.;1321;12,7;23,8;4,5;73,6;4,8;64,4;9,3;75,2;553;2,4;412;107;114;260
2021;31022;Hollabrunn;12072;13,6;20,8;10,7;71,4;4,8;61,6;15,0;61,4;5419;2,1;3333;904;1122;6862
2021;31025;Mailberg;567;11,3;27,3;5,1;73,3;5,1;65,6;6,2;76,7;277;2,0;157;52;57;185
2021;31026;Maissau;1964;13,2;24,1;4,0;77,8;3,7;69,7;10,5;77,3;888;2,2;585;167;178;537
2021;31028;Nappersdorf-Kammersdorf;1190;10,3;26,5;6,1;74,2;5,0;66,0;9,2;79,9;535;2,2;362;115;121;282
2021;31033;Pernersdorf;1050;13,9;24,1;3,7;72,0;6,8;66,7;5,9;86,1;469;2,2;305;61;67;149
2021;31035;Pulkau;1501;12,5;27,3;3,7;77,7;3,0;65,4;11,3;72,2;678;2,2;420;139;155;490
2021;31036;Ravelsbach;1620;12,1;22,5;4,9;75,4;5,1;68,9;8,9;80,4;763;2,1;470;125;141;382
2021;31037;Retz;4280;11,6;25,7;6,8;67,5;6,2;59,5;12,5;62,7;1922;2,1;1125;363;425;2221
2021;31038;Retzbach;998;12,3;26,6;6,0;74,3;3,5;67,5;7,5;76,8;463;2,2;287;97;103;241
2021;31041;Schrattenthal;892;15,0;24,4;3,0;74,8;4,1;70,7;8,4;79,7;388;2,3;263;88;93;167
2021;31042;Seefeld-Kadolz;981;11,9;27,6;5,4;63,6;8,4;67,5;4,3;82,4;476;2,1;292;44;53;168
2021;31043;Sitzendorf an der Schmida;2158;13,0;23,9;3,5;76,9;2,7;65,8;9,6;75,7;948;2,3;633;221;237;498
2021;31051;Wullersdorf;2391;13,4;21,0;4,2;75,0;4,2;67,0;9,5;75,9;1036;2,3;693;222;237;612
2021;31052;Zellerndorf;2407;12,4;24,1;3,8;74,8;4,7;65,8;10,1;79,4;1057;2,3;716;189;204;529
2021;31053;Ziersdorf;3400;13,4;20,2;4,7;73,9;5,0;65,9;10,0;79,3;1479;2,3;1013;244;270;740
2021;31101;Altenburg;798;14,2;20,8;4,5;78,2;1,0;68,8;11,2;84,1;307;2,6;221;55;61;174
2021;31102;Brunn an der Wild;843;14,6;21,9;3,1;77,0;2,3;71,3;6,8;69,6;338;2,5;255;98;107;428
2021;31103;Burgschleinitz-Kühnring;1336;12,9;20,1;2,7;75,8;1,9;68,8;7,9;79,4;563;2,4;384;131;139;367
2021;31104;Drosendorf-Zissersdorf;1170;12,7;29,1;3,9;74,7;2,6;65,9;10,8;65,1;541;2,2;325;206;222;390
2021;31105;Eggenburg;3510;12,8;26,6;5,5;74,5;3,2;61,8;15,0;67,8;1663;2,1;967;245;294;2126
2021;31106;Gars am Kamp;3472;11,8;26,2;4,6;76,3;2,7;68,5;13,0;63,6;1671;2,1;1010;339;369;1593
2021;31107;Geras;1283;13,1;25,0;2,7;77,8;2,6;70,3;6,7;66,5;541;2,4;365;157;169;546
2021;31109;Horn;6437;12,3;24,5;9,4;74,5;3,0;62,5;13,2;50,3;3033;2,1;1743;738;910;6698
2021;31110;Irnfritz-Messern;1432;14,7;19,8;2,2;76,5;2,9;68,5;7,1;74,4;573;2,5;405;136;149;400
2021;31111;Japons;717;13,4;21,9;2,9;74,4;2,5;71,0;6,3;77,3;304;2,4;208;82;88;145
2021;31113;Langau;698;11,3;29,4;3,9;76,1;4,3;69,3;5,2;77,7;322;2,2;200;67;74;153
2021;31114;Meiseldorf;852;12,0;21,9;1,2;78,7;0,9;68,9;8,8;81,1;357;2,4;239;80;80;145
2021;31117;Pernegg;693;14,0;23,5;1,9;84,1;0,8;69,6;9,4;75,3;275;2,5;198;83;89;204
2021;31119;Röhrenbach;493;12,2;24,3;1,0;80,8;0,0;69,7;10,2;71,4;194;2,5;146;81;84;129
2021;31120;Röschitz;1073;13,4;22,7;2,7;77,1;2,0;66,4;9,6;74,9;469;2,3;325;108;117;258
2021;31121;Rosenburg-Mold;837;13,4;23,8;7,8;75,5;3,1;68,7;7,7;80,4;380;2,2;239;90;103;342
2021;31123;St. Bernhard-Frauenhofen;1286;14,1;20,4;1,7;80,5;1,4;70,5;9,0;82,0;512;2,5;389;111;142;626
2021;31124;Sigmundsherberg;1678;13,3;23,7;2,2;76,0;2,3;70,2;8,4;83,2;757;2,2;494;114;130;409
2021;31129;Weitersfeld;1520;13,3;27,2;2,4;76,9;2,3;67,3;9,8;66,6;658;2,3;448;195;213;435
2021;31130;Straning-Grafenberg;705;13,2;25,0;3,3;76,6;3,7;65,2;8,8;80,5;308;2,3;212;73;79;153
2021;31201;Bisamberg;4819;15,5;21,6;9,5;75,7;3,1;56,8;29,2;83,0;2122;2,3;1430;446;482;1392
2021;31202;Enzersfeld im Weinviertel;1794;15,2;19,8;6,1;79,1;2,8;70,8;14,2;83,2;777;2,3;542;144;151;446
2021;31203;Ernstbrunn;3278;14,3;20,6;7,1;79,2;3,5;68,5;10,2;71,2;1428;2,3;955;306;336;1105
2021;31204;Großmugl;1622;13,8;19,6;5,2;76,0;4,0;70,6;10,8;78,9;677;2,4;479;159;169;307
2021;31205;Großrußbach;2238;15,4;19,9;6,3;79,8;3,2;68,5;13,6;81,8;944;2,4;652;175;186;428
2021;31206;Hagenbrunn;2377;15,8;16,4;12,0;76,9;4,2;59,9;21,2;80,1;1027;2,3;717;356;395;2466
2021;31207;Harmannsdorf;4058;15,2;21,3;5,4;77,8;3,2;66,2;16,4;82,4;1738;2,3;1237;325;350;963
2021;31208;Hausleiten;3818;15,7;16,2;6,2;78,3;3,3;68,4;12,0;80,5;1581;2,4;1141;329;354;1005
2021;31213;Korneuburg;13450;13,3;18,2;16,3;74,7;5,5;58,7;19,6;76,3;6463;2,0;3689;1097;1298;9081
2021;31214;Langenzersdorf;8018;13,5;23,7;10,1;75,0;3,8;59,1;26,9;82,5;3702;2,2;2363;724;814;2927
2021;31215;Leitzersdorf;1157;11,2;20,0;4,8;77,8;2,9;65,6;16,4;82,8;503;2,3;356;121;129;282
2021;31216;Leobendorf;5019;14,1;20,6;7,7;75,9;3,8;62,6;19,8;80,7;2204;2,3;1502;416;468;3244
2021;31224;Rußbach;1391;15,2;19,5;4,1;76,0;3,3;69,5;9,1;81,0;548;2,5;415;126;134;283
2021;31226;Sierndorf;3958;15,5;19,5;5,8;76,2;3,9;68,1;12,6;81,7;1601;2,5;1203;318;336;876
2021;31227;Spillern;2442;14,8;16,4;9,7;77,9;3,8;66,6;13,8;88,9;1104;2,2;738;162;171;520
2021;31228;Stetteldorf am Wagram;1068;15,5;19,0;5,1;78,8;3,6;67,8;10,1;78,5;449;2,4;304;94;98;249
2021;31229;Stetten;1354;16,4;18,5;5,9;79,9;3,1;66,6;15,5;86,6;595;2,3;409;117;133;552
2021;31230;Stockerau;16764;13,5;20,3;14,8;75,4;6,0;61,6;16,0;69,0;7965;2,1;4706;1115;1339;8327
2021;31234;Niederhollabrunn;1519;13,8;19,1;5,8;75,9;3,2;68,5;12,5;79,1;625;2,4;458;144;158;326
2021;31235;Gerasdorf bei Wien;11717;14,8;19,3;12,4;75,3;4,6;64,8;15,6;83,3;4884;2,4;3490;904;1113;5303
2021;31301;Aggsbach;642;10,6;28,7;5,6;78,7;2,8;68,6;11,1;82,8;292;2,2;192;47;51;107
2021;31302;Albrechtsberg an der Großen Krems;1008;13,2;23,6;2,8;77,9;2,1;67,7;8,5;70,1;399;2,5;296;110;118;245
2021;31303;Bergern im Dunkelsteinerwald;1329;15,1;20,5;2,6;78,9;3,0;68,1;12,9;83,6;543;2,4;408;100;105;179
2021;31304;Dürnstein;806;12,5;26,6;4,1;76,0;1,3;62,6;16,0;63,0;362;2,2;239;139;151;625
2021;31308;Grafenegg;3216;15,4;19,1;7,2;78,9;3,2;65,8;12,1;76,6;1376;2,3;992;287;312;972
2021;31309;Furth bei Göttweig;2966;13,8;21,6;7,9;77,5;3,0;63,0;18,0;82,8;1284;2,3;859;241;264;806
2021;31310;Gedersdorf;2142;11,7;21,5;7,0;77,4;2,8;65,6;10,2;83,4;866;2,5;678;163;182;844
2021;31311;Gföhl;3814;13,9;21,7;3,7;78,8;2,9;69,1;8,7;69,9;1667;2,3;1122;350;390;1263
2021;31315;Hadersdorf-Kammern;1963;12,8;22,9;6,6;77,0;3,2;67,4;10,7;85,1;917;2,1;569;120;140;654
2021;31319;Jaidhof;1206;16,9;15,2;3,1;78,3;2,8;68,4;10,1;78,8;461;2,6;332;140;142;279
2021;31321;Krumau am Kamp;749;13,4;29,5;4,3;75,0;3,8;67,3;8,3;79,4;322;2,3;219;68;76;122
2021;31322;Langenlois;7483;13,6;22,1;7,3;78,9;3,2;62,9;14,8;65,4;3326;2,2;2129;813;880;3524
2021;31323;Lengenfeld;1424;15,0;19,1;5,2;78,0;2,2;67,5;10,5;81,6;573;2,5;431;107;118;268
2021;31324;Lichtenau im Waldviertel;2061;14,2;20,3;2,0;79,7;2,1;66,8;4,7;77,8;816;2,5;579;201;216;468
2021;31326;Maria Laach am Jauerling;922;13,7;23,0;3,6;77,2;1,9;67,2;8,5;71,1;350;2,6;272;118;121;299
2021;31327;Mautern an der Donau;3471;12,1;24,4;6,9;76,1;2,7;63,4;17,3;82,9;1633;2,1;967;214;235;1248
2021;31330;Mühldorf;1270;11,7;25,0;4,4;77,3;2,9;66,2;8,8;72,1;536;2,4;375;122;131;289
2021;31333;Paudorf;2645;13,9;22,2;6,8;74,5;3,3;65,5;13,5;81,6;1130;2,3;795;166;183;572
2021;31336;Rastenfeld;1619;17,0;19,8;3,3;79,0;2,3;68,3;9,2;68,7;683;2,3;444;139;161;1078
2021;31337;Rohrendorf bei Krems;2092;15,2;18,8;8,4;77,9;3,4;63,2;15,2;82,5;831;2,5;632;172;186;557
2021;31338;Rossatz-Arnsdorf;1068;11,8;27,1;6,3;78,9;1,8;68,4;13,9;71,7;459;2,3;310;131;140;285
2021;31340;St. Leonhard am Hornerwald;1088;14,1;21,5;2,8;79,3;3,7;68,4;7,7;67,6;428;2,5;315;152;161;359
2021;31343;Senftenberg;1914;13,3;25,1;7,6;78,8;3,6;63,4;13,0;83,9;891;2,1;563;132;148;373
2021;31344;Spitz;1542;10,6;25,4;6,5;79,3;2,6;68,1;12,9;58,5;673;2,3;455;217;238;794
2021;31346;Straß im Straßertale;1758;15,1;20,6;7,6;76,8;4,8;64,8;11,5;79,1;742;2,4;518;153;162;356
2021;31347;Stratzing;909;13,3;17,5;8,0;79,3;2,5;60,0;21,6;84,4;366;2,5;282;73;77;164
2021;31350;Weinzierl am Walde;1243;13,7;23,7;1,7;80,6;2,0;67,5;5,7;80,5;467;2,7;366;128;131;227
2021;31351;Weißenkirchen in der Wachau;1399;11,8;25,9;3,4;78,3;2,5;67,7;15,9;57,6;590;2,4;417;233;245;786
2021;31355;Schönberg am Kamp;1848;12,8;24,2;4,2;75,9;2,9;65,2;14,1;77,4;862;2,1;537;189;205;430
2021;31356;Droß;1025;18,0;17,0;3,7;78,7;1,5;64,6;20,2;85,1;379;2,7;313;67;73;141
2021;31401;Annaberg;499;13,0;30,5;7,2;75,9;4,3;74,0;9,0;49,3;225;2,2;134;69;79;212
2021;31402;Eschenau;1297;15,1;19,0;7,1;76,7;4,6;69,6;6,2;82,1;520;2,4;369;122;128;365
2021;31403;Hainfeld;3746;13,7;25,1;10,5;75,8;4,5;66,3;7,9;59,5;1694;2,2;1012;282;321;4047
2021;31404;Hohenberg;1443;13,0;26,2;7,3;75,0;4,6;68,6;7,6;59,9;686;2,1;412;129;138;589
2021;31405;Kaumberg;1074;14,2;19,6;9,1;76,1;4,2;72,3;10,2;72,6;450;2,4;308;124;130;259
2021;31406;Kleinzell;856;15,5;22,3;5,4;74,6;4,2;67,9;6,8;63,7;339;2,5;239;109;116;272
2021;31407;Lilienfeld;2649;13,7;22,5;14,9;71,7;6,1;60,3;13,1;57,0;1251;2,1;721;175;222;2470
2021;31408;Mitterbach am Erlaufsee;474;8,6;32,1;8,4;75,4;1,3;70,9;9,2;67,4;221;2,0;132;63;71;175
2021;31409;Ramsau;828;13,9;22,7;11,1;82,5;2,8;69,1;7,7;71,9;373;2,2;234;78;83;278
2021;31410;Rohrbach an der Gölsen;1550;15,2;19,8;5,5;77,6;4,3;70,4;10,5;76,2;668;2,3;437;128;137;1156
2021;31411;St. Aegyd am Neuwalde;1842;13,4;29,9;6,8;74,7;3,5;71,9;6,6;52,7;870;2,1;531;166;187;684
2021;31412;St. Veit an der Gölsen;3868;15,4;20,9;6,6;77,1;4,4;68,7;9,2;77,2;1649;2,3;1129;469;492;922
2021;31413;Traisen;3428;11,9;23,0;19,8;68,8;8,9;58,7;6,5;72,7;1637;2,1;949;147;196;1562
2021;31414;Türnitz;1866;13,4;26,7;4,5;74,1;2,7;66,8;9,2;65,4;763;2,4;531;150;173;572
2021;31502;Artstetten-Pöbring;1233;19,2;19,3;2,8;82,8;2,0;69,9;10,0;78,9;408;3,0;367;118;123;263
2021;31503;Bergland;1895;17,0;17,6;4,3;79,2;1,5;72,2;7,6;77,8;671;2,8;556;197;215;1009
2021;31504;Bischofstetten;1224;14,6;18,2;7,0;78,0;3,9;69,9;6,9;84,0;501;2,4;363;83;89;191
2021;31505;Blindenmarkt;2752;17,2;16,9;11,7;76,0;3,3;64,5;9,2;81,7;1115;2,4;794;137;158;721
2021;31506;Dorfstetten;576;18,4;16,3;1,4;80,3;2,5;71,5;2,6;70,3;203;2,8;164;63;65;137
2021;31507;Dunkelsteinerwald;2401;13,9;18,3;3,7;77,7;2,5;70,2;10,5;84,8;934;2,6;720;179;190;408
2021;31508;Erlauf;1119;12,2;21,0;9,2;77,8;2,8;69,3;7,2;84,8;467;2,4;337;73;77;206
2021;31509;Golling an der Erlauf;1477;11,3;20,2;11,2;72,8;5,3;63,0;4,2;93,8;712;2,1;435;41;48;176
2021;31511;Hofamt Priel;1725;15,6;18,7;4,0;78,4;1,8;68,0;10,6;85,7;691;2,5;525;88;96;265
2021;31513;Hürm;1919;16,4;15,7;4,6;81,6;1,8;70,0;9,9;74,3;701;2,7;568;198;213;819
2021;31514;Kilb;2585;15,8;17,9;3,7;78,2;2,4;68,2;10,3;72,3;1042;2,5;750;255;269;830
2021;31515;Kirnberg an der Mank;1110;19,0;17,4;1,1;81,0;1,9;72,1;7,1;76,2;406;2,7;314;96;104;266
2021;31516;Klein-Pöchlarn;1083;15,1;20,8;8,4;75,3;2,6;67,4;10,8;84,0;493;2,2;312;63;74;221
2021;31517;Krummnußbaum;1568;16,6;18,0;7,2;74,9;3,4;66,3;10,6;78,0;649;2,4;465;87;95;494
2021;31519;Leiben;1337;14,1;20,4;5,2;78,4;3,2;72,8;6,3;81,8;604;2,2;365;76;87;273
2021;31520;Loosdorf;3858;15,1;19,0;6,8;75,0;4,7;65,5;9,7;74,2;1727;2,2;1116;230;283;2051
2021;31521;Mank;3241;15,5;21,5;6,4;78,0;3,6;66,0;9,9;64,9;1197;2,6;870;278;315;1505
2021;31522;Marbach an der Donau;1669;14,6;19,7;8,8;76,2;3,7;70,6;7,7;78,5;715;2,3;499;314;326;615
2021;31523;Maria Taferl;938;18,1;17,5;7,1;78,3;2,4;69,1;8,6;81,4;374;2,5;259;61;62;193
2021;31524;Melk;5536;13,6;22,1;14,8;74,7;3,9;60,5;16,4;61,4;2550;2,1;1500;448;593;4850
2021;31525;Münichreith-Laimbach;1672;14,0;20,4;3,3;77,0;2,5;65,9;5,4;74,7;651;2,6;483;149;158;376
2021;31527;Neumarkt an der Ybbs;2060;16,3;18,0;7,4;76,9;3,3;69,0;8,9;85,8;904;2,3;599;114;132;482
2021;31528;Nöchling;1026;17,6;15,9;2,6;78,0;2,4;70,4;8,0;68,9;385;2,7;286;101;106;263
2021;31530;Persenbeug-Gottsdorf;2154;12,8;19,0;6,4;77,1;2,3;70,1;8,8;80,1;997;2,2;633;141;164;793
2021;31531;Petzenkirchen;1468;14,9;19,1;15,3;79,2;2,6;65,6;9,7;79,6;658;2,2;424;216;227;1023
2021;31533;Pöchlarn;3969;12,6;22,1;13,5;74,8;4,4;63,9;9,5;68,7;1780;2,2;1113;263;319;2824
2021;31534;Pöggstall;2403;14,4;23,3;4,5;77,8;1,5;65,1;7,9;61,1;971;2,5;675;251;284;1100
2021;31535;Raxendorf;1026;15,2;19,7;2,3;79,8;1,5;69,1;5,6;77,3;378;2,7;301;120;125;230
2021;31537;Ruprechtshofen;2299;15,4;17,7;5,0;81,0;2,3;68,2;8,9;77,4;871;2,6;676;212;232;904
2021;31539;St. Leonhard am Forst;3056;15,3;20,8;3,7;80,2;1,8;67,2;8,9;77,4;1200;2,5;889;246;272;805
2021;31540;St. Martin-Karlsbach;1622;15,4;20,9;2,0;78,9;2,1;68,3;10,2;78,9;620;2,6;507;111;122;538
2021;31541;St. Oswald;1116;16,7;18,2;2,5;79,9;2,2;67,1;6,2;72,3;340;3,3;302;110;114;228
2021;31542;Schönbühel-Aggsbach;938;11,6;22,9;4,9;76,7;3,9;68,0;14,4;83,0;440;2,1;276;78;83;163
2021;31543;Schollach;1037;18,2;14,9;3,1;80,2;0,7;69,7;11,1;84,6;392;2,6;315;74;81;305
2021;31546;Weiten;1130;14,8;18,8;4,0;73,6;3,4;67,3;6,5;76,1;433;2,6;330;87;95;274
2021;31549;Ybbs an der Donau;5592;13,2;22,2;15,9;73,3;4,2;61,6;9,5;65,6;2311;2,3;1491;447;541;3945
2021;31550;Zelking-Matzleinsdorf;1203;13,2;20,4;3,8;80,0;2,1;68,7;12,2;83,3;471;2,6;371;97;103;193
2021;31551;Texingtal;1673;18,2;16,9;4,1;80,0;1,2;68,2;7,4;67,8;586;2,8;470;170;181;535
2021;31552;Yspertal;2020;15,7;20,5;1,9;79,2;1,8;66,0;8,4;72,7;749;2,6;561;159;172;652
2021;31553;Emmersdorf an der Donau;1755;15,6;20,5;5,1;76,6;2,5;68,4;14,2;81,2;695;2,5;527;142;161;364
2021;31601;Altlichtenwarth;776;11,6;23,7;9,1;68,5;7,1;67,2;3,9;83,9;351;2,2;239;54;60;122
2021;31603;Asparn an der Zaya;1906;15,9;20,5;4,8;75,7;5,8;68,1;7,8;81,4;797;2,4;564;117;129;411
2021;31604;Bernhardsthal;1591;9,8;29,4;10,5;65,0;8,4;66,7;6,3;81,5;810;2,0;478;95;111;243
2021;31605;Bockfließ;1323;13,2;23,5;11,2;72,9;3,4;65,8;11,7;77,9;587;2,3;395;124;131;372
2021;31606;Drasenhofen;1082;10,6;27,0;10,0;73,5;4,3;66,2;5,9;70,2;478;2,3;313;137;150;501
2021;31608;Falkenstein;488;13,1;28,3;7,8;80,4;2,9;64,4;17,5;70,6;214;2,3;142;55;57;149
2021;31609;Fallbach;785;11,5;25,4;3,8;79,6;3,4;66,2;9,4;80,6;323;2,4;239;67;73;221
2021;31611;Gaubitsch;881;15,7;17,5;2,5;80,1;2,7;71,2;9,3;83,2;363;2,4;265;66;72;179
2021;31612;Gaweinstal;4060;14,7;20,4;9,1;76,8;4,3;68,6;10,1;83,3;1788;2,3;1205;242;260;748
2021;31613;Gnadendorf;1145;12,2;23,9;2,8;75,6;2,9;68,1;8,3;82,3;505;2,3;345;92;99;175
2021;31614;Großebersdorf;2238;11,8;24,8;7,8;75,2;4,5;68,8;12,3;81,2;1032;2,2;688;225;248;2018
2021;31615;Großengersdorf;1503;14,2;19,9;11,9;74,9;4,8;65,7;9,3;82,8;621;2,4;442;102;106;405
2021;31616;Großharras;1098;12,1;24,5;2,3;72,4;3,5;66,2;6,4;82,3;496;2,2;323;75;84;230
2021;31617;Großkrut;1665;13,5;22,4;4,3;76,4;4,9;69,3;7,9;84,7;777;2,1;494;89;100;345
2021;31620;Hausbrunn;867;12,2;24,5;14,1;71,8;8,3;66,6;4,7;87,6;421;2,1;258;47;54;135
2021;31621;Herrnbaumgarten;940;13,5;24,0;7,9;74,6;4,1;64,3;9,6;80,3;400;2,4;280;68;72;220
2021;31622;Hochleithen;1118;11,3;22,3;4,3;78,5;2,8;69,8;11,2;84,0;507;2,2;359;76;83;158
2021;31627;Kreuttal;1462;11,4;24,5;5,9;77,3;2,8;68,9;15,4;87,7;672;2,2;448;106;111;201
2021;31628;Kreuzstetten;1654;14,1;19,8;5,4;76,5;4,3;65,6;16,3;82,3;722;2,3;491;124;129;311
2021;31629;Laa an der Thaya;6275;12,8;22,2;6,9;72,7;5,4;65,6;9,4;56,9;2858;2,2;1772;379;460;3294
2021;31630;Ladendorf;2326;14,6;19,5;4,9;75,6;3,6;70,0;10,3;83,4;988;2,4;704;161;172;396
2021;31633;Mistelbach;11670;13,5;21,5;7,9;75,0;4,6;65,5;13,0;59,6;5452;2,1;3237;1719;1951;8845
2021;31634;Neudorf im Weinviertel;1394;14,6;17,8;3,7;70,6;7,2;67,8;6,6;79,9;603;2,3;400;112;119;246
2021;31636;Niederleis;898;15,4;20,3;4,0;81,3;3,0;72,1;9,2;86,0;395;2,3;277;55;64;146
2021;31642;Pillichsdorf;1178;16,3;20,4;4,6;76,0;2,4;67,1;16,6;85,9;503;2,3;355;75;80;227
2021;31644;Poysdorf;5541;13,4;23,9;9,9;72,0;4,5;64,8;8,7;63,4;2332;2,3;1571;416;474;2996
2021;31645;Rabensburg;1081;12,8;28,6;11,1;63,9;10,9;66,7;5,1;89,1;524;2,1;324;46;55;107
2021;31646;Schrattenberg;851;12,3;26,1;8,0;66,0;5,6;65,1;4,2;77,8;384;2,2;254;62;67;162
2021;31649;Staatz;1910;11,5;23,3;3,5;75,4;5,6;69,8;7,3;84,4;839;2,3;576;117;129;289
2021;31650;Stronsdorf;1601;13,2;20,7;4,0;74,7;4,9;69,2;6,4;74,6;664;2,4;482;144;153;471
2021;31651;Ulrichskirchen-Schleinbach;2633;13,6;21,5;7,8;78,3;3,9;67,0;14,1;87,9;1205;2,2;780;146;153;305
2021;31652;Unterstinkenbrunn;548;13,5;22,1;2,4;79,6;3,7;72,2;8,6;84,0;233;2,4;158;48;52;103
2021;31653;Wildendürnbach;1572;14,9;21,4;5,0;73,6;3,6;66,4;7,3;79,7;648;2,4;455;114;122;391
2021;31654;Wilfersdorf;2106;14,2;19,7;6,0;75,2;4,3;71,6;6,1;83,7;925;2,3;639;127;148;643
2021;31655;Wolkersdorf im Weinviertel;7355;14,9;20,7;9,6;76,8;3,8;62,0;20,1;71,6;3309;2,2;2079;702;799;5187
2021;31658;Ottenthal;533;10,1;23,6;3,8;73,4;1,5;66,2;8,8;86,7;213;2,5;156;43;48;76
2021;31701;Achau;1500;17,1;15,3;8,7;80,6;4,6;65,9;15,2;83,9;668;2,2;432;110;136;716
2021;31702;Biedermannsdorf;3155;12,9;25,0;11,7;76,8;3,4;62,0;22,9;81,8;1512;2,1;938;386;431;4029
2021;31703;Breitenfurt bei Wien;5924;11,7;27,1;11,1;76,5;3,5;60,1;25,1;77,4;2627;2,2;1760;544;591;1626
2021;31704;Brunn am Gebirge;12078;15,1;19,0;15,1;77,1;4,8;57,9;24,5;80,6;5511;2,2;3441;1281;1467;9616
2021;31706;Gaaden;1638;12,4;19,7;8,5;74,2;4,3;59,2;27,2;80,8;696;2,3;510;397;411;579
2021;31707;Gießhübl;2399;17,0;19,5;9,0;76,3;2,6;50,1;35,2;80,9;965;2,5;733;313;330;621
2021;31709;Gumpoldskirchen;3950;16,5;19,0;11,3;77,4;4,6;59,0;25,0;76,4;1860;2,1;1119;372;406;3049
2021;31710;Guntramsdorf;9143;13,0;20,8;14,2;74,4;6,0;61,5;16,6;79,4;4338;2,1;2616;767;870;6708
2021;31711;Hennersdorf;1542;13,0;22,8;6,7;77,8;4,9;63,3;19,9;86,0;720;2,1;462;110;122;385
2021;31712;Hinterbrühl;3914;15,3;23,3;12,4;75,6;4,0;54,7;30,0;78,4;1629;2,3;1106;473;512;1487
2021;31713;Kaltenleutgeben;3345;13,6;18,9;11,9;75,4;5,5;62,6;19,9;83,7;1543;2,2;980;222;241;543
2021;31714;Laab im Walde;1107;11,8;27,9;9,8;77,8;2,4;57,4;26,9;77,0;472;2,2;325;91;98;383
2021;31715;Laxenburg;2944;12,8;24,8;14,9;76,8;3,9;57,8;
