JAHR;MONAT;ZNR;ZNAME;STRTYP;STRNR;RINAME;FZTYP;DTVMS;DTVMF;DTVMO;DTVDD;DTVFR;DTVSA;DTVSF;TVMAX;TVMAXT;
2025;DEZ.;1075;Reichsbrücke;B;8;Leopoldstadt;Kfz;45026;45358;44196;44702;49747;42500;45521;52125;Do,11.12.;
2025;DEZ.;1075;Reichsbrücke;B;8;Leopoldstadt;LkwÄ;4395;3994;4191;3976;3812;4228;5636;6068;So,28.12.;
2025;DEZ.;1075;Reichsbrücke;B;8;Donaustadt;Kfz;15218;16839;16168;16654;18536;14116;11218;18963;Do,18.12.;
2025;DEZ.;1075;Reichsbrücke;B;8;Donaustadt;LkwÄ;249;313;283;320;324;172;111;398;Do,04.12.;
2025;DEZ.;1075;Reichsbrücke;B;8;Gesamt;Kfz;60244;62197;60363;61356;68282;56616;56739;70404;Do,11.12.;
2025;DEZ.;1075;Reichsbrücke;B;8;Gesamt;LkwÄ;4645;4308;4474;4296;4137;4401;5746;6172;So,28.12.;
2025;DEZ.;1078;Westbahnhof;B;221;Wienzeile;Kfz;34899;35710;34486;35316;39053;37252;31236;39716;Fr,12.12.;
2025;DEZ.;1078;Westbahnhof;B;221;Wienzeile;LkwÄ;637;825;805;830;828;397;237;1027;Do,11.12.;
2025;DEZ.;1078;Westbahnhof;B;221;Stadthalle;Kfz;30707;31113;30252;30656;34240;32847;28323;34740;Sa,06.12.;
2025;DEZ.;1078;Westbahnhof;B;221;Stadthalle;LkwÄ;652;834;798;833;886;424;261;1005;Do,04.12.;
2025;DEZ.;1078;Westbahnhof;B;221;Gesamt;Kfz;65606;66823;64737;65972;73294;70099;59559;74421;Fr,12.12.;
2025;DEZ.;1078;Westbahnhof;B;221;Gesamt;LkwÄ;1288;1658;1603;1663;1714;821;498;2018;Do,11.12.;
2025;DEZ.;1089;Floridsdorf-Br.;B;226;Brigittenau;Kfz;13618;15435;14128;15500;16895;12214;9230;18759;Do,18.12.;
2025;DEZ.;1089;Floridsdorf-Br.;B;226;Brigittenau;LkwÄ;261;357;342;366;338;120;66;478;Do,11.12.;
2025;DEZ.;1089;Floridsdorf-Br.;B;226;Floridsdorf;Kfz;12102;13482;12773;13467;14491;11156;8700;16202;Do,04.12.;
2025;DEZ.;1089;Floridsdorf-Br.;B;226;Floridsdorf;LkwÄ;240;325;322;329;308;125;63;470;Do,04.12.;
2025;DEZ.;1089;Floridsdorf-Br.;B;226;Gesamt;Kfz;25720;28917;26901;28967;31386;23370;17930;33426;Mi,17.12.;
2025;DEZ.;1089;Floridsdorf-Br.;B;226;Gesamt;LkwÄ;500;682;664;695;646;244;129;942;Do,04.12.;
2025;DEZ.;1096;Brigittenauer Brücke;B;14;Brigittenau;Kfz;11245;12520;11775;12598;13176;9356;8682;14437;*Di,09.12.;
2025;DEZ.;1096;Brigittenauer Brücke;B;14;Brigittenau;LkwÄ;191;272;257;280;253;67;31;373;*Di,09.12.;
2025;DEZ.;1096;Brigittenauer Brücke;B;14;Floridsdorf;Kfz;9637;10880;10218;10796;12129;8834;6545;12546;*Do,04.12.;
2025;DEZ.;1096;Brigittenauer Brücke;B;14;Floridsdorf;LkwÄ;238;305;289;307;316;160;92;434;*Do,04.12.;
2025;DEZ.;1096;Brigittenauer Brücke;B;14;Gesamt;Kfz;20882;23400;21992;23394;25305;18190;15227;26071;*Do,04.12.;
2025;DEZ.;1096;Brigittenauer Brücke;B;14;Gesamt;LkwÄ;429;577;546;588;569;227;124;741;*Do,04.12.;
2025;DEZ.;1131;Karlsplatz;B;1;Heumarkt;Kfz;19080;20680;19577;20419;23280;18599;14783;23612;Fr,19.12.;
2025;DEZ.;1131;Karlsplatz;B;1;Heumarkt;LkwÄ;498;586;531;589;648;478;260;753;Fr,12.12.;
2025;DEZ.;1131;Karlsplatz;B;1;Wienzeile;Kfz;13703;15464;14617;15293;17335;12809;9180;17943;Do,18.12.;
2025;DEZ.;1131;Karlsplatz;B;1;Wienzeile;LkwÄ;489;563;531;563;606;538;250;756;Sa,13.12.;
2025;DEZ.;1131;Karlsplatz;B;1;Gesamt;Kfz;32783;36144;34194;35713;40615;31408;23963;41268;Do,18.12.;
2025;DEZ.;1131;Karlsplatz;B;1;Gesamt;LkwÄ;988;1149;1062;1151;1254;1017;510;1480;Fr,12.12.;
2025;DEZ.;1170;Donaukanal Straße;B;227;1171-Obere Donaustr.;Kfz;23938;25271;24146;24991;27987;24656;19718;29058;Fr,12.12.;
2025;DEZ.;1170;Donaukanal Straße;B;227;1171-Obere Donaustr.;LkwÄ;615;753;707;757;799;478;299;1013;Do,04.12.;
2025;DEZ.;1170;Donaukanal Straße;B;227;1172-Franz-Josef-Kai;Kfz;37084;39447;38105;38681;44556;36724;30541;45250;Fr,12.12.;
2025;DEZ.;1170;Donaukanal Straße;B;227;1172-Franz-Josef-Kai;LkwÄ;1521;1900;1747;1904;2086;1126;663;2282;Di,16.12.;
2025;DEZ.;1170;Donaukanal Straße;B;227;Gesamt;Kfz;61022;64718;62250;63671;72543;61381;50258;74308;Fr,12.12.;
2025;DEZ.;1170;Donaukanal Straße;B;227;Gesamt;LkwÄ;2136;2654;2454;2661;2885;1604;962;3190;Do,04.12.;
2025;DEZ.;1177;Handelskai;B;14;Klosterneuburg;Kfz;9382;10278;10213;10109;11094;9052;7013;11385;Fr,05.12.;
2025;DEZ.;1177;Handelskai;B;14;Klosterneuburg;LkwÄ;378;511;493;514;520;205;99;669;Do,11.12.;
2025;DEZ.;1177;Handelskai;B;14;Freudenau;Kfz;12312;14288;13378;14130;16184;10311;7811;17017;Mi,17.12.;
2025;DEZ.;1177;Handelskai;B;14;Freudenau;LkwÄ;495;685;616;686;772;246;93;962;Mi,17.12.;
2025;DEZ.;1177;Handelskai;B;14;Gesamt;Kfz;21694;24566;23591;24239;27278;19364;14823;28276;Mi,17.12.;
2025;DEZ.;1177;Handelskai;B;14;Gesamt;LkwÄ;873;1196;1109;1200;1292;450;192;1629;Mi,17.12.;
2025;DEZ.;1179;Brunner Straße;B;12;Zentrum;Kfz;12187;14240;14215;13925;15635;10870;7076;16460;Do,11.12.;
2025;DEZ.;1179;Brunner Straße;B;12;Zentrum;LkwÄ;842;1175;1103;1174;1275;342;177;1604;Do,11.12.;
2025;DEZ.;1179;Brunner Straße;B;12;Brunn am Gebirge;Kfz;16082;18105;18164;17741;19603;15026;10905;20024;Fr,12.12.;
2025;DEZ.;1179;Brunner Straße;B;12;Brunn am Gebirge;LkwÄ;979;1345;1298;1345;1408;438;241;1730;Di,16.12.;
2025;DEZ.;1179;Brunner Straße;B;12;Gesamt;Kfz;28269;32345;32379;31667;35238;25896;17982;36388;Do,11.12.;
2025;DEZ.;1179;Brunner Straße;B;12;Gesamt;LkwÄ;1821;2520;2400;2519;2683;780;418;3287;Do,11.12.;
2025;DEZ.;1180;Hochstraße;B;13;Zentrum;Kfz;4982;5636;5294;5607;6214;4389;3452;7268;*Mi,03.12.;
2025;DEZ.;1180;Hochstraße;B;13;Zentrum;LkwÄ;185;236;238;236;238;101;86;319;*Mi,03.12.;
2025;DEZ.;1180;Hochstraße;B;13;Perchtoldsdorf;Kfz;5221;5903;5618;5821;6638;4650;3599;6802;Fr,19.12.;
2025;DEZ.;1180;Hochstraße;B;13;Perchtoldsdorf;LkwÄ;208;266;264;268;259;118;95;334;Mi,10.12.;
2025;DEZ.;1180;Hochstraße;B;13;Gesamt;Kfz;10203;11539;10912;11428;12852;9039;7050;13462;*Mi,03.12.;
2025;DEZ.;1180;Hochstraße;B;13;Gesamt;LkwÄ;393;502;502;504;497;219;181;652;*Mi,03.12.;
2025;DEZ.;1181;Breitenfurter Straße;B;13;Zentrum;Kfz;5918;6508;6380;6400;7144;5645;4391;7314;Fr,19.12.;
2025;DEZ.;1181;Breitenfurter Straße;B;13;Zentrum;LkwÄ;168;212;210;208;234;107;76;252;Do,18.12.;
2025;DEZ.;1181;Breitenfurter Straße;B;13;Breitenfurt;Kfz;5740;6389;6272;6302;6924;5259;4160;7019;Fr,19.12.;
2025;DEZ.;1181;Breitenfurter Straße;B;13;Breitenfurt;LkwÄ;167;214;214;209;233;96;75;272;Di,09.12.;
2025;DEZ.;1181;Breitenfurter Straße;B;13;Gesamt;Kfz;11658;12897;12652;12702;14068;10904;8551;14333;Fr,19.12.;
2025;DEZ.;1181;Breitenfurter Straße;B;13;Gesamt;LkwÄ;335;426;424;417;467;203;152;523;Di,09.12.;
2025;DEZ.;1182;Simmeringer Hptstr.;B;225;Zentrum;Kfz;-29;-29;-29;-29;-29;-29;-29;-29;0.00.;
2025;DEZ.;1182;Simmeringer Hptstr.;B;225;Zentrum;LkwÄ;-29;-29;-29;-29;-29;-29;-29;-29;0.00.;
2025;DEZ.;1182;Simmeringer Hptstr.;B;225;Schwechat;Kfz;-29;-29;-29;-29;-29;-29;-29;-29;0.00.;
2025;DEZ.;1182;Simmeringer Hptstr.;B;225;Schwechat;LkwÄ;-29;-29;-29;-29;-29;-29;-29;-29;0.00.;
2025;DEZ.;1182;Simmeringer Hptstr.;B;225;Gesamt;Kfz;-29;-29;-29;-29;-29;-29;-29;-29;0.00.;
2025;DEZ.;1182;Simmeringer Hptstr.;B;225;Gesamt;LkwÄ;-29;-29;-29;-29;-29;-29;-29;-29;0.00.;
2025;DEZ.;1184;Himberger Straße;G;0;Zentrum;Kfz;4862;5634;5533;5538;6187;4182;3041;6431;Do,18.12.;
2025;DEZ.;1184;Himberger Straße;G;0;Zentrum;LkwÄ;141;206;204;205;212;39;13;318;Mi,10.12.;
2025;DEZ.;1184;Himberger Straße;G;0;Leopoldsdorf;Kfz;4694;5434;5180;5324;6253;4032;2956;7060;Fr,19.12.;
2025;DEZ.;1184;Himberger Straße;G;0;Leopoldsdorf;LkwÄ;130;189;182;182;228;39;14;300;Do,18.12.;
2025;DEZ.;1184;Himberger Straße;G;0;Gesamt;Kfz;9555;11069;10712;10862;12439;8214;5998;13447;Fr,19.12.;
2025;DEZ.;1184;Himberger Straße;G;0;Gesamt;LkwÄ;270;394;385;386;440;78;27;554;Mi,10.12.;
2025;DEZ.;1187;Triester Straße;B;17;Zentrum;Kfz;9207;10353;10681;10066;11162;9841;5572;11681;Do,18.12.;
2025;DEZ.;1187;Triester Straße;B;17;Zentrum;LkwÄ;383;508;500;506;526;213;124;654;Do,11.12.;
2025;DEZ.;1187;Triester Straße;B;17;Wr. Neudorf;Kfz;8057;9179;9386;8956;9870;7990;4891;10562;Do,04.12.;
2025;DEZ.;1187;Triester Straße;B;17;Wr. Neudorf;LkwÄ;374;500;497;498;513;188;120;666;Di,09.12.;
2025;DEZ.;1187;Triester Straße;B;17;Gesamt;Kfz;17265;19532;20067;19022;21032;17830;10463;21528;Do,18.12.;
2025;DEZ.;1187;Triester Straße;B;17;Gesamt;LkwÄ;757;1008;997;1004;1039;401;244;1310;Di,09.12.;
2025;DEZ.;1188;Altmannsdorfer Straße;B;224;Zentrum;Kfz;8872;10284;10489;10087;10863;8909;4815;11356;Di,09.12.;
2025;DEZ.;1188;Altmannsdorfer Straße;B;224;Zentrum;LkwÄ;278;376;355;385;367;123;86;557;Di,02.12.;
2025;DEZ.;1188;Altmannsdorfer Straße;B;224;Vösendorf;Kfz;8946;10360;10516;10066;11426;8792;4994;11703;Fr,19.12.;
2025;DEZ.;1188;Altmannsdorfer Straße;B;224;Vösendorf;LkwÄ;305;411;405;413;408;127;102;552;Di,02.12.;
2025;DEZ.;1188;Altmannsdorfer Straße;B;224;Gesamt;Kfz;17818;20644;21005;20153;22289;17700;9809;22698;Fr,19.12.;
2025;DEZ.;1188;Altmannsdorfer Straße;B;224;Gesamt;LkwÄ;583;787;760;799;775;250;188;1109;Di,02.12.;
2025;DEZ.;1189;Shuttleworthstraße;B;229;Zentrum;Kfz;9190;10278;10168;10123;11096;8797;6307;11209;Fr,19.12.;
2025;DEZ.;1189;Shuttleworthstraße;B;229;Zentrum;LkwÄ;370;510;485;520;496;166;90;683;Di,02.12.;
2025;DEZ.;1189;Shuttleworthstraße;B;229;Leopoldau;Kfz;8963;10204;10096;10066;10943;8222;5840;11200;Di,16.12.;
2025;DEZ.;1189;Shuttleworthstraße;B;229;Leopoldau;LkwÄ;357;498;477;501;510;147;77;656;Mi,03.12.;
2025;DEZ.;1189;Shuttleworthstraße;B;229;Gesamt;Kfz;18153;20482;20264;20189;22039;17019;12147;22223;Fr,19.12.;
2025;DEZ.;1189;Shuttleworthstraße;B;229;Gesamt;LkwÄ;728;1007;962;1022;1006;313;167;1329;Do,04.12.;
2025;DEZ.;1190;Angyalföldstraße;B;3;Kagran;Kfz;5731;6398;6323;6287;6978;5871;3746;7112;Mi,17.12.;
2025;DEZ.;1190;Angyalföldstraße;B;3;Kagran;LkwÄ;172;228;234;225;231;81;64;291;Mo,01.12.;
2025;DEZ.;1190;Angyalföldstraße;B;3;Floridsdorf;Kfz;5213;5767;5782;5637;6305;5220;3625;6468;Fr,19.12.;
2025;DEZ.;1190;Angyalföldstraße;B;3;Floridsdorf;LkwÄ;133;185;194;181;185;48;36;268;Mo,01.12.;
2025;DEZ.;1190;Angyalföldstraße;B;3;Gesamt;Kfz;10944;12164;12105;11924;13283;11092;7371;13553;Fr,19.12.;
2025;DEZ.;1190;Angyalföldstraße;B;3;Gesamt;LkwÄ;305;412;428;406;417;128;99;559;Mo,01.12.;
2025;DEZ.;1191;Wientalstraße;B;1;Zentrum;Kfz;25629;27400;26560;26977;30352;26827;19887;31903;Fr,19.12.;
2025;DEZ.;1191;Wientalstraße;B;1;Zentrum;LkwÄ;566;712;655;720;757;444;220;974;*Do,04.12.;
2025;DEZ.;1191;Wientalstraße;B;1;St. Pölten;Kfz;23653;25329;24448;24937;28208;23667;18856;28875;Fr,05.12.;
2025;DEZ.;1191;Wientalstraße;B;1;St. Pölten;LkwÄ;483;629;617;626;659;268;188;794;Di,09.12.;
2025;DEZ.;1191;Wientalstraße;B;1;Gesamt;Kfz;49283;52729;51008;51913;58559;50494;38744;59748;Fr,19.12.;
2025;DEZ.;1191;Wientalstraße;B;1;Gesamt;LkwÄ;1049;1342;1272;1346;1416;712;407;1706;*Do,04.12.;
2025;DEZ.;1192;Hauptstraße;G;0;Zentrum;Kfz;5058;5642;5722;5435;6431;5652;3052;6899;Fr,19.12.;
2025;DEZ.;1192;Hauptstraße;G;0;Zentrum;LkwÄ;240;292;301;286;305;174;132;347;Mo,15.12.;
2025;DEZ.;1192;Hauptstraße;G;0;St. Pölten;Kfz;5876;6587;6632;6395;7359;6152;3688;7558;Mo,22.12.;
2025;DEZ.;1192;Hauptstraße;G;0;St. Pölten;LkwÄ;245;297;296;296;304;178;135;345;Di,16.12.;
2025;DEZ.;1192;Hauptstraße;G;0;Gesamt;Kfz;10934;12228;12354;11829;13790;11804;6740;14431;Fr,19.12.;
2025;DEZ.;1192;Hauptstraße;G;0;Gesamt;LkwÄ;486;589;598;581;609;352;267;678;Di,16.12.;
2025;DEZ.;1193;Heiligenstädter Straße;B;14;Zentrum;Kfz;14834;16622;16225;16436;17956;13340;10579;18771;Do,18.12.;
2025;DEZ.;1193;Heiligenstädter Straße;B;14;Zentrum;LkwÄ;535;728;696;725;781;263;142;935;Mi,03.12.;
2025;DEZ.;1193;Heiligenstädter Straße;B;14;Klosterneuburg;Kfz;14678;16450;16110;16311;17505;13088;10524;18271;Do,11.12.;
2025;DEZ.;1193;Heiligenstädter Straße;B;14;Klosterneuburg;LkwÄ;528;718;702;710;772;262;137;923;Mi,03.12.;
2025;DEZ.;1193;Heiligenstädter Straße;B;14;Gesamt;Kfz;29512;33072;32336;32747;35461;26429;21103;37003;Do,18.12.;
2025;DEZ.;1193;Heiligenstädter Straße;B;14;Gesamt;LkwÄ;1063;1445;1398;1435;1553;525;279;1858;Mi,03.12.;
2025;DEZ.;1194;Prager Straße;B;3;Zentrum;Kfz;4934;5779;6010;5559;6428;5462;2219;7400;Mo,22.12.;
2025;DEZ.;1194;Prager Straße;B;3;Zentrum;LkwÄ;123;167;174;167;158;58;33;218;*Di,02.12.;
2025;DEZ.;1194;Prager Straße;B;3;Langenzersd.;Kfz;4691;5507;5747;5294;6111;5222;2055;6950;Mo,22.12.;
2025;DEZ.;1194;Prager Straße;B;3;Langenzersd.;LkwÄ;121;165;168;164;165;58;32;215;*Di,02.12.;
2025;DEZ.;1194;Prager Straße;B;3;Gesamt;Kfz;9625;11286;11757;10853;12539;10684;4274;14350;Mo,22.12.;
2025;DEZ.;1194;Prager Straße;B;3;Gesamt;LkwÄ;244;332;342;331;323;116;66;433;*Di,02.12.;
2025;DEZ.;1195;Wagramer Straße;B;8;Zentrum;Kfz;3337;3854;3757;3806;4191;3070;2012;5122;Di,09.12.;
2025;DEZ.;1195;Wagramer Straße;B;8;Zentrum;LkwÄ;127;169;158;171;171;63;44;275;Di,09.12.;
2025;DEZ.;1195;Wagramer Straße;B;8;Süßenbrunn;Kfz;3255;3692;3624;3634;4031;3123;2083;4170;Fr,12.12.;
2025;DEZ.;1195;Wagramer Straße;B;8;Süßenbrunn;LkwÄ;132;172;164;170;193;74;47;223;Mi,10.12.;
2025;DEZ.;1195;Wagramer Straße;B;8;Gesamt;Kfz;6592;7546;7382;7440;8222;6193;4095;9119;Di,09.12.;
2025;DEZ.;1195;Wagramer Straße;B;8;Gesamt;LkwÄ;258;341;322;342;364;138;91;466;Di,09.12.;
2025;DEZ.;1196;Erzherzog-Karl-Str.;B;3;Groß-Enzersdorf;Kfz;10659;12181;12128;11886;13526;9728;6846;13777;Fr,19.12.;
2025;DEZ.;1196;Erzherzog-Karl-Str.;B;3;Groß-Enzersdorf;LkwÄ;183;238;243;234;246;99;75;321;Mi,17.12.;
2025;DEZ.;1196;Erzherzog-Karl-Str.;B;3;Kagran;Kfz;10647;12168;12138;11935;13218;9531;6941;13398;Fr,05.12.;
2025;DEZ.;1196;Erzherzog-Karl-Str.;B;3;Kagran;LkwÄ;376;461;456;460;473;236;212;529;Di,02.12.;
2025;DEZ.;1196;Erzherzog-Karl-Str.;B;3;Gesamt;Kfz;21307;24349;24266;23821;26744;19259;13787;27095;Fr,19.12.;
2025;DEZ.;1196;Erzherzog-Karl-Str.;B;3;Gesamt;LkwÄ;559;699;698;695;719;335;288;849;Mi,17.12.;
2025;DEZ.;1198;Brünner Straße;B;7;Zentrum;Kfz;8416;9674;9827;9385;10724;8660;4683;10919;Fr,12.12.;
2025;DEZ.;1198;Brünner Straße;B;7;Zentrum;LkwÄ;353;476;466;475;491;212;85;651;Di,09.12.;
2025;DEZ.;1198;Brünner Straße;B;7;Wolkersdorf;Kfz;7080;8058;8138;7832;8931;7222;4204;9248;Fr,12.12.;
2025;DEZ.;1198;Brünner Straße;B;7;Wolkersdorf;LkwÄ;319;426;423;424;434;205;82;557;Di,09.12.;
2025;DEZ.;1198;Brünner Straße;B;7;Gesamt;Kfz;15496;17732;17966;17217;19655;15882;8887;20167;Fr,12.12.;
2025;DEZ.;1198;Brünner Straße;B;7;Gesamt;LkwÄ;673;901;888;900;925;417;166;1208;Di,09.12.;
2025;DEZ.;1199;Eßlinger Hauptstraße;B;3;Zentrum;Kfz;8056;8845;8787;8636;9827;8216;5711;9931;Fr,19.12.;
2025;DEZ.;1199;Eßlinger Hauptstraße;B;3;Zentrum;LkwÄ;443;574;565;573;593;245;181;716;Di,09.12.;
2025;DEZ.;1199;Eßlinger Hauptstraße;B;3;Groß-Enzersdorf;Kfz;7832;8598;8540;8391;9569;7989;5555;9736;Fr,19.12.;
2025;DEZ.;1199;Eßlinger Hauptstraße;B;3;Groß-Enzersdorf;LkwÄ;419;543;529;541;571;234;171;669;Mi,03.12.;
2025;DEZ.;1199;Eßlinger Hauptstraße;B;3;Gesamt;Kfz;15888;17443;17327;17027;19396;16205;11265;19667;Fr,19.12.;
2025;DEZ.;1199;Eßlinger Hauptstraße;B;3;Gesamt;LkwÄ;862;1117;1094;1114;1165;479;352;1382;Di,09.12.;
2025;DEZ.;1200;Vorarlberger Allee West;G;0;Zentrum;Kfz;5835;7430;7762;7271;7674;3997;2329;8850;Mo,01.12.;
2025;DEZ.;1200;Vorarlberger Allee West;G;0;Zentrum;LkwÄ;667;934;1036;908;911;246;146;1265;Di,02.12.;
2025;DEZ.;1200;Vorarlberger Allee West;G;0;S1;Kfz;5891;7464;7347;7395;7918;4089;2426;9001;Do,04.12.;
2025;DEZ.;1200;Vorarlberger Allee West;G;0;S1;LkwÄ;731;1033;1064;1023;1037;267;131;1290;Do,18.12.;
2025;DEZ.;1200;Vorarlberger Allee West;G;0;Gesamt;Kfz;11726;14894;15109;14666;15592;8086;4755;17384;Di,02.12.;
2025;DEZ.;1200;Vorarlberger Allee West;G;0;Gesamt;LkwÄ;1398;1967;2100;1930;1948;513;277;2553;Di,02.12.;
2025;DEZ.;1201;Vorarlberger Allee Ost;G;0;Laxenburger Str.;Kfz;3215;4263;4361;4128;4713;1971;934;5836;Do,18.12.;
2025;DEZ.;1201;Vorarlberger Allee Ost;G;0;Laxenburger Str.;LkwÄ;714;995;1032;978;1017;280;160;1286;Do,18.12.;
2025;DEZ.;1201;Vorarlberger Allee Ost;G;0;S1;Kfz;3028;3988;4086;3919;4154;1922;919;4721;Di,09.12.;
2025;DEZ.;1201;Vorarlberger Allee Ost;G;0;S1;LkwÄ;551;762;808;750;750;217;138;929;Di,09.12.;
2025;DEZ.;1201;Vorarlberger Allee Ost;G;0;Gesamt;Kfz;6243;8250;8447;8048;8867;3892;1852;10365;Do,18.12.;
2025;DEZ.;1201;Vorarlberger Allee Ost;G;0;Gesamt;LkwÄ;1265;1757;1840;1729;1767;497;298;2132;Do,18.12.;
2025;DEZ.;1202;Spange Vösendorf;G;0;Vösendorf;Kfz;5988;7298;7656;7089;7727;5172;2709;8431;Mo,01.12.;
2025;DEZ.;1202;Spange Vösendorf;G;0;Vösendorf;LkwÄ;302;441;444;446;416;74;36;659;Di,02.12.;
2025;DEZ.;1202;Spange Vösendorf;G;0;S1;Kfz;5810;7103;7170;6953;7666;5143;2495;8134;Mi,17.12.;
2025;DEZ.;1202;Spange Vösendorf;G;0;S1;LkwÄ;297;432;434;442;388;84;33;638;Di,09.12.;
2025;DEZ.;1202;Spange Vösendorf;G;0;Gesamt;Kfz;11797;14402;14826;14042;15393;10314;5204;16329;Mo,01.12.;
2025;DEZ.;1202;Spange Vösendorf;G;0;Gesamt;LkwÄ;600;874;879;888;804;158;69;1267;Di,09.12.;
2025;DEZ.;1203;Maria-Theresien-Straße;G;0;Franz-Josef-Kai;Kfz;11984;13346;12542;13287;14673;10952;8682;15697;Fr,12.12.;
2025;DEZ.;1203;Maria-Theresien-Straße;G;0;Franz-Josef-Kai;LkwÄ;348;455;423;465;454;206;125;570;Do,18.12.;
2025;DEZ.;1203;Maria-Theresien-Straße;G;0;-;Kfz;-29;-29;-29;-29;-29;-29;-29;-29;0.00.;
2025;DEZ.;1203;Maria-Theresien-Straße;G;0;-;LkwÄ;-29;-29;-29;-29;-29;-29;-29;-29;0.00.;
2025;DEZ.;1203;Maria-Theresien-Straße;G;0;Gesamt;Kfz;-29;-29;-29;-29;-29;-29;-29;-29;0.00.;
2025;DEZ.;1203;Maria-Theresien-Straße;G;0;Gesamt;LkwÄ;-29;-29;-29;-29;-29;-29;-29;-29;0.00.;
2025;DEZ.;1204;Türkenstraße;G;0;Währinger Straße;Kfz;14981;17025;15904;16974;18738;13467;10005;19882;Do,11.12.;
2025;DEZ.;1204;Türkenstraße;G;0;Währinger Straße;LkwÄ;346;471;435;477;494;168;88;618;Mi,10.12.;
2025;DEZ.;1204;Türkenstraße;G;0;-;Kfz;-29;-29;-29;-29;-29;-29;-29;-29;0.00.;
2025;DEZ.;1204;Türkenstraße;G;0;-;LkwÄ;-29;-29;-29;-29;-29;-29;-29;-29;0.00.;
2025;DEZ.;1204;Türkenstraße;G;0;Gesamt;Kfz;-29;-29;-29;-29;-29;-29;-29;-29;0.00.;
2025;DEZ.;1204;Türkenstraße;G;0;Gesamt;LkwÄ;-29;-29;-29;-29;-29;-29;-29;-29;0.00.;
2025;DEZ.;1205;Hernalser Hauptstraße;G;0;Zentrum;Kfz;8206;8599;8228;8550;9308;8298;7029;9491;Fr,19.12.;
2025;DEZ.;1205;Hernalser Hauptstraße;G;0;Zentrum;LkwÄ;153;204;194;207;205;86;44;277;Di,16.12.;
2025;DEZ.;1205;Hernalser Hauptstraße;G;0;Dornbach;Kfz;7040;7460;7173;7400;8106;7058;5830;8231;Fr,12.12.;
2025;DEZ.;1205;Hernalser Hauptstraße;G;0;Dornbach;LkwÄ;123;168;170;169;162;58;34;237;Mo,01.12.;
2025;DEZ.;1205;Hernalser Hauptstraße;G;0;Gesamt;Kfz;15246;16060;15400;15950;17414;15356;12858;17663;Fr,19.12.;
2025;DEZ.;1205;Hernalser Hauptstraße;G;0;Gesamt;LkwÄ;276;372;365;375;367;144;78;500;Mo,01.12.;
2025;DEZ.;1207;Altmannsdorfer Straße II;B;224;Zentrum;Kfz;19875;20985;19928;20945;22567;19797;16747;23159;*Mi,03.12.;
2025;DEZ.;1207;Altmannsdorfer Straße II;B;224;Zentrum;LkwÄ;752;1035;991;1021;1155;334;180;1322;Mi,17.12.;
2025;DEZ.;1207;Altmannsdorfer Straße II;B;224;Vösendorf;Kfz;24035;25682;24765;25490;27738;24156;19260;28261;Fr,19.12.;
2025;DEZ.;1207;Altmannsdorfer Straße II;B;224;Vösendorf;LkwÄ;826;1125;1126;1105;1207;431;201;1518;Mi,10.12.;
2025;DEZ.;1207;Altmannsdorfer Straße II;B;224;Gesamt;Kfz;43910;46667;44694;46435;50305;43953;36007;50941;Fr,12.12.;
2025;DEZ.;1207;Altmannsdorfer Straße II;B;224;Gesamt;LkwÄ;1578;2160;2117;2126;2362;765;381;2762;*Do,04.12.;
2025;DEZ.;1208;Wienerbergstraße;B;225;Breitenfurter Straße;Kfz;9376;10844;10503;10793;11524;7993;5970;12653;Do,11.12.;
2025;DEZ.;1208;Wienerbergstraße;B;225;Breitenfurter Straße;LkwÄ;479;591;600;588;592;308;258;707;Mo,01.12.;
2025;DEZ.;1208;Wienerbergstraße;B;225;Triester Straße;Kfz;8752;10288;9984;10210;11029;7181;5262;11578;Do,11.12.;
2025;DEZ.;1208;Wienerbergstraße;B;225;Triester Straße;LkwÄ;511;651;660;644;670;288;237;754;Di,02.12.;
2025;DEZ.;1208;Wienerbergstraße;B;225;Gesamt;Kfz;18128;21132;20487;21003;22553;15174;11232;24231;Do,11.12.;
2025;DEZ.;1208;Wienerbergstraße;B;225;Gesamt;LkwÄ;990;1242;1260;1233;1262;596;496;1454;Mo,01.12.;
2025;DEZ.;1209;Atzgersdorfer Straße;G;0;Stranzenberg Brücke;Kfz;8040;9288;8852;9232;10117;6858;5151;10776;Do,18.12.;
2025;DEZ.;1209;Atzgersdorfer Straße;G;0;Stranzenberg Brücke;LkwÄ;226;291;278;292;306;138;87;454;Do,18.12.;
2025;DEZ.;1209;Atzgersdorfer Straße;G;0;Rosenhügelstraße;Kfz;8929;10245;9695;10180;11255;7542;5965;11624;Do,18.12.;
2025;DEZ.;1209;Atzgersdorfer Straße;G;0;Rosenhügelstraße;LkwÄ;198;257;251;256;266;116;79;328;Do,18.12.;
2025;DEZ.;1209;Atzgersdorfer Straße;G;0;Gesamt;Kfz;16970;19533;18547;19412;21372;14400;11116;22400;Do,18.12.;
2025;DEZ.;1209;Atzgersdorfer Straße;G;0;Gesamt;LkwÄ;424;548;529;548;572;254;166;782;Do,18.12.;
2025;DEZ.;1210;Koppstraße;B;223;stadtauswärts;Kfz;14792;15683;15090;15479;17358;14539;12393;17608;Fr,19.12.;
2025;DEZ.;1210;Koppstraße;B;223;stadtauswärts;LkwÄ;378;474;474;471;485;245;180;584;Di,09.12.;
2025;DEZ.;1210;Koppstraße;B;223;Einbahnstraße;Kfz;-29;-29;-29;-29;-29;-29;-29;-29;0.00.;
2025;DEZ.;1210;Koppstraße;B;223;Einbahnstraße;LkwÄ;-29;-29;-29;-29;-29;-29;-29;-29;0.00.;
2025;DEZ.;1210;Koppstraße;B;223;Gesamt;Kfz;-29;-29;-29;-29;-29;-29;-29;-29;0.00.;
2025;DEZ.;1210;Koppstraße;B;223;Gesamt;LkwÄ;-29;-29;-29;-29;-29;-29;-29;-29;0.00.;
2025;DEZ.;1211;Laxenburger Straße II;B;230;Zentrum;Kfz;6369;7838;7943;7691;8340;4668;3142;9441;Mi,10.12.;
2025;DEZ.;1211;Laxenburger Straße II;B;230;Zentrum;LkwÄ;1348;1792;1837;1756;1885;701;448;2239;Mi,17.12.;
2025;DEZ.;1211;Laxenburger Straße II;B;230;S1;Kfz;7520;9473;9538;9439;9531;5180;3279;11324;Do,18.12.;
2025;DEZ.;1211;Laxenburger Straße II;B;230;S1;LkwÄ;1534;2084;2176;2069;2022;659;463;2541;Mi,17.12.;
2025;DEZ.;1211;Laxenburger Straße II;B;230;Gesamt;Kfz;13889;17311;17481;17129;17872;9848;6421;20599;Mi,17.12.;
2025;DEZ.;1211;Laxenburger Straße II;B;230;Gesamt;LkwÄ;2881;3875;4014;3826;3908;1360;911;4780;Mi,17.12.;
2025;DEZ.;1212;Donaustadtstraße II;B;3;A 23;Kfz;7997;8882;9386;8401;10290;7729;5622;12978;Fr,19.12.;
2025;DEZ.;1212;Donaustadtstraße II;B;3;A 23;LkwÄ;411;556;547;557;564;172;136;787;Mo,15.12.;
2025;DEZ.;1212;Donaustadtstraße II;B;3;Erzherzog-Karl-Str.;Kfz;8070;8702;8816;8522;9333;7967;6322;9443;Di,16.12.;
2025;DEZ.;1212;Donaustadtstraße II;B;3;Erzherzog-Karl-Str.;LkwÄ;393;524;517;522;540;198;132;655;Di,09.12.;
2025;DEZ.;1212;Donaustadtstraße II;B;3;Gesamt;Kfz;16067;17584;18202;16923;19623;15696;11944;22282;Fr,19.12.;
2025;DEZ.;1212;Donaustadtstraße II;B;3;Gesamt;LkwÄ;805;1079;1064;1078;1104;370;268;1432;Mo,15.12.;
2025;DEZ.;1213;Burggasse II;G;0;Zentrum;Kfz;7530;8097;7512;7986;9360;7467;5945;9591;*Fr,19.12.;
2025;DEZ.;1213;Burggasse II;G;0;Zentrum;LkwÄ;318;385;343;391;416;214;187;450;*Mi,10.12.;
2025;DEZ.;1213;Burggasse II;G;0;Gablenzgasse;Kfz;-29;-29;-29;-29;-29;-29;-29;-29;0.00.;
2025;DEZ.;1213;Burggasse II;G;0;Gablenzgasse;LkwÄ;-29;-29;-29;-29;-29;-29;-29;-29;0.00.;
2025;DEZ.;1213;Burggasse II;G;0;Gesamt;Kfz;-29;-29;-29;-29;-29;-29;-29;-29;0.00.;
2025;DEZ.;1213;Burggasse II;G;0;Gesamt;LkwÄ;-29;-29;-29;-29;-29;-29;-29;-29;0.00.;
2025;DEZ.;1214;Neustiftgasse II;G;0;Koppstraße;Kfz;9279;9786;9152;9679;11097;9638;7623;11371;Fr,19.12.;
2025;DEZ.;1214;Neustiftgasse II;G;0;Koppstraße;LkwÄ;291;362;344;362;382;190;145;418;Mi,10.12.;
2025;DEZ.;1214;Neustiftgasse II;G;0;Zentrum;Kfz;-29;-29;-29;-29;-29;-29;-29;-29;0.00.;
2025;DEZ.;1214;Neustiftgasse II;G;0;Zentrum;LkwÄ;-29;-29;-29;-29;-29;-29;-29;-29;0.00.;
2025;DEZ.;1214;Neustiftgasse II;G;0;Gesamt;Kfz;-29;-29;-29;-29;-29;-29;-29;-29;0.00.;
2025;DEZ.;1214;Neustiftgasse II;G;0;Gesamt;LkwÄ;-29;-29;-29;-29;-29;-29;-29;-29;0.00.;
2025;DEZ.;1215;Erzherzog-Karl-Straße III;B;3;Genochplatz;Kfz;11445;11918;11837;11715;12910;11983;9783;13063;Fr,19.12.;
2025;DEZ.;1215;Erzherzog-Karl-Straße III;B;3;Genochplatz;LkwÄ;460;610;610;606;628;225;165;802;Di,09.12.;
2025;DEZ.;1215;Erzherzog-Karl-Straße III;B;3;Siegesplatz;Kfz;13295;14355;14050;14116;15800;13075;10391;15911;Fr,19.12.;
2025;DEZ.;1215;Erzherzog-Karl-Straße III;B;3;Siegesplatz;LkwÄ;491;657;633;659;684;236;163;854;Do,04.12.;
2025;DEZ.;1215;Erzherzog-Karl-Straße III;B;3;Gesamt;Kfz;24739;26274;25886;25831;28710;25058;20174;28974;Fr,19.12.;
2025;DEZ.;1215;Erzherzog-Karl-Straße III;B;3;Gesamt;LkwÄ;951;1268;1243;1265;1312;462;328;1654;Di,09.12.;
2025;DEZ.;1216;Perchtoldsdorfer Straße;G;0;stadteinwärts;Kfz;3472;3905;3708;3869;4326;3214;2380;4516;Do,18.12.;
2025;DEZ.;1216;Perchtoldsdorfer Straße;G;0;stadteinwärts;LkwÄ;143;174;178;170;185;95;82;198;Mo,15.12.;
2025;DEZ.;1216;Perchtoldsdorfer Straße;G;0;stadtauswärts;Kfz;2972;3336;3246;3274;3725;2760;2052;3756;Fr,05.12.;
2025;DEZ.;1216;Perchtoldsdorfer Straße;G;0;stadtauswärts;LkwÄ;89;107;102;108;107;64;51;134;Mi,17.12.;
2025;DEZ.;1216;Perchtoldsdorfer Straße;G;0;Gesamt;Kfz;6443;7241;6954;7143;8051;5974;4432;8165;Do,18.12.;
2025;DEZ.;1216;Perchtoldsdorfer Straße;G;0;Gesamt;LkwÄ;232;281;280;279;292;159;133;322;Mi,17.12.;
2025;DEZ.;1217;Museumstraße;G;0;Landesgerichtsstraße;Kfz;5971;7012;6314;7145;7372;5113;3484;8703;Di,16.12.;
2025;DEZ.;1217;Museumstraße;G;0;Landesgerichtsstraße;LkwÄ;109;148;123;154;154;60;24;197;Di,16.12.;
2025;DEZ.;1217;Museumstraße;G;0;Getreidemarkt;Kfz;11522;12901;11993;12760;14721;10389;8232;15197;Do,18.12.;
2025;DEZ.;1217;Museumstraße;G;0;Getreidemarkt;LkwÄ;219;284;251;287;319;132;82;360;Di,02.12.;
2025;DEZ.;1217;Museumstraße;G;0;Gesamt;Kfz;17493;19913;18307;19904;22093;15502;11716;23545;Do,18.12.;
2025;DEZ.;1217;Museumstraße;G;0;Gesamt;LkwÄ;328;432;374;441;473;192;107;555;Di,02.12.;
2025;DEZ.;1218;Spange Leopoldsdorf;G;0;Leopoldsdorfer Straß;Kfz;4091;4687;4519;4600;5284;3496;2728;5354;Do,04.12.;
2025;DEZ.;1218;Spange Leopoldsdorf;G;0;Leopoldsdorfer Straß;LkwÄ;81;116;116;114;128;22;11;151;Di,02.12.;
2025;DEZ.;1218;Spange Leopoldsdorf;G;0;Himberger Straße;Kfz;3897;4514;4260;4492;4947;3130;2575;5748;Do,18.12.;
2025;DEZ.;1218;Spange Leopoldsdorf;G;0;Himberger Straße;LkwÄ;86;125;124;121;143;22;11;203;Do,18.12.;
2025;DEZ.;1218;Spange Leopoldsdorf;G;0;Gesamt;Kfz;7988;9200;8779;9092;10231;6627;5302;11046;Do,18.12.;
2025;DEZ.;1218;Spange Leopoldsdorf;G;0;Gesamt;LkwÄ;166;241;240;235;271;44;22;350;Do,18.12.;
2025;DEZ.;1219;Barawitzkagasse;G;0;Heiligenstädter Str.;Kfz;10339;11355;11039;11201;12442;9780;7756;12680;Fr,12.12.;
2025;DEZ.;1219;Barawitzkagasse;G;0;Heiligenstädter Str.;LkwÄ;450;544;525;550;541;321;254;704;Mi,10.12.;
2025;DEZ.;1219;Barawitzkagasse;G;0;Ruthgasse;Kfz;8514;9249;9021;9160;9939;8108;6645;10171;Fr,12.12.;
2025;DEZ.;1219;Barawitzkagasse;G;0;Ruthgasse;LkwÄ;410;498;474;498;530;275;235;607;Do,11.12.;
2025;DEZ.;1219;Barawitzkagasse;G;0;Gesamt;Kfz;18853;20604;20060;20361;22382;17887;14401;22851;Fr,12.12.;
2025;DEZ.;1219;Barawitzkagasse;G;0;Gesamt;LkwÄ;860;1042;1000;1049;1071;596;489;1290;Mi,10.12.;
2025;DEZ.;1220;Am Heumarkt;B;1;Schwarzenbergplatz;Kfz;6857;8055;7794;8028;8516;5796;4040;10015;Do,18.12.;
2025;DEZ.;1220;Am Heumarkt;B;1;Schwarzenbergplatz;LkwÄ;199;252;233;260;243;138;83;316;Di,16.12.;
2025;DEZ.;1220;Am Heumarkt;B;1;Urania;Kfz;15092;16506;16437;16176;18022;13644;11879;18524;*Do,18.12.;
2025;DEZ.;1220;Am Heumarkt;B;1;Urania;LkwÄ;531;672;581;685;740;394;207;870;*Do,18.12.;
2025;DEZ.;1220;Am Heumarkt;B;1;Gesamt;Kfz;21948;24560;24232;24205;26538;19441;15918;28539;*Do,18.12.;
2025;DEZ.;1220;Am Heumarkt;B;1;Gesamt;LkwÄ;730;924;814;945;983;532;289;1173;*Do,18.12.;
2025;DEZ.;1221;Grenzackerstraße;B;225;Laxenburger Straße;Kfz;13834;14770;14575;14548;15992;13548;11321;16324;Fr,19.12.;
2025;DEZ.;1221;Grenzackerstraße;B;225;Laxenburger Straße;LkwÄ;333;443;451;440;443;178;110;558;Mo,15.12.;
2025;DEZ.;1221;Grenzackerstraße;B;225;Verteilerkreis;Kfz;13055;13995;13821;13772;15193;12771;10531;15379;Fr,05.12.;
2025;DEZ.;1221;Grenzackerstraße;B;225;Verteilerkreis;LkwÄ;463;600;590;594;640;265;186;745;Di,09.12.;
2025;DEZ.;1221;Grenzackerstraße;B;225;Gesamt;Kfz;26888;28765;28396;28320;31185;26319;21852;31264;Fr,05.12.;
2025;DEZ.;1221;Grenzackerstraße;B;225;Gesamt;LkwÄ;797;1042;1040;1034;1084;444;296;1271;Di,09.12.;
2025;DEZ.;1222;Universitätsring;G;0;Schottenring;Kfz;22298;23682;22789;23118;27312;21714;18677;27982;Fr,19.12.;
2025;DEZ.;1222;Universitätsring;G;0;Schottenring;LkwÄ;703;823;723;828;936;625;404;1141;Mi,10.12.;
2025;DEZ.;1222;Universitätsring;G;0;Einbahnstraße;Kfz;-29;-29;-29;-29;-29;-29;-29;-29;0.00.;
2025;DEZ.;1222;Universitätsring;G;0;Einbahnstraße;LkwÄ;-29;-29;-29;-29;-29;-29;-29;-29;0.00.;
2025;DEZ.;1222;Universitätsring;G;0;Gesamt;Kfz;-29;-29;-29;-29;-29;-29;-29;-29;0.00.;
2025;DEZ.;1222;Universitätsring;G;0;Gesamt;LkwÄ;-29;-29;-29;-29;-29;-29;-29;-29;0.00.;
2025;DEZ.;1223;Adalbert-Stifter-Straße;B;226;Gürtelbrücke;Kfz;313;365;336;361;421;266;193;581;Do,11.12.;
2025;DEZ.;1223;Adalbert-Stifter-Straße;B;226;Gürtelbrücke;LkwÄ;55;76;61;81;78;24;13;135;Mi,10.12.;
2025;DEZ.;1223;Adalbert-Stifter-Straße;B;226;Floridsdorfer Brücke;Kfz;8687;9516;9140;9496;10107;8484;6436;11079;Do,04.12.;
2025;DEZ.;1223;Adalbert-Stifter-Straße;B;226;Floridsdorfer Brücke;LkwÄ;259;333;328;339;315;152;109;466;Do,04.12.;
2025;DEZ.;1223;Adalbert-Stifter-Straße;B;226;Gesamt;Kfz;9001;9881;9476;9856;10528;8750;6629;11521;Do,04.12.;
2025;DEZ.;1223;Adalbert-Stifter-Straße;B;226;Gesamt;LkwÄ;315;410;388;420;393;176;122;558;Do,04.12.;
2025;DEZ.;1224;Wagramer Str. II;B;8;Reichsbrücke;Kfz;9316;10765;10600;10507;12106;8594;5589;12546;Fr,19.12.;
2025;DEZ.;1224;Wagramer Str. II;B;8;Reichsbrücke;LkwÄ;353;500;476;509;492;110;71;711;Di,02.12.;
2025;DEZ.;1224;Wagramer Str. II;B;8;Süßenbrunn;Kfz;8651;9744;9820;9490;10743;8836;5421;10843;Fr,19.12.;
2025;DEZ.;1224;Wagramer Str. II;B;8;Süßenbrunn;LkwÄ;187;265;233;273;274;61;37;375;Mi,10.12.;
2025;DEZ.;1224;Wagramer Str. II;B;8;Gesamt;Kfz;17967;20510;20419;19997;22849;17430;11010;23389;Fr,19.12.;
2025;DEZ.;1224;Wagramer Str. II;B;8;Gesamt;LkwÄ;540;765;709;783;766;171;108;1070;Di,02.12.;
2025;DEZ.;1600;Schönbrunner Straße;B;1;Zentrum;Kfz;16498;17257;16509;16975;19481;16877;14110;20075;Fr,19.12.;
2025;DEZ.;1600;Schönbrunner Straße;B;1;Zentrum;LkwÄ;594;751;702;751;812;435;236;928;Di,02.12.;
2025;DEZ.;1600;Schönbrunner Straße;B;1;Stadtauswärts;Kfz;-29;-29;-29;-29;-29;-29;-29;-29;0.00.;
2025;DEZ.;1600;Schönbrunner Straße;B;1;Stadtauswärts;LkwÄ;-29;-29;-29;-29;-29;-29;-29;-29;0.00.;
2025;DEZ.;1600;Schönbrunner Straße;B;1;Gesamt;Kfz;-29;-29;-29;-29;-29;-29;-29;-29;0.00.;
2025;DEZ.;1600;Schönbrunner Straße;B;1;Gesamt;LkwÄ;-29;-29;-29;-29;-29;-29;-29;-29;0.00.;
2025;DEZ.;1603;Hirschstettner Straße;G;0;Kagran;Kfz;6912;7402;7524;7252;7892;7324;5276;8189;Mo,22.12.;
2025;DEZ.;1603;Hirschstettner Straße;G;0;Kagran;LkwÄ;300;364;358;361;386;226;161;444;Di,16.12.;
2025;DEZ.;1603;Hirschstettner Straße;G;0;S2;Kfz;7540;8384;8654;8172;8943;7506;5148;9291;Mi,17.12.;
2025;DEZ.;1603;Hirschstettner Straße;G;0;S2;LkwÄ;300;382;370;386;379;190;131;483;Di,16.12.;
2025;DEZ.;1603;Hirschstettner Straße;G;0;Gesamt;Kfz;14452;15786;16178;15424;16835;14830;10424;17062;Fr,19.12.;
2025;DEZ.;1603;Hirschstettner Straße;G;0;Gesamt;LkwÄ;601;746;728;746;765;416;292;927;Di,16.12.;
2025;DEZ.;1607;Weißgerberlände;B;227;A4;Kfz;26802;29208;28456;28648;32632;25260;20809;32952;*Fr,12.12.;
2025;DEZ.;1607;Weißgerberlände;B;227;A4;LkwÄ;563;739;722;737;770;296;212;960;*Do,11.12.;
2025;DEZ.;1607;Weißgerberlände;B;227;Zentrum;Kfz;-29;-29;-29;-29;-29;-29;-29;-29;0.00.;
2025;DEZ.;1607;Weißgerberlände;B;227;Zentrum;LkwÄ;-29;-29;-29;-29;-29;-29;-29;-29;0.00.;
2025;DEZ.;1607;Weißgerberlände;B;227;Gesamt;Kfz;-29;-29;-29;-29;-29;-29;-29;-29;0.00.;
2025;DEZ.;1607;Weißgerberlände;B;227;Gesamt;LkwÄ;-29;-29;-29;-29;-29;-29;-29;-29;0.00.;
2025;DEZ.;1608;Margaretengürtel/Matzl.Pl;B;221;A23;Kfz;22983;24299;23592;24046;26342;22845;19303;26715;Fr,12.12.;
2025;DEZ.;1608;Margaretengürtel/Matzl.Pl;B;221;A23;LkwÄ;3409;4145;3976;4169;4263;2498;1827;4998;Di,16.12.;
2025;DEZ.;1608;Margaretengürtel/Matzl.Pl;B;221;Wienzeile;Kfz;21974;23340;21918;23197;25855;21685;18236;26167;Fr,19.12.;
2025;DEZ.;1608;Margaretengürtel/Matzl.Pl;B;221;Wienzeile;LkwÄ;709;931;855;935;1014;409;244;1176;Do,04.12.;
2025;DEZ.;1608;Margaretengürtel/Matzl.Pl;B;221;Gesamt;Kfz;44957;47639;45511;47243;52197;44530;37538;52718;Fr,12.12.;
2025;DEZ.;1608;Margaretengürtel/Matzl.Pl;B;221;Gesamt;LkwÄ;4117;5076;4832;5105;5277;2906;2071;6154;Di,09.12.;
2025;DEZ.;1611;Simmeringer Hauptstr. II;B;225;Schwechat;Kfz;6565;7029;6839;6913;7788;6432;5314;8018;Fr,19.12.;
2025;DEZ.;1611;Simmeringer Hauptstr. II;B;225;Schwechat;LkwÄ;189;257;263;259;244;92;48;348;Mi,10.12.;
2025;DEZ.;1611;Simmeringer Hauptstr. II;B;225;Zentrum;Kfz;6836;7320;7279;7215;7825;6695;5534;7917;Fr,12.12.;
2025;DEZ.;1611;Simmeringer Hauptstr. II;B;225;Zentrum;LkwÄ;326;420;434;423;390;204;125;573;Do,04.12.;
2025;DEZ.;1611;Simmeringer Hauptstr. II;B;225;Gesamt;Kfz;13401;14349;14118;14128;15613;13127;10848;15773;Fr,19.12.;
2025;DEZ.;1611;Simmeringer Hauptstr. II;B;225;Gesamt;LkwÄ;515;678;697;682;634;296;173;897;Do,04.12.;
2025;DEZ.;1612;Längenfeldgasse;G;0;Eichenstraße;Kfz;10638;11965;11624;11822;13042;10071;7172;13539;Mi,17.12.;
2025;DEZ.;1612;Längenfeldgasse;G;0;Eichenstraße;LkwÄ;286;356;347;357;364;183;145;458;Mo,15.12.;
2025;DEZ.;1612;Längenfeldgasse;G;0;Wienerbergstraße;Kfz;8252;9260;8973;9126;10223;7704;5684;10426;Do,18.12.;
2025;DEZ.;1612;Längenfeldgasse;G;0;Wienerbergstraße;LkwÄ;387;476;490;473;468;273;197;600;Do,11.12.;
2025;DEZ.;1612;Längenfeldgasse;G;0;Gesamt;Kfz;18890;21225;20597;20947;23265;17774;12857;23851;Do,18.12.;
2025;DEZ.;1612;Längenfeldgasse;G;0;Gesamt;LkwÄ;673;832;837;830;833;456;342;1030;Mi,03.12.;
2025;DEZ.;1613;Lainzer Straße;G;0;Zentrum;Kfz;4581;5259;5106;5183;5792;3929;3017;6249;Do,18.12.;
2025;DEZ.;1613;Lainzer Straße;G;0;Zentrum;LkwÄ;352;419;416;418;422;261;215;508;Di,16.12.;
2025;DEZ.;1613;Lainzer Straße;G;0;Fasangartengasse;Kfz;6443;7332;7095;7270;7916;5670;4343;8308;Do,18.12.;
2025;DEZ.;1613;Lainzer Straße;G;0;Fasangartengasse;LkwÄ;523;631;637;627;639;391;290;791;Mi,17.12.;
2025;DEZ.;1613;Lainzer Straße;G;0;Gesamt;Kfz;11024;12591;12202;12454;13707;9600;7360;14557;Do,18.12.;
2025;DEZ.;1613;Lainzer Straße;G;0;Gesamt;LkwÄ;875;1049;1053;1045;1062;652;505;1281;Di,16.12.;
2025;DEZ.;1614;Maxingstraße;G;0;Montecuccoliplatz;Kfz;4644;5148;4980;5088;5633;4194;3461;5782;Fr,12.12.;
2025;DEZ.;1614;Maxingstraße;G;0;Montecuccoliplatz;LkwÄ;781;899;923;894;886;645;523;1068;Do,18.12.;
2025;DEZ.;1614;Maxingstraße;G;0;Zentrum;Kfz;6713;7557;7200;7503;8264;5907;4764;8738;Do,18.12.;
2025;DEZ.;1614;Maxingstraße;G;0;Zentrum;LkwÄ;541;659;643;656;695;381;297;822;Do,11.12.;
2025;DEZ.;1614;Maxingstraße;G;0;Gesamt;Kfz;11357;12705;12180;12591;13897;10101;8225;14447;Fr,12.12.;
2025;DEZ.;1614;Maxingstraße;G;0;Gesamt;LkwÄ;1323;1558;1566;1550;1581;1026;819;1807;Do,18.12.;
2025;DEZ.;1615;Gablenzgasse;B;223;Zentrum;Kfz;13144;14059;13476;13852;15731;13203;10497;16052;Fr,19.12.;
2025;DEZ.;1615;Gablenzgasse;B;223;Zentrum;LkwÄ;281;349;350;349;346;187;143;445;Di,09.12.;
2025;DEZ.;1615;Gablenzgasse;B;223;Stadtauswärts;Kfz;-29;-29;-29;-29;-29;-29;-29;-29;0.00.;
2025;DEZ.;1615;Gablenzgasse;B;223;Stadtauswärts;LkwÄ;-29;-29;-29;-29;-29;-29;-29;-29;0.00.;
2025;DEZ.;1615;Gablenzgasse;B;223;Gesamt;Kfz;-29;-29;-29;-29;-29;-29;-29;-29;0.00.;
2025;DEZ.;1615;Gablenzgasse;B;223;Gesamt;LkwÄ;-29;-29;-29;-29;-29;-29;-29;-29;0.00.;
2025;DEZ.;1616;Gersthofer Straße;G;0;Lidlgasse;Kfz;7147;7901;7516;7891;8462;6686;5253;8984;Do,18.12.;
2025;DEZ.;1616;Gersthofer Straße;G;0;Lidlgasse;LkwÄ;1427;1679;1672;1709;1556;1056;919;2148;Mi,03.12.;
2025;DEZ.;1616;Gersthofer Straße;G;0;Türkenschanz-Park;Kfz;7693;8447;8106;8383;9183;7420;5693;9392;Fr,12.12.;
2025;DEZ.;1616;Gersthofer Straße;G;0;Türkenschanz-Park;LkwÄ;728;872;865;875;872;592;393;1227;Do,11.12.;
2025;DEZ.;1616;Gersthofer Straße;G;0;Gesamt;Kfz;14840;16349;15622;16273;17644;14107;10947;18011;Fr,12.12.;
2025;DEZ.;1616;Gersthofer Straße;G;0;Gesamt;LkwÄ;2155;2551;2537;2584;2428;1648;1312;3211;Mi,03.12.;
2025;DEZ.;1617;Angerer Straße;G;0;Brünner Straße;Kfz;6482;7191;7041;7085;7850;6218;4607;7940;Fr,19.12.;
2025;DEZ.;1617;Angerer Straße;G;0;Brünner Straße;LkwÄ;464;591;586;593;586;330;177;783;Mi,17.12.;
2025;DEZ.;1617;Angerer Straße;G;0;Donaufelder Str.;Kfz;5926;6509;6245;6442;7152;5667;4409;7462;Fr,12.12.;
2025;DEZ.;1617;Angerer Straße;G;0;Donaufelder Str.;LkwÄ;137;165;130;166;208;104;75;306;Mi,03.12.;
2025;DEZ.;1617;Angerer Straße;G;0;Gesamt;Kfz;12408;13700;13286;13527;15002;11885;9016;15302;Fr,12.12.;
2025;DEZ.;1617;Angerer Straße;G;0;Gesamt;LkwÄ;601;756;716;760;794;434;251;1069;Mi,03.12.;
2025;DEZ.;1618;Siemensstraße;B;229;Leopoldauer Platz;Kfz;6810;7545;7392;7451;8159;6718;4761;8358;Fr,19.12.;
2025;DEZ.;1618;Siemensstraße;B;229;Leopoldauer Platz;LkwÄ;692;877;862;883;870;447;304;1109;Mi,03.12.;
2025;DEZ.;1618;Siemensstraße;B;229;Siemensplatz;Kfz;6764;7515;7650;7307;8236;6750;4625;8887;Fr,19.12.;
2025;DEZ.;1618;Siemensstraße;B;229;Siemensplatz;LkwÄ;695;881;872;874;919;465;296;1179;Do,18.12.;
2025;DEZ.;1618;Siemensstraße;B;229;Gesamt;Kfz;13574;15060;15042;14758;16394;13468;9387;17245;Fr,19.12.;
2025;DEZ.;1618;Siemensstraße;B;229;Gesamt;LkwÄ;1387;1758;1734;1758;1789;912;600;2143;Do,18.12.;
2025;DEZ.;1619;Breitenfurter Straße II;B;13;Liesinger Platz;Kfz;7396;8464;8509;8278;9212;6891;4632;9311;Fr,12.12.;
2025;DEZ.;1619;Breitenfurter Straße II;B;13;Liesinger Platz;LkwÄ;288;347;356;340;366;195;172;388;Di,09.12.;
2025;DEZ.;1619;Breitenfurter Straße II;B;13;Zentrum;Kfz;7504;8507;8394;8370;9248;6889;4991;9516;Do,18.12.;
2025;DEZ.;1619;Breitenfurter Straße II;B;13;Zentrum;LkwÄ;333;405;406;403;414;227;189;465;Di,16.12.;
2025;DEZ.;1619;Breitenfurter Straße II;B;13;Gesamt;Kfz;14900;16971;16904;16648;18460;13780;9623;18665;Fr,19.12.;
2025;DEZ.;1619;Breitenfurter Straße II;B;13;Gesamt;LkwÄ;621;752;762;743;780;422;361;834;Di,09.12.;
2025;DEZ.;1620;Endresstraße;G;0;Mauerer Hauptplatz;Kfz;2694;3127;3072;3067;3465;2308;1675;3610;Fr,19.12.;
2025;DEZ.;1620;Endresstraße;G;0;Mauerer Hauptplatz;LkwÄ;150;192;186;190;205;84;69;240;Di,16.12.;
2025;DEZ.;1620;Endresstraße;G;0;Atzgersdorf;Kfz;1702;1989;1916;1964;2198;1400;1054;2271;Do,11.12.;
2025;DEZ.;1620;Endresstraße;G;0;Atzgersdorf;LkwÄ;219;278;268;274;308;128;101;321;Fr,05.12.;
2025;DEZ.;1620;Endresstraße;G;0;Gesamt;Kfz;4396;5117;4988;5030;5663;3708;2730;5875;Fr,19.12.;
2025;DEZ.;1620;Endresstraße;G;0;Gesamt;LkwÄ;369;470;455;465;513;212;169;556;Di,16.12.;
2025;DEZ.;1621;Währinger Gürtel;B;221;Liechtenwerder Platz;Kfz;31555;32188;30842;31950;35009;32828;29020;35614;Fr,19.12.;
2025;DEZ.;1621;Währinger Gürtel;B;221;Liechtenwerder Platz;LkwÄ;1460;1934;1901;1949;1911;839;464;2456;Mi,03.12.;
2025;DEZ.;1621;Währinger Gürtel;B;221;Wienzeile;Kfz;36288;37596;36222;37227;41030;37136;32065;41509;Fr,12.12.;
2025;DEZ.;1621;Währinger Gürtel;B;221;Wienzeile;LkwÄ;1909;2521;2478;2535;2521;1104;618;3206;Mi,03.12.;
2025;DEZ.;1621;Währinger Gürtel;B;221;Gesamt;Kfz;67843;69784;67064;69177;76039;69965;61085;76624;Fr,12.12.;
2025;DEZ.;1621;Währinger Gürtel;B;221;Gesamt;LkwÄ;3369;4455;4380;4483;4432;1943;1082;5662;Mi,03.12.;
2025;DEZ.;1622;Himberger Straße II;B;16;Zentrum;Kfz;4005;4695;4771;4651;4789;3246;2465;5541;Mo,01.12.;
2025;DEZ.;1622;Himberger Straße II;B;16;Zentrum;LkwÄ;185;273;260;283;248;36;18;426;Di,09.12.;
2025;DEZ.;1622;Himberger Straße II;B;16;Leopoldsdorfer Str.;Kfz;4883;5819;5656;5723;6450;3862;2795;7020;Do,18.12.;
2025;DEZ.;1622;Himberger Straße II;B;16;Leopoldsdorfer Str.;LkwÄ;534;748;724;738;821;220;105;1058;Do,11.12.;
2025;DEZ.;1622;Himberger Straße II;B;16;Gesamt;Kfz;8888;10514;10426;10373;11239;7108;5260;11847;Mo,01.12.;
2025;DEZ.;1622;Himberger Straße II;B;16;Gesamt;LkwÄ;719;1021;984;1021;1069;256;123;1448;Do,11.12.;
2025;DEZ.;1623;Breitenleer Straße II;G;0;Stadteinwärts;Kfz;5799;6450;6416;6377;6812;5526;4095;7314;Mi,17.12.;
2025;DEZ.;1623;Breitenleer Straße II;G;0;Stadteinwärts;LkwÄ;438;572;572;570;577;254;163;776;Mo,15.12.;
2025;DEZ.;1623;Breitenleer Straße II;G;0;Stadtauswärts;Kfz;6767;7616;7540;7483;8292;6263;4627;8420;Fr,19.12.;
2025;DEZ.;1623;Breitenleer Straße II;G;0;Stadtauswärts;LkwÄ;493;633;623;634;642;305;203;839;Mi,17.12.;
2025;DEZ.;1623;Breitenleer Straße II;G;0;Gesamt;Kfz;12566;14066;13956;13860;15104;11789;8723;15656;Mi,17.12.;
2025;DEZ.;1623;Breitenleer Straße II;G;0;Gesamt;LkwÄ;932;1205;1196;1204;1219;559;366;1614;Mo,15.12.;
2025;DEZ.;1624;Seyringer Straße;G;0;Wassermanngasse;Kfz;6350;7110;7090;6955;7811;6521;4082;7904;Fr,19.12.;
2025;DEZ.;1624;Seyringer Straße;G;0;Wassermanngasse;LkwÄ;208;303;281;310;303;57;20;456;Di,16.12.;
2025;DEZ.;1624;Seyringer Straße;G;0;Ernst-Kein-Gasse;Kfz;5604;6352;6359;6208;6969;5554;3496;6980;Fr,05.12.;
2025;DEZ.;1624;Seyringer Straße;G;0;Ernst-Kein-Gasse;LkwÄ;240;342;314;351;342;89;36;503;Mo,15.12.;
2025;DEZ.;1624;Seyringer Straße;G;0;Gesamt;Kfz;11955;13463;13449;13163;14781;12075;7579;14868;Fr,19.12.;
2025;DEZ.;1624;Seyringer Straße;G;0;Gesamt;LkwÄ;448;645;595;661;645;146;56;944;Mo,15.12.;
2025;DEZ.;1625;Favoritenstraße;G;0;Karlsplatz (Zentrum);Kfz;9279;9999;9636;9851;11125;8908;7435;11311;Fr,12.12.;
2025;DEZ.;1625;Favoritenstraße;G;0;Karlsplatz (Zentrum);LkwÄ;144;195;182;194;217;78;35;244;Di,16.12.;
2025;DEZ.;1625;Favoritenstraße;G;0;Südtiroler Platz;Kfz;2866;3071;2942;3017;3477;2887;2268;3497;Fr,12.12.;
2025;DEZ.;1625;Favoritenstraße;G;0;Südtiroler Platz;LkwÄ;186;236;221;239;243;140;69;293;Di,02.12.;
2025;DEZ.;1625;Favoritenstraße;G;0;Gesamt;Kfz;12145;13070;12579;12868;14602;11794;9703;14808;Fr,12.12.;
2025;DEZ.;1625;Favoritenstraße;G;0;Gesamt;LkwÄ;330;431;403;433;460;218;104;535;Do,18.12.;
2025;DEZ.;1626;Ludwig-van-Höhnel-Gasse;B;225;Verteilerkreis;Kfz;7636;8210;8005;8099;8963;7312;6181;9135;Fr,05.12.;
2025;DEZ.;1626;Ludwig-van-Höhnel-Gasse;B;225;Verteilerkreis;LkwÄ;256;335;336;334;336;133;101;437;Di,02.12.;
2025;DEZ.;1626;Ludwig-van-Höhnel-Gasse;B;225;Laaer-Berg-Str.;Kfz;9084;9596;9478;9420;10518;8936;7704;10916;Fr,19.12.;
2025;DEZ.;1626;Ludwig-van-Höhnel-Gasse;B;225;Laaer-Berg-Str.;LkwÄ;566;740;730;737;763;314;214;923;Do,18.12.;
2025;DEZ.;1626;Ludwig-van-Höhnel-Gasse;B;225;Gesamt;Kfz;16720;17806;17483;17519;19481;16248;13885;19737;Fr,19.12.;
2025;DEZ.;1626;Ludwig-van-Höhnel-Gasse;B;225;Gesamt;LkwÄ;822;1074;1066;1071;1099;447;315;1330;Di,02.12.;
2025;DEZ.;1627;Felberstraße;B;224;Neubauguertel;Kfz;8877;9349;9248;9180;10217;8832;7554;10273;Fr,12.12.;
2025;DEZ.;1627;Felberstraße;B;224;Neubauguertel;LkwÄ;405;530;514;523;583;244;141;643;Fr,05.12.;
2025;DEZ.;1627;Felberstraße;B;224;Schweglerstraße;Kfz;7686;8154;7887;8056;8936;7540;6434;9145;Fr,12.12.;
2025;DEZ.;1627;Felberstraße;B;224;Schweglerstraße;LkwÄ;42;53;53;51;62;28;16;81;Mo,01.12.;
2025;DEZ.;1627;Felberstraße;B;224;Gesamt;Kfz;16564;17503;17135;17236;19153;16372;13988;19418;Fr,12.12.;
2025;DEZ.;1627;Felberstraße;B;224;Gesamt;LkwÄ;447;583;566;574;645;272;156;719;Do,18.12.;415
2025;NOV;1075;Reichsbrücke;B;8;Leopoldstadt;Kfz;48535;49676;48637;50163;49254;47430;45469;55646;Sa,08.11.;
2025;NOV;1075;Reichsbrücke;B;8;Leopoldstadt;LkwÄ;4401;4314;4508;4396;3874;4004;4957;5910;So,16.11.;
2025;NOV;1075;Reichsbrücke;B;8;Donaustadt;Kfz;16610;17616;16724;17718;18200;17176;12882;22308;Sa,15.11.;
2025;NOV;1075;Reichsbrücke;B;8;Donaustadt;LkwÄ;264;332;324;342;311;169;99;379;Mi,19.11.;
2025;NOV;1075;Reichsbrücke;B;8;Gesamt;Kfz;65146;67292;65361;67881;67454;64606;58351;72076;Sa,15.11.;
2025;NOV;1075;Reichsbrücke;B;8;Gesamt;LkwÄ;4665;4646;4833;4737;4185;4173;5056;5998;So,16.11.;
2025;NOV;1078;Westbahnhof;B;221;Wienzeile;Kfz;36279;36497;34665;36281;38978;38900;33804;40047;Sa,29.11.;
2025;NOV;1078;Westbahnhof;B;221;Wienzeile;LkwÄ;719;922;904;954;842;398;258;1011;Do,20.11.;
2025;NOV;1078;Westbahnhof;B;221;Stadthalle;Kfz;31960;31961;30664;31658;34169;34137;30506;35021;Fr,28.11.;
2025;NOV;1078;Westbahnhof;B;221;Stadthalle;LkwÄ;736;922;909;938;885;480;288;980;Mi,26.11.;
2025;NOV;1078;Westbahnhof;B;221;Gesamt;Kfz;68239;68458;65329;67938;73147;73037;64310;74566;Fr,28.11.;
2025;NOV;1078;Westbahnhof;B;221;Gesamt;LkwÄ;1455;1843;1814;1892;1727;878;546;1987;Do,20.11.;
2025;NOV;1089;Floridsdorf-Br.;B;226;Brigittenau;Kfz;15499;16904;16025;17132;17096;14590;11424;18802;Mi,05.11.;
2025;NOV;1089;Floridsdorf-Br.;B;226;Brigittenau;LkwÄ;323;432;418;454;376;143;82;480;Di,25.11.;
2025;NOV;1089;Floridsdorf-Br.;B;226;Floridsdorf;Kfz;13427;14676;14386;14658;15018;12591;9821;15545;Fr,07.11.;
2025;NOV;1089;Floridsdorf-Br.;B;226;Floridsdorf;LkwÄ;289;386;374;404;342;128;74;463;Di,11.11.;
2025;NOV;1089;Floridsdorf-Br.;B;226;Gesamt;Kfz;28926;31580;30412;31791;32115;27180;21245;33269;Fr,07.11.;
2025;NOV;1089;Floridsdorf-Br.;B;226;Gesamt;LkwÄ;612;817;793;859;718;270;155;901;Di,11.11.;
2025;NOV;1096;Brigittenauer Brücke;B;14;Brigittenau;Kfz;12393;13448;12712;13818;13074;10912;9862;14713;*Di,04.11.;
2025;NOV;1096;Brigittenauer Brücke;B;14;Brigittenau;LkwÄ;229;316;322;334;256;68;47;365;*Di,25.11.;
2025;NOV;1096;Brigittenauer Brücke;B;14;Floridsdorf;Kfz;10822;11859;11181;11913;12374;10286;7724;12689;*Fr,28.11.;
2025;NOV;1096;Brigittenauer Brücke;B;14;Floridsdorf;LkwÄ;276;355;346;366;330;157;95;404;*Do,27.11.;
2025;NOV;1096;Brigittenauer Brücke;B;14;Gesamt;Kfz;23215;25307;23894;25731;25448;21198;17586;26781;*Di,18.11.;
2025;NOV;1096;Brigittenauer Brücke;B;14;Gesamt;LkwÄ;505;670;668;700;586;224;142;747;*Do,06.11.;
2025;NOV;1131;Karlsplatz;B;1;Heumarkt;Kfz;19599;20915;19533;21116;21696;19103;15541;22254;Fr,28.11.;
2025;NOV;1131;Karlsplatz;B;1;Heumarkt;LkwÄ;505;603;559;616;607;408;246;680;Fr,28.11.;
2025;NOV;1131;Karlsplatz;B;1;Wienzeile;Kfz;13444;14769;13850;14962;15109;12750;9492;16861;Do,27.11.;
2025;NOV;1131;Karlsplatz;B;1;Wienzeile;LkwÄ;450;503;484;512;494;402;305;628;So,23.11.;
2025;NOV;1131;Karlsplatz;B;1;Gesamt;Kfz;33043;35684;33383;36077;36805;31852;25033;38803;Do,27.11.;
2025;NOV;1131;Karlsplatz;B;1;Gesamt;LkwÄ;955;1105;1042;1128;1101;810;551;1251;Do,27.11.;
2025;NOV;1170;Donaukanal Straße;B;227;1171-Obere Donaustr.;Kfz;24690;25494;23878;25480;27150;25771;21288;27764;Fr,14.11.;
2025;NOV;1170;Donaukanal Straße;B;227;1171-Obere Donaustr.;LkwÄ;651;806;765;834;761;412;293;892;Mi,26.11.;
2025;NOV;1170;Donaukanal Straße;B;227;1172-Franz-Josef-Kai;Kfz;38979;40766;39369;40545;42827;39257;32838;43046;Fr,21.11.;
2025;NOV;1170;Donaukanal Straße;B;227;1172-Franz-Josef-Kai;LkwÄ;1597;2009;1936;2058;1935;1021;609;2251;Do,27.11.;
2025;NOV;1170;Donaukanal Straße;B;227;Gesamt;Kfz;63669;66260;63247;66026;69977;65028;54125;70570;Fr,21.11.;
2025;NOV;1170;Donaukanal Straße;B;227;Gesamt;LkwÄ;2248;2815;2701;2892;2696;1432;902;3110;Do,27.11.;
2025;NOV;1177;Handelskai;B;14;Klosterneuburg;Kfz;10943;11650;11515;11715;11590;10422;8932;12721;Di,18.11.;
2025;NOV;1177;Handelskai;B;14;Klosterneuburg;LkwÄ;473;633;648;656;548;192;128;717;Do,06.11.;
2025;NOV;1177;Handelskai;B;14;Freudenau;Kfz;14353;15840;15066;16024;16062;13149;10201;17490;Mi,05.11.;
2025;NOV;1177;Handelskai;B;14;Freudenau;LkwÄ;621;842;814;879;759;227;147;1109;Mi,05.11.;
2025;NOV;1177;Handelskai;B;14;Gesamt;Kfz;25296;27490;26581;27739;27652;23571;19134;29758;Mi,05.11.;
2025;NOV;1177;Handelskai;B;14;Gesamt;LkwÄ;1094;1475;1461;1535;1308;419;275;1778;Mi,05.11.;
2025;NOV;1179;Brunner Straße;B;12;Zentrum;Kfz;13534;15488;15189;15532;15657;11862;8133;15957;Do,06.11.;
2025;NOV;1179;Brunner Straße;B;12;Zentrum;LkwÄ;1033;1417;1418;1449;1320;351;207;1510;Do,06.11.;
2025;NOV;1179;Brunner Straße;B;12;Brunn am Gebirge;Kfz;17543;19545;18890;19513;20294;16160;11792;20546;Fr,28.11.;
2025;NOV;1179;Brunner Straße;B;12;Brunn am Gebirge;LkwÄ;1199;1627;1636;1675;1472;450;272;1757;Mi,05.11.;
2025;NOV;1179;Brunner Straße;B;12;Gesamt;Kfz;31076;35033;34079;35044;35951;28022;19926;36436;Fr,28.11.;
2025;NOV;1179;Brunner Straße;B;12;Gesamt;LkwÄ;2231;3043;3054;3123;2792;801;479;3231;Mi,05.11.;
2025;NOV;1180;Hochstraße;B;13;Zentrum;Kfz;5183;5681;5444;5656;5990;4728;3828;6203;Fr,28.11.;
2025;NOV;1180;Hochstraße;B;13;Zentrum;LkwÄ;229;290;284;295;280;131;92;320;Mi,05.11.;
2025;NOV;1180;Hochstraße;B;13;Perchtoldsdorf;Kfz;5466;6037;5715;6001;6467;4892;3944;6809;Fr,28.11.;
2025;NOV;1180;Hochstraße;B;13;Perchtoldsdorf;LkwÄ;238;304;292;312;288;126;97;346;Mi,12.11.;
2025;NOV;1180;Hochstraße;B;13;Gesamt;Kfz;10649;11718;11159;11658;12458;9620;7772;13012;Fr,28.11.;
2025;NOV;1180;Hochstraße;B;13;Gesamt;LkwÄ;467;593;577;607;568;257;188;665;Mi,05.11.;
2025;NOV;1181;Breitenfurter Straße;B;13;Zentrum;Kfz;6381;6905;6501;6933;7224;5969;4912;7442;Fr,07.11.;
2025;NOV;1181;Breitenfurter Straße;B;13;Zentrum;LkwÄ;197;247;242;252;235;115;84;278;Mi,05.11.;
2025;NOV;1181;Breitenfurter Straße;B;13;Breitenfurt;Kfz;6299;6840;6579;6861;7039;5828;4810;7183;Fr,07.11.;
2025;NOV;1181;Breitenfurter Straße;B;13;Breitenfurt;LkwÄ;198;249;247;254;236;117;85;277;Do,06.11.;
2025;NOV;1181;Breitenfurter Straße;B;13;Gesamt;Kfz;12681;13745;13080;13794;14263;11796;9723;14625;Fr,07.11.;
2025;NOV;1181;Breitenfurter Straße;B;13;Gesamt;LkwÄ;395;496;489;506;472;232;168;551;Mi,05.11.;
2025;NOV;1182;Simmeringer Hptstr.;B;225;Zentrum;Kfz;-29;-29;-29;-29;-29;-29;-29;-29;0.00.;
2025;NOV;1182;Simmeringer Hptstr.;B;225;Zentrum;LkwÄ;-29;-29;-29;-29;-29;-29;-29;-29;0.00.;
2025;NOV;1182;Simmeringer Hptstr.;B;225;Schwechat;Kfz;-29;-29;-29;-29;-29;-29;-29;-29;0.00.;
2025;NOV;1182;Simmeringer Hptstr.;B;225;Schwechat;LkwÄ;-29;-29;-29;-29;-29;-29;-29;-29;0.00.;
2025;NOV;1182;Simmeringer Hptstr.;B;225;Gesamt;Kfz;-29;-29;-29;-29;-29;-29;-29;-29;0.00.;
2025;NOV;1182;Simmeringer Hptstr.;B;225;Gesamt;LkwÄ;-29;-29;-29;-29;-29;-29;-29;-29;0.00.;
2025;NOV;1184;Himberger Straße;G;0;Zentrum;Kfz;5304;6039;5882;6065;6118;4488;3400;6338;Di,04.11.;
2025;NOV;1184;Himberger Straße;G;0;Zentrum;LkwÄ;177;252;244;264;224;50;12;307;Mi,05.11.;
2025;NOV;1184;Himberger Straße;G;0;Leopoldsdorf;Kfz;5067;5727;5532;5747;5863;4296;3379;6133;Do,06.11.;
2025;NOV;1184;Himberger Straße;G;0;Leopoldsdorf;LkwÄ;154;218;211;225;204;44;16;246;Mi,05.11.;
2025;NOV;1184;Himberger Straße;G;0;Gesamt;Kfz;10371;11766;11413;11812;11981;8784;6780;12341;Do,06.11.;
2025;NOV;1184;Himberger Straße;G;0;Gesamt;LkwÄ;331;470;456;489;428;94;27;553;Mi,05.11.;
2025;NOV;1187;Triester Straße;B;17;Zentrum;Kfz;9915;10892;10686;10699;11676;10839;6041;12515;Fr,28.11.;
2025;NOV;1187;Triester Straße;B;17;Zentrum;LkwÄ;474;632;635;646;585;204;128;691;Do,20.11.;
2025;NOV;1187;Triester Straße;B;17;Wr. Neudorf;Kfz;8829;9835;9434;9766;10445;8818;5484;11323;Fr,28.11.;
2025;NOV;1187;Triester Straße;B;17;Wr. Neudorf;LkwÄ;442;590;576;617;522;188;121;658;Mi,26.11.;
2025;NOV;1187;Triester Straße;B;17;Gesamt;Kfz;18744;20727;20120;20465;22121;19658;11525;23838;Fr,28.11.;
2025;NOV;1187;Triester Straße;B;17;Gesamt;LkwÄ;916;1222;1211;1264;1106;393;248;1342;Mi,26.11.;
2025;NOV;1188;Altmannsdorfer Straße;B;224;Zentrum;Kfz;9580;10838;10875;10787;10956;9511;5434;11696;Fr,28.11.;
2025;NOV;1188;Altmannsdorfer Straße;B;224;Zentrum;LkwÄ;357;482;498;512;379;122;96;541;Di,25.11.;
2025;NOV;1188;Altmannsdorfer Straße;B;224;Vösendorf;Kfz;9382;10554;10300;10373;11354;9263;5552;12055;Fr,28.11.;
2025;NOV;1188;Altmannsdorfer Straße;B;224;Vösendorf;LkwÄ;366;490;487;515;420;121;112;536;Do,27.11.;
2025;NOV;1188;Altmannsdorfer Straße;B;224;Gesamt;Kfz;18962;21393;21174;21160;22309;18774;10986;23751;Fr,28.11.;
2025;NOV;1188;Altmannsdorfer Straße;B;224;Gesamt;LkwÄ;723;973;985;1027;799;244;208;1068;Di,18.11.;
2025;NOV;1189;Shuttleworthstraße;B;229;Zentrum;Kfz;10048;10978;10688;10887;11539;9683;7193;11852;Fr,07.11.;
2025;NOV;1189;Shuttleworthstraße;B;229;Zentrum;LkwÄ;458;628;642;654;539;152;95;686;Di,11.11.;
2025;NOV;1189;Shuttleworthstraße;B;229;Leopoldau;Kfz;9834;11010;10840;11002;11205;8902;6535;11707;Fr,28.11.;
2025;NOV;1189;Shuttleworthstraße;B;229;Leopoldau;LkwÄ;455;631;641;662;530;137;77;707;Mi,26.11.;
2025;NOV;1189;Shuttleworthstraße;B;229;Gesamt;Kfz;19882;21988;21528;21889;22744;18585;13727;23459;Fr,28.11.;
2025;NOV;1189;Shuttleworthstraße;B;229;Gesamt;LkwÄ;913;1260;1282;1316;1069;290;172;1360;Mi,26.11.;
2025;NOV;1190;Angyalföldstraße;B;3;Kagran;Kfz;6572;7157;7148;7072;7422;6638;4578;8722;Fr,07.11.;
2025;NOV;1190;Angyalföldstraße;B;3;Kagran;LkwÄ;208;276;272;288;241;83;65;347;Mi,05.11.;
2025;NOV;1190;Angyalföldstraße;B;3;Floridsdorf;Kfz;5327;5742;5539;5682;6124;5547;3800;6668;Fr,28.11.;
2025;NOV;1190;Angyalföldstraße;B;3;Floridsdorf;LkwÄ;160;219;216;231;186;49;37;277;Mi,05.11.;
2025;NOV;1190;Angyalföldstraße;B;3;Gesamt;Kfz;11899;12899;12687;12753;13546;12186;8377;14644;Fr,07.11.;
2025;NOV;1190;Angyalföldstraße;B;3;Gesamt;LkwÄ;368;494;488;519;427;132;102;624;Mi,05.11.;
2025;NOV;1191;Wientalstraße;B;1;Zentrum;Kfz;26610;28176;26374;28273;29686;26201;21662;30430;Do,06.11.;
2025;NOV;1191;Wientalstraße;B;1;Zentrum;LkwÄ;795;1005;895;1059;954;522;277;1268;Mi,12.11.;
2025;NOV;1191;Wientalstraße;B;1;St. Pölten;Kfz;24736;25950;24495;25914;27510;25109;20445;28391;Di,18.11.;
2025;NOV;1191;Wientalstraße;B;1;St. Pölten;LkwÄ;571;730;702;761;664;308;217;792;Do,13.11.;
2025;NOV;1191;Wientalstraße;B;1;Gesamt;Kfz;51346;54126;50869;54187;57196;51310;42107;58068;Fr,28.11.;
2025;NOV;1191;Wientalstraße;B;1;Gesamt;LkwÄ;1366;1735;1597;1820;1617;831;494;2040;Mi,12.11.;
2025;NOV;1192;Hauptstraße;G;0;Zentrum;Kfz;5310;5787;5533;5709;6273;5778;3410;6676;Fr,28.11.;
2025;NOV;1192;Hauptstraße;G;0;Zentrum;LkwÄ;267;324;318;333;302;181;135;353;Mi,19.11.;
2025;NOV;1192;Hauptstraße;G;0;St. Pölten;Kfz;6171;6734;6471;6645;7262;6438;4120;7608;Fr,28.11.;
2025;NOV;1192;Hauptstraße;G;0;St. Pölten;LkwÄ;269;324;306;335;307;186;142;355;Mi,12.11.;
2025;NOV;1192;Hauptstraße;G;0;Gesamt;Kfz;11482;12520;12004;12354;13535;12216;7531;14284;Fr,28.11.;
2025;NOV;1192;Hauptstraße;G;0;Gesamt;LkwÄ;536;647;624;668;609;368;276;692;Mi,05.11.;
2025;NOV;1193;Heiligenstädter Straße;B;14;Zentrum;Kfz;16288;17811;17188;18005;17852;14957;12097;18299;Do,20.11.;
2025;NOV;1193;Heiligenstädter Straße;B;14;Zentrum;LkwÄ;653;865;886;898;746;304;182;982;Mo,24.11.;
2025;NOV;1193;Heiligenstädter Straße;B;14;Klosterneuburg;Kfz;16124;17559;17020;17733;17575;14779;12236;18066;Mi,12.11.;
2025;NOV;1193;Heiligenstädter Straße;B;14;Klosterneuburg;LkwÄ;648;860;877;889;757;299;175;954;Mi,12.11.;
2025;NOV;1193;Heiligenstädter Straße;B;14;Gesamt;Kfz;32411;35370;34209;35738;35426;29736;24334;36310;Di,04.11.;
2025;NOV;1193;Heiligenstädter Straße;B;14;Gesamt;LkwÄ;1302;1725;1763;1786;1503;602;356;1933;Mo,24.11.;
2025;NOV;1194;Prager Straße;B;3;Zentrum;Kfz;4838;5519;5308;5401;6083;5245;2298;6333;Fr,07.11.;
2025;NOV;1194;Prager Straße;B;3;Zentrum;LkwÄ;168;225;222;228;221;76;40;252;Mi,12.11.;
2025;NOV;1194;Prager Straße;B;3;Langenzersd.;Kfz;4570;5212;5051;5077;5779;4995;2144;6071;Fr,07.11.;
2025;NOV;1194;Prager Straße;B;3;Langenzersd.;LkwÄ;159;214;211;217;206;70;36;243;Mi,19.11.;
2025;NOV;1194;Prager Straße;B;3;Gesamt;Kfz;9408;10731;10359;10478;11862;10240;4442;12404;Fr,07.11.;
2025;NOV;1194;Prager Straße;B;3;Gesamt;LkwÄ;327;439;434;445;426;146;76;488;Mi,19.11.;
2025;NOV;1195;Wagramer Straße;B;8;Zentrum;Kfz;3600;4011;3895;4020;4098;3446;2336;4375;Fr,28.11.;
2025;NOV;1195;Wagramer Straße;B;8;Zentrum;LkwÄ;145;188;175;196;177;76;48;210;Di,11.11.;
2025;NOV;1195;Wagramer Straße;B;8;Süßenbrunn;Kfz;3565;3915;3789;3903;4077;3466;2463;4299;Fr,28.11.;
2025;NOV;1195;Wagramer Straße;B;8;Süßenbrunn;LkwÄ;155;200;193;205;193;86;51;219;Mi,19.11.;
2025;NOV;1195;Wagramer Straße;B;8;Gesamt;Kfz;7165;7926;7684;7923;8174;6912;4799;8674;Fr,28.11.;
2025;NOV;1195;Wagramer Straße;B;8;Gesamt;LkwÄ;301;389;368;402;370;162;99;429;Mi,19.11.;
2025;NOV;1196;Erzherzog-Karl-Str.;B;3;Groß-Enzersdorf;Kfz;11331;12560;12180;12450;13272;10767;7612;14026;Fr,28.11.;
2025;NOV;1196;Erzherzog-Karl-Str.;B;3;Groß-Enzersdorf;LkwÄ;214;280;280;288;256;90;75;340;Mi,05.11.;
2025;NOV;1196;Erzherzog-Karl-Str.;B;3;Kagran;Kfz;11720;12919;12526;12829;13583;11075;8153;14377;Fr,28.11.;
2025;NOV;1196;Erzherzog-Karl-Str.;B;3;Kagran;LkwÄ;427;523;517;533;500;253;221;577;Mi,05.11.;
2025;NOV;1196;Erzherzog-Karl-Str.;B;3;Gesamt;Kfz;23051;25479;24705;25279;26855;21842;15764;28403;Fr,28.11.;
2025;NOV;1196;Erzherzog-Karl-Str.;B;3;Gesamt;LkwÄ;640;804;797;821;757;342;296;917;Mi,05.11.;
2025;NOV;1198;Brünner Straße;B;7;Zentrum;Kfz;8923;9967;9697;9848;10594;9310;5184;11108;Fr,28.11.;
2025;NOV;1198;Brünner Straße;B;7;Zentrum;LkwÄ;406;551;548;569;500;190;69;607;Di,04.11.;
2025;NOV;1198;Brünner Straße;B;7;Wolkersdorf;Kfz;7599;8488;8183;8408;9030;7835;4479;9393;Fr,28.11.;
2025;NOV;1198;Brünner Straße;B;7;Wolkersdorf;LkwÄ;384;513;514;529;467;204;71;564;Mi,05.11.;
2025;NOV;1198;Brünner Straße;B;7;Gesamt;Kfz;16522;18454;17880;18256;19624;17145;9663;20501;Fr,28.11.;
2025;NOV;1198;Brünner Straße;B;7;Gesamt;LkwÄ;790;1064;1062;1097;967;394;140;1163;Mi,05.11.;
2025;NOV;1199;Eßlinger Hauptstraße;B;3;Zentrum;Kfz;8531;9110;8804;8967;9846;8600;6553;10107;Fr,07.11.;
2025;NOV;1199;Eßlinger Hauptstraße;B;3;Zentrum;LkwÄ;524;676;668;697;618;257;198;737;Do,27.11.;
2025;NOV;1199;Eßlinger Hauptstraße;B;3;Groß-Enzersdorf;Kfz;8279;8814;8493;8672;9559;8302;6483;9722;Fr,07.11.;
2025;NOV;1199;Eßlinger Hauptstraße;B;3;Groß-Enzersdorf;LkwÄ;488;630;620;647;586;238;182;674;Mi,26.11.;
2025;NOV;1199;Eßlinger Hauptstraße;B;3;Gesamt;Kfz;16810;17924;17296;17639;19406;16902;13036;19829;Fr,07.11.;
2025;NOV;1199;Eßlinger Hauptstraße;B;3;Gesamt;LkwÄ;1012;1305;1287;1345;1204;495;381;1409;Do,27.11.;
2025;NOV;1200;Vorarlberger Allee West;G;0;Zentrum;Kfz;6696;8339;8488;8498;7715;4461;2710;9249;Di,25.11.;
2025;NOV;1200;Vorarlberger Allee West;G;0;Zentrum;LkwÄ;747;1034;1087;1072;868;224;139;1508;Di,25.11.;
2025;NOV;1200;Vorarlberger Allee West;G;0;S1;Kfz;6585;8173;7975;8332;7893;4437;2724;8649;Do,06.11.;
2025;NOV;1200;Vorarlberger Allee West;G;0;S1;LkwÄ;812;1128;1143;1166;997;246;139;1372;Di,25.11.;
2025;NOV;1200;Vorarlberger Allee West;G;0;Gesamt;Kfz;13281;16512;16464;16830;15608;8898;5434;17802;Di,25.11.;
2025;NOV;1200;Vorarlberger Allee West;G;0;Gesamt;LkwÄ;1559;2162;2230;2238;1866;469;278;2880;Di,25.11.;
2025;NOV;1201;Vorarlberger Allee Ost;G;0;Laxenburger Str.;Kfz;3371;4367;4266;4515;4026;1997;966;4762;Do,27.11.;
2025;NOV;1201;Vorarlberger Allee Ost;G;0;Laxenburger Str.;LkwÄ;758;1038;1028;1080;920;259;158;1204;Di,25.11.;
2025;NOV;1201;Vorarlberger Allee Ost;G;0;S1;Kfz;3444;4330;4383;4390;4096;2277;1268;4535;Do,27.11.;
2025;NOV;1201;Vorarlberger Allee Ost;G;0;S1;LkwÄ;607;830;853;852;740;200;137;908;Di,25.11.;
2025;NOV;1201;Vorarlberger Allee Ost;G;0;Gesamt;Kfz;6815;8697;8650;8905;8122;4274;2234;9297;Do,27.11.;
2025;NOV;1201;Vorarlberger Allee Ost;G;0;Gesamt;LkwÄ;1366;1868;1881;1933;1660;459;296;2112;Di,25.11.;
2025;NOV;1202;Spange Vösendorf;G;0;Vösendorf;Kfz;6570;7780;7808;7812;7654;5636;3159;8240;Fr,28.11.;
2025;NOV;1202;Spange Vösendorf;G;0;Vösendorf;LkwÄ;379;540;562;575;415;78;40;754;Di,25.11.;
2025;NOV;1202;Spange Vösendorf;G;0;S1;Kfz;6308;7567;7454;7646;7441;5390;2724;7943;Do,27.11.;
2025;NOV;1202;Spange Vösendorf;G;0;S1;LkwÄ;357;510;513;543;407;76;35;602;Di,25.11.;
2025;NOV;1202;Spange Vösendorf;G;0;Gesamt;Kfz;12878;15347;15262;15459;15095;11026;5884;16151;Fr,28.11.;
2025;NOV;1202;Spange Vösendorf;G;0;Gesamt;LkwÄ;735;1050;1075;1117;822;154;75;1356;Di,25.11.;
2025;NOV;1203;Maria-Theresien-Straße;G;0;Franz-Josef-Kai;Kfz;12566;13710;13209;13821;13876;11984;9141;15188;Fr,28.11.;
2025;NOV;1203;Maria-Theresien-Straße;G;0;Franz-Josef-Kai;LkwÄ;405;524;518;549;453;228;130;600;Mi,05.11.;
2025;NOV;1203;Maria-Theresien-Straße;G;0;-;Kfz;-29;-29;-29;-29;-29;-29;-29;-29;0.00.;
2025;NOV;1203;Maria-Theresien-Straße;G;0;-;LkwÄ;-29;-29;-29;-29;-29;-29;-29;-29;0.00.;
2025;NOV;1203;Maria-Theresien-Straße;G;0;Gesamt;Kfz;-29;-29;-29;-29;-29;-29;-29;-29;0.00.;
2025;NOV;1203;Maria-Theresien-Straße;G;0;Gesamt;LkwÄ;-29;-29;-29;-29;-29;-29;-29;-29;0.00.;
2025;NOV;1204;Türkenstraße;G;0;Währinger Straße;Kfz;16185;17932;16962;18274;17875;14762;11308;19188;Do,27.11.;
2025;NOV;1204;Türkenstraße;G;0;Währinger Straße;LkwÄ;418;552;515;587;484;200;117;641;Do,27.11.;
2025;NOV;1204;Türkenstraße;G;0;-;Kfz;-29;-29;-29;-29;-29;-29;-29;-29;0.00.;
2025;NOV;1204;Türkenstraße;G;0;-;LkwÄ;-29;-29;-29;-29;-29;-29;-29;-29;0.00.;
2025;NOV;1204;Türkenstraße;G;0;Gesamt;Kfz;-29;-29;-29;-29;-29;-29;-29;-29;0.00.;
2025;NOV;1204;Türkenstraße;G;0;Gesamt;LkwÄ;-29;-29;-29;-29;-29;-29;-29;-29;0.00.;
2025;NOV;1205;Hernalser Hauptstraße;G;0;Zentrum;Kfz;8597;8793;8460;8775;9179;8757;7838;9264;Fr,21.11.;
2025;NOV;1205;Hernalser Hauptstraße;G;0;Zentrum;LkwÄ;183;242;238;252;216;95;46;276;Do,06.11.;
2025;NOV;1205;Hernalser Hauptstraße;G;0;Dornbach;Kfz;7464;7673;7360;7665;8010;7582;6688;8075;Fr,28.11.;
2025;NOV;1205;Hernalser Hauptstraße;G;0;Dornbach;LkwÄ;140;187;191;193;167;59;34;222;Do,20.11.;
2025;NOV;1205;Hernalser Hauptstraße;G;0;Gesamt;Kfz;16061;16466;15820;16440;17189;16338;14526;17325;Fr,28.11.;
2025;NOV;1205;Hernalser Hauptstraße;G;0;Gesamt;LkwÄ;323;429;429;445;382;154;79;478;Do,20.11.;
2025;NOV;1207;Altmannsdorfer Straße II;B;224;Zentrum;Kfz;21470;22636;21786;22398;24202;20064;18520;25402;*Fr,28.11.;
2025;NOV;1207;Altmannsdorfer Straße II;B;224;Zentrum;LkwÄ;876;1182;945;1282;1120;279;253;1340;*Do,13.11.;
2025;NOV;1207;Altmannsdorfer Straße II;B;224;Vösendorf;Kfz;25767;27220;26251;27269;28044;25619;21019;29217;*Fr,07.11.;
2025;NOV;1207;Altmannsdorfer Straße II;B;224;Vösendorf;LkwÄ;1045;1374;1293;1450;1227;597;248;1677;*Di,18.11.;
2025;NOV;1207;Altmannsdorfer Straße II;B;224;Gesamt;Kfz;47237;49856;48036;49666;52246;45683;39540;53091;*Fr,07.11.;
2025;NOV;1207;Altmannsdorfer Straße II;B;224;Gesamt;LkwÄ;1921;2556;2238;2732;2348;876;501;2959;*Di,18.11.;
2025;NOV;1208;Wienerbergstraße;B;225;Breitenfurter Straße;Kfz;10642;11995;11872;12229;11416;9121;7146;12518;Di,04.11.;
2025;NOV;1208;Wienerbergstraße;B;225;Breitenfurter Straße;LkwÄ;530;652;645;675;589;312;268;709;Mi,19.11.;
2025;NOV;1208;Wienerbergstraße;B;225;Triester Straße;Kfz;9379;10786;10491;10949;10590;7504;5938;11188;Do,27.11.;
2025;NOV;1208;Wienerbergstraße;B;225;Triester Straße;LkwÄ;567;718;719;733;672;292;246;763;Di,04.11.;
2025;NOV;1208;Wienerbergstraße;B;225;Gesamt;Kfz;20021;22781;22363;23178;22006;16624;13084;23547;Di,04.11.;
2025;NOV;1208;Wienerbergstraße;B;225;Gesamt;LkwÄ;1097;1370;1364;1408;1261;604;514;1459;Di,04.11.;
2025;NOV;1209;Atzgersdorfer Straße;G;0;Stranzenberg Brücke;Kfz;8910;9992;9536;10130;10036;7824;6028;10529;Do,06.11.;
2025;NOV;1209;Atzgersdorfer Straße;G;0;Stranzenberg Brücke;LkwÄ;239;309;305;320;279;123;84;361;Do,06.11.;
2025;NOV;1209;Atzgersdorfer Straße;G;0;Rosenhügelstraße;Kfz;9850;11031;10490;11185;11113;8322;6932;11653;Mi,05.11.;
2025;NOV;1209;Atzgersdorfer Straße;G;0;Rosenhügelstraße;LkwÄ;243;317;306;329;292;110;84;367;Mi,12.11.;
2025;NOV;1209;Atzgersdorfer Straße;G;0;Gesamt;Kfz;18760;21023;20025;21314;21148;16146;12960;22174;Do,06.11.;
2025;NOV;1209;Atzgersdorfer Straße;G;0;Gesamt;LkwÄ;482;626;611;649;570;233;168;705;Do,06.11.;
2025;NOV;1210;Koppstraße;B;223;stadtauswärts;Kfz;15800;16297;15748;16207;17114;15780;14158;17299;Fr,28.11.;
2025;NOV;1210;Koppstraße;B;223;stadtauswärts;LkwÄ;417;525;531;534;490;227;186;573;Di,11.11.;
2025;NOV;1210;Koppstraße;B;223;Einbahnstraße;Kfz;-29;-29;-29;-29;-29;-29;-29;-29;0.00.;
2025;NOV;1210;Koppstraße;B;223;Einbahnstraße;LkwÄ;-29;-29;-29;-29;-29;-29;-29;-29;0.00.;
2025;NOV;1210;Koppstraße;B;223;Gesamt;Kfz;-29;-29;-29;-29;-29;-29;-29;-29;0.00.;
2025;NOV;1210;Koppstraße;B;223;Gesamt;LkwÄ;-29;-29;-29;-29;-29;-29;-29;-29;0.00.;
2025;NOV;1211;Laxenburger Straße II;B;230;Zentrum;Kfz;6578;7978;8427;8302;6555;4465;3319;9300;Mi,19.11.;
2025;NOV;1211;Laxenburger Straße II;B;230;Zentrum;LkwÄ;1363;1788;1893;1912;1310;606;450;2237;*Mo,17.11.;
2025;NOV;1211;Laxenburger Straße II;B;230;S1;Kfz;8320;10405;10168;10580;10120;5247;3419;10915;Do,06.11.;
2025;NOV;1211;Laxenburger Straße II;B;230;S1;LkwÄ;1633;2185;2293;2214;1991;615;472;2764;Mo,03.11.;
2025;NOV;1211;Laxenburger Straße II;B;230;Gesamt;Kfz;14898;18383;18595;18882;16674;9712;6738;19889;Mi,19.11.;
2025;NOV;1211;Laxenburger Straße II;B;230;Gesamt;LkwÄ;2996;3973;4186;4126;3301;1220;922;4738;*Mo,03.11.;
2025;NOV;1212;Donaustadtstraße II;B;3;A 23;Kfz;9913;11172;11361;11376;10370;8397;6726;12499;Mi,05.11.;
2025;NOV;1212;Donaustadtstraße II;B;3;A 23;LkwÄ;493;664;695;682;578;191;125;778;*Mi,05.11.;
2025;NOV;1212;Donaustadtstraße II;B;3;Erzherzog-Karl-Str.;Kfz;8438;8976;8630;8944;9416;8038;6915;9823;Fr,28.11.;
2025;NOV;1212;Donaustadtstraße II;B;3;Erzherzog-Karl-Str.;LkwÄ;444;581;613;583;543;210;141;643;*Mo,10.11.;
2025;NOV;1212;Donaustadtstraße II;B;3;Gesamt;Kfz;18351;20147;19990;20321;19785;16436;13641;21389;Fr,07.11.;
2025;NOV;1212;Donaustadtstraße II;B;3;Gesamt;LkwÄ;937;1245;1308;1265;1121;401;266;1376;*Mi,05.11.;
2025;NOV;1213;Burggasse II;G;0;Zentrum;Kfz;8287;8673;8050;8744;9084;8304;6990;9304;*Fr,14.11.;
2025;NOV;1213;Burggasse II;G;0;Zentrum;LkwÄ;354;430;416;440;416;221;190;456;*Mi,19.11.;
2025;NOV;1213;Burggasse II;G;0;Gablenzgasse;Kfz;-29;-29;-29;-29;-29;-29;-29;-29;0.00.;
2025;NOV;1213;Burggasse II;G;0;Gablenzgasse;LkwÄ;-29;-29;-29;-29;-29;-29;-29;-29;0.00.;
2025;NOV;1213;Burggasse II;G;0;Gesamt;Kfz;-29;-29;-29;-29;-29;-29;-29;-29;0.00.;
2025;NOV;1213;Burggasse II;G;0;Gesamt;LkwÄ;-29;-29;-29;-29;-29;-29;-29;-29;0.00.;
2025;NOV;1214;Neustiftgasse II;G;0;Koppstraße;Kfz;10009;10202;9526;10237;10771;10575;8989;11037;Sa,15.11.;
2025;NOV;1214;Neustiftgasse II;G;0;Koppstraße;LkwÄ;319;397;405;402;374;190;144;438;Mo,10.11.;
2025;NOV;1214;Neustiftgasse II;G;0;Zentrum;Kfz;-29;-29;-29;-29;-29;-29;-29;-29;0.00.;
2025;NOV;1214;Neustiftgasse II;G;0;Zentrum;LkwÄ;-29;-29;-29;-29;-29;-29;-29;-29;0.00.;
2025;NOV;1214;Neustiftgasse II;G;0;Gesamt;Kfz;-29;-29;-29;-29;-29;-29;-29;-29;0.00.;
2025;NOV;1214;Neustiftgasse II;G;0;Gesamt;LkwÄ;-29;-29;-29;-29;-29;-29;-29;-29;0.00.;
2025;NOV;1215;Erzherzog-Karl-Straße III;B;3;Genochplatz;Kfz;11885;12194;11744;12058;13051;12415;10501;13200;Sa,29.11.;
2025;NOV;1215;Erzherzog-Karl-Straße III;B;3;Genochplatz;LkwÄ;561;746;746;776;655;230;167;844;Di,11.11.;
2025;NOV;1215;Erzherzog-Karl-Straße III;B;3;Siegesplatz;Kfz;14180;14940;14485;14866;15615;14042;11737;15949;Fr,28.11.;
2025;NOV;1215;Erzherzog-Karl-Straße III;B;3;Siegesplatz;LkwÄ;590;784;767;816;702;245;175;879;Di,11.11.;
2025;NOV;1215;Erzherzog-Karl-Straße III;B;3;Gesamt;Kfz;26064;27134;26228;26925;28666;26456;22238;29015;Fr,28.11.;
2025;NOV;1215;Erzherzog-Karl-Straße III;B;3;Gesamt;LkwÄ;1151;1529;1513;1592;1357;475;342;1723;Di,11.11.;
2025;NOV;1216;Perchtoldsdorfer Straße;G;0;stadteinwärts;Kfz;3662;4039;3866;4034;4224;3346;2615;4284;Fr,28.11.;
2025;NOV;1216;Perchtoldsdorfer Straße;G;0;stadteinwärts;LkwÄ;155;187;181;191;182;100;84;197;Di,04.11.;
2025;NOV;1216;Perchtoldsdorfer Straße;G;0;stadtauswärts;Kfz;3186;3500;3336;3475;3740;2906;2323;3754;Fr,07.11.;
2025;NOV;1216;Perchtoldsdorfer Straße;G;0;stadtauswärts;LkwÄ;100;122;120;125;114;66;50;141;Mi,12.11.;
2025;NOV;1216;Perchtoldsdorfer Straße;G;0;Gesamt;Kfz;6847;7539;7202;7509;7965;6252;4938;8032;Fr,28.11.;
2025;NOV;1216;Perchtoldsdorfer Straße;G;0;Gesamt;LkwÄ;255;309;301;316;296;166;134;334;Mi,05.11.;
2025;NOV;1217;Museumstraße;G;0;Landesgerichtsstraße;Kfz;6022;6864;6381;7076;6710;5734;3408;7728;Do,27.11.;
2025;NOV;1217;Museumstraße;G;0;Landesgerichtsstraße;LkwÄ;115;154;157;158;139;60;18;187;Mi,26.11.;
2025;NOV;1217;Museumstraße;G;0;Getreidemarkt;Kfz;12089;13206;12225;13343;13774;11226;8943;14173;Fr,28.11.;
2025;NOV;1217;Museumstraße;G;0;Getreidemarkt;LkwÄ;234;298;295;305;280;145;81;333;Mo,24.11.;
2025;NOV;1217;Museumstraße;G;0;Gesamt;Kfz;18111;20070;18606;20420;20485;16960;12350;21875;Do,27.11.;
2025;NOV;1217;Museumstraße;G;0;Gesamt;LkwÄ;349;452;452;464;419;205;100;507;Mo,24.11.;
2025;NOV;1218;Spange Leopoldsdorf;G;0;Leopoldsdorfer Straß;Kfz;4462;5018;4757;5036;5224;3890;2990;5396;Fr,28.11.;
2025;NOV;1218;Spange Leopoldsdorf;G;0;Leopoldsdorfer Straß;LkwÄ;94;131;128;134;126;26;14;163;Do,06.11.;
2025;NOV;1218;Spange Leopoldsdorf;G;0;Himberger Straße;Kfz;4337;4878;4738;4953;4790;3637;3000;5146;Mi,05.11.;
2025;NOV;1218;Spange Leopoldsdorf;G;0;Himberger Straße;LkwÄ;100;140;139;145;128;26;14;166;Do,06.11.;
2025;NOV;1218;Spange Leopoldsdorf;G;0;Gesamt;Kfz;8799;9896;9495;9990;10014;7528;5991;10346;Fr,28.11.;
2025;NOV;1218;Spange Leopoldsdorf;G;0;Gesamt;LkwÄ;194;272;266;280;253;52;28;329;Do,06.11.;
2025;NOV;1219;Barawitzkagasse;G;0;Heiligenstädter Str.;Kfz;11400;12228;11747;12241;12672;10924;8955;13064;Fr,07.11.;
2025;NOV;1219;Barawitzkagasse;G;0;Heiligenstädter Str.;LkwÄ;529;646;644;668;583;336;268;724;Mi,19.11.;
2025;NOV;1219;Barawitzkagasse;G;0;Ruthgasse;Kfz;9280;9811;9557;9858;9924;9000;7700;10175;Mi,05.11.;
2025;NOV;1219;Barawitzkagasse;G;0;Ruthgasse;LkwÄ;461;563;553;583;511;288;238;629;Mi,26.11.;
2025;NOV;1219;Barawitzkagasse;G;0;Gesamt;Kfz;20680;22039;21304;22098;22595;19924;16654;23147;Fr,07.11.;
2025;NOV;1219;Barawitzkagasse;G;0;Gesamt;LkwÄ;990;1209;1197;1251;1094;624;506;1303;Mi,19.11.;
2025;NOV;1220;Am Heumarkt;B;1;Schwarzenbergplatz;Kfz;7011;7969;7251;8254;7832;6051;4457;9042;*Do,27.11.;
2025;NOV;1220;Am Heumarkt;B;1;Schwarzenbergplatz;LkwÄ;182;219;202;224;221;134;90;284;*Do,27.11.;
2025;NOV;1220;Am Heumarkt;B;1;Urania;Kfz;15769;16880;16756;16815;17199;14722;12764;18116;*Fr,28.11.;
2025;NOV;1220;Am Heumarkt;B;1;Urania;LkwÄ;560;709;654;739;675;374;189;807;*Di,18.11.;
2025;NOV;1220;Am Heumarkt;B;1;Gesamt;Kfz;22780;24849;24007;25069;25032;20773;17221;27113;*Do,27.11.;
2025;NOV;1220;Am Heumarkt;B;1;Gesamt;LkwÄ;742;928;855;963;896;508;279;1080;*Do,27.11.;
2025;NOV;1221;Grenzackerstraße;B;225;Laxenburger Straße;Kfz;14758;15369;15194;15215;16006;14490;12899;16289;Fr,28.11.;
2025;NOV;1221;Grenzackerstraße;B;225;Laxenburger Straße;LkwÄ;388;512;518;528;458;177;118;574;Di,18.11.;
2025;NOV;1221;Grenzackerstraße;B;225;Verteilerkreis;Kfz;14049;14796;14209;14749;15524;13486;11932;15654;Fr,28.11.;
2025;NOV;1221;Grenzackerstraße;B;225;Verteilerkreis;LkwÄ;541;698;704;719;632;266;199;759;Di,11.11.;
2025;NOV;1221;Grenzackerstraße;B;225;Gesamt;Kfz;28806;30165;29402;29964;31530;27975;24831;31943;Fr,28.11.;
2025;NOV;1221;Grenzackerstraße;B;225;Gesamt;LkwÄ;929;1210;1222;1246;1090;443;316;1315;Di,11.11.;
2025;NOV;1222;Universitätsring;G;0;Schottenring;Kfz;23535;24871;23612;24783;26394;23006;19431;26865;Fr,14.11.;
2025;NOV;1222;Universitätsring;G;0;Schottenring;LkwÄ;642;763;704;783;764;533;309;942;Mi,26.11.;
2025;NOV;1222;Universitätsring;G;0;Einbahnstraße;Kfz;-29;-29;-29;-29;-29;-29;-29;-29;0.00.;
2025;NOV;1222;Universitätsring;G;0;Einbahnstraße;LkwÄ;-29;-29;-29;-29;-29;-29;-29;-29;0.00.;
2025;NOV;1222;Universitätsring;G;0;Gesamt;Kfz;-29;-29;-29;-29;-29;-29;-29;-29;0.00.;
2025;NOV;1222;Universitätsring;G;0;Gesamt;LkwÄ;-29;-29;-29;-29;-29;-29;-29;-29;0.00.;
2025;NOV;1223;Adalbert-Stifter-Straße;B;226;Gürtelbrücke;Kfz;8412;9209;9374;9482;8223;7826;6146;12829;Mi,05.11.;
2025;NOV;1223;Adalbert-Stifter-Straße;B;226;Gürtelbrücke;LkwÄ;261;338;342;364;256;120;98;496;Di,25.11.;
2025;NOV;1223;Adalbert-Stifter-Straße;B;226;Floridsdorfer Brücke;Kfz;8889;9170;9413;8920;9674;9628;7460;10780;Fr,07.11.;
2025;NOV;1223;Adalbert-Stifter-Straße;B;226;Floridsdorfer Brücke;LkwÄ;271;343;410;339;287;152;114;531;Di,04.11.;
2025;NOV;1223;Adalbert-Stifter-Straße;B;226;Gesamt;Kfz;17301;18379;18787;18403;17897;17453;13606;22922;Mi,05.11.;
2025;NOV;1223;Adalbert-Stifter-Straße;B;226;Gesamt;LkwÄ;532;681;752;703;542;273;212;930;Di,04.11.;
2025;NOV;1224;Wagramer Str. II;B;8;Reichsbrücke;Kfz;10093;11217;10957;11137;11720;9804;6536;12527;Fr,28.11.;
2025;NOV;1224;Wagramer Str. II;B;8;Reichsbrücke;LkwÄ;409;566;592;582;492;125;77;669;Di,25.11.;
2025;NOV;1224;Wagramer Str. II;B;8;Süßenbrunn;Kfz;9217;10038;9776;9843;10886;9758;6119;11489;Fr,28.11.;
2025;NOV;1224;Wagramer Str. II;B;8;Süßenbrunn;LkwÄ;228;317;317;332;274;77;33;383;Di,11.11.;
2025;NOV;1224;Wagramer Str. II;B;8;Gesamt;Kfz;19310;21256;20733;20980;22606;19562;12654;24016;Fr,28.11.;
2025;NOV;1224;Wagramer Str. II;B;8;Gesamt;LkwÄ;638;883;909;914;766;202;110;996;Mi,05.11.;
2025;NOV;1600;Schönbrunner Straße;B;1;Zentrum;Kfz;16897;17553;15966;17657;18830;17193;14514;19134;Fr,28.11.;
2025;NOV;1600;Schönbrunner Straße;B;1;Zentrum;LkwÄ;658;844;780;882;791;400;212;916;Do,13.11.;
2025;NOV;1600;Schönbrunner Straße;B;1;Stadtauswärts;Kfz;-29;-29;-29;-29;-29;-29;-29;-29;0.00.;
2025;NOV;1600;Schönbrunner Straße;B;1;Stadtauswärts;LkwÄ;-29;-29;-29;-29;-29;-29;-29;-29;0.00.;
2025;NOV;1600;Schönbrunner Straße;B;1;Gesamt;Kfz;-29;-29;-29;-29;-29;-29;-29;-29;0.00.;
2025;NOV;1600;Schönbrunner Straße;B;1;Gesamt;LkwÄ;-29;-29;-29;-29;-29;-29;-29;-29;0.00.;
2025;NOV;1603;Hirschstettner Straße;G;0;Kagran;Kfz;7190;7579;7319;7465;8179;7620;5606;8272;Fr,28.11.;
2025;NOV;1603;Hirschstettner Straße;G;0;Kagran;LkwÄ;335;404;401;407;398;233;176;482;Di,25.11.;
2025;NOV;1603;Hirschstettner Straße;G;0;S2;Kfz;7871;8594;8623;8549;8699;7882;5454;9180;Mi,05.11.;
2025;NOV;1603;Hirschstettner Straße;G;0;S2;LkwÄ;336;423;434;432;384;188;143;500;Di,25.11.;
2025;NOV;1603;Hirschstettner Straße;G;0;Gesamt;Kfz;15061;16173;15942;16014;16878;15502;11060;17447;Fr,28.11.;
2025;NOV;1603;Hirschstettner Straße;G;0;Gesamt;LkwÄ;671;827;835;839;782;421;319;982;Di,25.11.;
2025;NOV;1607;Weißgerberlände;B;227;A4;Kfz;28410;30244;29591;30350;30579;27537;22880;32068;*Fr,28.11.;
2025;NOV;1607;Weißgerberlände;B;227;A4;LkwÄ;668;872;891;907;744;328;215;985;*Di,04.11.;
2025;NOV;1607;Weißgerberlände;B;227;Zentrum;Kfz;-29;-29;-29;-29;-29;-29;-29;-29;0.00.;
2025;NOV;1607;Weißgerberlände;B;227;Zentrum;LkwÄ;-29;-29;-29;-29;-29;-29;-29;-29;0.00.;
2025;NOV;1607;Weißgerberlände;B;227;Gesamt;Kfz;-29;-29;-29;-29;-29;-29;-29;-29;0.00.;
2025;NOV;1607;Weißgerberlände;B;227;Gesamt;LkwÄ;-29;-29;-29;-29;-29;-29;-29;-29;0.00.;
2025;NOV;1608;Margaretengürtel/Matzl.Pl;B;221;A23;Kfz;24281;25253;24418;25161;26367;23867;21316;27086;Fr,28.11.;
2025;NOV;1608;Margaretengürtel/Matzl.Pl;B;221;A23;LkwÄ;3906;4728;4636;4847;4464;2618;2021;5090;Do,27.11.;
2025;NOV;1608;Margaretengürtel/Matzl.Pl;B;221;Wienzeile;Kfz;22933;24069;23094;24060;25072;22107;19696;25400;Fr,28.11.;
2025;NOV;1608;Margaretengürtel/Matzl.Pl;B;221;Wienzeile;LkwÄ;836;1094;1094;1139;959;407;263;1219;Di,25.11.;
2025;NOV;1608;Margaretengürtel/Matzl.Pl;B;221;Gesamt;Kfz;47214;49323;47512;49221;51438;45974;41013;52486;Fr,28.11.;
2025;NOV;1608;Margaretengürtel/Matzl.Pl;B;221;Gesamt;LkwÄ;4742;5822;5729;5986;5423;3026;2284;6247;Do,27.11.;
2025;NOV;1611;Simmeringer Hauptstr. II;B;225;Schwechat;Kfz;6902;7113;6681;7063;7697;6753;6298;7944;Sa,01.11.;
2025;NOV;1611;Simmeringer Hauptstr. II;B;225;Schwechat;LkwÄ;234;313;294;320;312;100;62;389;Mi,05.11.;
2025;NOV;1611;Simmeringer Hauptstr. II;B;225;Zentrum;Kfz;7295;7536;7060;7542;7995;7112;6612;8565;Sa,01.11.;
2025;NOV;1611;Simmeringer Hauptstr. II;B;225;Zentrum;LkwÄ;418;534;456;561;532;234;153;617;Do,06.11.;
2025;NOV;1611;Simmeringer Hauptstr. II;B;225;Gesamt;Kfz;14197;14649;13741;14604;15692;13865;12910;16509;Sa,01.11.;
2025;NOV;1611;Simmeringer Hauptstr. II;B;225;Gesamt;LkwÄ;652;847;750;880;844;333;216;987;Mi,05.11.;
2025;NOV;1612;Längenfeldgasse;G;0;Eichenstraße;Kfz;11701;12713;12364;12741;12980;11323;8580;13468;Fr,28.11.;
2025;NOV;1612;Längenfeldgasse;G;0;Eichenstraße;LkwÄ;313;387;339;409;369;189;148;445;Do,20.11.;
2025;NOV;1612;Längenfeldgasse;G;0;Wienerbergstraße;Kfz;8345;9109;8284;9171;9750;7842;6135;10468;Fr,28.11.;
2025;NOV;1612;Längenfeldgasse;G;0;Wienerbergstraße;LkwÄ;412;505;422;526;526;278;192;610;Do,27.11.;
2025;NOV;1612;Längenfeldgasse;G;0;Gesamt;Kfz;20047;21823;20648;21912;22730;19165;14714;23936;Fr,28.11.;
2025;NOV;1612;Längenfeldgasse;G;0;Gesamt;LkwÄ;725;892;762;935;895;467;340;1051;Do,20.11.;
2025;NOV;1613;Lainzer Straße;G;0;Zentrum;Kfz;4918;5536;5280;5580;5658;4086;3416;5927;Fr,28.11.;
2025;NOV;1613;Lainzer Straße;G;0;Zentrum;LkwÄ;388;464;400;483;470;269;215;533;Do,20.11.;
2025;NOV;1613;Lainzer Straße;G;0;Fasangartengasse;Kfz;6766;7436;7026;7526;7575;6110;4972;8008;Fr,28.11.;
2025;NOV;1613;Lainzer Straße;G;0;Fasangartengasse;LkwÄ;592;692;598;723;694;497;320;809;Mi,19.11.;
2025;NOV;1613;Lainzer Straße;G;0;Gesamt;Kfz;11685;12971;12306;13106;13232;10196;8388;13935;Fr,28.11.;
2025;NOV;1613;Lainzer Straße;G;0;Gesamt;LkwÄ;980;1156;998;1206;1164;766;535;1313;Do,20.11.;
2025;NOV;1614;Maxingstraße;G;0;Montecuccoliplatz;Kfz;4973;5328;4949;5401;5490;4541;4079;5664;Fr,28.11.;
2025;NOV;1614;Maxingstraße;G;0;Montecuccoliplatz;LkwÄ;826;929;819;950;975;692;573;1063;Fr,28.11.;
2025;NOV;1614;Maxingstraße;G;0;Zentrum;Kfz;7518;8184;7744;8316;8230;6837;5751;8849;Do,06.11.;
2025;NOV;1614;Maxingstraße;G;0;Zentrum;LkwÄ;628;760;698;795;718;401;339;876;Di,04.11.;
2025;NOV;1614;Maxingstraße;G;0;Gesamt;Kfz;12491;13513;12693;13717;13719;11378;9830;14418;Do,06.11.;
2025;NOV;1614;Maxingstraße;G;0;Gesamt;LkwÄ;1454;1689;1517;1745;1693;1092;912;1827;Mi,12.11.;
2025;NOV;1615;Gablenzgasse;B;223;Zentrum;Kfz;14089;14730;14658;14519;15436;14317;11800;15941;Mo,17.11.;
2025;NOV;1615;Gablenzgasse;B;223;Zentrum;LkwÄ;316;397;426;400;356;178;138;530;Mo,17.11.;
2025;NOV;1615;Gablenzgasse;B;223;Stadtauswärts;Kfz;-29;-29;-29;-29;-29;-29;-29;-29;0.00.;
2025;NOV;1615;Gablenzgasse;B;223;Stadtauswärts;LkwÄ;-29;-29;-29;-29;-29;-29;-29;-29;0.00.;
2025;NOV;1615;Gablenzgasse;B;223;Gesamt;Kfz;-29;-29;-29;-29;-29;-29;-29;-29;0.00.;
2025;NOV;1615;Gablenzgasse;B;223;Gesamt;LkwÄ;-29;-29;-29;-29;-29;-29;-29;-29;0.00.;
2025;NOV;1616;Gersthofer Straße;G;0;Lidlgasse;Kfz;7674;8177;7407;8377;8348;7472;6131;8769;Mi,05.11.;
2025;NOV;1616;Gersthofer Straße;G;0;Lidlgasse;LkwÄ;1463;1716;1407;1815;1724;1082;873;2262;Do,27.11.;
2025;NOV;1616;Gersthofer Straße;G;0;Türkenschanz-Park;Kfz;8347;8895;8143;9031;9240;8207;6613;9582;Fr,07.11.;
2025;NOV;1616;Gersthofer Straße;G;0;Türkenschanz-Park;LkwÄ;895;1073;964;1118;1046;619;484;1292;Di,04.11.;
2025;NOV;1616;Gersthofer Straße;G;0;Gesamt;Kfz;16021;17072;15550;17408;17588;15679;12744;18047;Fr,07.11.;
2025;NOV;1616;Gersthofer Straße;G;0;Gesamt;LkwÄ;2357;2788;2371;2934;2771;1701;1357;3359;Do,27.11.;
2025;NOV;1617;Angerer Straße;G;0;Brünner Straße;Kfz;6437;6969;6641;6902;7499;6334;4731;7939;Fr,28.11.;
2025;NOV;1617;Angerer Straße;G;0;Brünner Straße;LkwÄ;604;729;537;760;829;478;270;1179;Mi,19.11.;
2025;NOV;1617;Angerer Straße;G;0;Donaufelder Str.;Kfz;7060;7525;7256;7516;7818;6753;5715;8748;Fr,07.11.;
2025;NOV;1617;Angerer Straße;G;0;Donaufelder Str.;LkwÄ;253;304;267;322;287;167;142;351;Mi,05.11.;
2025;NOV;1617;Angerer Straße;G;0;Gesamt;Kfz;13497;14494;13897;14419;15317;13086;10446;15603;Fr,28.11.;
2025;NOV;1617;Angerer Straße;G;0;Gesamt;LkwÄ;857;1033;804;1082;1116;646;412;1494;Mi,19.11.;
2025;NOV;1618;Siemensstraße;B;229;Leopoldauer Platz;Kfz;7135;7687;7015;7708;8298;7095;5322;8506;Fr,07.11.;
2025;NOV;1618;Siemensstraße;B;229;Leopoldauer Platz;LkwÄ;827;1031;966;1076;961;480;379;1191;Di,11.11.;
2025;NOV;1618;Siemensstraße;B;229;Siemensplatz;Kfz;7838;8597;8214;8557;9101;7595;5468;9449;Fr,28.11.;
2025;NOV;1618;Siemensstraße;B;229;Siemensplatz;LkwÄ;863;1100;1004;1156;1027;501;314;1278;Di,04.11.;
2025;NOV;1618;Siemensstraße;B;229;Gesamt;Kfz;14973;16284;15228;16265;17398;14690;10791;17808;Fr,28.11.;
2025;NOV;1618;Siemensstraße;B;229;Gesamt;LkwÄ;1690;2131;1970;2232;1988;981;692;2458;Di,04.11.;
2025;NOV;1619;Breitenfurter Straße II;B;13;Liesinger Platz;Kfz;7909;8827;8697;8735;9233;7345;5226;9490;Fr,28.11.;
2025;NOV;1619;Breitenfurter Straße II;B;13;Liesinger Platz;LkwÄ;308;373;386;372;363;191;170;426;Mo,17.11.;
2025;NOV;1619;Breitenfurter Straße II;B;13;Zentrum;Kfz;7907;8786;8533;8762;9108;7128;5498;9381;Fr,28.11.;
2025;NOV;1619;Breitenfurter Straße II;B;13;Zentrum;LkwÄ;356;430;425;433;426;232;194;445;Di,18.11.;
2025;NOV;1619;Breitenfurter Straße II;B;13;Gesamt;Kfz;15816;17613;17230;17498;18341;14473;10724;18871;Fr,28.11.;
2025;NOV;1619;Breitenfurter Straße II;B;13;Gesamt;LkwÄ;664;803;811;805;789;422;364;848;Mo,17.11.;
2025;NOV;1620;Endresstraße;G;0;Mauerer Hauptplatz;Kfz;2872;3254;3142;3253;3369;2323;1964;3607;Fr,07.11.;
2025;NOV;1620;Endresstraße;G;0;Mauerer Hauptplatz;LkwÄ;169;217;210;218;220;75;71;246;Mo,10.11.;
2025;NOV;1620;Endresstraße;G;0;Atzgersdorf;Kfz;1763;2058;1940;2134;1946;1208;1154;2335;Fr,07.11.;
2025;NOV;1620;Endresstraße;G;0;Atzgersdorf;LkwÄ;237;302;288;315;277;111;104;331;Di,18.11.;
2025;NOV;1620;Endresstraße;G;0;Gesamt;Kfz;4635;5312;5082;5387;5316;3530;3118;5942;Fr,07.11.;
2025;NOV;1620;Endresstraße;G;0;Gesamt;LkwÄ;406;519;499;533;496;186;175;559;Mo,10.11.;
2025;NOV;1621;Währinger Gürtel;B;221;Liechtenwerder Platz;Kfz;33265;33192;31521;33099;35140;35858;31783;36838;Sa,15.11.;
2025;NOV;1621;Währinger Gürtel;B;221;Liechtenwerder Platz;LkwÄ;1706;2230;2178;2323;2000;925;481;2496;Do,27.11.;
2025;NOV;1621;Währinger Gürtel;B;221;Wienzeile;Kfz;38244;38718;37322;38487;40805;40155;35392;42211;Sa,08.11.;
2025;NOV;1621;Währinger Gürtel;B;221;Wienzeile;LkwÄ;2280;2969;2853;3110;2664;1236;676;3323;Mo,24.11.;
2025;NOV;1621;Währinger Gürtel;B;221;Gesamt;Kfz;71510;71910;68843;71586;75946;76013;67175;77551;Sa,08.11.;
2025;NOV;1621;Währinger Gürtel;B;221;Gesamt;LkwÄ;3985;5199;5032;5433;4663;2161;1157;5740;Mo,24.11.;
2025;NOV;1622;Himberger Straße II;B;16;Zentrum;Kfz;4647;5335;5138;5438;5224;3721;2969;5895;Di,04.11.;
2025;NOV;1622;Himberger Straße II;B;16;Zentrum;LkwÄ;246;357;366;375;294;38;16;471;Di,04.11.;
2025;NOV;1622;Himberger Straße II;B;16;Leopoldsdorfer Str.;Kfz;5343;6269;5942;6343;6373;4214;3007;6624;Do,06.11.;
2025;NOV;1622;Himberger Straße II;B;16;Leopoldsdorfer Str.;LkwÄ;711;968;906;1007;912;267;153;1171;Di,04.11.;
2025;NOV;1622;Himberger Straße II;B;16;Gesamt;Kfz;9989;11604;11080;11781;11597;7936;5976;12410;Di,04.11.;
2025;NOV;1622;Himberger Straße II;B;16;Gesamt;LkwÄ;958;1325;1271;1382;1206;305;169;1642;Di,04.11.;
2025;NOV;1623;Breitenleer Straße II;G;0;Stadteinwärts;Kfz;6283;6854;6768;6815;7057;5912;4630;7366;Fr,07.11.;
2025;NOV;1623;Breitenleer Straße II;G;0;Stadteinwärts;LkwÄ;529;691;670;720;629;268;162;787;Mi,26.11.;
2025;NOV;1623;Breitenleer Straße II;G;0;Stadtauswärts;Kfz;7374;8160;7747;8153;8592;6726;5187;8882;Fr,07.11.;
2025;NOV;1623;Breitenleer Straße II;G;0;Stadtauswärts;LkwÄ;603;769;736;798;716;340;225;866;Mo,24.11.;
2025;NOV;1623;Breitenleer Straße II;G;0;Gesamt;Kfz;13657;15013;14515;14968;15649;12638;9817;16248;Fr,07.11.;
2025;NOV;1623;Breitenleer Straße II;G;0;Gesamt;LkwÄ;1132;1461;1406;1518;1345;607;387;1650;Mi,26.11.;
2025;NOV;1624;Seyringer Straße;G;0;Wassermanngasse;Kfz;6578;7212;7024;7104;7724;6697;4388;8109;Fr,28.11.;
2025;NOV;1624;Seyringer Straße;G;0;Wassermanngasse;LkwÄ;296;421;402;456;332;69;31;513;Do,27.11.;
2025;NOV;1624;Seyringer Straße;G;0;Ernst-Kein-Gasse;Kfz;5992;6651;6695;6564;6869;5862;3879;9041;Di,25.11.;
2025;NOV;1624;Seyringer Straße;G;0;Ernst-Kein-Gasse;LkwÄ;330;461;465;489;376;100;44;548;Mi,26.11.;
2025;NOV;1624;Seyringer Straße;G;0;Gesamt;Kfz;12570;13863;13718;13668;14592;12559;8267;15887;Di,25.11.;
2025;NOV;1624;Seyringer Straße;G;0;Gesamt;LkwÄ;625;882;867;945;708;169;74;1043;Do,27.11.;
2025;NOV;1625;Favoritenstraße;G;0;Karlsplatz (Zentrum);Kfz;9620;10222;9766;10231;10649;9388;7768;10796;Fr,28.11.;
2025;NOV;1625;Favoritenstraße;G;0;Karlsplatz (Zentrum);LkwÄ;157;216;223;222;188;61;27;249;Do,27.11.;
2025;NOV;1625;Favoritenstraße;G;0;Südtiroler Platz;Kfz;2989;3205;3026;3232;3305;2900;2329;3383;Do,27.11.;
2025;NOV;1625;Favoritenstraße;G;0;Südtiroler Platz;LkwÄ;199;255;242;265;237;124;64;297;Do,13.11.;
2025;NOV;1625;Favoritenstraße;G;0;Gesamt;Kfz;12609;13427;12792;13463;13954;12289;10096;14171;Fr,28.11.;
2025;NOV;1625;Favoritenstraße;G;0;Gesamt;LkwÄ;356;470;465;487;425;185;92;540;Do,27.11.;
2025;NOV;1626;Ludwig-van-Höhnel-Gasse;B;225;Verteilerkreis;Kfz;8188;8663;8478;8528;9252;8114;6653;9649;Fr,28.11.;
2025;NOV;1626;Ludwig-van-Höhnel-Gasse;B;225;Verteilerkreis;LkwÄ;285;370;382;375;342;132;103;465;Mo,17.11.;
2025;NOV;1626;Ludwig-van-Höhnel-Gasse;B;225;Laaer-Berg-Str.;Kfz;9845;10156;9868;10052;10752;10037;8681;10891;Fr,07.11.;
2025;NOV;1626;Ludwig-van-Höhnel-Gasse;B;225;Laaer-Berg-Str.;LkwÄ;650;839;866;849;780;338;231;903;Mo,03.11.;
2025;NOV;1626;Ludwig-van-Höhnel-Gasse;B;225;Gesamt;Kfz;18032;18818;18346;18580;20004;18151;15334;20532;Fr,28.11.;
2025;NOV;1626;Ludwig-van-Höhnel-Gasse;B;225;Gesamt;LkwÄ;935;1208;1248;1224;1122;470;334;1327;*Mo,17.11.;
2025;NOV;1627;Felberstraße;B;224;Neubauguertel;Kfz;9271;9577;9356;9475;10102;9302;8233;10223;Fr,28.11.;
2025;NOV;1627;Felberstraße;B;224;Neubauguertel;LkwÄ;459;593;606;608;534;260;147;730;Di,25.11.;
2025;NOV;1627;Felberstraße;B;224;Schweglerstraße;Kfz;8298;8486;8059;8502;8864;8444;7576;9166;Fr,28.11.;
2025;NOV;1627;Felberstraße;B;224;Schweglerstraße;LkwÄ;45;56;51;59;51;36;16;71;Mi,19.11.;
2025;NOV;1627;Felberstraße;B;224;Gesamt;Kfz;17570;18062;17416;17977;18966;17746;15810;19389;Fr,28.11.;
2025;NOV;1627;Felberstraße;B;224;Gesamt;LkwÄ;504;648;657;667;585;296;163;799;Di,25.11.;420
2025;OKT;1075;Reichsbrücke;B;8;Leopoldstadt;Kfz;49419;50107;49268;50770;48920;47647;47235;53320;Di,14.10.;
2025;OKT;1075;Reichsbrücke;B;8;Leopoldstadt;LkwÄ;4892;4760;5080;4831;4306;4804;5740;6493;So,26.10.;
2025;OKT;1075;Reichsbrücke;B;8;Donaustadt;Kfz;17579;17453;16296;17583;18013;18108;17780;26240;Sa,04.10.;
2025;OKT;1075;Reichsbrücke;B;8;Donaustadt;LkwÄ;317;356;361;363;331;232;176;411;Di,07.10.;
2025;OKT;1075;Reichsbrücke;B;8;Gesamt;Kfz;66998;67560;65564;68354;66932;65754;65015;72692;Sa,04.10.;
2025;OKT;1075;Reichsbrücke;B;8;Gesamt;LkwÄ;5209;5116;5441;5194;4637;5037;5916;6617;So,26.10.;
2025;OKT;1078;Westbahnhof;B;221;Wienzeile;Kfz;36293;36586;34898;36373;38532;37824;33076;39754;*Sa,11.10.;
2025;OKT;1078;Westbahnhof;B;221;Wienzeile;LkwÄ;802;959;956;997;856;420;277;1037;Do,23.10.;
2025;OKT;1078;Westbahnhof;B;221;Stadthalle;Kfz;32034;31640;30737;31053;34006;34445;31885;34670;*Sa,11.10.;
2025;OKT;1078;Westbahnhof;B;221;Stadthalle;LkwÄ;805;950;960;980;860;452;323;1043;Mi,29.10.;
2025;OKT;1078;Westbahnhof;B;221;Gesamt;Kfz;68326;68226;65634;67426;72538;72269;64961;74424;*Sa,11.10.;
2025;OKT;1078;Westbahnhof;B;221;Gesamt;LkwÄ;1607;1910;1917;1977;1716;872;600;2064;Do,23.10.;
2025;OKT;1089;Floridsdorf-Br.;B;226;Brigittenau;Kfz;15060;16093;15408;16356;15907;13576;10602;17324;Do,23.10.;
2025;OKT;1089;Floridsdorf-Br.;B;226;Brigittenau;LkwÄ;319;395;400;416;331;125;79;452;Do,23.10.;
2025;OKT;1089;Floridsdorf-Br.;B;226;Floridsdorf;Kfz;13912;14567;13610;14704;14949;13198;10862;16183;Fr,17.10.;
2025;OKT;1089;Floridsdorf-Br.;B;226;Floridsdorf;LkwÄ;312;384;390;401;334;129;78;446;Di,21.10.;
2025;OKT;1089;Floridsdorf-Br.;B;226;Gesamt;Kfz;28972;30660;29018;31060;30856;26773;21464;31875;Di,21.10.;
2025;OKT;1089;Floridsdorf-Br.;B;226;Gesamt;LkwÄ;631;779;791;817;665;254;158;893;Di,21.10.;
2025;OKT;1096;Brigittenauer Brücke;B;14;Brigittenau;Kfz;12531;13392;12626;13756;12988;10461;9646;14456;*Di,07.10.;
2025;OKT;1096;Brigittenauer Brücke;B;14;Brigittenau;LkwÄ;260;329;342;347;269;72;47;387;*Di,21.10.;
2025;OKT;1096;Brigittenauer Brücke;B;14;Floridsdorf;Kfz;11750;12329;11256;12429;12905;11100;9070;13484;*Fr,03.10.;
2025;OKT;1096;Brigittenauer Brücke;B;14;Floridsdorf;LkwÄ;319;378;371;391;345;183;115;432;*Do,02.10.;
2025;OKT;1096;Brigittenauer Brücke;B;14;Gesamt;Kfz;24280;25721;23882;26185;25892;21561;18717;27031;*Do,09.10.;
2025;OKT;1096;Brigittenauer Brücke;B;14;Gesamt;LkwÄ;578;707;712;738;615;256;162;788;*Do,02.10.;
2025;OKT;1131;Karlsplatz;B;1;Heumarkt;Kfz;19987;20976;19535;21206;21484;18307;15978;22296;Do,09.10.;
2025;OKT;1131;Karlsplatz;B;1;Heumarkt;LkwÄ;633;718;679;746;671;445;335;837;Mi,22.10.;
2025;OKT;1131;Karlsplatz;B;1;Wienzeile;Kfz;13325;14249;13411;14508;14193;11705;9631;15465;Mi,15.10.;
2025;OKT;1131;Karlsplatz;B;1;Wienzeile;LkwÄ;522;579;548;602;538;426;288;692;Mi,08.10.;
2025;OKT;1131;Karlsplatz;B;1;Gesamt;Kfz;33312;35225;32946;35715;35677;30012;25610;37575;Do,23.10.;
2025;OKT;1131;Karlsplatz;B;1;Gesamt;LkwÄ;1155;1297;1226;1348;1209;871;622;1501;Mi,08.10.;
2025;OKT;1170;Donaukanal Straße;B;227;1171-Obere Donaustr.;Kfz;24081;24163;23277;23941;25493;24926;22759;26740;Fr,03.10.;
2025;OKT;1170;Donaukanal Straße;B;227;1171-Obere Donaustr.;LkwÄ;743;848;860;866;790;508;370;941;Mi,08.10.;
2025;OKT;1170;Donaukanal Straße;B;227;1172-Franz-Josef-Kai;Kfz;37951;39492;38771;38992;41468;36228;30811;42650;Fr,17.10.;
2025;OKT;1170;Donaukanal Straße;B;227;1172-Franz-Josef-Kai;LkwÄ;1766;2077;2058;2142;1908;1077;666;2290;Do,02.10.;
2025;OKT;1170;Donaukanal Straße;B;227;Gesamt;Kfz;62031;63655;62048;62934;66962;61154;53570;68704;Fr,17.10.;
2025;OKT;1170;Donaukanal Straße;B;227;Gesamt;LkwÄ;2508;2925;2918;3008;2698;1584;1037;3145;Do,02.10.;
2025;OKT;1177;Handelskai;B;14;Klosterneuburg;Kfz;12674;13339;12843;13441;13450;11876;9646;15323;Do,09.10.;
2025;OKT;1177;Handelskai;B;14;Klosterneuburg;LkwÄ;597;733;701;781;622;244;166;850;Mi,08.10.;
2025;OKT;1177;Handelskai;B;14;Freudenau;Kfz;14300;15691;14673;15893;15937;11536;9065;17890;Do,09.10.;
2025;OKT;1177;Handelskai;B;14;Freudenau;LkwÄ;665;837;792;888;732;208;128;946;Do,02.10.;
2025;OKT;1177;Handelskai;B;14;Gesamt;Kfz;26973;29030;27516;29334;29387;23412;18711;33213;Do,09.10.;
2025;OKT;1177;Handelskai;B;14;Gesamt;LkwÄ;1261;1570;1493;1669;1354;453;295;1782;Do,02.10.;
2025;OKT;1179;Brunner Straße;B;12;Zentrum;Kfz;13931;15237;14791;15349;15279;11991;8364;15686;Do,30.10.;
2025;OKT;1179;Brunner Straße;B;12;Zentrum;LkwÄ;1104;1384;1400;1420;1272;374;219;1508;Do,16.10.;
2025;OKT;1179;Brunner Straße;B;12;Brunn am Gebirge;Kfz;17805;19175;18626;19162;19651;15907;11830;19956;Fr,03.10.;
2025;OKT;1179;Brunner Straße;B;12;Brunn am Gebirge;LkwÄ;1290;1607;1642;1647;1466;474;284;1749;Mo,20.10.;
2025;OKT;1179;Brunner Straße;B;12;Gesamt;Kfz;31736;34411;33417;34510;34930;27898;20194;35541;Fr,03.10.;
2025;OKT;1179;Brunner Straße;B;12;Gesamt;LkwÄ;2394;2991;3042;3067;2738;848;504;3205;Mo,20.10.;
2025;OKT;1180;Hochstraße;B;13;Zentrum;Kfz;5142;5523;5019;5568;5798;4628;3469;5944;Fr,17.10.;
2025;OKT;1180;Hochstraße;B;13;Zentrum;LkwÄ;250;301;268;317;281;127;82;357;Do,16.10.;
2025;OKT;1180;Hochstraße;B;13;Perchtoldsdorf;Kfz;5370;5804;5230;5823;6212;4744;3494;6459;Fr,17.10.;
2025;OKT;1180;Hochstraße;B;13;Perchtoldsdorf;LkwÄ;255;309;284;323;290;122;81;360;Di,21.10.;
2025;OKT;1180;Hochstraße;B;13;Gesamt;Kfz;10512;11327;10250;11391;12011;9372;6964;12403;Fr,17.10.;
2025;OKT;1180;Hochstraße;B;13;Gesamt;LkwÄ;505;610;552;640;571;249;163;699;Do,16.10.;
2025;OKT;1181;Breitenfurter Straße;B;13;Zentrum;Kfz;6631;6969;6644;6989;7171;6110;5213;7437;Fr,03.10.;
2025;OKT;1181;Breitenfurter Straße;B;13;Zentrum;LkwÄ;218;257;255;262;246;128;84;305;Do,02.10.;
2025;OKT;1181;Breitenfurter Straße;B;13;Breitenfurt;Kfz;6562;6961;6657;7011;7063;5848;4986;7245;Do,23.10.;
2025;OKT;1181;Breitenfurter Straße;B;13;Breitenfurt;LkwÄ;224;262;258;269;248;133;93;294;Do,16.10.;
2025;OKT;1181;Breitenfurter Straße;B;13;Gesamt;Kfz;13194;13930;13301;14000;14235;11958;10198;14673;Fr,03.10.;
2025;OKT;1181;Breitenfurter Straße;B;13;Gesamt;LkwÄ;442;519;513;530;494;260;177;583;Do,02.10.;
2025;OKT;1182;Simmeringer Hptstr.;B;225;Zentrum;Kfz;-29;-29;-29;-29;-29;-29;-29;-29;0.00.;
2025;OKT;1182;Simmeringer Hptstr.;B;225;Zentrum;LkwÄ;-29;-29;-29;-29;-29;-29;-29;-29;0.00.;
2025;OKT;1182;Simmeringer Hptstr.;B;225;Schwechat;Kfz;-29;-29;-29;-29;-29;-29;-29;-29;0.00.;
2025;OKT;1182;Simmeringer Hptstr.;B;225;Schwechat;LkwÄ;-29;-29;-29;-29;-29;-29;-29;-29;0.00.;
2025;OKT;1182;Simmeringer Hptstr.;B;225;Gesamt;Kfz;-29;-29;-29;-29;-29;-29;-29;-29;0.00.;
2025;OKT;1182;Simmeringer Hptstr.;B;225;Gesamt;LkwÄ;-29;-29;-29;-29;-29;-29;-29;-29;0.00.;
2025;OKT;1184;Himberger Straße;G;0;Zentrum;Kfz;5531;6062;5858;6073;6196;4560;3449;6350;Fr,03.10.;
2025;OKT;1184;Himberger Straße;G;0;Zentrum;LkwÄ;199;256;248;269;225;54;17;295;Mi,08.10.;
2025;OKT;1184;Himberger Straße;G;0;Leopoldsdorf;Kfz;5280;5779;5512;5793;5953;4332;3359;6104;Fr,03.10.;
2025;OKT;1184;Himberger Straße;G;0;Leopoldsdorf;LkwÄ;174;223;209;229;216;45;24;254;Do,23.10.;
2025;OKT;1184;Himberger Straße;G;0;Gesamt;Kfz;10811;11842;11370;11866;12149;8892;6808;12454;Fr,03.10.;
2025;OKT;1184;Himberger Straße;G;0;Gesamt;LkwÄ;373;479;457;498;440;98;41;531;Do,23.10.;
2025;OKT;1187;Triester Straße;B;17;Zentrum;Kfz;10491;11199;10928;11127;11616;10628;6283;12075;Fr,03.10.;
2025;OKT;1187;Triester Straße;B;17;Zentrum;LkwÄ;538;656;665;672;605;256;138;728;Di,14.10.;
2025;OKT;1187;Triester Straße;B;17;Wr. Neudorf;Kfz;9143;9887;9682;9872;10093;8492;5513;10328;Fr,31.10.;
2025;OKT;1187;Triester Straße;B;17;Wr. Neudorf;LkwÄ;477;589;602;606;532;178;134;649;Mo,20.10.;
2025;OKT;1187;Triester Straße;B;17;Gesamt;Kfz;19633;21086;20610;20999;21709;19120;11796;22270;Fr,03.10.;
2025;OKT;1187;Triester Straße;B;17;Gesamt;LkwÄ;1015;1245;1267;1277;1137;434;273;1353;Di,14.10.;
2025;OKT;1188;Altmannsdorfer Straße;B;224;Zentrum;Kfz;9690;10524;10534;10544;10459;9074;5511;10898;Do,23.10.;
2025;OKT;1188;Altmannsdorfer Straße;B;224;Zentrum;LkwÄ;390;488;511;510;410;131;86;626;Di,07.10.;
2025;OKT;1188;Altmannsdorfer Straße;B;224;Vösendorf;Kfz;9504;10302;10178;10242;10571;8913;5504;10826;Fr,03.10.;
2025;OKT;1188;Altmannsdorfer Straße;B;224;Vösendorf;LkwÄ;397;496;515;516;423;123;105;556;Mi,08.10.;
2025;OKT;1188;Altmannsdorfer Straße;B;224;Gesamt;Kfz;19193;20826;20712;20785;21029;17986;11015;21547;Fr,03.10.;
2025;OKT;1188;Altmannsdorfer Straße;B;224;Gesamt;LkwÄ;788;984;1026;1026;834;254;192;1181;Di,07.10.;
2025;OKT;1189;Shuttleworthstraße;B;229;Zentrum;Kfz;10393;11055;10762;10989;11475;9670;7311;11753;Fr,24.10.;
2025;OKT;1189;Shuttleworthstraße;B;229;Zentrum;LkwÄ;496;625;632;653;540;161;92;684;Mi,08.10.;
2025;OKT;1189;Shuttleworthstraße;B;229;Leopoldau;Kfz;10107;10948;10800;10971;11003;8643;6733;11285;Fr,03.10.;
2025;OKT;1189;Shuttleworthstraße;B;229;Leopoldau;LkwÄ;495;627;620;664;526;149;86;727;Mi,29.10.;
2025;OKT;1189;Shuttleworthstraße;B;229;Gesamt;Kfz;20500;22003;21562;21960;22478;18313;14044;22704;Fr,24.10.;
2025;OKT;1189;Shuttleworthstraße;B;229;Gesamt;LkwÄ;992;1252;1253;1317;1066;310;178;1403;Mi,29.10.;
2025;OKT;1190;Angyalföldstraße;B;3;Kagran;Kfz;7617;8099;7838;7997;8594;7411;5051;9052;Fr,03.10.;
2025;OKT;1190;Angyalföldstraße;B;3;Kagran;LkwÄ;257;319;326;330;280;91;69;397;Di,14.10.;
2025;OKT;1190;Angyalföldstraße;B;3;Floridsdorf;Kfz;5212;5476;5431;5354;5854;5142;3760;6048;Fr,03.10.;
2025;OKT;1190;Angyalföldstraße;B;3;Floridsdorf;LkwÄ;171;218;243;220;191;40;35;266;Di,14.10.;
2025;OKT;1190;Angyalföldstraße;B;3;Gesamt;Kfz;12829;13576;13269;13351;14448;12553;8811;15100;Fr,03.10.;
2025;OKT;1190;Angyalföldstraße;B;3;Gesamt;LkwÄ;428;536;569;551;470;131;104;663;Di,14.10.;
2025;OKT;1191;Wientalstraße;B;1;Zentrum;Kfz;27438;28365;26785;28454;29379;26489;23054;32422;Fr,03.10.;
2025;OKT;1191;Wientalstraße;B;1;Zentrum;LkwÄ;904;1043;1025;1081;952;624;383;1300;Mi,29.10.;
2025;OKT;1191;Wientalstraße;B;1;St. Pölten;Kfz;25034;25764;23549;25723;27651;24642;21224;28504;Fr,03.10.;
2025;OKT;1191;Wientalstraße;B;1;St. Pölten;LkwÄ;644;769;765;797;696;325;243;834;Mo,13.10.;
2025;OKT;1191;Wientalstraße;B;1;Gesamt;Kfz;52471;54129;50334;54177;57031;51131;44278;60926;Fr,03.10.;
2025;OKT;1191;Wientalstraße;B;1;Gesamt;LkwÄ;1548;1813;1790;1878;1648;949;626;2051;Mi,01.10.;
2025;OKT;1192;Hauptstraße;G;0;Zentrum;Kfz;5295;5602;5388;5521;6001;5330;3494;6279;Fr,31.10.;
2025;OKT;1192;Hauptstraße;G;0;Zentrum;LkwÄ;283;326;328;333;304;176;142;354;Mi,08.10.;
2025;OKT;1192;Hauptstraße;G;0;St. Pölten;Kfz;6301;6691;6538;6589;7100;6194;4165;7330;Fr,31.10.;
2025;OKT;1192;Hauptstraße;G;0;St. Pölten;LkwÄ;296;341;350;348;315;185;148;379;Mo,27.10.;
2025;OKT;1192;Hauptstraße;G;0;Gesamt;Kfz;11596;12293;11926;12109;13101;11524;7659;13609;Fr,31.10.;
2025;OKT;1192;Hauptstraße;G;0;Gesamt;LkwÄ;579;667;678;680;620;361;291;713;Mi,08.10.;
2025;OKT;1193;Heiligenstädter Straße;B;14;Zentrum;Kfz;16678;17713;17077;17880;17755;15046;12356;18779;Do,16.10.;
2025;OKT;1193;Heiligenstädter Straße;B;14;Zentrum;LkwÄ;732;894;920;924;789;345;184;1041;Do,02.10.;
2025;OKT;1193;Heiligenstädter Straße;B;14;Klosterneuburg;Kfz;16444;17455;16960;17632;17353;14660;12418;18367;Do,16.10.;
2025;OKT;1193;Heiligenstädter Straße;B;14;Klosterneuburg;LkwÄ;729;893;924;926;776;338;179;1043;Do,02.10.;
2025;OKT;1193;Heiligenstädter Straße;B;14;Gesamt;Kfz;33122;35168;34038;35512;35109;29705;24774;37146;Do,16.10.;
2025;OKT;1193;Heiligenstädter Straße;B;14;Gesamt;LkwÄ;1461;1787;1844;1850;1564;683;362;2084;Do,02.10.;
2025;OKT;1194;Prager Straße;B;3;Zentrum;Kfz;4931;5363;5117;5227;5941;5116;2266;6137;Fr,31.10.;
2025;OKT;1194;Prager Straße;B;3;Zentrum;LkwÄ;183;226;221;234;208;78;38;255;Mi,15.10.;
2025;OKT;1194;Prager Straße;B;3;Langenzersd.;Kfz;4706;5147;4942;5016;5675;4799;2081;6000;Fr,31.10.;
2025;OKT;1194;Prager Straße;B;3;Langenzersd.;LkwÄ;176;219;216;227;201;74;32;256;Mi,01.10.;
2025;OKT;1194;Prager Straße;B;3;Gesamt;Kfz;9638;10509;10059;10243;11616;9915;4347;12137;Fr,31.10.;
2025;OKT;1194;Prager Straße;B;3;Gesamt;LkwÄ;359;445;438;460;410;152;70;508;Mi,15.10.;
2025;OKT;1195;Wagramer Straße;B;8;Zentrum;Kfz;3685;3991;3852;4000;4079;3274;2332;4197;Fr,24.10.;
2025;OKT;1195;Wagramer Straße;B;8;Zentrum;LkwÄ;153;185;172;198;160;74;43;223;Mi,08.10.;
2025;OKT;1195;Wagramer Straße;B;8;Süßenbrunn;Kfz;3679;3937;3767;3920;4120;3368;2503;4334;Fr,03.10.;
2025;OKT;1195;Wagramer Straße;B;8;Süßenbrunn;LkwÄ;170;205;187;215;190;89;53;237;Di,21.10.;
2025;OKT;1195;Wagramer Straße;B;8;Gesamt;Kfz;7363;7928;7619;7920;8199;6642;4835;8517;Fr,03.10.;
2025;OKT;1195;Wagramer Straße;B;8;Gesamt;LkwÄ;323;390;360;413;349;163;96;439;Mi,08.10.;
2025;OKT;1196;Erzherzog-Karl-Str.;B;3;Groß-Enzersdorf;Kfz;11228;12113;11656;12014;12755;10116;7254;13542;Fr,24.10.;
2025;OKT;1196;Erzherzog-Karl-Str.;B;3;Groß-Enzersdorf;LkwÄ;216;264;278;273;224;90;72;311;Do,16.10.;
2025;OKT;1196;Erzherzog-Karl-Str.;B;3;Kagran;Kfz;11714;12478;11979;12416;13053;10537;8496;13789;Fr,03.10.;
2025;OKT;1196;Erzherzog-Karl-Str.;B;3;Kagran;LkwÄ;435;507;510;516;481;238;219;554;Do,16.10.;
2025;OKT;1196;Erzherzog-Karl-Str.;B;3;Gesamt;Kfz;22942;24591;23636;24429;25808;20653;15749;26963;Fr,24.10.;
2025;OKT;1196;Erzherzog-Karl-Str.;B;3;Gesamt;LkwÄ;652;771;788;790;705;327;291;865;Do,16.10.;
2025;OKT;1198;Brünner Straße;B;7;Zentrum;Kfz;9228;9879;9625;9717;10536;9273;5441;10893;Fr,31.10.;
2025;OKT;1198;Brünner Straße;B;7;Zentrum;LkwÄ;436;539;560;551;489;202;80;617;Mo,20.10.;
2025;OKT;1198;Brünner Straße;B;7;Wolkersdorf;Kfz;7910;8458;8118;8386;8932;7873;4790;9400;Fr,03.10.;
2025;OKT;1198;Brünner Straße;B;7;Wolkersdorf;LkwÄ;412;503;517;516;456;217;82;563;Mo,20.10.;
2025;OKT;1198;Brünner Straße;B;7;Gesamt;Kfz;17138;18337;17744;18103;19468;17146;10230;20232;Fr,03.10.;
2025;OKT;1198;Brünner Straße;B;7;Gesamt;LkwÄ;848;1042;1078;1067;945;418;162;1180;Mo,20.10.;
2025;OKT;1199;Eßlinger Hauptstraße;B;3;Zentrum;Kfz;8758;9145;8700;8985;9946;8434;6859;10617;Fr,31.10.;
2025;OKT;1199;Eßlinger Hauptstraße;B;3;Zentrum;LkwÄ;564;680;682;695;635;260;203;742;Mi,01.10.;
2025;OKT;1199;Eßlinger Hauptstraße;B;3;Groß-Enzersdorf;Kfz;8498;8857;8403;8707;9641;8177;6756;10301;Fr,31.10.;
2025;OKT;1199;Eßlinger Hauptstraße;B;3;Groß-Enzersdorf;LkwÄ;534;644;647;658;601;243;194;717;Do,16.10.;
2025;OKT;1199;Eßlinger Hauptstraße;B;3;Gesamt;Kfz;17256;18002;17103;17692;19588;16612;13615;20918;Fr,31.10.;
2025;OKT;1199;Eßlinger Hauptstraße;B;3;Gesamt;LkwÄ;1098;1324;1329;1353;1237;503;397;1440;Do,16.10.;
2025;OKT;1200;Vorarlberger Allee West;G;0;Zentrum;Kfz;7030;8288;8465;8469;7637;4147;2683;8960;Mo,13.10.;
2025;OKT;1200;Vorarlberger Allee West;G;0;Zentrum;LkwÄ;816;1036;1120;1066;886;224;139;1292;Mo,13.10.;
2025;OKT;1200;Vorarlberger Allee West;G;0;S1;Kfz;7076;8201;7938;8399;7856;4554;3132;8682;Do,30.10.;
2025;OKT;1200;Vorarlberger Allee West;G;0;S1;LkwÄ;905;1148;1146;1187;1039;254;158;1258;Di,14.10.;
2025;OKT;1200;Vorarlberger Allee West;G;0;Gesamt;Kfz;14107;16489;16403;16869;15494;8701;5816;17321;Do,02.10.;
2025;OKT;1200;Vorarlberger Allee West;G;0;Gesamt;LkwÄ;1720;2184;2267;2252;1925;478;297;2517;Mo,13.10.;
2025;OKT;1201;Vorarlberger Allee Ost;G;0;Laxenburger Str.;Kfz;3570;4300;4179;4398;4124;1911;1031;4858;Do,02.10.;
2025;OKT;1201;Vorarlberger Allee Ost;G;0;Laxenburger Str.;LkwÄ;816;1023;1026;1062;913;261;180;1112;Do,09.10.;
2025;OKT;1201;Vorarlberger Allee Ost;G;0;S1;Kfz;3464;4189;4267;4258;3934;1824;936;4482;Do,09.10.;
2025;OKT;1201;Vorarlberger Allee Ost;G;0;S1;LkwÄ;652;823;867;851;709;192;126;908;Do,09.10.;
2025;OKT;1201;Vorarlberger Allee Ost;G;0;Gesamt;Kfz;7034;8489;8446;8656;8059;3735;1967;9273;Do,02.10.;
2025;OKT;1201;Vorarlberger Allee Ost;G;0;Gesamt;LkwÄ;1468;1846;1893;1912;1622;454;306;2020;Do,09.10.;
2025;OKT;1202;Spange Vösendorf;G;0;Vösendorf;Kfz;6709;7605;7658;7692;7321;5166;3096;8096;Mo,13.10.;
2025;OKT;1202;Spange Vösendorf;G;0;Vösendorf;LkwÄ;415;542;581;568;437;61;37;689;Mo,13.10.;
2025;OKT;1202;Spange Vösendorf;G;0;S1;Kfz;6433;7329;7162;7391;7287;4984;2733;7796;Do,30.10.;
2025;OKT;1202;Spange Vösendorf;G;0;S1;LkwÄ;383;500;544;523;401;61;31;602;Mo,13.10.;
2025;OKT;1202;Spange Vösendorf;G;0;Gesamt;Kfz;13142;14934;14819;15083;14608;10150;5829;15832;Do,02.10.;
2025;OKT;1202;Spange Vösendorf;G;0;Gesamt;LkwÄ;798;1042;1126;1092;838;122;68;1291;Mo,13.10.;
2025;OKT;1203;Maria-Theresien-Straße;G;0;Franz-Josef-Kai;Kfz;12240;13087;11725;13398;13306;10952;8658;14252;Do,09.10.;
2025;OKT;1203;Maria-Theresien-Straße;G;0;Franz-Josef-Kai;LkwÄ;425;508;494;530;459;221;150;585;Do,16.10.;
2025;OKT;1203;Maria-Theresien-Straße;G;0;-;Kfz;-29;-29;-29;-29;-29;-29;-29;-29;0.00.;
2025;OKT;1203;Maria-Theresien-Straße;G;0;-;LkwÄ;-29;-29;-29;-29;-29;-29;-29;-29;0.00.;
2025;OKT;1203;Maria-Theresien-Straße;G;0;Gesamt;Kfz;-29;-29;-29;-29;-29;-29;-29;-29;0.00.;
2025;OKT;1203;Maria-Theresien-Straße;G;0;Gesamt;LkwÄ;-29;-29;-29;-29;-29;-29;-29;-29;0.00.;
2025;OKT;1204;Türkenstraße;G;0;Währinger Straße;Kfz;15881;17136;16510;17459;16733;13355;11191;18591;Do,09.10.;
2025;OKT;1204;Türkenstraße;G;0;Währinger Straße;LkwÄ;443;543;583;560;462;192;120;657;Do,23.10.;
2025;OKT;1204;Türkenstraße;G;0;-;Kfz;-29;-29;-29;-29;-29;-29;-29;-29;0.00.;
2025;OKT;1204;Türkenstraße;G;0;-;LkwÄ;-29;-29;-29;-29;-29;-29;-29;-29;0.00.;
2025;OKT;1204;Türkenstraße;G;0;Gesamt;Kfz;-29;-29;-29;-29;-29;-29;-29;-29;0.00.;
2025;OKT;1204;Türkenstraße;G;0;Gesamt;LkwÄ;-29;-29;-29;-29;-29;-29;-29;-29;0.00.;
2025;OKT;1205;Hernalser Hauptstraße;G;0;Zentrum;Kfz;8858;9087;8650;9086;9441;8675;7721;9568;Fr,31.10.;
2025;OKT;1205;Hernalser Hauptstraße;G;0;Zentrum;LkwÄ;206;252;242;266;221;96;47;292;Di,21.10.;
2025;OKT;1205;Hernalser Hauptstraße;G;0;Dornbach;Kfz;7539;7722;7494;7684;8011;7406;6620;8057;Fr,10.10.;
2025;OKT;1205;Hernalser Hauptstraße;G;0;Dornbach;LkwÄ;152;188;198;194;165;63;31;230;Mi,29.10.;
2025;OKT;1205;Hernalser Hauptstraße;G;0;Gesamt;Kfz;16397;16809;16144;16770;17451;16082;14341;17541;Fr,17.10.;
2025;OKT;1205;Hernalser Hauptstraße;G;0;Gesamt;LkwÄ;357;441;440;460;386;158;78;515;Mi,29.10.;
2025;OKT;1206;Hütteldorfer Straße;G;0;Zentrum;Kfz;-29;-29;-29;-29;-29;-29;-29;-29;0.00.;
2025;OKT;1206;Hütteldorfer Straße;G;0;Zentrum;LkwÄ;-29;-29;-29;-29;-29;-29;-29;-29;0.00.;
2025;OKT;1206;Hütteldorfer Straße;G;0;Hütteldorf;Kfz;-29;-29;-29;-29;-29;-29;-29;-29;0.00.;
2025;OKT;1206;Hütteldorfer Straße;G;0;Hütteldorf;LkwÄ;-29;-29;-29;-29;-29;-29;-29;-29;0.00.;
2025;OKT;1206;Hütteldorfer Straße;G;0;Gesamt;Kfz;-29;-29;-29;-29;-29;-29;-29;-29;0.00.;
2025;OKT;1206;Hütteldorfer Straße;G;0;Gesamt;LkwÄ;-29;-29;-29;-29;-29;-29;-29;-29;0.00.;
2025;OKT;1207;Altmannsdorfer Straße II;B;224;Zentrum;Kfz;21390;22082;21215;21963;23108;19407;19391;23215;Fr,17.10.;
2025;OKT;1207;Altmannsdorfer Straße II;B;224;Zentrum;LkwÄ;995;1256;1270;1294;1139;288;200;1399;Do,30.10.;
2025;OKT;1207;Altmannsdorfer Straße II;B;224;Vösendorf;Kfz;25585;26722;25708;26844;27191;24282;20353;29867;*Di,28.10.;
2025;OKT;1207;Altmannsdorfer Straße II;B;224;Vösendorf;LkwÄ;1091;1371;1337;1453;1167;372;202;2421;*Di,28.10.;
2025;OKT;1207;Altmannsdorfer Straße II;B;224;Gesamt;Kfz;46975;48804;46923;48808;50298;43689;39744;50903;Fr,17.10.;
2025;OKT;1207;Altmannsdorfer Straße II;B;224;Gesamt;LkwÄ;2086;2627;2607;2747;2307;661;402;3652;*Di,28.10.;
2025;OKT;1208;Wienerbergstraße;B;225;Breitenfurter Straße;Kfz;10826;11675;11526;12002;10879;9266;7502;12659;Mi,01.10.;
2025;OKT;1208;Wienerbergstraße;B;225;Breitenfurter Straße;LkwÄ;563;658;666;685;575;315;269;728;Do,09.10.;
2025;OKT;1208;Wienerbergstraße;B;225;Triester Straße;Kfz;9425;10407;10172;10562;10161;7257;5944;11078;Mi,01.10.;
2025;OKT;1208;Wienerbergstraße;B;225;Triester Straße;LkwÄ;592;705;714;720;654;292;244;766;Do,02.10.;
2025;OKT;1208;Wienerbergstraße;B;225;Gesamt;Kfz;20251;22082;21698;22564;21040;16522;13447;23737;Mi,01.10.;
2025;OKT;1208;Wienerbergstraße;B;225;Gesamt;LkwÄ;1155;1362;1380;1404;1229;607;513;1456;Do,02.10.;
2025;OKT;1209;Atzgersdorfer Straße;G;0;Stranzenberg Brücke;Kfz;8849;9571;9171;9716;9486;7555;5988;10493;Do,23.10.;
2025;OKT;1209;Atzgersdorfer Straße;G;0;Stranzenberg Brücke;LkwÄ;247;298;306;303;277;118;78;343;Mi,15.10.;
2025;OKT;1209;Atzgersdorfer Straße;G;0;Rosenhügelstraße;Kfz;9733;10609;10051;10738;10695;7888;6537;11453;Do,23.10.;
2025;OKT;1209;Atzgersdorfer Straße;G;0;Rosenhügelstraße;LkwÄ;254;308;305;313;298;120;79;362;Mi,15.10.;
2025;OKT;1209;Atzgersdorfer Straße;G;0;Gesamt;Kfz;18581;20180;19222;20454;20181;15443;12526;21946;Do,23.10.;
2025;OKT;1209;Atzgersdorfer Straße;G;0;Gesamt;LkwÄ;501;606;611;616;575;238;158;705;Mi,15.10.;
2025;OKT;1210;Koppstraße;B;223;stadtauswärts;Kfz;15892;16268;15672;16196;16944;15392;14233;17127;Fr,10.10.;
2025;OKT;1210;Koppstraße;B;223;stadtauswärts;LkwÄ;450;533;555;542;488;241;187;586;Mo,20.10.;
2025;OKT;1210;Koppstraße;B;223;Einbahnstraße;Kfz;-29;-29;-29;-29;-29;-29;-29;-29;0.00.;
2025;OKT;1210;Koppstraße;B;223;Einbahnstraße;LkwÄ;-29;-29;-29;-29;-29;-29;-29;-29;0.00.;
2025;OKT;1210;Koppstraße;B;223;Gesamt;Kfz;-29;-29;-29;-29;-29;-29;-29;-29;0.00.;
2025;OKT;1210;Koppstraße;B;223;Gesamt;LkwÄ;-29;-29;-29;-29;-29;-29;-29;-29;0.00.;
2025;OKT;1211;Laxenburger Straße II;B;230;Zentrum;Kfz;6772;7730;7478;7778;7798;4720;3318;8916;Di,14.10.;
2025;OKT;1211;Laxenburger Straße II;B;230;Zentrum;LkwÄ;1482;1806;1767;1846;1722;659;442;2312;*Do,30.10.;
2025;OKT;1211;Laxenburger Straße II;B;230;S1;Kfz;8672;10163;10001;10399;9633;5108;3665;10997;Do,02.10.;
2025;OKT;1211;Laxenburger Straße II;B;230;S1;LkwÄ;1887;2329;2324;2422;2073;675;557;2826;Do,30.10.;
2025;OKT;1211;Laxenburger Straße II;B;230;Gesamt;Kfz;15444;17893;17479;18176;17431;9828;6982;19263;Do,16.10.;
2025;OKT;1211;Laxenburger Straße II;B;230;Gesamt;LkwÄ;3368;4134;4091;4268;3794;1334;999;5138;*Do,30.10.;
2025;OKT;1212;Donaustadtstraße II;B;3;A 23;Kfz;10782;11651;11228;11738;11748;9436;7131;12336;Fr,24.10.;
2025;OKT;1212;Donaustadtstraße II;B;3;A 23;LkwÄ;529;658;687;680;574;194;124;754;*Di,14.10.;
2025;OKT;1212;Donaustadtstraße II;B;3;Erzherzog-Karl-Str.;Kfz;8335;8840;8554;8798;9186;7622;6147;9578;Fr,17.10.;
2025;OKT;1212;Donaustadtstraße II;B;3;Erzherzog-Karl-Str.;LkwÄ;469;576;616;582;529;194;128;634;*Mo,13.10.;
2025;OKT;1212;Donaustadtstraße II;B;3;Gesamt;Kfz;19117;20491;19782;20536;20934;17058;13278;21480;Fr,03.10.;
2025;OKT;1212;Donaustadtstraße II;B;3;Gesamt;LkwÄ;998;1234;1302;1262;1103;388;252;1352;*Mi,01.10.;
2025;OKT;1213;Burggasse II;G;0;Zentrum;Kfz;8431;8698;8111;8717;9116;8034;7291;9388;Fr,17.10.;
2025;OKT;1213;Burggasse II;G;0;Zentrum;LkwÄ;380;432;424;436;427;218;241;471;*Mi,22.10.;
2025;OKT;1213;Burggasse II;G;0;Gablenzgasse;Kfz;-29;-29;-29;-29;-29;-29;-29;-29;0.00.;
2025;OKT;1213;Burggasse II;G;0;Gablenzgasse;LkwÄ;-29;-29;-29;-29;-29;-29;-29;-29;0.00.;
2025;OKT;1213;Burggasse II;G;0;Gesamt;Kfz;-29;-29;-29;-29;-29;-29;-29;-29;0.00.;
2025;OKT;1213;Burggasse II;G;0;Gesamt;LkwÄ;-29;-29;-29;-29;-29;-29;-29;-29;0.00.;
2025;OKT;1214;Neustiftgasse II;G;0;Koppstraße;Kfz;9972;10165;9536;10133;10757;10072;8765;10945;Fr,17.10.;
2025;OKT;1214;Neustiftgasse II;G;0;Koppstraße;LkwÄ;339;397;400;404;377;196;151;454;Di,21.10.;
2025;OKT;1214;Neustiftgasse II;G;0;Zentrum;Kfz;-29;-29;-29;-29;-29;-29;-29;-29;0.00.;
2025;OKT;1214;Neustiftgasse II;G;0;Zentrum;LkwÄ;-29;-29;-29;-29;-29;-29;-29;-29;0.00.;
2025;OKT;1214;Neustiftgasse II;G;0;Gesamt;Kfz;-29;-29;-29;-29;-29;-29;-29;-29;0.00.;
2025;OKT;1214;Neustiftgasse II;G;0;Gesamt;LkwÄ;-29;-29;-29;-29;-29;-29;-29;-29;0.00.;
2025;OKT;1215;Erzherzog-Karl-Straße III;B;3;Genochplatz;Kfz;12205;12416;11796;12245;13391;12358;10840;13690;Fr,31.10.;
2025;OKT;1215;Erzherzog-Karl-Straße III;B;3;Genochplatz;LkwÄ;632;778;799;802;695;245;174;875;Mi,01.10.;
2025;OKT;1215;Erzherzog-Karl-Straße III;B;3;Siegesplatz;Kfz;14405;14958;14357;14899;15601;13638;11991;15882;Fr,31.10.;
2025;OKT;1215;Erzherzog-Karl-Straße III;B;3;Siegesplatz;LkwÄ;653;808;816;834;728;241;178;911;Do,16.10.;
2025;OKT;1215;Erzherzog-Karl-Straße III;B;3;Gesamt;Kfz;26610;27374;26154;27144;28993;25996;22830;29572;Fr,31.10.;
2025;OKT;1215;Erzherzog-Karl-Straße III;B;3;Gesamt;LkwÄ;1285;1586;1615;1636;1423;486;353;1772;Mi,01.10.;
2025;OKT;1216;Perchtoldsdorfer Straße;G;0;stadteinwärts;Kfz;3638;3887;3680;3872;4095;3196;2646;4163;Fr,24.10.;
2025;OKT;1216;Perchtoldsdorfer Straße;G;0;stadteinwärts;LkwÄ;158;182;174;186;179;95;84;201;Do,16.10.;
2025;OKT;1216;Perchtoldsdorfer Straße;G;0;stadtauswärts;Kfz;3141;3372;3160;3346;3613;2694;2262;3718;Fr,10.10.;
2025;OKT;1216;Perchtoldsdorfer Straße;G;0;stadtauswärts;LkwÄ;106;122;119;125;117;66;52;136;Do,16.10.;
2025;OKT;1216;Perchtoldsdorfer Straße;G;0;Gesamt;Kfz;6779;7259;6840;7218;7708;5889;4908;7856;Fr,24.10.;
2025;OKT;1216;Perchtoldsdorfer Straße;G;0;Gesamt;LkwÄ;264;304;293;311;296;161;136;337;Do,16.10.;
2025;OKT;1217;Museumstraße;G;0;Landesgerichtsstraße;Kfz;6178;6684;6284;6909;6374;4836;4614;7975;So,26.10.;
2025;OKT;1217;Museumstraße;G;0;Landesgerichtsstraße;LkwÄ;132;157;144;162;155;56;63;198;Mi,08.10.;
2025;OKT;1217;Museumstraße;G;0;Getreidemarkt;Kfz;11930;12838;11822;13073;12995;10215;8423;13886;Do,02.10.;
2025;OKT;1217;Museumstraße;G;0;Getreidemarkt;LkwÄ;257;304;298;318;272;148;96;348;Mi,22.10.;
2025;OKT;1217;Museumstraße;G;0;Gesamt;Kfz;18109;19522;18106;19982;19369;15051;13037;21310;Do,02.10.;
2025;OKT;1217;Museumstraße;G;0;Gesamt;LkwÄ;389;462;441;480;427;204;159;529;Mi,22.10.;
2025;OKT;1218;Spange Leopoldsdorf;G;0;Leopoldsdorfer Straß;Kfz;4581;4935;4708;4947;5083;3940;3186;5195;Fr,03.10.;
2025;OKT;1218;Spange Leopoldsdorf;G;0;Leopoldsdorfer Straß;LkwÄ;99;125;128;127;120;30;14;142;Mi,01.10.;
2025;OKT;1218;Spange Leopoldsdorf;G;0;Himberger Straße;Kfz;4456;4757;4566;4875;4579;3868;3313;5276;Mi,29.10.;
2025;OKT;1218;Spange Leopoldsdorf;G;0;Himberger Straße;LkwÄ;103;131;131;138;111;26;19;150;Mi,08.10.;
2025;OKT;1218;Spange Leopoldsdorf;G;0;Gesamt;Kfz;9037;9692;9274;9822;9662;7808;6499;10230;Do,09.10.;
2025;OKT;1218;Spange Leopoldsdorf;G;0;Gesamt;LkwÄ;202;256;258;265;230;56;33;289;Mi,08.10.;
2025;OKT;1219;Barawitzkagasse;G;0;Heiligenstädter Str.;Kfz;11828;12300;11821;12296;12697;11334;9603;13171;Fr,10.10.;
2025;OKT;1219;Barawitzkagasse;G;0;Heiligenstädter Str.;LkwÄ;540;619;644;631;564;348;277;710;Mo,13.10.;
2025;OKT;1219;Barawitzkagasse;G;0;Ruthgasse;Kfz;9446;9883;9552;9924;10035;8754;7627;10246;Mi,01.10.;
2025;OKT;1219;Barawitzkagasse;G;0;Ruthgasse;LkwÄ;468;540;536;553;505;287;238;583;Do,02.10.;
2025;OKT;1219;Barawitzkagasse;G;0;Gesamt;Kfz;21274;22184;21373;22220;22732;20088;17230;23381;Fr,10.10.;
2025;OKT;1219;Barawitzkagasse;G;0;Gesamt;LkwÄ;1008;1159;1179;1184;1070;635;515;1262;Do,02.10.;
2025;OKT;1220;Am Heumarkt;B;1;Schwarzenbergplatz;Kfz;6799;7467;7072;7656;7256;5428;4325;8163;*Do,23.10.;
2025;OKT;1220;Am Heumarkt;B;1;Schwarzenbergplatz;LkwÄ;224;249;230;256;246;190;112;337;Fr,10.10.;
2025;OKT;1220;Am Heumarkt;B;1;Urania;Kfz;16198;16721;16466;16724;16916;15103;14286;18086;*Fr,03.10.;
2025;OKT;1220;Am Heumarkt;B;1;Urania;LkwÄ;658;763;706;796;715;410;309;914;*Do,02.10.;
2025;OKT;1220;Am Heumarkt;B;1;Gesamt;Kfz;22997;24188;23539;24380;24171;20531;18611;25573;*Do,23.10.;
2025;OKT;1220;Am Heumarkt;B;1;Gesamt;LkwÄ;882;1012;936;1052;961;600;421;1206;*Do,02.10.;
2025;OKT;1221;Grenzackerstraße;B;225;Laxenburger Straße;Kfz;14457;15107;14687;14994;15760;13369;11806;16181;Fr,31.10.;
2025;OKT;1221;Grenzackerstraße;B;225;Laxenburger Straße;LkwÄ;421;522;533;546;446;156;105;634;Di,07.10.;
2025;OKT;1221;Grenzackerstraße;B;225;Verteilerkreis;Kfz;13656;14291;13846;14210;14872;12586;11073;15562;Fr,31.10.;
2025;OKT;1221;Grenzackerstraße;B;225;Verteilerkreis;LkwÄ;576;697;690;716;649;268;187;779;Do,23.10.;
2025;OKT;1221;Grenzackerstraße;B;225;Gesamt;Kfz;28113;29398;28533;29205;30633;25955;22879;31743;Fr,31.10.;
2025;OKT;1221;Grenzackerstraße;B;225;Gesamt;LkwÄ;997;1219;1223;1262;1095;423;292;1337;Di,07.10.;
2025;OKT;1222;Universitätsring;G;0;Schottenring;Kfz;23138;24323;22844;24518;24962;21760;17700;26574;Do,23.10.;
2025;OKT;1222;Universitätsring;G;0;Schottenring;LkwÄ;727;829;778;856;793;538;333;1043;*Mi,01.10.;
2025;OKT;1222;Universitätsring;G;0;Einbahnstraße;Kfz;-29;-29;-29;-29;-29;-29;-29;-29;0.00.;
2025;OKT;1222;Universitätsring;G;0;Einbahnstraße;LkwÄ;-29;-29;-29;-29;-29;-29;-29;-29;0.00.;
2025;OKT;1222;Universitätsring;G;0;Gesamt;Kfz;-29;-29;-29;-29;-29;-29;-29;-29;0.00.;
2025;OKT;1222;Universitätsring;G;0;Gesamt;LkwÄ;-29;-29;-29;-29;-29;-29;-29;-29;0.00.;
2025;OKT;1223;Adalbert-Stifter-Straße;B;226;Gürtelbrücke;Kfz;10093;10612;10290;10810;10316;9595;7605;11401;Do,23.10.;
2025;OKT;1223;Adalbert-Stifter-Straße;B;226;Gürtelbrücke;LkwÄ;301;359;362;376;308;154;120;422;Do,23.10.;
2025;OKT;1223;Adalbert-Stifter-Straße;B;226;Floridsdorfer Brücke;Kfz;9884;10304;9749;10436;10379;9466;7888;10885;Mi,15.10.;
2025;OKT;1223;Adalbert-Stifter-Straße;B;226;Floridsdorfer Brücke;LkwÄ;310;368;364;384;329;160;122;599;Di,21.10.;
2025;OKT;1223;Adalbert-Stifter-Straße;B;226;Gesamt;Kfz;19977;20916;20038;21246;20695;19061;15494;21685;Do,23.10.;
2025;OKT;1223;Adalbert-Stifter-Straße;B;226;Gesamt;LkwÄ;611;727;726;759;636;314;241;967;Di,21.10.;
2025;OKT;1224;Wagramer Str. II;B;8;Reichsbrücke;Kfz;10311;11135;10925;11066;11496;9503;6384;11952;Fr,03.10.;
2025;OKT;1224;Wagramer Str. II;B;8;Reichsbrücke;LkwÄ;449;571;610;596;468;122;76;671;Mo,13.10.;
2025;OKT;1224;Wagramer Str. II;B;8;Süßenbrunn;Kfz;9350;9799;9528;9620;10516;9511;6609;10587;Fr,31.10.;
2025;OKT;1224;Wagramer Str. II;B;8;Süßenbrunn;LkwÄ;254;323;332;342;262;70;41;390;Mo,13.10.;
2025;OKT;1224;Wagramer Str. II;B;8;Gesamt;Kfz;19662;20934;20454;20686;22012;19014;12993;22465;Fr,03.10.;
2025;OKT;1224;Wagramer Str. II;B;8;Gesamt;LkwÄ;703;893;943;938;730;192;117;1061;Mo,13.10.;
2025;OKT;1600;Schönbrunner Straße;B;1;Zentrum;Kfz;17549;17956;17046;17867;18934;17443;15308;19372;Fr,03.10.;
2025;OKT;1600;Schönbrunner Straße;B;1;Zentrum;LkwÄ;820;973;995;1012;844;473;291;1146;Do,02.10.;
2025;OKT;1600;Schönbrunner Straße;B;1;Stadtauswärts;Kfz;-29;-29;-29;-29;-29;-29;-29;-29;0.00.;
2025;OKT;1600;Schönbrunner Straße;B;1;Stadtauswärts;LkwÄ;-29;-29;-29;-29;-29;-29;-29;-29;0.00.;
2025;OKT;1600;Schönbrunner Straße;B;1;Gesamt;Kfz;-29;-29;-29;-29;-29;-29;-29;-29;0.00.;
2025;OKT;1600;Schönbrunner Straße;B;1;Gesamt;LkwÄ;-29;-29;-29;-29;-29;-29;-29;-29;0.00.;
2025;OKT;1603;Hirschstettner Straße;G;0;Kagran;Kfz;7263;7529;7214;7386;8182;7346;5652;8388;Fr,03.10.;
2025;OKT;1603;Hirschstettner Straße;G;0;Kagran;LkwÄ;317;361;396;353;355;215;165;453;Mo,06.10.;
2025;OKT;1603;Hirschstettner Straße;G;0;S2;Kfz;7677;8210;8206;8152;8378;7373;4916;8730;Fr,24.10.;
2025;OKT;1603;Hirschstettner Straße;G;0;S2;LkwÄ;333;390;412;397;351;200;142;467;Mo,06.10.;
2025;OKT;1603;Hirschstettner Straße;G;0;Gesamt;Kfz;14941;15739;15420;15538;16560;14719;10569;16756;Fr,31.10.;
2025;OKT;1603;Hirschstettner Straße;G;0;Gesamt;LkwÄ;650;750;808;750;706;414;308;920;Mo,06.10.;
2025;OKT;1607;Weißgerberlände;B;227;A4;Kfz;28475;29565;29129;29688;29567;26710;23974;31545;*Do,23.10.;
2025;OKT;1607;Weißgerberlände;B;227;A4;LkwÄ;805;974;1045;1007;825;368;268;1132;*Do,09.10.;
2025;OKT;1607;Weißgerberlände;B;227;Zentrum;Kfz;-29;-29;-29;-29;-29;-29;-29;-29;0.00.;
2025;OKT;1607;Weißgerberlände;B;227;Zentrum;LkwÄ;-29;-29;-29;-29;-29;-29;-29;-29;0.00.;
2025;OKT;1607;Weißgerberlände;B;227;Gesamt;Kfz;-29;-29;-29;-29;-29;-29;-29;-29;0.00.;
2025;OKT;1607;Weißgerberlände;B;227;Gesamt;LkwÄ;-29;-29;-29;-29;-29;-29;-29;-29;0.00.;
2025;OKT;1608;Margaretengürtel/Matzl.Pl;B;221;A23;Kfz;24231;24864;24174;24773;25670;23404;21417;26146;Fr,17.10.;
2025;OKT;1608;Margaretengürtel/Matzl.Pl;B;221;A23;LkwÄ;4102;4709;4832;4802;4350;2661;2052;5118;Do,02.10.;
2025;OKT;1608;Margaretengürtel/Matzl.Pl;B;221;Wienzeile;Kfz;23056;24081;22944;24150;24799;21278;18940;25178;Fr,24.10.;
2025;OKT;1608;Margaretengürtel/Matzl.Pl;B;221;Wienzeile;LkwÄ;889;1085;1124;1117;966;395;256;1179;Do,16.10.;
2025;OKT;1608;Margaretengürtel/Matzl.Pl;B;221;Gesamt;Kfz;47287;48945;47118;48923;50470;44682;40357;50949;Fr,03.10.;
2025;OKT;1608;Margaretengürtel/Matzl.Pl;B;221;Gesamt;LkwÄ;4991;5794;5956;5918;5316;3056;2308;6243;Do,02.10.;
2025;OKT;1611;Simmeringer Hauptstr. II;B;225;Schwechat;Kfz;7022;7160;6684;7025;7916;6876;6378;9031;Fr,31.10.;
2025;OKT;1611;Simmeringer Hauptstr. II;B;225;Schwechat;LkwÄ;286;350;314;362;344;128;73;435;Di,21.10.;
2025;OKT;1611;Simmeringer Hauptstr. II;B;225;Zentrum;Kfz;7584;7772;7368;7690;8326;7395;6688;9341;Fr,31.10.;
2025;OKT;1611;Simmeringer Hauptstr. II;B;225;Zentrum;LkwÄ;496;585;540;602;574;288;190;657;Di,21.10.;
2025;OKT;1611;Simmeringer Hauptstr. II;B;225;Gesamt;Kfz;14606;14932;14052;14715;16242;14272;13066;18372;Fr,31.10.;
2025;OKT;1611;Simmeringer Hauptstr. II;B;225;Gesamt;LkwÄ;781;935;854;965;918;416;263;1092;Di,21.10.;
2025;OKT;1612;Längenfeldgasse;G;0;Eichenstraße;Kfz;11757;12362;12078;12394;12497;10719;9316;13036;Fr,03.10.;
2025;OKT;1612;Längenfeldgasse;G;0;Eichenstraße;LkwÄ;318;373;391;380;342;168;153;434;*Mi,29.10.;
2025;OKT;1612;Längenfeldgasse;G;0;Wienerbergstraße;Kfz;8245;8797;8425;8759;9199;7302;6019;9396;Fr,03.10.;
2025;OKT;1612;Längenfeldgasse;G;0;Wienerbergstraße;LkwÄ;393;458;442;466;451;228;180;567;Do,02.10.;
2025;OKT;1612;Längenfeldgasse;G;0;Gesamt;Kfz;20002;21158;20503;21153;21697;18021;15334;22432;Fr,03.10.;
2025;OKT;1612;Längenfeldgasse;G;0;Gesamt;LkwÄ;711;832;833;846;792;396;333;959;Do,02.10.;
2025;OKT;1613;Lainzer Straße;G;0;Zentrum;Kfz;4817;5238;4945;5257;5418;3898;3318;5735;Do,23.10.;
2025;OKT;1613;Lainzer Straße;G;0;Zentrum;LkwÄ;381;429;406;434;432;260;222;486;Do,02.10.;
2025;OKT;1613;Lainzer Straße;G;0;Fasangartengasse;Kfz;6460;6922;6604;6973;7035;5550;4710;7563;Do,23.10.;
2025;OKT;1613;Lainzer Straße;G;0;Fasangartengasse;LkwÄ;538;608;606;614;592;382;298;696;Do,02.10.;
2025;OKT;1613;Lainzer Straße;G;0;Gesamt;Kfz;11277;12160;11549;12230;12453;9448;8028;13298;Do,23.10.;
2025;OKT;1613;Lainzer Straße;G;0;Gesamt;LkwÄ;919;1037;1012;1048;1024;642;520;1182;Do,02.10.;
2025;OKT;1614;Maxingstraße;G;0;Montecuccoliplatz;Kfz;4887;5244;5009;5276;5345;4100;3620;5453;Fr,03.10.;
2025;OKT;1614;Maxingstraße;G;0;Montecuccoliplatz;LkwÄ;770;855;824;860;867;560;492;941;Fr,03.10.;
2025;OKT;1614;Maxingstraße;G;0;Zentrum;Kfz;7547;8111;7804;8265;7925;6264;5586;8618;Do,02.10.;
2025;OKT;1614;Maxingstraße;G;0;Zentrum;LkwÄ;694;802;772;825;762;414;348;871;Do,02.10.;
2025;OKT;1614;Maxingstraße;G;0;Gesamt;Kfz;12434;13355;12813;13541;13270;10364;9205;14019;Do,02.10.;
2025;OKT;1614;Maxingstraße;G;0;Gesamt;LkwÄ;1464;1658;1597;1685;1630;975;840;1788;Do,02.10.;
2025;OKT;1615;Gablenzgasse;B;223;Zentrum;Kfz;14184;14667;14204;14598;15232;13859;11731;16875;Do,23.10.;
2025;OKT;1615;Gablenzgasse;B;223;Zentrum;LkwÄ;329;386;422;394;337;190;138;477;Do,23.10.;
2025;OKT;1615;Gablenzgasse;B;223;Stadtauswärts;Kfz;-29;-29;-29;-29;-29;-29;-29;-29;0.00.;
2025;OKT;1615;Gablenzgasse;B;223;Stadtauswärts;LkwÄ;-29;-29;-29;-29;-29;-29;-29;-29;0.00.;
2025;OKT;1615;Gablenzgasse;B;223;Gesamt;Kfz;-29;-29;-29;-29;-29;-29;-29;-29;0.00.;
2025;OKT;1615;Gablenzgasse;B;223;Gesamt;LkwÄ;-29;-29;-29;-29;-29;-29;-29;-29;0.00.;
2025;OKT;1616;Gersthofer Straße;G;0;Lidlgasse;Kfz;7705;8109;7774;8156;8246;7104;5983;8512;Fr,03.10.;
2025;OKT;1616;Gersthofer Straße;G;0;Lidlgasse;LkwÄ;1386;1550;1529;1601;1424;922;912;1925;Do,02.10.;
2025;OKT;1616;Gersthofer Straße;G;0;Türkenschanz-Park;Kfz;8609;8983;8587;9045;9124;8083;6986;9348;Di,21.10.;
2025;OKT;1616;Gersthofer Straße;G;0;Türkenschanz-Park;LkwÄ;1065;1201;1126;1236;1161;731;620;1373;Mi,08.10.;
2025;OKT;1616;Gersthofer Straße;G;0;Gesamt;Kfz;16314;17092;16361;17202;17370;15188;12970;17836;Fr,03.10.;
2025;OKT;1616;Gersthofer Straße;G;0;Gesamt;LkwÄ;2452;2751;2655;2837;2585;1653;1531;3223;Do,02.10.;
2025;OKT;1617;Angerer Straße;G;0;Brünner Straße;Kfz;5714;6039;5941;6010;6196;5311;4248;6328;Di,21.10.;
2025;OKT;1617;Angerer Straße;G;0;Brünner Straße;LkwÄ;412;483;466;495;464;244;167;639;Di,21.10.;
2025;OKT;1617;Angerer Straße;G;0;Donaufelder Str.;Kfz;7604;7943;7750;7852;8354;7207;6050;8544;Fr,31.10.;
2025;OKT;1617;Angerer Straße;G;0;Donaufelder Str.;LkwÄ;268;304;300;312;287;164;158;358;Do,02.10.;
2025;OKT;1617;Angerer Straße;G;0;Gesamt;Kfz;13318;13982;13691;13862;14550;12518;10298;14834;Fr,31.10.;
2025;OKT;1617;Angerer Straße;G;0;Gesamt;LkwÄ;679;788;766;806;751;408;326;976;Di,21.10.;
2025;OKT;1618;Siemensstraße;B;229;Leopoldauer Platz;Kfz;7461;7899;7698;7821;8279;7075;5326;8657;Fr,24.10.;
2025;OKT;1618;Siemensstraße;B;229;Leopoldauer Platz;LkwÄ;1003;1176;1171;1209;1086;588;424;1302;Mo,20.10.;
2025;OKT;1618;Siemensstraße;B;229;Siemensplatz;Kfz;7860;8378;8179;8309;8730;7216;5525;8918;Fr,31.10.;
2025;OKT;1618;Siemensstraße;B;229;Siemensplatz;LkwÄ;960;1155;1144;1197;1044;477;324;1244;Mi,22.10.;
2025;OKT;1618;Siemensstraße;B;229;Gesamt;Kfz;15321;16277;15876;16130;17009;14292;10852;17494;Fr,24.10.;
2025;OKT;1618;Siemensstraße;B;229;Gesamt;LkwÄ;1963;2330;2315;2406;2130;1065;748;2531;Mo,20.10.;
2025;OKT;1619;Breitenfurter Straße II;B;13;Liesinger Platz;Kfz;7902;8551;8256;8499;8932;6890;5184;9070;Fr,10.10.;
2025;OKT;1619;Breitenfurter Straße II;B;13;Liesinger Platz;LkwÄ;316;362;363;364;358;192;173;387;Do,16.10.;
2025;OKT;1619;Breitenfurter Straße II;B;13;Zentrum;Kfz;7939;8533;8263;8511;8811;6902;5560;8971;Fr,10.10.;
2025;OKT;1619;Breitenfurter Straße II;B;13;Zentrum;LkwÄ;366;422;416;423;422;224;191;445;Do,02.10.;
2025;OKT;1619;Breitenfurter Straße II;B;13;Gesamt;Kfz;15841;17084;16520;17010;17743;13793;10744;18041;Fr,10.10.;
2025;OKT;1619;Breitenfurter Straße II;B;13;Gesamt;LkwÄ;682;784;779;787;780;416;364;827;Do,02.10.;
2025;OKT;1620;Endresstraße;G;0;Mauerer Hauptplatz;Kfz;2873;3119;2964;3116;3253;2412;1917;3420;Fr,03.10.;
2025;OKT;1620;Endresstraße;G;0;Mauerer Hauptplatz;LkwÄ;178;214;212;216;211;81;68;241;Di,07.10.;
2025;OKT;1620;Endresstraße;G;0;Atzgersdorf;Kfz;1844;2022;1937;2028;2073;1526;1136;2281;Do,02.10.;
2025;OKT;1620;Endresstraße;G;0;Atzgersdorf;LkwÄ;252;299;290;303;296;135;94;364;Do,02.10.;
2025;OKT;1620;Endresstraße;G;0;Gesamt;Kfz;4717;5141;4902;5144;5326;3938;3054;5683;Fr,03.10.;
2025;OKT;1620;Endresstraße;G;0;Gesamt;LkwÄ;430;513;502;519;507;216;162;604;Do,02.10.;
2025;OKT;1621;Währinger Gürtel;B;221;Liechtenwerder Platz;Kfz;33592;33162;31876;32951;34783;35798;33858;38088;Sa,04.10.;
2025;OKT;1621;Währinger Gürtel;B;221;Liechtenwerder Platz;LkwÄ;1751;2128;2217;2209;1832;836;494;2347;Do,02.10.;
2025;OKT;1621;Währinger Gürtel;B;221;Wienzeile;Kfz;38096;38343;36976;38227;39761;39108;35664;40513;Fr,31.10.;
2025;OKT;1621;Währinger Gürtel;B;221;Wienzeile;LkwÄ;2399;2915;2974;3021;2569;1186;649;3201;Do,02.10.;
2025;OKT;1621;Währinger Gürtel;B;221;Gesamt;Kfz;71688;71505;68852;71178;74544;74906;69522;76836;Sa,04.10.;
2025;OKT;1621;Währinger Gürtel;B;221;Gesamt;LkwÄ;4150;5043;5191;5230;4401;2023;1143;5548;Do,02.10.;
2025;OKT;1622;Himberger Straße II;B;16;Zentrum;Kfz;5106;5671;5705;5718;5509;3916;3051;6005;Mo,20.10.;
2025;OKT;1622;Himberger Straße II;B;16;Zentrum;LkwÄ;298;391;399;415;319;43;19;488;Do,09.10.;
2025;OKT;1622;Himberger Straße II;B;16;Leopoldsdorfer Str.;Kfz;5728;6422;6189;6458;6510;4211;3257;6980;Fr,24.10.;
2025;OKT;1622;Himberger Straße II;B;16;Leopoldsdorfer Str.;LkwÄ;906;1129;1098;1168;1044;331;201;1272;Do,02.10.;
2025;OKT;1622;Himberger Straße II;B;16;Gesamt;Kfz;10835;12093;11894;12176;12019;8127;6308;12435;Do,02.10.;
2025;OKT;1622;Himberger Straße II;B;16;Gesamt;LkwÄ;1204;1520;1496;1583;1363;374;220;1703;Di,14.10.;
2025;OKT;1623;Breitenleer Straße II;G;0;Stadteinwärts;Kfz;6714;7171;6946;7168;7360;6028;4771;7535;Fr,03.10.;
2025;OKT;1623;Breitenleer Straße II;G;0;Stadteinwärts;LkwÄ;609;746;746;771;675;273;161;862;Do,02.10.;
2025;OKT;1623;Breitenleer Straße II;G;0;Stadtauswärts;Kfz;7626;8270;7986;8229;8611;6532;5021;8722;Fr,31.10.;
2025;OKT;1623;Breitenleer Straße II;G;0;Stadtauswärts;LkwÄ;660;797;810;813;743;314;216;866;Mi,01.10.;
2025;OKT;1623;Breitenleer Straße II;G;0;Gesamt;Kfz;14341;15441;14932;15398;15971;12560;9792;16191;Fr,31.10.;
2025;OKT;1623;Breitenleer Straße II;G;0;Gesamt;LkwÄ;1269;1543;1555;1584;1418;587;377;1708;Do,02.10.;
2025;OKT;1624;Seyringer Straße;G;0;Wassermanngasse;Kfz;6727;7152;6948;7025;7669;6656;4356;7999;Fr,31.10.;
2025;OKT;1624;Seyringer Straße;G;0;Wassermanngasse;LkwÄ;308;398;416;424;311;72;26;487;Di,21.10.;
2025;OKT;1624;Seyringer Straße;G;0;Ernst-Kein-Gasse;Kfz;6102;6558;6485;6460;6893;5807;3773;8549;Do,23.10.;
2025;OKT;1624;Seyringer Straße;G;0;Ernst-Kein-Gasse;LkwÄ;343;438;471;465;336;104;36;592;Do,09.10.;
2025;OKT;1624;Seyringer Straße;G;0;Gesamt;Kfz;12829;13710;13434;13485;14562;12464;8128;15666;Do,23.10.;
2025;OKT;1624;Seyringer Straße;G;0;Gesamt;LkwÄ;651;836;887;889;648;175;62;1054;Do,09.10.;
2025;OKT;1625;Favoritenstraße;G;0;Karlsplatz (Zentrum);Kfz;9816;10124;9713;10141;10408;9397;8465;10689;Fr,03.10.;
2025;OKT;1625;Favoritenstraße;G;0;Karlsplatz (Zentrum);LkwÄ;170;208;218;210;196;84;39;236;Mo,06.10.;
2025;OKT;1625;Favoritenstraße;G;0;Südtiroler Platz;Kfz;2953;3110;2974;3114;3207;2703;2301;3371;Fr,10.10.;
2025;OKT;1625;Favoritenstraße;G;0;Südtiroler Platz;LkwÄ;192;228;242;229;214;106;68;274;Mo,27.10.;
2025;OKT;1625;Favoritenstraße;G;0;Gesamt;Kfz;12770;13234;12688;13255;13614;12100;10766;13903;Fr,03.10.;
2025;OKT;1625;Favoritenstraße;G;0;Gesamt;LkwÄ;362;436;460;439;410;190;107;496;Mo,27.10.;
2025;OKT;1626;Ludwig-van-Höhnel-Gasse;B;225;Verteilerkreis;Kfz;8024;8357;8008;8307;8779;7619;6514;8851;Fr,31.10.;
2025;OKT;1626;Ludwig-van-Höhnel-Gasse;B;225;Verteilerkreis;LkwÄ;284;343;349;358;298;125;103;414;Mi,15.10.;
2025;OKT;1626;Ludwig-van-Höhnel-Gasse;B;225;Laaer-Berg-Str.;Kfz;10003;10192;9754;10205;10507;9824;9096;11241;Sa,04.10.;
2025;OKT;1626;Ludwig-van-Höhnel-Gasse;B;225;Laaer-Berg-Str.;LkwÄ;699;838;850;866;750;350;249;1025;Do,23.10.;
2025;OKT;1626;Ludwig-van-Höhnel-Gasse;B;225;Gesamt;Kfz;18028;18550;17762;18512;19286;17443;15610;19476;Fr,31.10.;
2025;OKT;1626;Ludwig-van-Höhnel-Gasse;B;225;Gesamt;LkwÄ;983;1182;1198;1224;1048;475;352;1394;Do,23.10.;
2025;OKT;1627;Felberstraße;B;224;Neubauguertel;Kfz;9382;9599;9426;9527;9938;9191;8328;10060;Fr,10.10.;
2025;OKT;1627;Felberstraße;B;224;Neubauguertel;LkwÄ;474;570;625;585;482;248;148;686;Mo,06.10.;
2025;OKT;1627;Felberstraße;B;224;Schweglerstraße;Kfz;7887;8062;7766;8033;8382;7691;7075;8662;Fr,24.10.;
2025;OKT;1627;Felberstraße;B;224;Schweglerstraße;LkwÄ;48;57;67;54;57;26;19;74;Mo,06.10.;
2025;OKT;1627;Felberstraße;B;224;Gesamt;Kfz;17269;17661;17192;17560;18320;16882;15403;18686;Fr,24.10.;
2025;OKT;1627;Felberstraße;B;224;Gesamt;LkwÄ;522;627;692;639;539;274;167;760;Mo,06.10.;426
2025;SEP.;1075;Reichsbrücke;B;8;Leopoldstadt;Kfz;50212;50692;50100;51098;50111;50696;47090;57012;Sa,27.09.;
2025;SEP.;1075;Reichsbrücke;B;8;Leopoldstadt;LkwÄ;4743;4767;4821;4810;4560;4640;4712;5923;So,14.09.;
2025;SEP.;1075;Reichsbrücke;B;8;Donaustadt;Kfz;17233;18098;18088;18123;18033;16111;13594;20270;Mo,15.09.;
2025;SEP.;1075;Reichsbrücke;B;8;Donaustadt;LkwÄ;320;379;385;381;363;195;124;492;Mo,15.09.;
2025;SEP.;1075;Reichsbrücke;B;8;Gesamt;Kfz;67445;68790;68188;69220;68144;66807;60683;74472;Sa,27.09.;
2025;SEP.;1075;Reichsbrücke;B;8;Gesamt;LkwÄ;5063;5146;5205;5192;4923;4834;4835;6038;So,14.09.;
2025;SEP.;1078;Westbahnhof;B;221;Wienzeile;Kfz;36307;36526;35782;36299;38195;37554;33857;38811;Fr,12.09.;
2025;SEP.;1078;Westbahnhof;B;221;Wienzeile;LkwÄ;798;960;970;972;909;409;294;1043;Do,18.09.;
2025;SEP.;1078;Westbahnhof;B;221;Stadthalle;Kfz;32260;32233;31565;31910;34114;33624;31048;34740;Fr,12.09.;
2025;SEP.;1078;Westbahnhof;B;221;Stadthalle;LkwÄ;789;937;957;942;894;440;326;1034;Di,30.09.;
2025;SEP.;1078;Westbahnhof;B;221;Gesamt;Kfz;68567;68759;67347;68209;72309;71178;64905;73551;Fr,12.09.;
2025;SEP.;1078;Westbahnhof;B;221;Gesamt;LkwÄ;1587;1897;1928;1914;1802;850;620;2068;Di,30.09.;
2025;SEP.;1089;Floridsdorf-Br.;B;226;Brigittenau;Kfz;14481;15239;15098;15633;14134;12918;11876;16885;Di,16.09.;
2025;SEP.;1089;Floridsdorf-Br.;B;226;Brigittenau;LkwÄ;307;381;389;401;310;116;88;448;Di,16.09.;
2025;SEP.;1089;Floridsdorf-Br.;B;226;Floridsdorf;Kfz;13888;14678;14343;14702;15020;12921;10506;16303;Do,04.09.;
2025;SEP.;1089;Floridsdorf-Br.;B;226;Floridsdorf;LkwÄ;301;373;373;381;350;123;80;428;Di,23.09.;
2025;SEP.;1089;Floridsdorf-Br.;B;226;Gesamt;Kfz;28369;29918;29441;30336;29154;25840;22382;32339;Do,04.09.;
2025;SEP.;1089;Floridsdorf-Br.;B;226;Gesamt;LkwÄ;608;755;762;781;659;239;168;876;Di,23.09.;
2025;SEP.;1096;Brigittenauer Brücke;B;14;Brigittenau;Kfz;12699;13439;13046;13754;12909;11056;10272;15607;*Di,16.09.;
2025;SEP.;1096;Brigittenauer Brücke;B;14;Brigittenau;LkwÄ;265;337;336;355;280;79;53;452;*Di,16.09.;
2025;SEP.;1096;Brigittenauer Brücke;B;14;Floridsdorf;Kfz;11221;11865;11457;11976;12014;10254;8643;12810;*Di,30.09.;
2025;SEP.;1096;Brigittenauer Brücke;B;14;Floridsdorf;LkwÄ;311;372;371;381;344;170;112;402;*Di,23.09.;
2025;SEP.;1096;Brigittenauer Brücke;B;14;Gesamt;Kfz;23920;25304;24504;25730;24922;21310;18915;27608;*Di,30.09.;
2025;SEP.;1096;Brigittenauer Brücke;B;14;Gesamt;LkwÄ;575;709;707;736;624;249;166;818;*Di,16.09.;
2025;SEP.;1131;Karlsplatz;B;1;Heumarkt;Kfz;20055;21122;20013;21343;21792;19230;15014;23218;Do,25.09.;
2025;SEP.;1131;Karlsplatz;B;1;Heumarkt;LkwÄ;671;761;750;771;743;501;346;855;Di,09.09.;
2025;SEP.;1131;Karlsplatz;B;1;Wienzeile;Kfz;13269;14445;13666;14902;13937;11214;8853;16459;Do,25.09.;
2025;SEP.;1131;Karlsplatz;B;1;Wienzeile;LkwÄ;518;585;554;602;568;396;268;672;Di,23.09.;
2025;SEP.;1131;Karlsplatz;B;1;Gesamt;Kfz;33324;35567;33679;36244;35728;30444;23867;39677;Do,25.09.;
2025;SEP.;1131;Karlsplatz;B;1;Gesamt;LkwÄ;1189;1346;1304;1373;1311;897;614;1478;Di,23.09.;
2025;SEP.;1170;Donaukanal Straße;B;227;1171-Obere Donaustr.;Kfz;24593;24996;24370;24960;25894;25128;21841;26457;Fr,19.09.;
2025;SEP.;1170;Donaukanal Straße;B;227;1171-Obere Donaustr.;LkwÄ;784;901;889;929;826;564;362;1164;Do,04.09.;
2025;SEP.;1170;Donaukanal Straße;B;227;1172-Franz-Josef-Kai;Kfz;38296;39712;38584;39857;40652;36415;32384;42323;Fr,19.09.;
2025;SEP.;1170;Donaukanal Straße;B;227;1172-Franz-Josef-Kai;LkwÄ;1754;2078;2033;2133;1954;1034;692;2311;Di,16.09.;
2025;SEP.;1170;Donaukanal Straße;B;227;Gesamt;Kfz;62889;64708;62955;64818;66546;61544;54225;68780;Fr,19.09.;
2025;SEP.;1170;Donaukanal Straße;B;227;Gesamt;LkwÄ;2539;2980;2923;3063;2780;1598;1054;3275;Do,04.09.;
2025;SEP.;1177;Handelskai;B;14;Klosterneuburg;Kfz;11230;11860;12328;11800;11469;9945;9054;13783;Mo,29.09.;
2025;SEP.;1177;Handelskai;B;14;Klosterneuburg;LkwÄ;538;668;685;689;577;204;154;787;Di,23.09.;
2025;SEP.;1177;Handelskai;B;14;Freudenau;Kfz;14591;15321;15105;15462;15132;13652;11513;21685;Sa,27.09.;
2025;SEP.;1177;Handelskai;B;14;Freudenau;LkwÄ;686;848;812;897;736;289;191;1342;Di,16.09.;
2025;SEP.;1177;Handelskai;B;14;Gesamt;Kfz;25821;27180;27433;27262;26601;23597;20566;32769;Sa,27.09.;
2025;SEP.;1177;Handelskai;B;14;Gesamt;LkwÄ;1224;1516;1498;1586;1313;493;346;2062;Di,16.09.;
2025;SEP.;1179;Brunner Straße;B;12;Zentrum;Kfz;13424;14721;14568;14685;15029;11223;8493;16283;Fr,26.09.;
2025;SEP.;1179;Brunner Straße;B;12;Zentrum;LkwÄ;1038;1313;1332;1331;1234;346;214;1465;Di,30.09.;
2025;SEP.;1179;Brunner Straße;B;12;Brunn am Gebirge;Kfz;17333;18694;18449;18596;19322;15552;11628;19943;Fr,19.09.;
2025;SEP.;1179;Brunner Straße;B;12;Brunn am Gebirge;LkwÄ;1202;1515;1574;1534;1379;422;263;1654;Di,30.09.;
2025;SEP.;1179;Brunner Straße;B;12;Gesamt;Kfz;30757;33415;33017;33281;34351;26775;20122;35321;Fr,26.09.;
2025;SEP.;1179;Brunner Straße;B;12;Gesamt;LkwÄ;2240;2828;2906;2865;2612;768;477;3119;Di,30.09.;
2025;SEP.;1180;Hochstraße;B;13;Zentrum;Kfz;5301;5677;5578;5673;5815;4617;3914;5949;Fr,05.09.;
2025;SEP.;1180;Hochstraße;B;13;Zentrum;LkwÄ;242;292;287;298;278;121;92;338;Do,18.09.;
2025;SEP.;1180;Hochstraße;B;13;Perchtoldsdorf;Kfz;5521;5927;5797;5913;6135;4763;4046;6267;Fr,19.09.;
2025;SEP.;1180;Hochstraße;B;13;Perchtoldsdorf;LkwÄ;250;301;309;307;273;117;98;367;Do,18.09.;
2025;SEP.;1180;Hochstraße;B;13;Gesamt;Kfz;10822;11604;11375;11586;11950;9380;7960;12175;Fr,05.09.;
2025;SEP.;1180;Hochstraße;B;13;Gesamt;LkwÄ;492;593;596;605;551;238;189;705;Do,18.09.;
2025;SEP.;1181;Breitenfurter Straße;B;13;Zentrum;Kfz;6698;7062;6982;7028;7271;6051;5346;7461;Fr,05.09.;
2025;SEP.;1181;Breitenfurter Straße;B;13;Zentrum;LkwÄ;218;260;266;261;252;116;90;285;Mo,22.09.;
2025;SEP.;1181;Breitenfurter Straße;B;13;Breitenfurt;Kfz;6586;7003;6916;6993;7146;5818;5056;7311;Fr,05.09.;
2025;SEP.;1181;Breitenfurter Straße;B;13;Breitenfurt;LkwÄ;220;261;268;265;241;120;91;289;Di,09.09.;
2025;SEP.;1181;Breitenfurter Straße;B;13;Gesamt;Kfz;13284;14065;13898;14021;14417;11870;10402;14772;Fr,05.09.;
2025;SEP.;1181;Breitenfurter Straße;B;13;Gesamt;LkwÄ;438;522;534;526;493;236;181;563;Di,09.09.;
2025;SEP.;1182;Simmeringer Hptstr.;B;225;Zentrum;Kfz;-29;-29;-29;-29;-29;-29;-29;-29;0.00.;
2025;SEP.;1182;Simmeringer Hptstr.;B;225;Zentrum;LkwÄ;-29;-29;-29;-29;-29;-29;-29;-29;0.00.;
2025;SEP.;1182;Simmeringer Hptstr.;B;225;Schwechat;Kfz;-29;-29;-29;-29;-29;-29;-29;-29;0.00.;
2025;SEP.;1182;Simmeringer Hptstr.;B;225;Schwechat;LkwÄ;-29;-29;-29;-29;-29;-29;-29;-29;0.00.;
2025;SEP.;1182;Simmeringer Hptstr.;B;225;Gesamt;Kfz;-29;-29;-29;-29;-29;-29;-29;-29;0.00.;
2025;SEP.;1182;Simmeringer Hptstr.;B;225;Gesamt;LkwÄ;-29;-29;-29;-29;-29;-29;-29;-29;0.00.;
2025;SEP.;1184;Himberger Straße;G;0;Zentrum;Kfz;5509;6055;6116;6014;6109;4442;3577;6364;Fr,19.09.;
2025;SEP.;1184;Himberger Straße;G;0;Zentrum;LkwÄ;189;245;251;248;224;51;20;284;Mo,22.09.;
2025;SEP.;1184;Himberger Straße;G;0;Leopoldsdorf;Kfz;5265;5783;5739;5763;5904;4337;3343;6292;Do,04.09.;
2025;SEP.;1184;Himberger Straße;G;0;Leopoldsdorf;LkwÄ;164;212;212;211;215;48;14;249;Mo,22.09.;
2025;SEP.;1184;Himberger Straße;G;0;Gesamt;Kfz;10774;11838;11855;11777;12013;8779;6920;12627;Do,04.09.;
2025;SEP.;1184;Himberger Straße;G;0;Gesamt;LkwÄ;353;457;463;459;440;99;34;533;Mo,22.09.;
2025;SEP.;1187;Triester Straße;B;17;Zentrum;Kfz;10498;11241;11282;11108;11620;10547;6364;12230;Fr,26.09.;
2025;SEP.;1187;Triester Straße;B;17;Zentrum;LkwÄ;575;698;721;705;650;303;166;782;Do,11.09.;
2025;SEP.;1187;Triester Straße;B;17;Wr. Neudorf;Kfz;8807;9564;9622;9506;9682;8197;5254;9875;Di,30.09.;
2025;SEP.;1187;Triester Straße;B;17;Wr. Neudorf;LkwÄ;474;588;584;605;542;184;133;638;Mi,17.09.;
2025;SEP.;1187;Triester Straße;B;17;Gesamt;Kfz;19305;20805;20904;20614;21302;18744;11618;21989;Fr,26.09.;
2025;SEP.;1187;Triester Straße;B;17;Gesamt;LkwÄ;1048;1287;1304;1309;1192;487;299;1403;Do,18.09.;
2025;SEP.;1188;Altmannsdorfer Straße;B;224;Zentrum;Kfz;9625;10481;10604;10456;10406;8803;5742;11128;Di,30.09.;
2025;SEP.;1188;Altmannsdorfer Straße;B;224;Zentrum;LkwÄ;366;457;495;465;383;133;96;525;Mo,29.09.;
2025;SEP.;1188;Altmannsdorfer Straße;B;224;Vösendorf;Kfz;9380;10266;10262;10167;10594;8464;5423;11296;Fr,26.09.;
2025;SEP.;1188;Altmannsdorfer Straße;B;224;Vösendorf;LkwÄ;386;484;504;496;418;124;113;543;Do,18.09.;
2025;SEP.;1188;Altmannsdorfer Straße;B;224;Gesamt;Kfz;19005;20747;20866;20623;21000;17268;11165;22103;Fr,26.09.;
2025;SEP.;1188;Altmannsdorfer Straße;B;224;Gesamt;LkwÄ;752;941;999;961;801;257;210;1046;Mo,29.09.;
2025;SEP.;1189;Shuttleworthstraße;B;229;Zentrum;Kfz;10460;11116;11079;11095;11233;9702;7608;11386;Mo,01.09.;
2025;SEP.;1189;Shuttleworthstraße;B;229;Zentrum;LkwÄ;513;644;674;673;514;181;127;758;Di,16.09.;
2025;SEP.;1189;Shuttleworthstraße;B;229;Leopoldau;Kfz;10164;11065;11070;11138;10820;8647;6726;11609;Mo,01.09.;
2025;SEP.;1189;Shuttleworthstraße;B;229;Leopoldau;LkwÄ;507;644;701;656;532;157;106;733;Mo,22.09.;
2025;SEP.;1189;Shuttleworthstraße;B;229;Gesamt;Kfz;20624;22181;22149;22233;22053;18349;14334;22995;Mo,01.09.;
2025;SEP.;1189;Shuttleworthstraße;B;229;Gesamt;LkwÄ;1021;1288;1375;1329;1046;338;233;1466;Di,16.09.;
2025;SEP.;1190;Angyalföldstraße;B;3;Kagran;Kfz;7733;8230;8119;8192;8491;7506;5223;8914;Mo,01.09.;
2025;SEP.;1190;Angyalföldstraße;B;3;Kagran;LkwÄ;259;324;333;335;275;92;68;368;Di,16.09.;
2025;SEP.;1190;Angyalföldstraße;B;3;Floridsdorf;Kfz;5301;5528;5538;5461;5731;5383;3970;6450;Sa,27.09.;
2025;SEP.;1190;Angyalföldstraße;B;3;Floridsdorf;LkwÄ;164;210;220;216;177;43;33;252;Mo,29.09.;
2025;SEP.;1190;Angyalföldstraße;B;3;Gesamt;Kfz;13033;13758;13657;13654;14222;12890;9193;14755;Mo,01.09.;
2025;SEP.;1190;Angyalföldstraße;B;3;Gesamt;LkwÄ;423;533;553;551;452;136;100;610;Di,16.09.;
2025;SEP.;1191;Wientalstraße;B;1;Zentrum;Kfz;27022;27767;27013;27751;28764;25806;24140;30601;Fr,26.09.;
2025;SEP.;1191;Wientalstraße;B;1;Zentrum;LkwÄ;835;981;935;1022;904;533;333;1209;Do,18.09.;
2025;SEP.;1191;Wientalstraße;B;1;St. Pölten;Kfz;24924;25633;24747;25366;27607;24904;21047;28349;Fr,19.09.;
2025;SEP.;1191;Wientalstraße;B;1;St. Pölten;LkwÄ;646;776;802;786;708;321;256;911;Do,18.09.;
2025;SEP.;1191;Wientalstraße;B;1;Gesamt;Kfz;51946;53400;51760;53117;56371;50710;45187;58124;Fr,26.09.;
2025;SEP.;1191;Wientalstraße;B;1;Gesamt;LkwÄ;1480;1756;1737;1808;1612;854;588;2120;Do,18.09.;
2025;SEP.;1192;Hauptstraße;G;0;Zentrum;Kfz;5371;5648;5691;5570;5848;5346;3870;6106;Mo,01.09.;
2025;SEP.;1192;Hauptstraße;G;0;Zentrum;LkwÄ;277;320;322;327;295;180;138;352;Mo,15.09.;
2025;SEP.;1192;Hauptstraße;G;0;St. Pölten;Kfz;6270;6613;6632;6491;6982;6252;4405;7119;Fr,05.09.;
2025;SEP.;1192;Hauptstraße;G;0;St. Pölten;LkwÄ;289;333;341;336;313;193;146;375;Mo,15.09.;
2025;SEP.;1192;Hauptstraße;G;0;Gesamt;Kfz;11641;12261;12323;12061;12830;11597;8275;13100;Fr,05.09.;
2025;SEP.;1192;Hauptstraße;G;0;Gesamt;LkwÄ;567;653;663;664;608;373;284;727;Mo,15.09.;
2025;SEP.;1193;Heiligenstädter Straße;B;14;Zentrum;Kfz;16865;17791;17654;17852;17763;15378;13259;18400;Fr,19.09.;
2025;SEP.;1193;Heiligenstädter Straße;B;14;Zentrum;LkwÄ;736;903;890;939;804;346;209;1016;Mi,03.09.;
2025;SEP.;1193;Heiligenstädter Straße;B;14;Klosterneuburg;Kfz;16720;17603;17547;17700;17359;15257;13325;18332;Mi,03.09.;
2025;SEP.;1193;Heiligenstädter Straße;B;14;Klosterneuburg;LkwÄ;736;901;906;933;794;344;216;1032;Mi,03.09.;
2025;SEP.;1193;Heiligenstädter Straße;B;14;Gesamt;Kfz;33585;35394;35201;35553;35122;30634;26584;36725;Mi,03.09.;
2025;SEP.;1193;Heiligenstädter Straße;B;14;Gesamt;LkwÄ;1472;1804;1796;1871;1598;690;426;2048;Mi,03.09.;
2025;SEP.;1194;Prager Straße;B;3;Zentrum;Kfz;4913;5346;5403;5199;5755;5074;2371;5925;Fr,05.09.;
2025;SEP.;1194;Prager Straße;B;3;Zentrum;LkwÄ;184;231;242;230;220;71;40;267;Mo,22.09.;
2025;SEP.;1194;Prager Straße;B;3;Langenzersd.;Kfz;4738;5183;5210;5059;5552;4794;2234;5613;Fr,26.09.;
2025;SEP.;1194;Prager Straße;B;3;Langenzersd.;LkwÄ;175;220;226;223;200;67;35;243;Di,02.09.;
2025;SEP.;1194;Prager Straße;B;3;Gesamt;Kfz;9651;10529;10612;10258;11307;9868;4605;11527;Fr,05.09.;
2025;SEP.;1194;Prager Straße;B;3;Gesamt;LkwÄ;359;450;468;453;420;138;75;498;Mo,22.09.;
2025;SEP.;1195;Wagramer Straße;B;8;Zentrum;Kfz;3767;4039;4063;4066;3922;3494;2542;4465;Mo,01.09.;
2025;SEP.;1195;Wagramer Straße;B;8;Zentrum;LkwÄ;149;183;183;189;164;67;48;215;Di,23.09.;
2025;SEP.;1195;Wagramer Straße;B;8;Süßenbrunn;Kfz;3646;3923;3901;3923;3950;3333;2434;4057;Fr,05.09.;
2025;SEP.;1195;Wagramer Straße;B;8;Süßenbrunn;LkwÄ;161;196;195;198;190;79;53;233;Di,02.09.;
2025;SEP.;1195;Wagramer Straße;B;8;Gesamt;Kfz;7412;7962;7964;7989;7872;6827;4976;8496;Mo,01.09.;
2025;SEP.;1195;Wagramer Straße;B;8;Gesamt;LkwÄ;311;379;378;387;353;146;102;444;Di,02.09.;
2025;SEP.;1196;Erzherzog-Karl-Str.;B;3;Groß-Enzersdorf;Kfz;11774;12473;12326;12413;12851;11176;8527;14561;Sa,27.09.;
2025;SEP.;1196;Erzherzog-Karl-Str.;B;3;Groß-Enzersdorf;LkwÄ;241;292;312;295;260;111;88;395;Di,16.09.;
2025;SEP.;1196;Erzherzog-Karl-Str.;B;3;Kagran;Kfz;12071;12907;12915;12858;13054;10838;8704;13941;Mo,01.09.;
2025;SEP.;1196;Erzherzog-Karl-Str.;B;3;Kagran;LkwÄ;458;535;549;538;506;269;224;626;Di,16.09.;
2025;SEP.;1196;Erzherzog-Karl-Str.;B;3;Gesamt;Kfz;23844;25380;25241;25271;25905;22015;17231;27646;Mo,01.09.;
2025;SEP.;1196;Erzherzog-Karl-Str.;B;3;Gesamt;LkwÄ;699;827;861;833;765;380;312;1021;Di,16.09.;
2025;SEP.;1198;Brünner Straße;B;7;Zentrum;Kfz;9162;9784;9857;9654;10118;9134;5770;10184;Mo,01.09.;
2025;SEP.;1198;Brünner Straße;B;7;Zentrum;LkwÄ;460;571;605;577;510;222;92;638;Mo,15.09.;
2025;SEP.;1198;Brünner Straße;B;7;Wolkersdorf;Kfz;7750;8353;8296;8265;8709;7541;4641;8952;Fr,05.09.;
2025;SEP.;1198;Brünner Straße;B;7;Wolkersdorf;LkwÄ;419;517;532;527;466;215;85;594;Mo,15.09.;
2025;SEP.;1198;Brünner Straße;B;7;Gesamt;Kfz;16912;18137;18153;17918;18828;16674;10412;19099;Fr,05.09.;
2025;SEP.;1198;Brünner Straße;B;7;Gesamt;LkwÄ;880;1088;1137;1103;976;436;176;1232;Mo,15.09.;
2025;SEP.;1199;Eßlinger Hauptstraße;B;3;Zentrum;Kfz;8860;9124;9013;8992;9694;8759;7507;9960;Fr,19.09.;
2025;SEP.;1199;Eßlinger Hauptstraße;B;3;Zentrum;LkwÄ;572;695;708;704;646;261;210;737;Di,09.09.;
2025;SEP.;1199;Eßlinger Hauptstraße;B;3;Groß-Enzersdorf;Kfz;8535;8780;8643;8652;9365;8434;7292;9681;Fr,19.09.;
2025;SEP.;1199;Eßlinger Hauptstraße;B;3;Groß-Enzersdorf;LkwÄ;537;652;666;662;602;243;196;708;Di,30.09.;
2025;SEP.;1199;Eßlinger Hauptstraße;B;3;Gesamt;Kfz;17395;17904;17656;17644;19059;17193;14799;19641;Fr,19.09.;
2025;SEP.;1199;Eßlinger Hauptstraße;B;3;Gesamt;LkwÄ;1109;1347;1374;1366;1249;504;406;1426;Di,30.09.;
2025;SEP.;1200;Vorarlberger Allee West;G;0;Zentrum;Kfz;6973;8196;8477;8308;7480;4167;3052;9029;Mo,29.09.;
2025;SEP.;1200;Vorarlberger Allee West;G;0;Zentrum;LkwÄ;806;1026;1083;1047;887;236;162;1189;Mo,29.09.;
2025;SEP.;1200;Vorarlberger Allee West;G;0;S1;Kfz;6890;8107;7856;8208;8091;4182;2904;9290;Fr,26.09.;
2025;SEP.;1200;Vorarlberger Allee West;G;0;S1;LkwÄ;898;1152;1140;1186;1054;242;158;1257;Di,23.09.;
2025;SEP.;1200;Vorarlberger Allee West;G;0;Gesamt;Kfz;13862;16302;16333;16516;15571;8348;5956;17169;Di,30.09.;
2025;SEP.;1200;Vorarlberger Allee West;G;0;Gesamt;LkwÄ;1704;2178;2223;2233;1942;478;320;2381;Mo,29.09.;
2025;SEP.;1201;Vorarlberger Allee Ost;G;0;Laxenburger Str.;Kfz;3611;4387;4321;4467;4209;1774;1179;5276;Do,04.09.;
2025;SEP.;1201;Vorarlberger Allee Ost;G;0;Laxenburger Str.;LkwÄ;811;1032;1029;1066;928;238;166;1189;Do,04.09.;
2025;SEP.;1201;Vorarlberger Allee Ost;G;0;S1;Kfz;3544;4295;4620;4284;3928;1809;1144;5155;Mo,29.09.;
2025;SEP.;1201;Vorarlberger Allee Ost;G;0;S1;LkwÄ;658;838;901;849;725;191;137;1004;Mo,29.09.;
2025;SEP.;1201;Vorarlberger Allee Ost;G;0;Gesamt;Kfz;7154;8682;8941;8751;8136;3583;2324;9684;Do,04.09.;
2025;SEP.;1201;Vorarlberger Allee Ost;G;0;Gesamt;LkwÄ;1469;1870;1930;1914;1654;429;302;2048;Mo,29.09.;
2025;SEP.;1202;Spange Vösendorf;G;0;Vösendorf;Kfz;6576;7516;7792;7523;7150;4828;3152;8049;Mo,01.09.;
2025;SEP.;1202;Spange Vösendorf;G;0;Vösendorf;LkwÄ;397;519;548;537;423;79;42;569;Mo,01.09.;
2025;SEP.;1202;Spange Vösendorf;G;0;S1;Kfz;6284;7220;7140;7240;7257;4680;2738;8171;Fr,26.09.;
2025;SEP.;1202;Spange Vösendorf;G;0;S1;LkwÄ;380;499;517;511;438;72;35;553;Di,23.09.;
2025;SEP.;1202;Spange Vösendorf;G;0;Gesamt;Kfz;12860;14737;14932;14763;14408;9508;5891;15403;Di,30.09.;
2025;SEP.;1202;Spange Vösendorf;G;0;Gesamt;LkwÄ;777;1018;1065;1048;861;151;78;1120;Di,23.09.;
2025;SEP.;1203;Maria-Theresien-Straße;G;0;Franz-Josef-Kai;Kfz;11822;12823;12489;13075;12420;9944;8193;13738;Mi,10.09.;
2025;SEP.;1203;Maria-Theresien-Straße;G;0;Franz-Josef-Kai;LkwÄ;422;509;514;521;463;225;142;617;Do,25.09.;
2025;SEP.;1203;Maria-Theresien-Straße;G;0;-;Kfz;-29;-29;-29;-29;-29;-29;-29;-29;0.00.;
2025;SEP.;1203;Maria-Theresien-Straße;G;0;-;LkwÄ;-29;-29;-29;-29;-29;-29;-29;-29;0.00.;
2025;SEP.;1203;Maria-Theresien-Straße;G;0;Gesamt;Kfz;-29;-29;-29;-29;-29;-29;-29;-29;0.00.;
2025;SEP.;1203;Maria-Theresien-Straße;G;0;Gesamt;LkwÄ;-29;-29;-29;-29;-29;-29;-29;-29;0.00.;
2025;SEP.;1204;Türkenstraße;G;0;Währinger Straße;Kfz;16050;17392;16466;17938;16776;13345;11370;20200;Do,25.09.;
2025;SEP.;1204;Türkenstraße;G;0;Währinger Straße;LkwÄ;457;564;550;587;507;199;129;631;Do,04.09.;
2025;SEP.;1204;Türkenstraße;G;0;-;Kfz;-29;-29;-29;-29;-29;-29;-29;-29;0.00.;
2025;SEP.;1204;Türkenstraße;G;0;-;LkwÄ;-29;-29;-29;-29;-29;-29;-29;-29;0.00.;
2025;SEP.;1204;Türkenstraße;G;0;Gesamt;Kfz;-29;-29;-29;-29;-29;-29;-29;-29;0.00.;
2025;SEP.;1204;Türkenstraße;G;0;Gesamt;LkwÄ;-29;-29;-29;-29;-29;-29;-29;-29;0.00.;
2025;SEP.;1205;Hernalser Hauptstraße;G;0;Zentrum;Kfz;8884;9021;8957;8961;9296;9002;8012;9705;Fr,19.09.;
2025;SEP.;1205;Hernalser Hauptstraße;G;0;Zentrum;LkwÄ;195;239;231;249;218;101;48;275;Mi,24.09.;
2025;SEP.;1205;Hernalser Hauptstraße;G;0;Dornbach;Kfz;7040;7128;7088;7078;7342;7107;6492;7725;Di,30.09.;
2025;SEP.;1205;Hernalser Hauptstraße;G;0;Dornbach;LkwÄ;143;178;181;179;170;64;31;210;Mi,17.09.;
2025;SEP.;1205;Hernalser Hauptstraße;G;0;Gesamt;Kfz;15924;16149;16045;16039;16638;16109;14504;17350;Fr,19.09.;
2025;SEP.;1205;Hernalser Hauptstraße;G;0;Gesamt;LkwÄ;338;417;412;427;388;165;80;480;Mi,17.09.;
2025;SEP.;1206;Hütteldorfer Straße;G;0;Zentrum;Kfz;-29;-29;-29;-29;-29;-29;-29;-29;0.00.;
2025;SEP.;1206;Hütteldorfer Straße;G;0;Zentrum;LkwÄ;-29;-29;-29;-29;-29;-29;-29;-29;0.00.;
2025;SEP.;1206;Hütteldorfer Straße;G;0;Hütteldorf;Kfz;-29;-29;-29;-29;-29;-29;-29;-29;0.00.;
2025;SEP.;1206;Hütteldorfer Straße;G;0;Hütteldorf;LkwÄ;-29;-29;-29;-29;-29;-29;-29;-29;0.00.;
2025;SEP.;1206;Hütteldorfer Straße;G;0;Gesamt;Kfz;-29;-29;-29;-29;-29;-29;-29;-29;0.00.;
2025;SEP.;1206;Hütteldorfer Straße;G;0;Gesamt;LkwÄ;-29;-29;-29;-29;-29;-29;-29;-29;0.00.;
2025;SEP.;1207;Altmannsdorfer Straße II;B;224;Zentrum;Kfz;21526;21958;21908;21806;22512;21105;19570;22919;Fr,12.09.;
2025;SEP.;1207;Altmannsdorfer Straße II;B;224;Zentrum;LkwÄ;989;1251;1305;1265;1140;331;207;1389;Mo,15.09.;
2025;SEP.;1207;Altmannsdorfer Straße II;B;224;Vösendorf;Kfz;25209;26142;25768;26117;26688;24257;21032;27182;Do,04.09.;
2025;SEP.;1207;Altmannsdorfer Straße II;B;224;Vösendorf;LkwÄ;1070;1343;1383;1381;1168;402;241;1446;Di,16.09.;
2025;SEP.;1207;Altmannsdorfer Straße II;B;224;Gesamt;Kfz;46735;48099;47676;47923;49201;45362;40603;49972;Fr,12.09.;
2025;SEP.;1207;Altmannsdorfer Straße II;B;224;Gesamt;LkwÄ;2059;2594;2688;2646;2308;732;448;2814;Mo,15.09.;
2025;SEP.;1208;Wienerbergstraße;B;225;Breitenfurter Straße;Kfz;10567;11556;11638;11782;10721;8240;7453;12316;Mi,24.09.;
2025;SEP.;1208;Wienerbergstraße;B;225;Breitenfurter Straße;LkwÄ;555;651;663;663;596;312;268;734;Di,30.09.;
2025;SEP.;1208;Wienerbergstraße;B;225;Triester Straße;Kfz;9324;10331;10211;10475;10012;7105;6008;10701;Di,30.09.;
2025;SEP.;1208;Wienerbergstraße;B;225;Triester Straße;LkwÄ;589;706;731;710;663;294;244;768;Di,30.09.;
2025;SEP.;1208;Wienerbergstraße;B;225;Gesamt;Kfz;19891;21887;21849;22257;20732;15344;13461;22864;Di,30.09.;
2025;SEP.;1208;Wienerbergstraße;B;225;Gesamt;LkwÄ;1144;1357;1395;1373;1258;606;512;1502;Di,30.09.;
2025;SEP.;1209;Atzgersdorfer Straße;G;0;Stranzenberg Brücke;Kfz;8547;9368;9214;9473;9222;6778;5799;9834;Fr,26.09.;
2025;SEP.;1209;Atzgersdorfer Straße;G;0;Stranzenberg Brücke;LkwÄ;230;279;293;282;251;110;82;301;*Mo,15.09.;
2025;SEP.;1209;Atzgersdorfer Straße;G;0;Rosenhügelstraße;Kfz;8917;9914;9913;9969;9734;6571;5782;10595;*Di,30.09.;
2025;SEP.;1209;Atzgersdorfer Straße;G;0;Rosenhügelstraße;LkwÄ;240;289;302;294;256;146;62;320;*Di,30.09.;
2025;SEP.;1209;Atzgersdorfer Straße;G;0;Gesamt;Kfz;17464;19282;19127;19442;18956;13349;11581;20397;*Di,30.09.;
2025;SEP.;1209;Atzgersdorfer Straße;G;0;Gesamt;LkwÄ;470;568;596;577;507;256;144;615;*Mo,22.09.;
2025;SEP.;1210;Koppstraße;B;223;stadtauswärts;Kfz;15863;16164;15983;16027;16836;15486;14583;17029;Fr,05.09.;
2025;SEP.;1210;Koppstraße;B;223;stadtauswärts;LkwÄ;459;544;549;550;520;252;194;576;Di,02.09.;
2025;SEP.;1210;Koppstraße;B;223;Einbahnstraße;Kfz;-29;-29;-29;-29;-29;-29;-29;-29;0.00.;
2025;SEP.;1210;Koppstraße;B;223;Einbahnstraße;LkwÄ;-29;-29;-29;-29;-29;-29;-29;-29;0.00.;
2025;SEP.;1210;Koppstraße;B;223;Gesamt;Kfz;-29;-29;-29;-29;-29;-29;-29;-29;0.00.;
2025;SEP.;1210;Koppstraße;B;223;Gesamt;LkwÄ;-29;-29;-29;-29;-29;-29;-29;-29;0.00.;
2025;SEP.;1211;Laxenburger Straße II;B;230;Zentrum;Kfz;6699;7749;8036;7743;7411;4316;3308;8952;Di,02.09.;
2025;SEP.;1211;Laxenburger Straße II;B;230;Zentrum;LkwÄ;1435;1776;1838;1829;1524;592;408;2111;*Mi,10.09.;
2025;SEP.;1211;Laxenburger Straße II;B;230;S1;Kfz;8318;9814;9706;9943;9530;5156;3254;10737;Do,04.09.;
2025;SEP.;1211;Laxenburger Straße II;B;230;S1;LkwÄ;1690;2100;2121;2135;1957;661;465;2474;Di,30.09.;
2025;SEP.;1211;Laxenburger Straße II;B;230;Gesamt;Kfz;15018;17563;17742;17686;16941;9472;6561;18762;Fr,05.09.;
2025;SEP.;1211;Laxenburger Straße II;B;230;Gesamt;LkwÄ;3125;3875;3959;3964;3482;1253;873;4292;*Mo,29.09.;
2025;SEP.;1212;Donaustadtstraße II;B;3;A 23;Kfz;11216;11898;11608;12045;11782;10535;8150;13367;Sa,27.09.;
2025;SEP.;1212;Donaustadtstraße II;B;3;A 23;LkwÄ;568;711;752;730;598;204;142;842;*Di,16.09.;
2025;SEP.;1212;Donaustadtstraße II;B;3;Erzherzog-Karl-Str.;Kfz;8645;8722;8624;8677;8995;9161;7700;11941;Sa,27.09.;
2025;SEP.;1212;Donaustadtstraße II;B;3;Erzherzog-Karl-Str.;LkwÄ;489;600;644;603;535;229;134;681;*Mo,15.09.;
2025;SEP.;1212;Donaustadtstraße II;B;3;Gesamt;Kfz;19861;20620;20232;20721;20778;19696;15850;25308;Sa,27.09.;
2025;SEP.;1212;Donaustadtstraße II;B;3;Gesamt;LkwÄ;1056;1311;1397;1334;1132;433;276;1452;*Di,16.09.;
2025;SEP.;1213;Burggasse II;G;0;Zentrum;Kfz;8235;8621;8220;8686;8910;7804;6546;9150;Fr,19.09.;
2025;SEP.;1213;Burggasse II;G;0;Zentrum;LkwÄ;372;435;429;436;437;227;175;460;Mi,17.09.;
2025;SEP.;1213;Burggasse II;G;0;Gablenzgasse;Kfz;-29;-29;-29;-29;-29;-29;-29;-29;0.00.;
2025;SEP.;1213;Burggasse II;G;0;Gablenzgasse;LkwÄ;-29;-29;-29;-29;-29;-29;-29;-29;0.00.;
2025;SEP.;1213;Burggasse II;G;0;Gesamt;Kfz;-29;-29;-29;-29;-29;-29;-29;-29;0.00.;
2025;SEP.;1213;Burggasse II;G;0;Gesamt;LkwÄ;-29;-29;-29;-29;-29;-29;-29;-29;0.00.;
2025;SEP.;1214;Neustiftgasse II;G;0;Koppstraße;Kfz;9607;9732;9427;9658;10353;9930;8600;11452;Fr,26.09.;
2025;SEP.;1214;Neustiftgasse II;G;0;Koppstraße;LkwÄ;339;399;394;397;415;198;145;450;Fr,26.09.;
2025;SEP.;1214;Neustiftgasse II;G;0;Zentrum;Kfz;-29;-29;-29;-29;-29;-29;-29;-29;0.00.;
2025;SEP.;1214;Neustiftgasse II;G;0;Zentrum;LkwÄ;-29;-29;-29;-29;-29;-29;-29;-29;0.00.;
2025;SEP.;1214;Neustiftgasse II;G;0;Gesamt;Kfz;-29;-29;-29;-29;-29;-29;-29;-29;0.00.;
2025;SEP.;1214;Neustiftgasse II;G;0;Gesamt;LkwÄ;-29;-29;-29;-29;-29;-29;-29;-29;0.00.;
2025;SEP.;1215;Erzherzog-Karl-Straße III;B;3;Genochplatz;Kfz;11975;12156;11996;11992;12888;12159;10794;13082;Fr,05.09.;
2025;SEP.;1215;Erzherzog-Karl-Straße III;B;3;Genochplatz;LkwÄ;645;803;839;820;703;236;180;889;Mo,15.09.;
2025;SEP.;1215;Erzherzog-Karl-Straße III;B;3;Siegesplatz;Kfz;14366;14854;14649;14807;15265;13704;12346;15451;Fr,12.09.;
2025;SEP.;1215;Erzherzog-Karl-Straße III;B;3;Siegesplatz;LkwÄ;668;831;868;852;714;252;189;979;Mo,15.09.;
2025;SEP.;1215;Erzherzog-Karl-Straße III;B;3;Gesamt;Kfz;26341;27010;26645;26799;28153;25864;23140;28405;Fr,12.09.;
2025;SEP.;1215;Erzherzog-Karl-Straße III;B;3;Gesamt;LkwÄ;1313;1634;1707;1672;1417;489;369;1868;Mo,15.09.;
2025;SEP.;1216;Perchtoldsdorfer Straße;G;0;stadteinwärts;Kfz;3595;3865;3761;3853;4032;3130;2580;4242;Fr,26.09.;
2025;SEP.;1216;Perchtoldsdorfer Straße;G;0;stadteinwärts;LkwÄ;160;186;188;187;182;92;82;203;Do,04.09.;
2025;SEP.;1216;Perchtoldsdorfer Straße;G;0;stadtauswärts;Kfz;3096;3340;3225;3335;3499;2643;2207;3547;Fr,26.09.;
2025;SEP.;1216;Perchtoldsdorfer Straße;G;0;stadtauswärts;LkwÄ;105;121;118;123;122;67;51;139;Fr,05.09.;
2025;SEP.;1216;Perchtoldsdorfer Straße;G;0;Gesamt;Kfz;6691;7204;6987;7187;7532;5773;4786;7789;Fr,26.09.;
2025;SEP.;1216;Perchtoldsdorfer Straße;G;0;Gesamt;LkwÄ;265;308;306;310;304;159;133;329;Mo,22.09.;
2025;SEP.;1217;Museumstraße;G;0;Landesgerichtsstraße;Kfz;6359;6971;6395;7184;7000;6230;3122;11181;Sa,13.09.;
2025;SEP.;1217;Museumstraße;G;0;Landesgerichtsstraße;LkwÄ;138;161;134;160;201;130;20;413;Fr,12.09.;
2025;SEP.;1217;Museumstraße;G;0;Getreidemarkt;Kfz;11489;12452;11695;12724;12513;9782;7903;14626;Do,25.09.;
2025;SEP.;1217;Museumstraße;G;0;Getreidemarkt;LkwÄ;256;308;289;317;302;138;90;371;Mi,24.09.;
2025;SEP.;1217;Museumstraße;G;0;Gesamt;Kfz;17848;19423;18090;19908;19512;16012;11025;23731;Do,25.09.;
2025;SEP.;1217;Museumstraße;G;0;Gesamt;LkwÄ;394;469;422;477;503;267;110;748;Fr,12.09.;
2025;SEP.;1218;Spange Leopoldsdorf;G;0;Leopoldsdorfer Straß;Kfz;4484;4866;4787;4830;5082;3803;3062;5238;Fr,19.09.;
2025;SEP.;1218;Spange Leopoldsdorf;G;0;Leopoldsdorfer Straß;LkwÄ;98;126;135;125;118;26;17;166;Mo,22.09.;
2025;SEP.;1218;Spange Leopoldsdorf;G;0;Himberger Straße;Kfz;4405;4798;4833;4841;4613;3456;3195;5160;Mo,22.09.;
2025;SEP.;1218;Spange Leopoldsdorf;G;0;Himberger Straße;LkwÄ;105;135;143;137;117;30;16;171;Di,02.09.;
2025;SEP.;1218;Spange Leopoldsdorf;G;0;Gesamt;Kfz;8889;9663;9621;9670;9695;7259;6257;10159;Mo,22.09.;
2025;SEP.;1218;Spange Leopoldsdorf;G;0;Gesamt;LkwÄ;203;261;278;262;235;56;34;331;Mo,22.09.;
2025;SEP.;1219;Barawitzkagasse;G;0;Heiligenstädter Str.;Kfz;11522;12066;11986;12011;12343;10880;9174;12891;Do,04.09.;
2025;SEP.;1219;Barawitzkagasse;G;0;Heiligenstädter Str.;LkwÄ;537;623;642;624;594;334;268;683;Mo,15.09.;
2025;SEP.;1219;Barawitzkagasse;G;0;Ruthgasse;Kfz;9721;10104;10230;10046;10134;9106;8233;10579;Mi,03.09.;
2025;SEP.;1219;Barawitzkagasse;G;0;Ruthgasse;LkwÄ;497;581;596;597;512;292;242;721;Mi,17.09.;
2025;SEP.;1219;Barawitzkagasse;G;0;Gesamt;Kfz;21243;22169;22216;22057;22476;19986;17408;23449;Do,04.09.;
2025;SEP.;1219;Barawitzkagasse;G;0;Gesamt;LkwÄ;1034;1204;1237;1221;1106;626;509;1366;Di,16.09.;
2025;SEP.;1220;Am Heumarkt;B;1;Schwarzenbergplatz;Kfz;6968;7793;7270;8147;7297;5150;4249;8926;Do,25.09.;
2025;SEP.;1220;Am Heumarkt;B;1;Schwarzenbergplatz;LkwÄ;227;264;244;276;251;139;110;366;Do,25.09.;
2025;SEP.;1220;Am Heumarkt;B;1;Urania;Kfz;17545;18416;18675;18293;18493;16383;13913;19868;*Do,25.09.;
2025;SEP.;1220;Am Heumarkt;B;1;Urania;LkwÄ;743;883;854;893;888;444;270;1015;*Mo,15.09.;
2025;SEP.;1220;Am Heumarkt;B;1;Gesamt;Kfz;24513;26209;25946;26440;25790;21533;18162;28794;*Do,25.09.;
2025;SEP.;1220;Am Heumarkt;B;1;Gesamt;LkwÄ;970;1147;1098;1169;1139;582;380;1283;*Mi,24.09.;
2025;SEP.;1221;Grenzackerstraße;B;225;Laxenburger Straße;Kfz;14806;15017;15108;14774;15693;14865;13588;15963;Sa,27.09.;
2025;SEP.;1221;Grenzackerstraße;B;225;Laxenburger Straße;LkwÄ;423;520;556;519;475;181;135;584;Mo,22.09.;
2025;SEP.;1221;Grenzackerstraße;B;225;Verteilerkreis;Kfz;13468;13844;13564;13774;14424;13143;11724;14880;Fr,19.09.;
2025;SEP.;1221;Grenzackerstraße;B;225;Verteilerkreis;LkwÄ;562;682;698;691;633;270;194;761;Mo,22.09.;
2025;SEP.;1221;Grenzackerstraße;B;225;Gesamt;Kfz;28274;28861;28672;28548;30116;28008;25312;30578;Fr,19.09.;
2025;SEP.;1221;Grenzackerstraße;B;225;Gesamt;LkwÄ;985;1202;1253;1211;1108;451;329;1345;Mo,22.09.;
2025;SEP.;1222;Universitätsring;G;0;Schottenring;Kfz;22998;24179;23341;24330;24733;21236;18268;25752;*Di,30.09.;
2025;SEP.;1222;Universitätsring;G;0;Schottenring;LkwÄ;706;809;793;829;765;485;357;1112;Mi,24.09.;
2025;SEP.;1222;Universitätsring;G;0;Einbahnstraße;Kfz;-29;-29;-29;-29;-29;-29;-29;-29;0.00.;
2025;SEP.;1222;Universitätsring;G;0;Einbahnstraße;LkwÄ;-29;-29;-29;-29;-29;-29;-29;-29;0.00.;
2025;SEP.;1222;Universitätsring;G;0;Gesamt;Kfz;-29;-29;-29;-29;-29;-29;-29;-29;0.00.;
2025;SEP.;1222;Universitätsring;G;0;Gesamt;LkwÄ;-29;-29;-29;-29;-29;-29;-29;-29;0.00.;
2025;SEP.;1223;Adalbert-Stifter-Straße;B;226;Gürtelbrücke;Kfz;10058;10471;10233;10772;9791;9350;8494;11605;Di,16.09.;
2025;SEP.;1223;Adalbert-Stifter-Straße;B;226;Gürtelbrücke;LkwÄ;293;346;339;357;320;161;134;418;Di,30.09.;
2025;SEP.;1223;Adalbert-Stifter-Straße;B;226;Floridsdorfer Brücke;Kfz;9750;10202;10033;10237;10301;9341;7670;10960;Do,04.09.;
2025;SEP.;1223;Adalbert-Stifter-Straße;B;226;Floridsdorfer Brücke;LkwÄ;317;385;402;392;340;147;112;575;Mo,15.09.;
2025;SEP.;1223;Adalbert-Stifter-Straße;B;226;Gesamt;Kfz;19808;20673;20265;21009;20092;18690;16163;22325;Di,30.09.;
2025;SEP.;1223;Adalbert-Stifter-Straße;B;226;Gesamt;LkwÄ;610;732;742;749;661;308;246;917;Mo,15.09.;
2025;SEP.;1224;Wagramer Str. II;B;8;Reichsbrücke;Kfz;10913;11723;11645;11760;11700;10143;7230;13457;Sa,27.09.;
2025;SEP.;1224;Wagramer Str. II;B;8;Reichsbrücke;LkwÄ;492;628;642;662;501;152;86;913;Di,16.09.;
2025;SEP.;1224;Wagramer Str. II;B;8;Süßenbrunn;Kfz;9043;9602;9576;9447;10137;9050;5961;10352;Fr,05.09.;
2025;SEP.;1224;Wagramer Str. II;B;8;Süßenbrunn;LkwÄ;244;312;320;324;266;73;38;377;Mo,15.09.;
2025;SEP.;1224;Wagramer Str. II;B;8;Gesamt;Kfz;19956;21324;21221;21206;21837;19193;13191;23330;Sa,27.09.;
2025;SEP.;1224;Wagramer Str. II;B;8;Gesamt;LkwÄ;736;941;961;986;767;225;124;1263;Di,16.09.;
2025;SEP.;1600;Schönbrunner Straße;B;1;Zentrum;Kfz;17544;17936;17546;17731;19087;17321;15618;19344;Fr,12.09.;
2025;SEP.;1600;Schönbrunner Straße;B;1;Zentrum;LkwÄ;881;1045;1079;1046;998;529;330;1128;Di,30.09.;
2025;SEP.;1600;Schönbrunner Straße;B;1;Stadtauswärts;Kfz;-29;-29;-29;-29;-29;-29;-29;-29;0.00.;
2025;SEP.;1600;Schönbrunner Straße;B;1;Stadtauswärts;LkwÄ;-29;-29;-29;-29;-29;-29;-29;-29;0.00.;
2025;SEP.;1600;Schönbrunner Straße;B;1;Gesamt;Kfz;-29;-29;-29;-29;-29;-29;-29;-29;0.00.;
2025;SEP.;1600;Schönbrunner Straße;B;1;Gesamt;LkwÄ;-29;-29;-29;-29;-29;-29;-29;-29;0.00.;
2025;SEP.;1603;Hirschstettner Straße;G;0;Kagran;Kfz;6932;7209;7030;7052;7945;7110;5225;8271;*Fr,19.09.;
2025;SEP.;1603;Hirschstettner Straße;G;0;Kagran;LkwÄ;273;315;277;328;323;187;129;424;Mi,24.09.;
2025;SEP.;1603;Hirschstettner Straße;G;0;S2;Kfz;7872;8184;8244;8170;8155;8082;5947;10133;Sa,27.09.;
2025;SEP.;1603;Hirschstettner Straße;G;0;S2;LkwÄ;345;402;414;408;368;224;153;514;Mo,01.09.;
2025;SEP.;1603;Hirschstettner Straße;G;0;Gesamt;Kfz;14804;15393;15274;15222;16100;15192;11172;16727;Sa,27.09.;
2025;SEP.;1603;Hirschstettner Straße;G;0;Gesamt;LkwÄ;618;717;691;735;691;411;282;861;Mi,24.09.;
2025;SEP.;1607;Weißgerberlände;B;227;A4;Kfz;29207;30439;29941;30676;30288;27268;24374;31158;*Do,04.09.;
2025;SEP.;1607;Weißgerberlände;B;227;A4;LkwÄ;928;1119;1159;1147;981;464;343;1251;*Di,16.09.;
2025;SEP.;1607;Weißgerberlände;B;227;Zentrum;Kfz;-29;-29;-29;-29;-29;-29;-29;-29;0.00.;
2025;SEP.;1607;Weißgerberlände;B;227;Zentrum;LkwÄ;-29;-29;-29;-29;-29;-29;-29;-29;0.00.;
2025;SEP.;1607;Weißgerberlände;B;227;Gesamt;Kfz;-29;-29;-29;-29;-29;-29;-29;-29;0.00.;
2025;SEP.;1607;Weißgerberlände;B;227;Gesamt;LkwÄ;-29;-29;-29;-29;-29;-29;-29;-29;0.00.;
2025;SEP.;1608;Margaretengürtel/Matzl.Pl;B;221;A23;Kfz;23521;24216;23610;24193;25047;22292;20930;26214;Fr,12.09.;
2025;SEP.;1608;Margaretengürtel/Matzl.Pl;B;221;A23;LkwÄ;3851;4446;4479;4533;4120;2458;1976;4891;Di,30.09.;
2025;SEP.;1608;Margaretengürtel/Matzl.Pl;B;221;Wienzeile;Kfz;22031;22856;21801;22948;23871;20467;19062;24963;Di,30.09.;
2025;SEP.;1608;Margaretengürtel/Matzl.Pl;B;221;Wienzeile;LkwÄ;810;989;937;1031;916;387;252;1131;Di,30.09.;
2025;SEP.;1608;Margaretengürtel/Matzl.Pl;B;221;Gesamt;Kfz;45552;47071;45411;47141;48918;42760;39992;50868;Di,30.09.;
2025;SEP.;1608;Margaretengürtel/Matzl.Pl;B;221;Gesamt;LkwÄ;4662;5435;5417;5564;5036;2845;2228;6022;Di,30.09.;
2025;SEP.;1611;Simmeringer Hauptstr. II;B;225;Schwechat;Kfz;6616;6818;6671;6743;7248;6364;5754;7365;Fr,05.09.;
2025;SEP.;1611;Simmeringer Hauptstr. II;B;225;Schwechat;LkwÄ;288;353;401;348;308;134;84;446;Di,16.09.;
2025;SEP.;1611;Simmeringer Hauptstr. II;B;225;Zentrum;Kfz;7264;7545;7757;7403;7741;6648;6332;8169;Mo,15.09.;
2025;SEP.;1611;Simmeringer Hauptstr. II;B;225;Zentrum;LkwÄ;488;581;621;587;516;261;203;676;Do,04.09.;
2025;SEP.;1611;Simmeringer Hauptstr. II;B;225;Gesamt;Kfz;13880;14364;14428;14146;14989;13012;12086;15440;Fr,05.09.;
2025;SEP.;1611;Simmeringer Hauptstr. II;B;225;Gesamt;LkwÄ;776;934;1021;934;824;395;287;1113;Di,16.09.;
2025;SEP.;1612;Längenfeldgasse;G;0;Eichenstraße;Kfz;11724;12489;12609;12494;12326;10445;8796;13687;*Do,04.09.;
2025;SEP.;1612;Längenfeldgasse;G;0;Eichenstraße;LkwÄ;293;351;368;360;300;145;122;459;*Do,04.09.;
2025;SEP.;1612;Längenfeldgasse;G;0;Wienerbergstraße;Kfz;7934;8478;8408;8425;8736;6974;5902;9211;Di,30.09.;
2025;SEP.;1612;Längenfeldgasse;G;0;Wienerbergstraße;LkwÄ;370;430;461;428;400;226;182;595;Di,16.09.;
2025;SEP.;1612;Längenfeldgasse;G;0;Gesamt;Kfz;19658;20967;21017;20919;21062;17419;14698;22635;*Do,04.09.;
2025;SEP.;1612;Längenfeldgasse;G;0;Gesamt;LkwÄ;663;782;829;789;700;371;305;921;Di,16.09.;
2025;SEP.;1613;Lainzer Straße;G;0;Zentrum;Kfz;4844;5295;5293;5311;5244;3730;3476;5940;*Mo,01.09.;
2025;SEP.;1613;Lainzer Straße;G;0;Zentrum;LkwÄ;352;405;418;419;339;212;204;515;*Do,04.09.;
2025;SEP.;1613;Lainzer Straße;G;0;Fasangartengasse;Kfz;6692;7248;7462;7214;7092;5323;5002;7891;*Do,04.09.;
2025;SEP.;1613;Lainzer Straße;G;0;Fasangartengasse;LkwÄ;485;570;624;573;491;261;246;716;Di,30.09.;
2025;SEP.;1613;Lainzer Straße;G;0;Gesamt;Kfz;11536;12543;12756;12525;12335;9054;8479;13775;*Mo,01.09.;
2025;SEP.;1613;Lainzer Straße;G;0;Gesamt;LkwÄ;838;974;1042;993;830;474;450;1176;Di,23.09.;
2025;SEP.;1614;Maxingstraße;G;0;Montecuccoliplatz;Kfz;4709;5084;5063;5031;5282;3788;3569;5942;*Fr,12.09.;
2025;SEP.;1614;Maxingstraße;G;0;Montecuccoliplatz;LkwÄ;500;563;552;578;528;338;312;901;Di,30.09.;
2025;SEP.;1614;Maxingstraße;G;0;Zentrum;Kfz;7341;8014;7990;8009;8060;5482;5498;9090;*Fr,12.09.;
2025;SEP.;1614;Maxingstraße;G;0;Zentrum;LkwÄ;651;758;794;748;744;376;341;861;Di,23.09.;
2025;SEP.;1614;Maxingstraße;G;0;Gesamt;Kfz;12050;13098;13053;13040;13342;9270;9067;15032;*Fr,12.09.;
2025;SEP.;1614;Maxingstraße;G;0;Gesamt;LkwÄ;1151;1321;1346;1327;1272;715;653;1751;Di,30.09.;
2025;SEP.;1615;Gablenzgasse;B;223;Zentrum;Kfz;14347;14735;14375;14697;15307;14354;12209;15865;Fr,05.09.;
2025;SEP.;1615;Gablenzgasse;B;223;Zentrum;LkwÄ;358;415;401;432;377;252;148;669;Di,02.09.;
2025;SEP.;1615;Gablenzgasse;B;223;Stadtauswärts;Kfz;-29;-29;-29;-29;-29;-29;-29;-29;0.00.;
2025;SEP.;1615;Gablenzgasse;B;223;Stadtauswärts;LkwÄ;-29;-29;-29;-29;-29;-29;-29;-29;0.00.;
2025;SEP.;1615;Gablenzgasse;B;223;Gesamt;Kfz;-29;-29;-29;-29;-29;-29;-29;-29;0.00.;
2025;SEP.;1615;Gablenzgasse;B;223;Gesamt;LkwÄ;-29;-29;-29;-29;-29;-29;-29;-29;0.00.;
2025;SEP.;1616;Gersthofer Straße;G;0;Lidlgasse;Kfz;7790;8150;8197;8154;8080;7160;6437;8605;Mi,03.09.;
2025;SEP.;1616;Gersthofer Straße;G;0;Lidlgasse;LkwÄ;1211;1384;1427;1409;1249;798;669;1771;Mo,29.09.;
2025;SEP.;1616;Gersthofer Straße;G;0;Türkenschanz-Park;Kfz;8518;8947;8925;8943;8988;7932;6741;9499;Do,04.09.;
2025;SEP.;1616;Gersthofer Straße;G;0;Türkenschanz-Park;LkwÄ;1058;1198;1252;1206;1103;758;592;1374;Mi,17.09.;
2025;SEP.;1616;Gersthofer Straße;G;0;Gesamt;Kfz;16307;17097;17122;17096;17068;15092;13178;18019;Do,04.09.;
2025;SEP.;1616;Gersthofer Straße;G;0;Gesamt;LkwÄ;2269;2582;2679;2615;2352;1555;1261;3052;Mi,17.09.;
2025;SEP.;1617;Angerer Straße;G;0;Brünner Straße;Kfz;5669;6030;5918;6037;6148;5164;4186;6226;Mi,24.09.;
2025;SEP.;1617;Angerer Straße;G;0;Brünner Straße;LkwÄ;341;404;429;409;354;206;129;546;Di,30.09.;
2025;SEP.;1617;Angerer Straße;G;0;Donaufelder Str.;Kfz;6986;7312;7203;7270;7583;6592;5588;7831;Di,30.09.;
2025;SEP.;1617;Angerer Straße;G;0;Donaufelder Str.;LkwÄ;284;324;338;327;295;178;169;363;Di,16.09.;
2025;SEP.;1617;Angerer Straße;G;0;Gesamt;Kfz;12655;13342;13121;13308;13730;11756;9774;14029;Fr,19.09.;
2025;SEP.;1617;Angerer Straße;G;0;Gesamt;LkwÄ;624;727;767;736;648;384;298;893;Di,30.09.;
2025;SEP.;1618;Siemensstraße;B;229;Leopoldauer Platz;Kfz;7452;7842;7899;7754;8054;7092;5667;8263;Mo,01.09.;
2025;SEP.;1618;Siemensstraße;B;229;Leopoldauer Platz;LkwÄ;1058;1240;1320;1242;1132;622;493;1402;Di,16.09.;
2025;SEP.;1618;Siemensstraße;B;229;Siemensplatz;Kfz;7823;8375;8380;8322;8540;7116;5498;8705;Fr,05.09.;
2025;SEP.;1618;Siemensstraße;B;229;Siemensplatz;LkwÄ;995;1202;1277;1205;1098;504;352;1352;Di,16.09.;
2025;SEP.;1618;Siemensstraße;B;229;Gesamt;Kfz;15275;16217;16279;16077;16593;14207;11165;16954;Fr,05.09.;
2025;SEP.;1618;Siemensstraße;B;229;Gesamt;LkwÄ;2053;2442;2597;2447;2230;1126;845;2754;Di,16.09.;
2025;SEP.;1619;Breitenfurter Straße II;B;13;Liesinger Platz;Kfz;7814;8499;8394;8459;8762;6776;5084;8887;Mi,03.09.;
2025;SEP.;1619;Breitenfurter Straße II;B;13;Liesinger Platz;LkwÄ;324;376;371;383;356;191;170;472;Di,02.09.;
2025;SEP.;1619;Breitenfurter Straße II;B;13;Zentrum;Kfz;7811;8445;8268;8425;8734;6732;5402;9120;Fr,26.09.;
2025;SEP.;1619;Breitenfurter Straße II;B;13;Zentrum;LkwÄ;358;416;416;420;404;214;181;443;Di,30.09.;
2025;SEP.;1619;Breitenfurter Straße II;B;13;Gesamt;Kfz;15625;16944;16661;16884;17495;13508;10485;17929;Fr,26.09.;
2025;SEP.;1619;Breitenfurter Straße II;B;13;Gesamt;LkwÄ;681;792;787;803;760;405;351;889;Di,02.09.;
2025;SEP.;1620;Endresstraße;G;0;Mauerer Hauptplatz;Kfz;2865;3110;3018;3100;3260;2408;1972;3409;Mi,03.09.;
2025;SEP.;1620;Endresstraße;G;0;Mauerer Hauptplatz;LkwÄ;172;208;209;210;202;80;64;252;*Mi,10.09.;
2025;SEP.;1620;Endresstraße;G;0;Atzgersdorf;Kfz;1830;2022;1991;2016;2083;1412;1186;2208;Fr,19.09.;
2025;SEP.;1620;Endresstraße;G;0;Atzgersdorf;LkwÄ;257;302;301;305;293;164;99;345;*Di,16.09.;
2025;SEP.;1620;Endresstraße;G;0;Gesamt;Kfz;4694;5133;5009;5115;5343;3820;3158;5617;Fr,19.09.;
2025;SEP.;1620;Endresstraße;G;0;Gesamt;LkwÄ;428;510;510;515;495;244;163;550;Mo,22.09.;
2025;SEP.;1621;Währinger Gürtel;B;221;Liechtenwerder Platz;Kfz;32864;32622;31979;32420;34081;34820;32238;35582;Sa,27.09.;
2025;SEP.;1621;Währinger Gürtel;B;221;Liechtenwerder Platz;LkwÄ;1671;2051;2058;2130;1787;801;448;2247;Di,16.09.;
2025;SEP.;1621;Währinger Gürtel;B;221;Wienzeile;Kfz;37874;38014;37509;37741;39529;38844;36137;41017;Sa,27.09.;
2025;SEP.;1621;Währinger Gürtel;B;221;Wienzeile;LkwÄ;2322;2833;2912;2905;2499;1134;701;3113;Di,30.09.;
2025;SEP.;1621;Währinger Gürtel;B;221;Gesamt;Kfz;70738;70635;69488;70161;73610;73664;68375;76599;Sa,27.09.;
2025;SEP.;1621;Währinger Gürtel;B;221;Gesamt;LkwÄ;3993;4884;4970;5035;4286;1935;1149;5329;Di,30.09.;
2025;SEP.;1622;Himberger Straße II;B;16;Zentrum;Kfz;5103;5678;6087;5615;5371;3806;3235;6359;Mo,01.09.;
2025;SEP.;1622;Himberger Straße II;B;16;Zentrum;LkwÄ;284;373;406;379;311;61;19;459;Mo,29.09.;
2025;SEP.;1622;Himberger Straße II;B;16;Leopoldsdorfer Str.;Kfz;5637;6338;6224;6323;6530;4238;3175;7216;Do,04.09.;
2025;SEP.;1622;Himberger Straße II;B;16;Leopoldsdorfer Str.;LkwÄ;884;1109;1165;1091;1096;337;196;1286;Do,04.09.;
2025;SEP.;1622;Himberger Straße II;B;16;Gesamt;Kfz;10739;12017;12311;11939;11902;8044;6410;12938;Do,04.09.;
2025;SEP.;1622;Himberger Straße II;B;16;Gesamt;LkwÄ;1168;1481;1570;1470;1407;398;215;1660;Do,04.09.;
2025;SEP.;1623;Breitenleer Straße II;G;0;Stadteinwärts;Kfz;6811;7279;7118;7311;7378;6043;5009;8446;Mi,24.09.;
2025;SEP.;1623;Breitenleer Straße II;G;0;Stadteinwärts;LkwÄ;565;699;708;719;622;238;153;811;Di,30.09.;
2025;SEP.;1623;Breitenleer Straße II;G;0;Stadtauswärts;Kfz;7492;8068;7947;8051;8272;6524;5292;8452;Fr,19.09.;
2025;SEP.;1623;Breitenleer Straße II;G;0;Stadtauswärts;LkwÄ;635;768;790;786;685;315;218;866;Di,09.09.;
2025;SEP.;1623;Breitenleer Straße II;G;0;Gesamt;Kfz;14303;15346;15065;15361;15650;12567;10301;16130;Mi,24.09.;
2025;SEP.;1623;Breitenleer Straße II;G;0;Gesamt;LkwÄ;1199;1468;1498;1505;1307;552;372;1651;Di,30.09.;
2025;SEP.;1624;Seyringer Straße;G;0;Wassermanngasse;Kfz;6732;7155;7116;7054;7533;6775;4361;7683;Fr,05.09.;
2025;SEP.;1624;Seyringer Straße;G;0;Wassermanngasse;LkwÄ;311;403;410;423;329;86;32;466;Di,02.09.;
2025;SEP.;1624;Seyringer Straße;G;0;Ernst-Kein-Gasse;Kfz;6183;6534;6332;6519;6834;6659;3774;7831;Di,02.09.;
2025;SEP.;1624;Seyringer Straße;G;0;Ernst-Kein-Gasse;LkwÄ;334;428;442;438;376;102;50;555;Mi,24.09.;
2025;SEP.;1624;Seyringer Straße;G;0;Gesamt;Kfz;12914;13689;13448;13573;14367;13434;8135;14934;Di,02.09.;
2025;SEP.;1624;Seyringer Straße;G;0;Gesamt;LkwÄ;645;830;852;861;705;188;82;939;Mi,24.09.;
2025;SEP.;1625;Favoritenstraße;G;0;Karlsplatz (Zentrum);Kfz;9630;10117;9695;10266;10159;8957;7624;11166;Di,23.09.;
2025;SEP.;1625;Favoritenstraße;G;0;Karlsplatz (Zentrum);LkwÄ;170;212;212;217;196;75;34;278;Di,23.09.;
2025;SEP.;1625;Favoritenstraße;G;0;Südtiroler Platz;Kfz;3013;3185;3131;3197;3211;2836;2248;3339;Di,02.09.;
2025;SEP.;1625;Favoritenstraße;G;0;Südtiroler Platz;LkwÄ;189;231;227;236;218;100;49;340;Di,23.09.;
2025;SEP.;1625;Favoritenstraße;G;0;Gesamt;Kfz;12643;13301;12826;13463;13370;11793;9872;14398;Mi,17.09.;
2025;SEP.;1625;Favoritenstraße;G;0;Gesamt;LkwÄ;359;443;438;453;415;176;83;618;Di,23.09.;
2025;SEP.;1626;Ludwig-van-Höhnel-Gasse;B;225;Verteilerkreis;Kfz;7736;8021;7819;7984;8392;7568;6342;8557;Fr,26.09.;
2025;SEP.;1626;Ludwig-van-Höhnel-Gasse;B;225;Verteilerkreis;LkwÄ;285;346;333;358;324;135;96;405;Di,30.09.;
2025;SEP.;1626;Ludwig-van-Höhnel-Gasse;B;225;Laaer-Berg-Str.;Kfz;9951;9977;9786;9867;10574;10666;9090;11333;Sa,27.09.;
2025;SEP.;1626;Ludwig-van-Höhnel-Gasse;B;225;Laaer-Berg-Str.;LkwÄ;705;853;846;867;819;353;242;921;Mo,15.09.;
2025;SEP.;1626;Ludwig-van-Höhnel-Gasse;B;225;Gesamt;Kfz;17687;17998;17605;17851;18966;18234;15432;19104;Fr,26.09.;
2025;SEP.;1626;Ludwig-van-Höhnel-Gasse;B;225;Gesamt;LkwÄ;990;1200;1180;1225;1143;488;338;1269;Di,09.09.;
2025;SEP.;1627;Felberstraße;B;224;Neubauguertel;Kfz;9318;9544;9452;9474;9886;9126;8270;10001;Fr,12.09.;
2025;SEP.;1627;Felberstraße;B;224;Neubauguertel;LkwÄ;455;550;555;561;507;239;147;685;Mi,24.09.;
2025;SEP.;1627;Felberstraße;B;224;Schweglerstraße;Kfz;7607;7805;7621;7803;8042;7226;6900;8347;Fr,12.09.;
2025;SEP.;1627;Felberstraße;B;224;Schweglerstraße;LkwÄ;48;57;61;58;48;22;24;72;Di,30.09.;
2025;SEP.;1627;Felberstraße;B;224;Gesamt;Kfz;16926;17349;17073;17277;17928;16352;15170;18348;Fr,12.09.;
2025;SEP.;1627;Felberstraße;B;224;Gesamt;LkwÄ;502;607;615;619;555;260;171;742;Mi,24.09.;426
2025;AUG.;1075;Reichsbrücke;B;8;Leopoldstadt;Kfz;47537;49006;49507;48562;49836;44903;44839;51165;Fr,22.08.;
2025;AUG.;1075;Reichsbrücke;B;8;Leopoldstadt;LkwÄ;4973;4789;5254;4619;4834;5054;5519;6243;So,03.08.;
2025;AUG.;1075;Reichsbrücke;B;8;Donaustadt;Kfz;15616;17070;15825;17519;16966;13661;12400;19569;Do,28.08.;
2025;AUG.;1075;Reichsbrücke;B;8;Donaustadt;LkwÄ;426;536;529;540;528;250;208;629;Fr,29.08.;
2025;AUG.;1075;Reichsbrücke;B;8;Gesamt;Kfz;63154;66076;65332;66081;66802;58564;57239;69749;Mi,27.08.;
2025;AUG.;1075;Reichsbrücke;B;8;Gesamt;LkwÄ;5399;5325;5783;5160;5362;5303;5728;6430;So,03.08.;
2025;AUG.;1078;Westbahnhof;B;221;Wienzeile;Kfz;32694;33954;32613;33985;35204;32392;28746;38623;Fr,29.08.;
2025;AUG.;1078;Westbahnhof;B;221;Wienzeile;LkwÄ;779;997;1004;1028;895;445;333;1100;Di,19.08.;
2025;AUG.;1078;Westbahnhof;B;221;Stadthalle;Kfz;27962;28508;27642;28321;29934;28546;25654;33968;Fr,29.08.;
2025;AUG.;1078;Westbahnhof;B;221;Stadthalle;LkwÄ;733;909;919;925;852;483;355;980;Do,21.08.;
2025;AUG.;1078;Westbahnhof;B;221;Gesamt;Kfz;60656;62462;60256;62306;65138;60938;54401;72591;Fr,29.08.;
2025;AUG.;1078;Westbahnhof;B;221;Gesamt;LkwÄ;1512;1906;1922;1953;1746;928;688;2053;Di,19.08.;
2025;AUG.;1089;Floridsdorf-Br.;B;226;Brigittenau;Kfz;11616;12576;12036;12884;12194;10502;9346;15259;Mi,27.08.;
2025;AUG.;1089;Floridsdorf-Br.;B;226;Brigittenau;LkwÄ;381;464;456;485;408;253;214;538;Mi,27.08.;
2025;AUG.;1089;Floridsdorf-Br.;B;226;Floridsdorf;Kfz;11994;12987;12315;13187;13062;11187;9353;15437;Do,28.08.;
2025;AUG.;1089;Floridsdorf-Br.;B;226;Floridsdorf;LkwÄ;263;353;335;374;308;127;77;418;Di,26.08.;
2025;AUG.;1089;Floridsdorf-Br.;B;226;Gesamt;Kfz;23610;25563;24350;26070;25256;21689;18699;30269;Do,28.08.;
2025;AUG.;1089;Floridsdorf-Br.;B;226;Gesamt;LkwÄ;645;817;790;859;717;380;291;936;Di,26.08.;
2025;AUG.;1096;Brigittenauer Brücke;B;14;Brigittenau;Kfz;10758;12053;11259;12486;11547;8672;8182;13674;Di,19.08.;
2025;AUG.;1096;Brigittenauer Brücke;B;14;Brigittenau;LkwÄ;250;351;331;373;305;86;52;419;Di,12.08.;
2025;AUG.;1096;Brigittenauer Brücke;B;14;Floridsdorf;Kfz;10001;10868;10127;11092;10935;9109;7854;12464;*Do,28.08.;
2025;AUG.;1096;Brigittenauer Brücke;B;14;Floridsdorf;LkwÄ;282;362;354;376;329;164;112;415;*Mi,27.08.;
2025;AUG.;1096;Brigittenauer Brücke;B;14;Gesamt;Kfz;20759;22921;21386;23578;22482;17781;16037;25414;*Di,19.08.;
2025;AUG.;1096;Brigittenauer Brücke;B;14;Gesamt;LkwÄ;532;713;685;749;634;249;163;817;*Di,12.08.;
2025;AUG.;1131;Karlsplatz;B;1;Heumarkt;Kfz;16982;18757;17636;19110;18821;15010;12710;20785;Fr,29.08.;
2025;AUG.;1131;Karlsplatz;B;1;Heumarkt;LkwÄ;580;705;685;727;659;395;317;787;Do,28.08.;
2025;AUG.;1131;Karlsplatz;B;1;Wienzeile;Kfz;12101;13930;13291;14388;13194;9535;8144;15219;Do,28.08.;
2025;AUG.;1131;Karlsplatz;B;1;Wienzeile;LkwÄ;517;608;588;628;568;402;308;745;Mi,27.08.;
2025;AUG.;1131;Karlsplatz;B;1;Gesamt;Kfz;29083;32687;30927;33498;32015;24544;20853;35761;Do,28.08.;
2025;AUG.;1131;Karlsplatz;B;1;Gesamt;LkwÄ;1097;1313;1272;1355;1226;797;626;1520;Mi,27.08.;
2025;AUG.;1170;Donaukanal Straße;B;227;1171-Obere Donaustr.;Kfz;23230;24434;23497;24656;24708;21990;20250;26762;Do,28.08.;
2025;AUG.;1170;Donaukanal Straße;B;227;1171-Obere Donaustr.;LkwÄ;695;863;785;915;783;472;321;1413;*Do,28.08.;
2025;AUG.;1170;Donaukanal Straße;B;227;1172-Franz-Josef-Kai;Kfz;34578;37621;35916;38014;38146;30756;27624;40565;Fr,29.08.;
2025;AUG.;1170;Donaukanal Straße;B;227;1172-Franz-Josef-Kai;LkwÄ;1447;1841;1780;1918;1674;867;615;2148;*Mi,27.08.;
2025;AUG.;1170;Donaukanal Straße;B;227;Gesamt;Kfz;57809;62055;59413;62670;62853;52745;47874;67275;Do,28.08.;
2025;AUG.;1170;Donaukanal Straße;B;227;Gesamt;LkwÄ;2142;2704;2565;2833;2457;1339;936;3463;*Do,28.08.;
2025;AUG.;1177;Handelskai;B;14;Klosterneuburg;Kfz;9871;10616;10610;10718;10313;8846;8242;12045;Mi,27.08.;
2025;AUG.;1177;Handelskai;B;14;Klosterneuburg;LkwÄ;461;627;646;652;534;178;143;750;Mi,27.08.;
2025;AUG.;1177;Handelskai;B;14;Freudenau;Kfz;11637;13288;12428;13606;13194;9206;8159;15788;Fr,29.08.;
2025;AUG.;1177;Handelskai;B;14;Freudenau;LkwÄ;529;744;684;789;667;158;122;911;Fr,29.08.;
2025;AUG.;1177;Handelskai;B;14;Gesamt;Kfz;21508;23904;23039;24324;23507;18052;16402;27052;Fr,29.08.;
2025;AUG.;1177;Handelskai;B;14;Gesamt;LkwÄ;990;1371;1330;1441;1201;336;264;1570;Mi,27.08.;
2025;AUG.;1179;Brunner Straße;B;12;Zentrum;Kfz;11338;13118;12918;13242;12947;9307;7095;14870;Do,28.08.;
2025;AUG.;1179;Brunner Straße;B;12;Zentrum;LkwÄ;826;1147;1148;1176;1057;302;194;1362;Do,28.08.;
2025;AUG.;1179;Brunner Straße;B;12;Brunn am Gebirge;Kfz;15683;17717;17266;17837;17810;13729;10530;19124;Fr,29.08.;
2025;AUG.;1179;Brunner Straße;B;12;Brunn am Gebirge;LkwÄ;1024;1410;1429;1452;1266;396;260;1589;Do,14.08.;
2025;AUG.;1179;Brunner Straße;B;12;Gesamt;Kfz;27020;30835;30184;31079;30757;23036;17625;33766;Do,28.08.;
2025;AUG.;1179;Brunner Straße;B;12;Gesamt;LkwÄ;1850;2557;2578;2627;2324;698;455;2898;Do,28.08.;
2025;AUG.;1180;Hochstraße;B;13;Zentrum;Kfz;4617;5051;4820;5101;5134;4176;3535;5799;Do,28.08.;
2025;AUG.;1180;Hochstraße;B;13;Zentrum;LkwÄ;199;253;246;263;228;114;92;300;Mi,20.08.;
2025;AUG.;1180;Hochstraße;B;13;Perchtoldsdorf;Kfz;4729;5192;4945;5242;5287;4231;3599;5891;Fr,29.08.;
2025;AUG.;1180;Hochstraße;B;13;Perchtoldsdorf;LkwÄ;206;262;258;273;234;118;92;303;Di,05.08.;
2025;AUG.;1180;Hochstraße;B;13;Gesamt;Kfz;9345;10243;9766;10343;10421;8406;7134;11657;Do,28.08.;
2025;AUG.;1180;Hochstraße;B;13;Gesamt;LkwÄ;405;515;504;536;461;232;184;600;Mi,20.08.;
2025;AUG.;1181;Breitenfurter Straße;B;13;Zentrum;Kfz;6224;6782;6498;6841;6891;5649;4841;7423;Do,28.08.;
2025;AUG.;1181;Breitenfurter Straße;B;13;Zentrum;LkwÄ;181;227;221;235;209;111;85;284;Do,21.08.;
2025;AUG.;1181;Breitenfurter Straße;B;13;Breitenfurt;Kfz;6088;6664;6396;6712;6790;5500;4658;7495;Do,28.08.;
2025;AUG.;1181;Breitenfurter Straße;B;13;Breitenfurt;LkwÄ;183;230;228;233;223;105;92;258;Do,28.08.;
2025;AUG.;1181;Breitenfurter Straße;B;13;Gesamt;Kfz;12312;13446;12893;13553;13681;11148;9499;14918;Do,28.08.;
2025;AUG.;1181;Breitenfurter Straße;B;13;Gesamt;LkwÄ;364;457;449;468;432;216;177;514;Do,21.08.;
2025;AUG.;1182;Simmeringer Hptstr.;B;225;Zentrum;Kfz;-29;-29;-29;-29;-29;-29;-29;-29;0.00.;
2025;AUG.;1182;Simmeringer Hptstr.;B;225;Zentrum;LkwÄ;-29;-29;-29;-29;-29;-29;-29;-29;0.00.;
2025;AUG.;1182;Simmeringer Hptstr.;B;225;Schwechat;Kfz;-29;-29;-29;-29;-29;-29;-29;-29;0.00.;
2025;AUG.;1182;Simmeringer Hptstr.;B;225;Schwechat;LkwÄ;-29;-29;-29;-29;-29;-29;-29;-29;0.00.;
2025;AUG.;1182;Simmeringer Hptstr.;B;225;Gesamt;Kfz;-29;-29;-29;-29;-29;-29;-29;-29;0.00.;
2025;AUG.;1182;Simmeringer Hptstr.;B;225;Gesamt;LkwÄ;-29;-29;-29;-29;-29;-29;-29;-29;0.00.;
2025;AUG.;1184;Himberger Straße;G;0;Zentrum;Kfz;4951;5628;5573;5675;5542;4056;3442;6112;Do,28.08.;
2025;AUG.;1184;Himberger Straße;G;0;Zentrum;LkwÄ;141;203;212;210;172;44;18;244;Mi,27.08.;
2025;AUG.;1184;Himberger Straße;G;0;Leopoldsdorf;Kfz;4780;5443;5201;5459;5636;3996;3224;6064;Fr,29.08.;
2025;AUG.;1184;Himberger Straße;G;0;Leopoldsdorf;LkwÄ;129;183;176;187;178;44;19;217;Do,14.08.;
2025;AUG.;1184;Himberger Straße;G;0;Gesamt;Kfz;9731;11071;10774;11134;11178;8051;6667;12058;Di,26.08.;
2025;AUG.;1184;Himberger Straße;G;0;Gesamt;LkwÄ;270;386;388;397;350;88;37;444;Mi,27.08.;
2025;AUG.;1187;Triester Straße;B;17;Zentrum;Kfz;9409;10676;10499;10694;10795;9169;5387;11710;Fr,29.08.;
2025;AUG.;1187;Triester Straße;B;17;Zentrum;LkwÄ;496;644;626;668;588;296;170;734;Do,28.08.;
2025;AUG.;1187;Triester Straße;B;17;Wr. Neudorf;Kfz;7733;8923;8768;8972;8929;6858;4495;9740;Fr,29.08.;
2025;AUG.;1187;Triester Straße;B;17;Wr. Neudorf;LkwÄ;388;517;506;538;465;182;132;599;Di,26.08.;
2025;AUG.;1187;Triester Straße;B;17;Gesamt;Kfz;17142;19598;19267;19667;19724;16028;9882;21450;Fr,29.08.;
2025;AUG.;1187;Triester Straße;B;17;Gesamt;LkwÄ;884;1160;1132;1206;1053;477;303;1293;Di,26.08.;
2025;AUG.;1188;Altmannsdorfer Straße;B;224;Zentrum;Kfz;8452;9599;9680;9612;9478;7882;5104;10582;Do,28.08.;
2025;AUG.;1188;Altmannsdorfer Straße;B;224;Zentrum;LkwÄ;312;427;447;436;380;117;89;483;Di,26.08.;
2025;AUG.;1188;Altmannsdorfer Straße;B;224;Vösendorf;Kfz;8343;9559;9661;9483;9687;7559;4942;10592;Do,28.08.;
2025;AUG.;1188;Altmannsdorfer Straße;B;224;Vösendorf;LkwÄ;336;460;503;467;397;119;104;585;Mo,25.08.;
2025;AUG.;1188;Altmannsdorfer Straße;B;224;Gesamt;Kfz;16795;19158;19341;19095;19165;15440;10047;21174;Do,28.08.;
2025;AUG.;1188;Altmannsdorfer Straße;B;224;Gesamt;LkwÄ;648;888;950;903;778;235;194;1046;Mo,25.08.;
2025;AUG.;1189;Shuttleworthstraße;B;229;Zentrum;Kfz;9255;10451;10206;10519;10491;8005;6308;11334;Fr,29.08.;
2025;AUG.;1189;Shuttleworthstraße;B;229;Zentrum;LkwÄ;438;618;623;652;510;136;91;751;Di,26.08.;
2025;AUG.;1189;Shuttleworthstraße;B;229;Leopoldau;Kfz;8995;10353;10290;10448;10133;7475;5736;11446;Do,28.08.;
2025;AUG.;1189;Shuttleworthstraße;B;229;Leopoldau;LkwÄ;434;619;652;653;484;124;78;713;Mo,25.08.;
2025;AUG.;1189;Shuttleworthstraße;B;229;Gesamt;Kfz;18250;20804;20497;20967;20624;15479;12045;22497;Do,28.08.;
2025;AUG.;1189;Shuttleworthstraße;B;229;Gesamt;LkwÄ;873;1237;1274;1305;995;260;169;1437;Di,26.08.;
2025;AUG.;1190;Angyalföldstraße;B;3;Kagran;Kfz;6835;7678;7692;7708;7574;6370;4412;8705;Fr,29.08.;
2025;AUG.;1190;Angyalföldstraße;B;3;Kagran;LkwÄ;216;293;297;310;240;90;64;346;Di,19.08.;
2025;AUG.;1190;Angyalföldstraße;B;3;Floridsdorf;Kfz;4926;5450;5346;5403;5698;4609;3441;6178;Fr,29.08.;
2025;AUG.;1190;Angyalföldstraße;B;3;Floridsdorf;LkwÄ;132;187;201;192;160;37;28;231;Mo,25.08.;
2025;AUG.;1190;Angyalföldstraße;B;3;Gesamt;Kfz;11761;13128;13038;13111;13272;10979;7853;14883;Fr,29.08.;
2025;AUG.;1190;Angyalföldstraße;B;3;Gesamt;LkwÄ;348;481;498;502;400;126;92;566;Di,19.08.;
2025;AUG.;1191;Wientalstraße;B;1;Zentrum;Kfz;25515;26743;26301;26833;26916;24257;22468;28999;Do,28.08.;
2025;AUG.;1191;Wientalstraße;B;1;Zentrum;LkwÄ;684;876;873;918;754;454;236;1446;Do,21.08.;
2025;AUG.;1191;Wientalstraße;B;1;St. Pölten;Kfz;23832;25184;23912;25169;26502;23025;19998;27623;Fr,29.08.;
2025;AUG.;1191;Wientalstraße;B;1;St. Pölten;LkwÄ;528;678;690;700;599;299;220;758;Di,19.08.;
2025;AUG.;1191;Wientalstraße;B;1;Gesamt;Kfz;49347;51927;50213;52002;53418;47282;42466;55551;Fr,29.08.;
2025;AUG.;1191;Wientalstraße;B;1;Gesamt;LkwÄ;1212;1554;1563;1618;1352;753;456;2128;Do,21.08.;
2025;AUG.;1192;Hauptstraße;G;0;Zentrum;Kfz;5000;5468;5301;5506;5518;4920;3509;6379;Do,28.08.;
2025;AUG.;1192;Hauptstraße;G;0;Zentrum;LkwÄ;252;304;310;309;284;175;142;344;Di,19.08.;
2025;AUG.;1192;Hauptstraße;G;0;St. Pölten;Kfz;5834;6418;6218;6429;6587;5702;3996;7582;Do,28.08.;
2025;AUG.;1192;Hauptstraße;G;0;St. Pölten;LkwÄ;261;314;313;321;296;184;147;342;Di,19.08.;
2025;AUG.;1192;Hauptstraße;G;0;Gesamt;Kfz;10834;11886;11519;11935;12105;10622;7505;13961;Do,28.08.;
2025;AUG.;1192;Hauptstraße;G;0;Gesamt;LkwÄ;513;618;623;629;580;359;289;686;Di,19.08.;
2025;AUG.;1193;Heiligenstädter Straße;B;14;Zentrum;Kfz;15631;17102;16360;17401;16946;13835;12226;18992;Do,28.08.;
2025;AUG.;1193;Heiligenstädter Straße;B;14;Zentrum;LkwÄ;652;876;843;911;804;304;194;994;Do,28.08.;
2025;AUG.;1193;Heiligenstädter Straße;B;14;Klosterneuburg;Kfz;15620;17034;16434;17315;16790;13896;12344;19023;Do,28.08.;
2025;AUG.;1193;Heiligenstädter Straße;B;14;Klosterneuburg;LkwÄ;655;880;873;907;807;302;201;963;Di,26.08.;
2025;AUG.;1193;Heiligenstädter Straße;B;14;Gesamt;Kfz;31251;34135;32794;34715;33736;27731;24570;38015;Do,28.08.;
2025;AUG.;1193;Heiligenstädter Straße;B;14;Gesamt;LkwÄ;1307;1756;1716;1818;1611;605;395;1951;Do,28.08.;
2025;AUG.;1194;Prager Straße;B;3;Zentrum;Kfz;4254;4782;4668;4697;5154;4671;2143;5412;Do,14.08.;
2025;AUG.;1194;Prager Straße;B;3;Zentrum;LkwÄ;155;211;210;217;191;70;39;264;Mi,20.08.;
2025;AUG.;1194;Prager Straße;B;3;Langenzersd.;Kfz;4280;4889;4830;4801;5209;4541;2033;5545;Fr,29.08.;
2025;AUG.;1194;Prager Straße;B;3;Langenzersd.;LkwÄ;158;217;232;221;191;69;37;279;Mo,25.08.;
2025;AUG.;1194;Prager Straße;B;3;Gesamt;Kfz;8533;9671;9498;9498;10364;9212;4176;10939;Fr,29.08.;
2025;AUG.;1194;Prager Straße;B;3;Gesamt;LkwÄ;313;428;442;438;382;139;75;533;Mi,20.08.;
2025;AUG.;1195;Wagramer Straße;B;8;Zentrum;Kfz;3405;3892;3720;3963;3851;2901;2200;4304;Mi,27.08.;
2025;AUG.;1195;Wagramer Straße;B;8;Zentrum;LkwÄ;125;167;169;174;146;59;42;203;Mi,27.08.;
2025;AUG.;1195;Wagramer Straße;B;8;Süßenbrunn;Kfz;3387;3826;3684;3877;3817;3028;2222;4142;Do,28.08.;
2025;AUG.;1195;Wagramer Straße;B;8;Süßenbrunn;LkwÄ;138;181;182;187;161;79;46;216;Mi,27.08.;
2025;AUG.;1195;Wagramer Straße;B;8;Gesamt;Kfz;6792;7718;7404;7840;7668;5929;4422;8360;Mi,27.08.;
2025;AUG.;1195;Wagramer Straße;B;8;Gesamt;LkwÄ;264;348;352;360;306;137;88;419;Mi,27.08.;
2025;AUG.;1196;Erzherzog-Karl-Str.;B;3;Groß-Enzersdorf;Kfz;10159;11506;11101;11565;11737;8854;6754;13095;Fr,29.08.;
2025;AUG.;1196;Erzherzog-Karl-Str.;B;3;Groß-Enzersdorf;LkwÄ;213;282;280;296;245;89;85;341;Di,05.08.;
2025;AUG.;1196;Erzherzog-Karl-Str.;B;3;Kagran;Kfz;10626;12001;11515;12101;12185;9151;7275;13551;Fr,29.08.;
2025;AUG.;1196;Erzherzog-Karl-Str.;B;3;Kagran;LkwÄ;439;540;550;545;512;270;243;586;Di,12.08.;
2025;AUG.;1196;Erzherzog-Karl-Str.;B;3;Gesamt;Kfz;20785;23507;22616;23666;23922;18004;14028;26646;Fr,29.08.;
2025;AUG.;1196;Erzherzog-Karl-Str.;B;3;Gesamt;LkwÄ;652;822;830;841;758;360;327;898;Di,12.08.;
2025;AUG.;1198;Brünner Straße;B;7;Zentrum;Kfz;8180;9148;8959;9123;9413;8107;5013;10207;Fr,29.08.;
2025;AUG.;1198;Brünner Straße;B;7;Zentrum;LkwÄ;364;496;481;517;448;186;74;566;Mi,27.08.;
2025;AUG.;1198;Brünner Straße;B;7;Wolkersdorf;Kfz;7045;7903;7653;7877;8230;6833;4360;8750;Fr,29.08.;
2025;AUG.;1198;Brünner Straße;B;7;Wolkersdorf;LkwÄ;337;453;439;470;416;193;71;499;Mi,06.08.;
2025;AUG.;1198;Brünner Straße;B;7;Gesamt;Kfz;15225;17052;16612;17001;17644;14940;9373;18957;Fr,29.08.;
2025;AUG.;1198;Brünner Straße;B;7;Gesamt;LkwÄ;701;949;920;988;864;378;145;1048;Do,28.08.;
2025;AUG.;1199;Eßlinger Hauptstraße;B;3;Zentrum;Kfz;8394;8880;8568;8806;9415;8316;6841;10021;Fr,29.08.;
2025;AUG.;1199;Eßlinger Hauptstraße;B;3;Zentrum;LkwÄ;468;603;600;618;560;247;202;641;Mi,20.08.;
2025;AUG.;1199;Eßlinger Hauptstraße;B;3;Groß-Enzersdorf;Kfz;8105;8581;8225;8489;9212;8063;6556;9845;Fr,29.08.;
2025;AUG.;1199;Eßlinger Hauptstraße;B;3;Groß-Enzersdorf;LkwÄ;449;578;568;593;542;244;192;631;Mi,20.08.;
2025;AUG.;1199;Eßlinger Hauptstraße;B;3;Gesamt;Kfz;16500;17461;16793;17295;18628;16379;13398;19866;Fr,29.08.;
2025;AUG.;1199;Eßlinger Hauptstraße;B;3;Gesamt;LkwÄ;917;1181;1168;1211;1102;491;394;1272;Mi,20.08.;
2025;AUG.;1200;Vorarlberger Allee West;G;0;Zentrum;Kfz;6575;7975;8344;8045;7394;4099;3973;8601;Mo,04.08.;
2025;AUG.;1200;Vorarlberger Allee West;G;0;Zentrum;LkwÄ;709;985;1070;995;869;239;183;1096;Mo,25.08.;
2025;AUG.;1200;Vorarlberger Allee West;G;0;S1;Kfz;5860;7431;7151;7616;7156;3709;2416;8680;Do,28.08.;
2025;AUG.;1200;Vorarlberger Allee West;G;0;S1;LkwÄ;746;1053;1032;1087;973;236;146;1172;Mi,27.08.;
2025;AUG.;1200;Vorarlberger Allee West;G;0;Gesamt;Kfz;12435;15406;15496;15661;14550;7809;6389;17075;Do,28.08.;
2025;AUG.;1200;Vorarlberger Allee West;G;0;Gesamt;LkwÄ;1455;2038;2102;2082;1842;475;328;2221;Mi,27.08.;
2025;AUG.;1201;Vorarlberger Allee Ost;G;0;Laxenburger Str.;Kfz;3092;4089;3902;4206;3926;1633;982;4776;Do,28.08.;
2025;AUG.;1201;Vorarlberger Allee Ost;G;0;Laxenburger Str.;LkwÄ;697;974;942;1010;898;236;159;1077;Di,26.08.;
2025;AUG.;1201;Vorarlberger Allee Ost;G;0;S1;Kfz;3374;4377;5042;4317;3892;1658;1461;6453;Mo,04.08.;
2025;AUG.;1201;Vorarlberger Allee Ost;G;0;S1;LkwÄ;597;835;966;828;724;187;146;1188;Mo,04.08.;
2025;AUG.;1201;Vorarlberger Allee Ost;G;0;Gesamt;Kfz;6466;8466;8944;8523;7818;3292;2442;10301;Mo,04.08.;
2025;AUG.;1201;Vorarlberger Allee Ost;G;0;Gesamt;LkwÄ;1294;1808;1908;1838;1621;422;305;2137;Mo,04.08.;
2025;AUG.;1202;Spange Vösendorf;G;0;Vösendorf;Kfz;6182;7368;7772;7351;7016;4525;3607;8331;Mo,04.08.;
2025;AUG.;1202;Spange Vösendorf;G;0;Vösendorf;LkwÄ;348;506;564;512;431;68;54;635;Mo,04.08.;
2025;AUG.;1202;Spange Vösendorf;G;0;S1;Kfz;5487;6703;6504;6773;6691;4219;2491;7745;Do,28.08.;
2025;AUG.;1202;Spange Vösendorf;G;0;S1;LkwÄ;314;458;458;475;409;65;38;513;Di,12.08.;
2025;AUG.;1202;Spange Vösendorf;G;0;Gesamt;Kfz;11668;14071;14276;14124;13707;8744;6098;15321;Do,28.08.;
2025;AUG.;1202;Spange Vösendorf;G;0;Gesamt;LkwÄ;662;965;1022;987;840;133;93;1077;Mo,04.08.;
2025;AUG.;1203;Maria-Theresien-Straße;G;0;Franz-Josef-Kai;Kfz;10400;12023;11196;12372;11802;8294;6744;13708;Mi,27.08.;
2025;AUG.;1203;Maria-Theresien-Straße;G;0;Franz-Josef-Kai;LkwÄ;344;450;442;469;402;186;121;528;Di,26.08.;
2025;AUG.;1203;Maria-Theresien-Straße;G;0;-;Kfz;-29;-29;-29;-29;-29;-29;-29;-29;0.00.;
2025;AUG.;1203;Maria-Theresien-Straße;G;0;-;LkwÄ;-29;-29;-29;-29;-29;-29;-29;-29;0.00.;
2025;AUG.;1203;Maria-Theresien-Straße;G;0;Gesamt;Kfz;-29;-29;-29;-29;-29;-29;-29;-29;0.00.;
2025;AUG.;1203;Maria-Theresien-Straße;G;0;Gesamt;LkwÄ;-29;-29;-29;-29;-29;-29;-29;-29;0.00.;
2025;AUG.;1204;Türkenstraße;G;0;Währinger Straße;Kfz;12779;14525;13996;14872;14012;10117;9181;16478;Do,28.08.;
2025;AUG.;1204;Türkenstraße;G;0;Währinger Straße;LkwÄ;332;444;436;460;406;164;96;538;Do,28.08.;
2025;AUG.;1204;Türkenstraße;G;0;-;Kfz;-29;-29;-29;-29;-29;-29;-29;-29;0.00.;
2025;AUG.;1204;Türkenstraße;G;0;-;LkwÄ;-29;-29;-29;-29;-29;-29;-29;-29;0.00.;
2025;AUG.;1204;Türkenstraße;G;0;Gesamt;Kfz;-29;-29;-29;-29;-29;-29;-29;-29;0.00.;
2025;AUG.;1204;Türkenstraße;G;0;Gesamt;LkwÄ;-29;-29;-29;-29;-29;-29;-29;-29;0.00.;
2025;AUG.;1205;Hernalser Hauptstraße;G;0;Zentrum;Kfz;8149;8583;8278;8570;8930;7735;7048;9434;Fr,29.08.;
2025;AUG.;1205;Hernalser Hauptstraße;G;0;Zentrum;LkwÄ;156;209;203;215;200;79;44;245;Do,07.08.;
2025;AUG.;1205;Hernalser Hauptstraße;G;0;Dornbach;Kfz;4065;4319;4163;4321;4468;3900;3355;4766;Fr,29.08.;
2025;AUG.;1205;Hernalser Hauptstraße;G;0;Dornbach;LkwÄ;78;106;97;108;108;40;19;128;Mi,20.08.;
2025;AUG.;1205;Hernalser Hauptstraße;G;0;Gesamt;Kfz;12214;12902;12440;12890;13398;11635;10404;14200;Fr,29.08.;
2025;AUG.;1205;Hernalser Hauptstraße;G;0;Gesamt;LkwÄ;235;315;300;323;308;119;63;353;Do,07.08.;
2025;AUG.;1206;Hütteldorfer Straße;G;0;Zentrum;Kfz;48;53;73;54;29;43;37;77;*Mo,25.08.;
2025;AUG.;1206;Hütteldorfer Straße;G;0;Zentrum;LkwÄ;7;7;13;6;6;6;8;14;*Mo,04.08.;
2025;AUG.;1206;Hütteldorfer Straße;G;0;Hütteldorf;Kfz;14;19;24;20;12;6;5;25;*Mo,25.08.;
2025;AUG.;1206;Hütteldorfer Straße;G;0;Hütteldorf;LkwÄ;2;4;7;4;1;0;0;7;*Mo,04.08.;
2025;AUG.;1206;Hütteldorfer Straße;G;0;Gesamt;Kfz;62;72;96;74;41;49;42;102;*Mo,25.08.;
2025;AUG.;1206;Hütteldorfer Straße;G;0;Gesamt;LkwÄ;10;11;20;10;6;6;8;21;*Mo,04.08.;
2025;AUG.;1207;Altmannsdorfer Straße II;B;224;Zentrum;Kfz;21256;22411;22242;22505;22297;19728;18679;23577;Fr,29.08.;
2025;AUG.;1207;Altmannsdorfer Straße II;B;224;Zentrum;LkwÄ;891;1246;1293;1284;1088;299;200;1353;Mo,18.08.;
2025;AUG.;1207;Altmannsdorfer Straße II;B;224;Vösendorf;Kfz;23733;25576;24842;25618;26183;21972;19060;27752;Do,28.08.;
2025;AUG.;1207;Altmannsdorfer Straße II;B;224;Vösendorf;LkwÄ;932;1284;1297;1337;1111;379;221;1771;Do,21.08.;
2025;AUG.;1207;Altmannsdorfer Straße II;B;224;Gesamt;Kfz;44989;47986;47084;48123;48480;41701;37739;50836;Do,28.08.;
2025;AUG.;1207;Altmannsdorfer Straße II;B;224;Gesamt;LkwÄ;1823;2530;2590;2621;2199;678;421;3092;Do,21.08.;
2025;AUG.;1208;Wienerbergstraße;B;225;Breitenfurter Straße;Kfz;8925;10215;10280;10396;9606;6873;6336;11805;Do,28.08.;
2025;AUG.;1208;Wienerbergstraße;B;225;Breitenfurter Straße;LkwÄ;475;584;586;596;546;303;253;680;Do,28.08.;
2025;AUG.;1208;Wienerbergstraße;B;225;Triester Straße;Kfz;7782;9070;8916;9207;8810;5954;5012;10083;Do,21.08.;
2025;AUG.;1208;Wienerbergstraße;B;225;Triester Straße;LkwÄ;521;660;668;672;616;294;247;740;Do,21.08.;
2025;AUG.;1208;Wienerbergstraße;B;225;Gesamt;Kfz;16707;19284;19195;19603;18416;12826;11348;21665;Do,28.08.;
2025;AUG.;1208;Wienerbergstraße;B;225;Gesamt;LkwÄ;996;1244;1254;1268;1162;597;500;1382;Do,28.08.;
2025;AUG.;1209;Atzgersdorfer Straße;G;0;Stranzenberg Brücke;Kfz;6848;7847;7498;8022;7670;5454;4678;9103;Do,28.08.;
2025;AUG.;1209;Atzgersdorfer Straße;G;0;Stranzenberg Brücke;LkwÄ;187;241;254;240;229;104;78;262;*Mo,25.08.;
2025;AUG.;1209;Atzgersdorfer Straße;G;0;Rosenhügelstraße;Kfz;7684;8912;8689;9050;8719;5908;5070;9740;*Mi,27.08.;
2025;AUG.;1209;Atzgersdorfer Straße;G;0;Rosenhügelstraße;LkwÄ;205;264;280;266;240;140;62;305;*Do,21.08.;
2025;AUG.;1209;Atzgersdorfer Straße;G;0;Gesamt;Kfz;14531;16759;16188;17072;16390;11362;9748;18572;*Do,28.08.;
2025;AUG.;1209;Atzgersdorfer Straße;G;0;Gesamt;LkwÄ;392;505;535;507;470;244;140;556;*Do,21.08.;
2025;AUG.;1210;Koppstraße;B;223;stadtauswärts;Kfz;14383;15257;14895;15292;15513;13296;12378;17052;Fr,29.08.;
2025;AUG.;1210;Koppstraße;B;223;stadtauswärts;LkwÄ;417;528;528;541;489;251;186;600;Di,26.08.;
2025;AUG.;1210;Koppstraße;B;223;Einbahnstraße;Kfz;-29;-29;-29;-29;-29;-29;-29;-29;0.00.;
2025;AUG.;1210;Koppstraße;B;223;Einbahnstraße;LkwÄ;-29;-29;-29;-29;-29;-29;-29;-29;0.00.;
2025;AUG.;1210;Koppstraße;B;223;Gesamt;Kfz;-29;-29;-29;-29;-29;-29;-29;-29;0.00.;
2025;AUG.;1210;Koppstraße;B;223;Gesamt;LkwÄ;-29;-29;-29;-29;-29;-29;-29;-29;0.00.;
2025;AUG.;1211;Laxenburger Straße II;B;230;Zentrum;Kfz;5906;7151;7328;7157;6958;3765;3540;9205;Mo,25.08.;
2025;AUG.;1211;Laxenburger Straße II;B;230;Zentrum;LkwÄ;1341;1778;1875;1795;1629;598;504;2136;*Di,12.08.;
2025;AUG.;1211;Laxenburger Straße II;B;230;S1;Kfz;7163;8890;8525;9080;8685;4924;3273;9978;Do,28.08.;
2025;AUG.;1211;Laxenburger Straße II;B;230;S1;LkwÄ;1461;1948;1935;1976;1880;697;471;2111;Fr,01.08.;
2025;AUG.;1211;Laxenburger Straße II;B;230;Gesamt;Kfz;13069;16042;15853;16237;15643;8689;6813;18288;Mo,25.08.;
2025;AUG.;1211;Laxenburger Straße II;B;230;Gesamt;LkwÄ;2801;3726;3810;3771;3509;1294;974;4065;*Mo,25.08.;
2025;AUG.;1212;Donaustadtstraße II;B;3;A 23;Kfz;9847;11168;10707;11354;11070;8359;6688;12213;Fr,29.08.;
2025;AUG.;1212;Donaustadtstraße II;B;3;A 23;LkwÄ;471;646;669;671;546;178;135;735;Di,26.08.;
2025;AUG.;1212;Donaustadtstraße II;B;3;Erzherzog-Karl-Str.;Kfz;7775;8249;8220;8183;8476;7357;6542;8828;*Fr,29.08.;
2025;AUG.;1212;Donaustadtstraße II;B;3;Erzherzog-Karl-Str.;LkwÄ;417;558;604;565;491;186;141;673;Do,07.08.;
2025;AUG.;1212;Donaustadtstraße II;B;3;Gesamt;Kfz;17622;19416;18926;19536;19546;15716;13230;21041;*Fr,29.08.;
2025;AUG.;1212;Donaustadtstraße II;B;3;Gesamt;LkwÄ;889;1204;1273;1236;1037;364;276;1362;Mo,18.08.;
2025;AUG.;1213;Burggasse II;G;0;Zentrum;Kfz;7383;8102;7518;8244;8258;6710;5549;8718;Fr,29.08.;
2025;AUG.;1213;Burggasse II;G;0;Zentrum;LkwÄ;317;388;373;391;395;217;166;433;Do,14.08.;
2025;AUG.;1213;Burggasse II;G;0;Gablenzgasse;Kfz;-29;-29;-29;-29;-29;-29;-29;-29;0.00.;
2025;AUG.;1213;Burggasse II;G;0;Gablenzgasse;LkwÄ;-29;-29;-29;-29;-29;-29;-29;-29;0.00.;
2025;AUG.;1213;Burggasse II;G;0;Gesamt;Kfz;-29;-29;-29;-29;-29;-29;-29;-29;0.00.;
2025;AUG.;1213;Burggasse II;G;0;Gesamt;LkwÄ;-29;-29;-29;-29;-29;-29;-29;-29;0.00.;
2025;AUG.;1214;Neustiftgasse II;G;0;Koppstraße;Kfz;8495;9070;8672;9137;9263;7912;7065;9729;Do,28.08.;
2025;AUG.;1214;Neustiftgasse II;G;0;Koppstraße;LkwÄ;281;349;348;351;344;181;138;372;Mi,27.08.;
2025;AUG.;1214;Neustiftgasse II;G;0;Zentrum;Kfz;-29;-29;-29;-29;-29;-29;-29;-29;0.00.;
2025;AUG.;1214;Neustiftgasse II;G;0;Zentrum;LkwÄ;-29;-29;-29;-29;-29;-29;-29;-29;0.00.;
2025;AUG.;1214;Neustiftgasse II;G;0;Gesamt;Kfz;-29;-29;-29;-29;-29;-29;-29;-29;0.00.;
2025;AUG.;1214;Neustiftgasse II;G;0;Gesamt;LkwÄ;-29;-29;-29;-29;-29;-29;-29;-29;0.00.;
2025;AUG.;1215;Erzherzog-Karl-Straße III;B;3;Genochplatz;Kfz;11455;11800;11488;11670;12500;11653;10139;12859;Fr,29.08.;
2025;AUG.;1215;Erzherzog-Karl-Straße III;B;3;Genochplatz;LkwÄ;546;738;777;758;640;227;174;858;Mi,13.08.;
2025;AUG.;1215;Erzherzog-Karl-Straße III;B;3;Siegesplatz;Kfz;13265;14153;13782;14132;14588;12533;10917;15800;Fr,29.08.;
2025;AUG.;1215;Erzherzog-Karl-Straße III;B;3;Siegesplatz;LkwÄ;575;777;798;802;680;244;179;869;Mi,13.08.;
2025;AUG.;1215;Erzherzog-Karl-Straße III;B;3;Gesamt;Kfz;24720;25953;25270;25802;27088;24185;21056;28659;Fr,29.08.;
2025;AUG.;1215;Erzherzog-Karl-Straße III;B;3;Gesamt;LkwÄ;1121;1514;1574;1560;1319;471;353;1727;Mi,13.08.;
2025;AUG.;1216;Perchtoldsdorfer Straße;G;0;stadteinwärts;Kfz;3032;3357;3256;3353;3470;2723;2205;3867;Do,28.08.;
2025;AUG.;1216;Perchtoldsdorfer Straße;G;0;stadteinwärts;LkwÄ;136;163;164;163;162;95;81;173;Mo,25.08.;
2025;AUG.;1216;Perchtoldsdorfer Straße;G;0;stadtauswärts;Kfz;2656;2949;2820;2962;3037;2342;1940;3396;Do,28.08.;
2025;AUG.;1216;Perchtoldsdorfer Straße;G;0;stadtauswärts;LkwÄ;87;103;102;104;102;64;51;119;Di,19.08.;
2025;AUG.;1216;Perchtoldsdorfer Straße;G;0;Gesamt;Kfz;5687;6306;6076;6316;6507;5064;4145;7263;Do,28.08.;
2025;AUG.;1216;Perchtoldsdorfer Straße;G;0;Gesamt;LkwÄ;223;266;266;267;264;160;132;288;Di,19.08.;
2025;AUG.;1217;Museumstraße;G;0;Landesgerichtsstraße;Kfz;4963;5961;5701;6258;5332;3673;2712;6693;Mi,27.08.;
2025;AUG.;1217;Museumstraße;G;0;Landesgerichtsstraße;LkwÄ;101;139;134;144;128;45;19;160;Mi,27.08.;
2025;AUG.;1217;Museumstraße;G;0;Getreidemarkt;Kfz;9030;10283;9711;10438;10388;7176;6400;11852;*Fr,29.08.;
2025;AUG.;1217;Museumstraße;G;0;Getreidemarkt;LkwÄ;110;144;134;150;139;62;35;166;*Fr,29.08.;
2025;AUG.;1217;Museumstraße;G;0;Gesamt;Kfz;13993;16244;15412;16695;15720;10849;9112;18217;*Mi,27.08.;
2025;AUG.;1217;Museumstraße;G;0;Gesamt;LkwÄ;211;284;268;294;267;106;54;315;*Di,26.08.;
2025;AUG.;1218;Spange Leopoldsdorf;G;0;Leopoldsdorfer Straß;Kfz;3921;4386;4123;4446;4472;3310;2878;4989;Do,28.08.;
2025;AUG.;1218;Spange Leopoldsdorf;G;0;Leopoldsdorfer Straß;LkwÄ;82;114;110;121;98;30;16;157;Do,28.08.;
2025;AUG.;1218;Spange Leopoldsdorf;G;0;Himberger Straße;Kfz;3920;4348;4212;4410;4298;3138;3144;5029;Fr,29.08.;
2025;AUG.;1218;Spange Leopoldsdorf;G;0;Himberger Straße;LkwÄ;90;126;135;130;106;27;19;177;Di,26.08.;
2025;AUG.;1218;Spange Leopoldsdorf;G;0;Gesamt;Kfz;7841;8734;8335;8856;8770;6448;6022;9818;Do,28.08.;
2025;AUG.;1218;Spange Leopoldsdorf;G;0;Gesamt;LkwÄ;171;241;245;251;204;57;35;324;Di,26.08.;
2025;AUG.;1219;Barawitzkagasse;G;0;Heiligenstädter Str.;Kfz;10765;11752;11224;11887;11875;9850;8238;12984;Do,28.08.;
2025;AUG.;1219;Barawitzkagasse;G;0;Heiligenstädter Str.;LkwÄ;476;574;558;592;537;333;268;627;Mi,20.08.;
2025;AUG.;1219;Barawitzkagasse;G;0;Ruthgasse;Kfz;9225;9951;9598;10126;9778;8335;7547;10719;Mi,20.08.;
2025;AUG.;1219;Barawitzkagasse;G;0;Ruthgasse;LkwÄ;417;503;495;520;460;284;241;597;Do,21.08.;
2025;AUG.;1219;Barawitzkagasse;G;0;Gesamt;Kfz;19990;21703;20822;22013;21654;18184;15785;23669;Do,28.08.;
2025;AUG.;1219;Barawitzkagasse;G;0;Gesamt;LkwÄ;893;1078;1053;1113;997;616;509;1224;Do,21.08.;
2025;AUG.;1220;Am Heumarkt;B;1;Schwarzenbergplatz;Kfz;5676;6665;6323;6924;6227;4192;3620;7405;Mi,27.08.;
2025;AUG.;1220;Am Heumarkt;B;1;Schwarzenbergplatz;LkwÄ;187;232;223;244;207;118;95;259;Di,05.08.;
2025;AUG.;1220;Am Heumarkt;B;1;Urania;Kfz;15380;16957;16812;17048;16827;13251;11898;18605;*Do,28.08.;
2025;AUG.;1220;Am Heumarkt;B;1;Urania;LkwÄ;590;775;739;799;740;319;197;915;*Mi,27.08.;
2025;AUG.;1220;Am Heumarkt;B;1;Gesamt;Kfz;21056;23621;23136;23972;23054;17442;15518;25855;*Do,28.08.;
2025;AUG.;1220;Am Heumarkt;B;1;Gesamt;LkwÄ;777;1007;962;1043;946;437;292;1173;*Mi,27.08.;
2025;AUG.;1221;Grenzackerstraße;B;225;Laxenburger Straße;Kfz;12680;13234;13212;13138;13547;12217;11218;15383;Fr,29.08.;
2025;AUG.;1221;Grenzackerstraße;B;225;Laxenburger Straße;LkwÄ;354;469;507;470;427;171;124;542;Mo,04.08.;
2025;AUG.;1221;Grenzackerstraße;B;225;Verteilerkreis;Kfz;11810;12393;12174;12370;12681;11129;10433;13888;Fr,29.08.;
2025;AUG.;1221;Grenzackerstraße;B;225;Verteilerkreis;LkwÄ;480;619;651;625;570;260;197;682;Mo,25.08.;
2025;AUG.;1221;Grenzackerstraße;B;225;Gesamt;Kfz;24490;25628;25386;25508;26228;23347;21651;29271;Fr,29.08.;
2025;AUG.;1221;Grenzackerstraße;B;225;Gesamt;LkwÄ;834;1088;1158;1094;997;431;321;1200;Mo,25.08.;
2025;AUG.;1222;Universitätsring;G;0;Schottenring;Kfz;20054;22024;20816;22461;21918;17487;15628;24316;Fr,29.08.;
2025;AUG.;1222;Universitätsring;G;0;Schottenring;LkwÄ;542;660;642;681;613;384;282;755;Do,28.08.;
2025;AUG.;1222;Universitätsring;G;0;Einbahnstraße;Kfz;-29;-29;-29;-29;-29;-29;-29;-29;0.00.;
2025;AUG.;1222;Universitätsring;G;0;Einbahnstraße;LkwÄ;-29;-29;-29;-29;-29;-29;-29;-29;0.00.;
2025;AUG.;1222;Universitätsring;G;0;Gesamt;Kfz;-29;-29;-29;-29;-29;-29;-29;-29;0.00.;
2025;AUG.;1222;Universitätsring;G;0;Gesamt;LkwÄ;-29;-29;-29;-29;-29;-29;-29;-29;0.00.;
2025;AUG.;1223;Adalbert-Stifter-Straße;B;226;Gürtelbrücke;Kfz;8019;8696;8473;8823;8539;7286;6375;10769;Mi,27.08.;
2025;AUG.;1223;Adalbert-Stifter-Straße;B;226;Gürtelbrücke;LkwÄ;272;341;346;354;294;163;133;409;Di,19.08.;
2025;AUG.;1223;Adalbert-Stifter-Straße;B;226;Floridsdorfer Brücke;Kfz;8179;8786;8312;8900;8919;7904;6384;10419;Do,28.08.;
2025;AUG.;1223;Adalbert-Stifter-Straße;B;226;Floridsdorfer Brücke;LkwÄ;313;397;381;417;353;192;135;484;Di,12.08.;
2025;AUG.;1223;Adalbert-Stifter-Straße;B;226;Gesamt;Kfz;16198;17482;16785;17722;17458;15190;12759;20553;Mi,27.08.;
2025;AUG.;1223;Adalbert-Stifter-Straße;B;226;Gesamt;LkwÄ;585;738;727;771;647;355;268;854;Do,28.08.;
2025;AUG.;1224;Wagramer Str. II;B;8;Reichsbrücke;Kfz;9762;11233;11032;11356;11064;8310;6070;12793;Fr,29.08.;
2025;AUG.;1224;Wagramer Str. II;B;8;Reichsbrücke;LkwÄ;395;560;590;582;462;112;80;706;Mi,27.08.;
2025;AUG.;1224;Wagramer Str. II;B;8;Süßenbrunn;Kfz;8297;9255;9120;9194;9570;8006;5348;10274;Fr,29.08.;
2025;AUG.;1224;Wagramer Str. II;B;8;Süßenbrunn;LkwÄ;213;302;318;314;250;70;37;352;Di,26.08.;
2025;AUG.;1224;Wagramer Str. II;B;8;Gesamt;Kfz;18059;20487;20152;20550;20634;16316;11418;23067;Fr,29.08.;
2025;AUG.;1224;Wagramer Str. II;B;8;Gesamt;LkwÄ;608;862;909;896;712;182;117;1039;Mi,27.08.;
2025;AUG.;1600;Schönbrunner Straße;B;1;Zentrum;Kfz;16078;17023;16424;17083;17442;15006;13818;18747;Do,28.08.;
2025;AUG.;1600;Schönbrunner Straße;B;1;Zentrum;LkwÄ;769;986;992;1006;917;471;298;1118;Di,26.08.;
2025;AUG.;1600;Schönbrunner Straße;B;1;Stadtauswärts;Kfz;-29;-29;-29;-29;-29;-29;-29;-29;0.00.;
2025;AUG.;1600;Schönbrunner Straße;B;1;Stadtauswärts;LkwÄ;-29;-29;-29;-29;-29;-29;-29;-29;0.00.;
2025;AUG.;1600;Schönbrunner Straße;B;1;Gesamt;Kfz;-29;-29;-29;-29;-29;-29;-29;-29;0.00.;
2025;AUG.;1600;Schönbrunner Straße;B;1;Gesamt;LkwÄ;-29;-29;-29;-29;-29;-29;-29;-29;0.00.;
2025;AUG.;1603;Hirschstettner Straße;G;0;Kagran;Kfz;6249;6718;6500;6608;7267;6018;4878;7699;Fr,29.08.;
2025;AUG.;1603;Hirschstettner Straße;G;0;Kagran;LkwÄ;231;275;292;269;274;175;134;343;Do,21.08.;
2025;AUG.;1603;Hirschstettner Straße;G;0;S2;Kfz;7091;7793;7827;7734;7936;6760;5028;8746;Fr,29.08.;
2025;AUG.;1603;Hirschstettner Straße;G;0;S2;LkwÄ;298;364;386;372;320;184;171;416;Mo,25.08.;
2025;AUG.;1603;Hirschstettner Straße;G;0;Gesamt;Kfz;13340;14511;14327;14342;15203;12777;9907;16445;Fr,29.08.;
2025;AUG.;1603;Hirschstettner Straße;G;0;Gesamt;LkwÄ;529;639;678;641;595;359;305;728;Do,21.08.;
2025;AUG.;1607;Weißgerberlände;B;227;A4;Kfz;27391;30036;28179;31112;28665;22868;22341;32984;*Mi,27.08.;
2025;AUG.;1607;Weißgerberlände;B;227;A4;LkwÄ;818;1072;1071;1127;908;409;311;1266;*Do,21.08.;
2025;AUG.;1607;Weißgerberlände;B;227;Zentrum;Kfz;-29;-29;-29;-29;-29;-29;-29;-29;0.00.;
2025;AUG.;1607;Weißgerberlände;B;227;Zentrum;LkwÄ;-29;-29;-29;-29;-29;-29;-29;-29;0.00.;
2025;AUG.;1607;Weißgerberlände;B;227;Gesamt;Kfz;-29;-29;-29;-29;-29;-29;-29;-29;0.00.;
2025;AUG.;1607;Weißgerberlände;B;227;Gesamt;LkwÄ;-29;-29;-29;-29;-29;-29;-29;-29;0.00.;
2025;AUG.;1608;Margaretengürtel/Matzl.Pl;B;221;A23;Kfz;17992;18924;18667;18896;19262;16956;15752;21687;Do,28.08.;
2025;AUG.;1608;Margaretengürtel/Matzl.Pl;B;221;A23;LkwÄ;2721;3308;3372;3371;3055;1854;1488;3940;Mo,25.08.;
2025;AUG.;1608;Margaretengürtel/Matzl.Pl;B;221;Wienzeile;Kfz;18725;19932;18878;20052;20626;17078;16072;22615;*Do,28.08.;
2025;AUG.;1608;Margaretengürtel/Matzl.Pl;B;221;Wienzeile;LkwÄ;607;809;802;850;696;293;196;968;Do,21.08.;
2025;AUG.;1608;Margaretengürtel/Matzl.Pl;B;221;Gesamt;Kfz;36717;38856;37545;38949;39888;34034;31825;44302;*Do,28.08.;
2025;AUG.;1608;Margaretengürtel/Matzl.Pl;B;221;Gesamt;LkwÄ;3329;4118;4174;4221;3751;2147;1684;4838;*Mi,27.08.;
2025;AUG.;1611;Simmeringer Hauptstr. II;B;225;Schwechat;Kfz;5769;6172;5832;6110;6697;5382;4750;7579;Fr,29.08.;
2025;AUG.;1611;Simmeringer Hauptstr. II;B;225;Schwechat;LkwÄ;254;342;326;344;350;119;76;431;Fr,29.08.;
2025;AUG.;1611;Simmeringer Hauptstr. II;B;225;Zentrum;Kfz;6580;7074;7175;6979;7259;5785;5596;8160;Fr,29.08.;
2025;AUG.;1611;Simmeringer Hauptstr. II;B;225;Zentrum;LkwÄ;442;570;600;572;533;224;198;702;Mo,25.08.;
2025;AUG.;1611;Simmeringer Hauptstr. II;B;225;Gesamt;Kfz;12349;13246;13007;13089;13956;11168;10346;15739;Fr,29.08.;
2025;AUG.;1611;Simmeringer Hauptstr. II;B;225;Gesamt;LkwÄ;696;911;926;916;883;343;274;1068;Do,28.08.;
2025;AUG.;1612;Längenfeldgasse;G;0;Eichenstraße;Kfz;9908;10727;10584;10796;10661;8819;8085;13099;*Do,28.08.;
2025;AUG.;1612;Längenfeldgasse;G;0;Eichenstraße;LkwÄ;238;296;316;298;273;139;128;411;*Mo,25.08.;
2025;AUG.;1612;Längenfeldgasse;G;0;Wienerbergstraße;Kfz;6977;7855;7553;7918;7968;5838;5002;8724;Fr,29.08.;
2025;AUG.;1612;Längenfeldgasse;G;0;Wienerbergstraße;LkwÄ;335;417;428;421;394;201;170;460;Mo,18.08.;
2025;AUG.;1612;Längenfeldgasse;G;0;Gesamt;Kfz;16885;18582;18138;18714;18630;14657;13087;21718;*Do,28.08.;
2025;AUG.;1612;Längenfeldgasse;G;0;Gesamt;LkwÄ;573;714;744;719;667;340;299;863;*Mo,25.08.;
2025;AUG.;1613;Lainzer Straße;G;0;Zentrum;Kfz;4028;4539;4289;4608;4584;3194;3020;5114;*Do,28.08.;
2025;AUG.;1613;Lainzer Straße;G;0;Zentrum;LkwÄ;286;342;302;361;323;205;166;395;*Mi,20.08.;
2025;AUG.;1613;Lainzer Straße;G;0;Fasangartengasse;Kfz;5931;6623;6437;6794;6293;4980;4418;7793;*Do,28.08.;
2025;AUG.;1613;Lainzer Straße;G;0;Fasangartengasse;LkwÄ;357;436;471;432;412;207;218;503;*Mo,25.08.;
2025;AUG.;1613;Lainzer Straße;G;0;Gesamt;Kfz;9959;11162;10726;11402;10877;8175;7438;12907;*Do,28.08.;
2025;AUG.;1613;Lainzer Straße;G;0;Gesamt;LkwÄ;642;777;773;793;735;412;384;832;*Di,19.08.;
2025;AUG.;1614;Maxingstraße;G;0;Montecuccoliplatz;Kfz;3991;4490;4299;4569;4442;3246;2948;5306;*Do,28.08.;
2025;AUG.;1614;Maxingstraße;G;0;Montecuccoliplatz;LkwÄ;300;351;344;353;354;219;198;390;*Fr,29.08.;
2025;AUG.;1614;Maxingstraße;G;0;Zentrum;Kfz;6263;7166;7086;7274;6922;4728;4532;7907;*Do,28.08.;
2025;AUG.;1614;Maxingstraße;G;0;Zentrum;LkwÄ;588;727;743;736;680;354;322;807;*Mi,27.08.;
2025;AUG.;1614;Maxingstraße;G;0;Gesamt;Kfz;10254;11655;11385;11843;11364;7974;7480;13213;*Do,28.08.;
2025;AUG.;1614;Maxingstraße;G;0;Gesamt;LkwÄ;888;1078;1086;1089;1035;573;519;1166;*Mi,27.08.;
2025;AUG.;1615;Gablenzgasse;B;223;Zentrum;Kfz;12396;13123;12557;13143;13630;11988;10310;15134;Fr,29.08.;
2025;AUG.;1615;Gablenzgasse;B;223;Zentrum;LkwÄ;284;349;357;351;337;213;128;385;Fr,01.08.;
2025;AUG.;1615;Gablenzgasse;B;223;Stadtauswärts;Kfz;-29;-29;-29;-29;-29;-29;-29;-29;0.00.;
2025;AUG.;1615;Gablenzgasse;B;223;Stadtauswärts;LkwÄ;-29;-29;-29;-29;-29;-29;-29;-29;0.00.;
2025;AUG.;1615;Gablenzgasse;B;223;Gesamt;Kfz;-29;-29;-29;-29;-29;-29;-29;-29;0.00.;
2025;AUG.;1615;Gablenzgasse;B;223;Gesamt;LkwÄ;-29;-29;-29;-29;-29;-29;-29;-29;0.00.;
2025;AUG.;1616;Gersthofer Straße;G;0;Lidlgasse;Kfz;7421;8061;7742;8122;8198;6723;5868;9135;Fr,22.08.;
2025;AUG.;1616;Gersthofer Straße;G;0;Lidlgasse;LkwÄ;1111;1313;1349;1322;1251;811;686;1644;Mi,27.08.;
2025;AUG.;1616;Gersthofer Straße;G;0;Türkenschanz-Park;Kfz;7761;8497;8188;8596;8509;7062;5890;9335;Fr,22.08.;
2025;AUG.;1616;Gersthofer Straße;G;0;Türkenschanz-Park;LkwÄ;981;1178;1185;1204;1092;712;548;1318;Mi,20.08.;
2025;AUG.;1616;Gersthofer Straße;G;0;Gesamt;Kfz;15182;16559;15930;16719;16707;13784;11758;18470;Fr,22.08.;
2025;AUG.;1616;Gersthofer Straße;G;0;Gesamt;LkwÄ;2092;2491;2534;2526;2344;1523;1234;2927;Mi,27.08.;
2025;AUG.;1617;Angerer Straße;G;0;Brünner Straße;Kfz;5010;5421;5252;5323;5885;4777;3835;6856;Fr,01.08.;
2025;AUG.;1617;Angerer Straße;G;0;Brünner Straße;LkwÄ;224;290;278;294;293;128;86;364;Fr,29.08.;
2025;AUG.;1617;Angerer Straße;G;0;Donaufelder Str.;Kfz;5683;6167;5942;6329;5906;5166;4501;7106;Fr,29.08.;
2025;AUG.;1617;Angerer Straße;G;0;Donaufelder Str.;LkwÄ;217;258;272;273;198;143;142;296;Di,26.08.;
2025;AUG.;1617;Angerer Straße;G;0;Gesamt;Kfz;10693;11588;11194;11652;11790;9943;8336;13117;Fr,29.08.;
2025;AUG.;1617;Angerer Straße;G;0;Gesamt;LkwÄ;441;548;549;567;491;270;227;657;Di,26.08.;
2025;AUG.;1618;Siemensstraße;B;229;Leopoldauer Platz;Kfz;6629;7388;7226;7390;7548;6023;4603;8116;Fr,29.08.;
2025;AUG.;1618;Siemensstraße;B;229;Leopoldauer Platz;LkwÄ;990;1251;1258;1285;1139;601;448;1448;Di,26.08.;
2025;AUG.;1618;Siemensstraße;B;229;Siemensplatz;Kfz;6876;7717;7548;7729;7851;6196;4637;8480;Fr,29.08.;
2025;AUG.;1618;Siemensstraße;B;229;Siemensplatz;LkwÄ;858;1123;1130;1158;1010;454;311;1258;Mi,27.08.;
2025;AUG.;1618;Siemensstraße;B;229;Gesamt;Kfz;13505;15105;14773;15119;15398;12219;9240;16596;Fr,29.08.;
2025;AUG.;1618;Siemensstraße;B;229;Gesamt;LkwÄ;1848;2373;2388;2443;2150;1055;759;2686;Di,26.08.;
2025;AUG.;1619;Breitenfurter Straße II;B;13;Liesinger Platz;Kfz;6599;7383;7222;7349;7646;6020;4466;8309;Fr,29.08.;
2025;AUG.;1619;Breitenfurter Straße II;B;13;Liesinger Platz;LkwÄ;280;337;340;339;327;185;169;410;Do,21.08.;
2025;AUG.;1619;Breitenfurter Straße II;B;13;Zentrum;Kfz;6613;7365;7195;7319;7672;5914;4692;8144;Fr,29.08.;
2025;AUG.;1619;Breitenfurter Straße II;B;13;Zentrum;LkwÄ;304;366;374;364;361;207;179;385;Fr,29.08.;
2025;AUG.;1619;Breitenfurter Straße II;B;13;Gesamt;Kfz;13212;14747;14417;14667;15318;11933;9159;16453;Fr,29.08.;
2025;AUG.;1619;Breitenfurter Straße II;B;13;Gesamt;LkwÄ;584;702;714;703;688;392;347;785;Do,21.08.;
2025;AUG.;1620;Endresstraße;G;0;Mauerer Hauptplatz;Kfz;2394;2641;2577;2621;2765;2171;1757;3047;Fr,29.08.;
2025;AUG.;1620;Endresstraße;G;0;Mauerer Hauptplatz;LkwÄ;142;180;182;184;169;78;65;199;Di,19.08.;
2025;AUG.;1620;Endresstraße;G;0;Atzgersdorf;Kfz;1499;1669;1634;1667;1712;1325;1080;1898;Fr,29.08.;
2025;AUG.;1620;Endresstraße;G;0;Atzgersdorf;LkwÄ;201;255;259;258;240;119;91;301;Di,19.08.;
2025;AUG.;1620;Endresstraße;G;0;Gesamt;Kfz;3894;4310;4211;4288;4476;3496;2837;4945;Fr,29.08.;
2025;AUG.;1620;Endresstraße;G;0;Gesamt;LkwÄ;343;435;442;441;410;197;156;500;Di,19.08.;
2025;AUG.;1621;Währinger Gürtel;B;221;Liechtenwerder Platz;Kfz;-29;-29;-29;-29;-29;-29;-29;-29;0.00.;
2025;AUG.;1621;Währinger Gürtel;B;221;Liechtenwerder Platz;LkwÄ;-29;-29;-29;-29;-29;-29;-29;-29;0.00.;
2025;AUG.;1621;Währinger Gürtel;B;221;Wienzeile;Kfz;-29;-29;-29;-29;-29;-29;-29;-29;0.00.;
2025;AUG.;1621;Währinger Gürtel;B;221;Wienzeile;LkwÄ;-29;-29;-29;-29;-29;-29;-29;-29;0.00.;
2025;AUG.;1621;Währinger Gürtel;B;221;Gesamt;Kfz;-29;-29;-29;-29;-29;-29;-29;-29;0.00.;
2025;AUG.;1621;Währinger Gürtel;B;221;Gesamt;LkwÄ;-29;-29;-29;-29;-29;-29;-29;-29;0.00.;
2025;AUG.;1622;Himberger Straße II;B;16;Zentrum;Kfz;4804;5532;6104;5483;5109;3463;3495;6810;Mo,04.08.;
2025;AUG.;1622;Himberger Straße II;B;16;Zentrum;LkwÄ;250;371;438;372;303;35;24;524;Mo,04.08.;
2025;AUG.;1622;Himberger Straße II;B;16;Leopoldsdorfer Str.;Kfz;4941;5840;5457;5944;5914;3776;2916;6564;Do,28.08.;
2025;AUG.;1622;Himberger Straße II;B;16;Leopoldsdorfer Str.;LkwÄ;780;1076;1054;1118;973;311;183;1349;Di,19.08.;
2025;AUG.;1622;Himberger Straße II;B;16;Gesamt;Kfz;9746;11373;11561;11427;11022;7239;6410;12097;Do,28.08.;
2025;AUG.;1622;Himberger Straße II;B;16;Gesamt;LkwÄ;1030;1448;1492;1491;1276;346;208;1802;Di,19.08.;
2025;AUG.;1623;Breitenleer Straße II;G;0;Stadteinwärts;Kfz;6679;7356;7330;7364;7357;6135;4876;7645;Mo,25.08.;
2025;AUG.;1623;Breitenleer Straße II;G;0;Stadteinwärts;LkwÄ;666;926;1024;947;768;254;140;1096;Mi,13.08.;
2025;AUG.;1623;Breitenleer Straße II;G;0;Stadtauswärts;Kfz;7045;7923;7820;7904;8084;6215;4808;8430;Fr,29.08.;
2025;AUG.;1623;Breitenleer Straße II;G;0;Stadtauswärts;LkwÄ;654;892;974;905;773;268;183;1119;Mo,04.08.;
2025;AUG.;1623;Breitenleer Straße II;G;0;Gesamt;Kfz;13724;15279;15150;15268;15441;12351;9684;15840;Fr,29.08.;
2025;AUG.;1623;Breitenleer Straße II;G;0;Gesamt;LkwÄ;1320;1819;1998;1852;1540;522;323;2185;Mo,04.08.;
2025;AUG.;1624;Seyringer Straße;G;0;Wassermanngasse;Kfz;6003;6608;6440;6539;6985;6061;3935;7528;Fr,29.08.;
2025;AUG.;1624;Seyringer Straße;G;0;Wassermanngasse;LkwÄ;236;339;354;352;286;73;28;409;Di,26.08.;
2025;AUG.;1624;Seyringer Straße;G;0;Ernst-Kein-Gasse;Kfz;5395;5935;5886;5865;6190;5309;3669;6712;Fr,29.08.;
2025;AUG.;1624;Seyringer Straße;G;0;Ernst-Kein-Gasse;LkwÄ;258;365;393;380;291;89;44;460;Mo,25.08.;
2025;AUG.;1624;Seyringer Straße;G;0;Gesamt;Kfz;11398;12543;12326;12404;13176;11370;7604;14240;Fr,29.08.;
2025;AUG.;1624;Seyringer Straße;G;0;Gesamt;LkwÄ;494;704;747;732;577;161;72;856;Mo,25.08.;
2025;AUG.;1625;Favoritenstraße;G;0;Karlsplatz (Zentrum);Kfz;8725;9639;9200;9792;9620;7644;6579;10388;Do,28.08.;
2025;AUG.;1625;Favoritenstraße;G;0;Karlsplatz (Zentrum);LkwÄ;139;191;204;194;168;63;31;222;Mo,25.08.;
2025;AUG.;1625;Favoritenstraße;G;0;Südtiroler Platz;Kfz;2658;2941;2822;2988;2918;2353;1968;3191;Do,21.08.;
2025;AUG.;1625;Favoritenstraße;G;0;Südtiroler Platz;LkwÄ;154;204;200;211;189;75;52;261;Do,21.08.;
2025;AUG.;1625;Favoritenstraße;G;0;Gesamt;Kfz;11383;12580;12022;12780;12537;9996;8547;13503;Fr,29.08.;
2025;AUG.;1625;Favoritenstraße;G;0;Gesamt;LkwÄ;293;395;404;405;357;138;83;480;Do,21.08.;
2025;AUG.;1626;Ludwig-van-Höhnel-Gasse;B;225;Verteilerkreis;Kfz;6962;7459;7415;7461;7496;6306;5854;8061;Fr,29.08.;
2025;AUG.;1626;Ludwig-van-Höhnel-Gasse;B;225;Verteilerkreis;LkwÄ;256;341;334;357;299;117;90;590;Do,21.08.;
2025;AUG.;1626;Ludwig-van-Höhnel-Gasse;B;225;Laaer-Berg-Str.;Kfz;8893;9363;8943;9465;9480;8366;7765;10660;Fr,29.08.;
2025;AUG.;1626;Ludwig-van-Höhnel-Gasse;B;225;Laaer-Berg-Str.;LkwÄ;605;780;774;804;717;354;228;957;Do,28.08.;
2025;AUG.;1626;Ludwig-van-Höhnel-Gasse;B;225;Gesamt;Kfz;15855;16822;16358;16926;16976;14672;13618;18721;Fr,29.08.;
2025;AUG.;1626;Ludwig-van-Höhnel-Gasse;B;225;Gesamt;LkwÄ;861;1121;1108;1160;1016;470;318;1460;*Do,21.08.;
2025;AUG.;1627;Felberstraße;B;224;Neubauguertel;Kfz;8392;8868;8768;8823;9101;7874;7240;9560;Fr,29.08.;
2025;AUG.;1627;Felberstraße;B;224;Neubauguertel;LkwÄ;357;470;497;476;428;196;115;581;Do,21.08.;
2025;AUG.;1627;Felberstraße;B;224;Schweglerstraße;Kfz;6579;7038;6847;7074;7122;5949;5576;7872;Fr,29.08.;
2025;AUG.;1627;Felberstraße;B;224;Schweglerstraße;LkwÄ;37;48;50;50;41;18;14;63;Mo,11.08.;
2025;AUG.;1627;Felberstraße;B;224;Gesamt;Kfz;14972;15905;15615;15896;16223;13823;12816;17432;Fr,29.08.;
2025;AUG.;1627;Felberstraße;B;224;Gesamt;LkwÄ;394;519;547;526;470;214;129;629;Do,21.08.;420
2025;JULI;1075;Reichsbrücke;B;8;Leopoldstadt;Kfz;47324;48339;48180;48394;48294;42481;46325;53413;Di,01.07.;
2025;JULI;1075;Reichsbrücke;B;8;Leopoldstadt;LkwÄ;4475;4365;4509;4322;4384;4265;5316;6215;So,27.07.;
2025;JULI;1075;Reichsbrücke;B;8;Donaustadt;Kfz;16370;17335;16148;17736;17017;14242;12950;19621;Mi,02.07.;
2025;JULI;1075;Reichsbrücke;B;8;Donaustadt;LkwÄ;424;494;486;500;479;250;196;584;Mi,02.07.;
2025;JULI;1075;Reichsbrücke;B;8;Gesamt;Kfz;63693;65674;64328;66130;65311;56722;59275;72957;Di,01.07.;
2025;JULI;1075;Reichsbrücke;B;8;Gesamt;LkwÄ;4899;4859;4996;4822;4864;4515;5512;6404;So,27.07.;
2025;JULI;1078;Westbahnhof;B;221;Wienzeile;Kfz;34117;34921;33683;34994;35885;33485;30125;37174;Di,01.07.;
2025;JULI;1078;Westbahnhof;B;221;Wienzeile;LkwÄ;907;1075;1115;1093;967;495;350;1194;Di,22.07.;
2025;JULI;1078;Westbahnhof;B;221;Stadthalle;Kfz;28084;28325;27288;28338;29314;28486;26296;32549;Do,03.07.;
2025;JULI;1078;Westbahnhof;B;221;Stadthalle;LkwÄ;831;968;998;977;902;501;372;1099;Do,24.07.;
2025;JULI;1078;Westbahnhof;B;221;Gesamt;Kfz;62201;63246;60971;63332;65200;61971;56421;69390;Do,03.07.;
2025;JULI;1078;Westbahnhof;B;221;Gesamt;LkwÄ;1738;2043;2113;2071;1870;996;722;2206;Do,24.07.;
2025;JULI;1089;Floridsdorf-Br.;B;226;Brigittenau;Kfz;12221;12982;12660;13237;12346;10412;9656;16109;Di,01.07.;
2025;JULI;1089;Floridsdorf-Br.;B;226;Brigittenau;LkwÄ;415;475;481;488;422;254;228;593;Mi,02.07.;
2025;JULI;1089;Floridsdorf-Br.;B;226;Floridsdorf;Kfz;12219;12907;11992;13133;12974;11033;9449;15527;Di,01.07.;
2025;JULI;1089;Floridsdorf-Br.;B;226;Floridsdorf;LkwÄ;290;352;361;360;314;137;83;394;Di,01.07.;
2025;JULI;1089;Floridsdorf-Br.;B;226;Gesamt;Kfz;24440;25889;24652;26370;25320;21445;19105;31636;Di,01.07.;
2025;JULI;1089;Floridsdorf-Br.;B;226;Gesamt;LkwÄ;704;827;842;847;736;392;310;972;Mi,02.07.;
2025;JULI;1096;Brigittenauer Brücke;B;14;Brigittenau;Kfz;12396;13543;13234;13986;12191;9442;8757;18122;Di,01.07.;
2025;JULI;1096;Brigittenauer Brücke;B;14;Brigittenau;LkwÄ;320;405;404;427;322;94;56;551;Di,01.07.;
2025;JULI;1096;Brigittenauer Brücke;B;14;Floridsdorf;Kfz;11917;12628;12030;12778;12666;10552;9195;13771;Mi,02.07.;
2025;JULI;1096;Brigittenauer Brücke;B;14;Floridsdorf;LkwÄ;394;474;483;483;432;190;132;531;*Do,03.07.;
2025;JULI;1096;Brigittenauer Brücke;B;14;Gesamt;Kfz;24313;26171;25264;26763;24858;19994;17952;31873;Di,01.07.;
2025;JULI;1096;Brigittenauer Brücke;B;14;Gesamt;LkwÄ;713;879;887;911;753;284;188;1058;*Di,01.07.;
2025;JULI;1131;Karlsplatz;B;1;Heumarkt;Kfz;18763;20212;18907;20740;19535;15817;13379;22218;*Do,17.07.;
2025;JULI;1131;Karlsplatz;B;1;Heumarkt;LkwÄ;630;726;677;751;680;375;332;876;Di,01.07.;
2025;JULI;1131;Karlsplatz;B;1;Wienzeile;Kfz;14712;16035;15585;16297;15500;11762;10056;17657;*Do,17.07.;
2025;JULI;1131;Karlsplatz;B;1;Wienzeile;LkwÄ;581;661;644;670;641;401;304;770;Di,01.07.;
2025;JULI;1131;Karlsplatz;B;1;Gesamt;Kfz;33475;36246;34492;37037;35034;27579;23435;39875;*Do,17.07.;
2025;JULI;1131;Karlsplatz;B;1;Gesamt;LkwÄ;1211;1386;1321;1421;1320;776;636;1646;Di,01.07.;
2025;JULI;1170;Donaukanal Straße;B;227;1171-Obere Donaustr.;Kfz;23494;24474;23033;24473;25917;21901;19453;27011;Fr,04.07.;
2025;JULI;1170;Donaukanal Straße;B;227;1171-Obere Donaustr.;LkwÄ;774;916;865;936;894;438;296;1197;*Do,17.07.;
2025;JULI;1170;Donaukanal Straße;B;227;1172-Franz-Josef-Kai;Kfz;36591;38706;37281;38863;39542;32463;28558;41287;Fr,04.07.;
2025;JULI;1170;Donaukanal Straße;B;227;1172-Franz-Josef-Kai;LkwÄ;1651;1969;1921;2026;1802;888;590;2145;Di,01.07.;
2025;JULI;1170;Donaukanal Straße;B;227;Gesamt;Kfz;60085;63180;60314;63337;65458;54364;48011;68298;Fr,04.07.;
2025;JULI;1170;Donaukanal Straße;B;227;Gesamt;LkwÄ;2426;2885;2786;2962;2696;1326;886;3226;Di,01.07.;
2025;JULI;1177;Handelskai;B;14;Klosterneuburg;Kfz;10157;10684;10570;10818;10292;9290;7994;11619;Do,17.07.;
2025;JULI;1177;Handelskai;B;14;Klosterneuburg;LkwÄ;512;637;652;658;541;181;128;724;Di,29.07.;
2025;JULI;1177;Handelskai;B;14;Freudenau;Kfz;13797;15196;14336;15507;14889;10560;8993;17948;Di,01.07.;
2025;JULI;1177;Handelskai;B;14;Freudenau;LkwÄ;716;910;880;957;761;190;132;1280;Di,01.07.;
2025;JULI;1177;Handelskai;B;14;Gesamt;Kfz;23954;25880;24906;26326;25181;19850;16987;29124;Di,01.07.;
2025;JULI;1177;Handelskai;B;14;Gesamt;LkwÄ;1229;1546;1533;1615;1302;371;259;1956;Di,01.07.;
2025;JULI;1179;Brunner Straße;B;12;Zentrum;Kfz;12701;14066;13679;14243;13792;10028;7526;15344;Mi,02.07.;
2025;JULI;1179;Brunner Straße;B;12;Zentrum;LkwÄ;1010;1269;1255;1293;1196;332;198;1430;Di,01.07.;
2025;JULI;1179;Brunner Straße;B;12;Brunn am Gebirge;Kfz;16744;18203;17811;18239;18458;14328;10772;19591;Mi,02.07.;
2025;JULI;1179;Brunner Straße;B;12;Brunn am Gebirge;LkwÄ;1231;1538;1585;1563;1399;430;264;1775;Mo,07.07.;
2025;JULI;1179;Brunner Straße;B;12;Gesamt;Kfz;29445;32269;31490;32482;32251;24356;18298;34935;Mi,02.07.;
2025;JULI;1179;Brunner Straße;B;12;Gesamt;LkwÄ;2241;2808;2840;2856;2595;762;462;3177;Di,01.07.;
2025;JULI;1180;Hochstraße;B;13;Zentrum;Kfz;4792;5138;4894;5175;5243;4101;3498;5478;Fr,04.07.;
2025;JULI;1180;Hochstraße;B;13;Zentrum;LkwÄ;223;264;266;268;250;114;93;295;Mo,21.07.;
2025;JULI;1180;Hochstraße;B;13;Perchtoldsdorf;Kfz;4805;5163;4936;5187;5298;4086;3470;5487;Fr,04.07.;
2025;JULI;1180;Hochstraße;B;13;Perchtoldsdorf;LkwÄ;223;264;259;270;248;116;94;306;Do,17.07.;
2025;JULI;1180;Hochstraße;B;13;Gesamt;Kfz;9598;10300;9830;10362;10541;8186;6968;10965;Fr,04.07.;
2025;JULI;1180;Hochstraße;B;13;Gesamt;LkwÄ;446;529;525;538;499;230;187;600;Do,17.07.;
2025;JULI;1181;Breitenfurter Straße;B;13;Zentrum;Kfz;6227;6630;6324;6678;6756;5406;4731;7187;Di,01.07.;
2025;JULI;1181;Breitenfurter Straße;B;13;Zentrum;LkwÄ;192;225;227;226;222;108;85;250;Mi,02.07.;
2025;JULI;1181;Breitenfurter Straße;B;13;Breitenfurt;Kfz;6115;6553;6422;6596;6522;5222;4493;7141;Mi,02.07.;
2025;JULI;1181;Breitenfurter Straße;B;13;Breitenfurt;LkwÄ;195;226;237;228;211;110;96;270;*Mo,14.07.;
2025;JULI;1181;Breitenfurter Straße;B;13;Gesamt;Kfz;12342;13183;12745;13274;13279;10628;9224;14228;Di,01.07.;
2025;JULI;1181;Breitenfurter Straße;B;13;Gesamt;LkwÄ;387;452;464;454;433;218;182;510;*Mo,14.07.;
2025;JULI;1182;Simmeringer Hptstr.;B;225;Zentrum;Kfz;-29;-29;-29;-29;-29;-29;-29;-29;0.00.;
2025;JULI;1182;Simmeringer Hptstr.;B;225;Zentrum;LkwÄ;-29;-29;-29;-29;-29;-29;-29;-29;0.00.;
2025;JULI;1182;Simmeringer Hptstr.;B;225;Schwechat;Kfz;-29;-29;-29;-29;-29;-29;-29;-29;0.00.;
2025;JULI;1182;Simmeringer Hptstr.;B;225;Schwechat;LkwÄ;-29;-29;-29;-29;-29;-29;-29;-29;0.00.;
2025;JULI;1182;Simmeringer Hptstr.;B;225;Gesamt;Kfz;-29;-29;-29;-29;-29;-29;-29;-29;0.00.;
2025;JULI;1182;Simmeringer Hptstr.;B;225;Gesamt;LkwÄ;-29;-29;-29;-29;-29;-29;-29;-29;0.00.;
2025;JULI;1184;Himberger Straße;G;0;Zentrum;Kfz;5294;5805;5673;5859;5734;4205;3445;6333;*Di,15.07.;
2025;JULI;1184;Himberger Straße;G;0;Zentrum;LkwÄ;173;223;225;233;184;47;14;266;*Mi,16.07.;
2025;JULI;1184;Himberger Straße;G;0;Leopoldsdorf;Kfz;4779;5262;5010;5313;5322;3818;2961;5811;Di,01.07.;
2025;JULI;1184;Himberger Straße;G;0;Leopoldsdorf;LkwÄ;140;178;168;186;158;44;18;216;Do,10.07.;
2025;JULI;1184;Himberger Straße;G;0;Gesamt;Kfz;10073;11067;10683;11172;11056;8023;6406;11954;Di,01.07.;
2025;JULI;1184;Himberger Straße;G;0;Gesamt;LkwÄ;314;401;393;419;342;91;32;467;Do,10.07.;
2025;JULI;1187;Triester Straße;B;17;Zentrum;Kfz;10351;11246;10980;11263;11450;10024;5527;12298;Fr,04.07.;
2025;JULI;1187;Triester Straße;B;17;Zentrum;LkwÄ;558;672;648;690;626;310;152;795;Di,22.07.;
2025;JULI;1187;Triester Straße;B;17;Wr. Neudorf;Kfz;8506;9322;9208;9352;9326;7481;4839;9888;Di,01.07.;
2025;JULI;1187;Triester Straße;B;17;Wr. Neudorf;LkwÄ;433;530;542;541;477;182;124;613;Di,22.07.;
2025;JULI;1187;Triester Straße;B;17;Gesamt;Kfz;18857;20569;20189;20615;20776;17506;10366;22129;Fr,04.07.;
2025;JULI;1187;Triester Straße;B;17;Gesamt;LkwÄ;991;1202;1190;1231;1103;492;276;1408;Di,22.07.;
2025;JULI;1188;Altmannsdorfer Straße;B;224;Zentrum;Kfz;9412;10335;10462;10361;10108;8379;5139;11380;*Do,17.07.;
2025;JULI;1188;Altmannsdorfer Straße;B;224;Zentrum;LkwÄ;358;445;465;459;373;127;84;526;Di,01.07.;
2025;JULI;1188;Altmannsdorfer Straße;B;224;Vösendorf;Kfz;9088;9954;9802;9906;10286;8173;5027;11184;*Fr,18.07.;
2025;JULI;1188;Altmannsdorfer Straße;B;224;Vösendorf;LkwÄ;357;442;444;455;392;118;104;527;Do,10.07.;
2025;JULI;1188;Altmannsdorfer Straße;B;224;Gesamt;Kfz;18500;20289;20264;20267;20393;16552;10166;21848;*Do,17.07.;
2025;JULI;1188;Altmannsdorfer Straße;B;224;Gesamt;LkwÄ;714;887;910;914;765;245;188;1014;Do,10.07.;
2025;JULI;1189;Shuttleworthstraße;B;229;Zentrum;Kfz;9771;10627;10307;10702;10665;8135;6484;11821;Di,01.07.;
2025;JULI;1189;Shuttleworthstraße;B;229;Zentrum;LkwÄ;501;635;641;661;528;146;85;789;Di,01.07.;
2025;JULI;1189;Shuttleworthstraße;B;229;Leopoldau;Kfz;9757;10733;10524;10838;10549;7788;6110;11824;Mi,02.07.;
2025;JULI;1189;Shuttleworthstraße;B;229;Leopoldau;LkwÄ;489;624;622;646;545;124;73;752;Mi,02.07.;
2025;JULI;1189;Shuttleworthstraße;B;229;Gesamt;Kfz;19528;21360;20831;21540;21214;15923;12594;23624;Di,01.07.;
2025;JULI;1189;Shuttleworthstraße;B;229;Gesamt;LkwÄ;989;1259;1264;1307;1073;271;158;1527;Mi,02.07.;
2025;JULI;1190;Angyalföldstraße;B;3;Kagran;Kfz;5750;6186;5993;6171;6435;5250;3741;7037;Fr,04.07.;
2025;JULI;1190;Angyalföldstraße;B;3;Kagran;LkwÄ;218;270;256;280;249;78;62;317;Mi,02.07.;
2025;JULI;1190;Angyalföldstraße;B;3;Floridsdorf;Kfz;5481;5864;5719;5842;6096;5048;3711;6581;Fr,04.07.;
2025;JULI;1190;Angyalföldstraße;B;3;Floridsdorf;LkwÄ;171;217;212;223;198;45;34;260;Di,15.07.;
2025;JULI;1190;Angyalföldstraße;B;3;Gesamt;Kfz;11231;12051;11712;12013;12531;10298;7452;13618;Fr,04.07.;
2025;JULI;1190;Angyalföldstraße;B;3;Gesamt;LkwÄ;389;487;468;502;447;122;96;557;Mi,02.07.;
2025;JULI;1191;Wientalstraße;B;1;Zentrum;Kfz;25659;26714;25570;27071;26523;23344;21904;28706;Do,31.07.;
2025;JULI;1191;Wientalstraße;B;1;Zentrum;LkwÄ;711;847;782;886;770;418;222;1053;Do,31.07.;
2025;JULI;1191;Wientalstraße;B;1;St. Pölten;Kfz;23695;24733;23054;24827;26060;22498;18923;26464;Fr,04.07.;
2025;JULI;1191;Wientalstraße;B;1;St. Pölten;LkwÄ;579;698;705;717;620;288;184;781;*Mo,21.07.;
2025;JULI;1191;Wientalstraße;B;1;Gesamt;Kfz;49354;51447;48624;51897;52583;45841;40827;54169;Do,31.07.;
2025;JULI;1191;Wientalstraße;B;1;Gesamt;LkwÄ;1290;1545;1486;1602;1390;706;406;1768;Do,31.07.;
2025;JULI;1192;Hauptstraße;G;0;Zentrum;Kfz;5139;5466;5310;5489;5532;4939;3464;5871;Di,01.07.;
2025;JULI;1192;Hauptstraße;G;0;Zentrum;LkwÄ;274;317;314;324;294;170;130;391;*Di,15.07.;
2025;JULI;1192;Hauptstraße;G;0;St. Pölten;Kfz;6004;6423;6174;6429;6652;5740;3856;6945;Fr,04.07.;
2025;JULI;1192;Hauptstraße;G;0;St. Pölten;LkwÄ;285;330;320;338;314;176;136;408;*Di,15.07.;
2025;JULI;1192;Hauptstraße;G;0;Gesamt;Kfz;11143;11889;11485;11918;12184;10680;7321;12700;Di,01.07.;
2025;JULI;1192;Hauptstraße;G;0;Gesamt;LkwÄ;559;647;633;662;608;347;266;799;*Di,15.07.;
2025;JULI;1193;Heiligenstädter Straße;B;14;Zentrum;Kfz;16535;17596;16793;17911;17220;14212;12757;19286;Mi,02.07.;
2025;JULI;1193;Heiligenstädter Straße;B;14;Zentrum;LkwÄ;756;936;926;964;842;300;178;1046;Do,17.07.;
2025;JULI;1193;Heiligenstädter Straße;B;14;Klosterneuburg;Kfz;16316;17306;16595;17630;16804;14129;12807;19109;Mi,02.07.;
2025;JULI;1193;Heiligenstädter Straße;B;14;Klosterneuburg;LkwÄ;758;935;945;960;834;301;196;1032;Do,03.07.;
2025;JULI;1193;Heiligenstädter Straße;B;14;Gesamt;Kfz;32851;34902;33388;35540;34024;28342;25564;38395;Mi,02.07.;
2025;JULI;1193;Heiligenstädter Straße;B;14;Gesamt;LkwÄ;1514;1871;1871;1923;1676;602;374;2059;Do,17.07.;
2025;JULI;1194;Prager Straße;B;3;Zentrum;Kfz;4545;4928;4835;4849;5319;4682;2208;5685;Fr,04.07.;
2025;JULI;1194;Prager Straße;B;3;Zentrum;LkwÄ;174;214;213;218;200;73;42;241;Mi,16.07.;
2025;JULI;1194;Prager Straße;B;3;Langenzersd.;Kfz;4433;4843;4779;4761;5211;4488;2019;5582;Fr,04.07.;
2025;JULI;1194;Prager Straße;B;3;Langenzersd.;LkwÄ;167;207;199;212;200;69;36;235;Mi,02.07.;
2025;JULI;1194;Prager Straße;B;3;Gesamt;Kfz;8978;9771;9614;9610;10530;9170;4227;11267;Fr,04.07.;
2025;JULI;1194;Prager Straße;B;3;Gesamt;LkwÄ;341;421;412;429;400;142;78;467;Mi,02.07.;
2025;JULI;1195;Wagramer Straße;B;8;Zentrum;Kfz;3719;4099;4046;4166;3898;3022;2232;5059;Di,01.07.;
2025;JULI;1195;Wagramer Straße;B;8;Zentrum;LkwÄ;151;184;171;190;172;67;46;226;Di,01.07.;
2025;JULI;1195;Wagramer Straße;B;8;Süßenbrunn;Kfz;3590;3903;3801;3938;3872;3115;2263;4531;Di,01.07.;
2025;JULI;1195;Wagramer Straße;B;8;Süßenbrunn;LkwÄ;161;196;193;201;181;77;46;230;Mi,23.07.;
2025;JULI;1195;Wagramer Straße;B;8;Gesamt;Kfz;7309;8002;7847;8105;7769;6136;4496;9590;Di,01.07.;
2025;JULI;1195;Wagramer Straße;B;8;Gesamt;LkwÄ;312;380;364;391;353;144;92;439;Di,01.07.;
2025;JULI;1196;Erzherzog-Karl-Str.;B;3;Groß-Enzersdorf;Kfz;10969;11981;11850;12006;12018;9118;7001;13401;Di,01.07.;
2025;JULI;1196;Erzherzog-Karl-Str.;B;3;Groß-Enzersdorf;LkwÄ;248;306;322;312;266;86;78;411;*Mo,14.07.;
2025;JULI;1196;Erzherzog-Karl-Str.;B;3;Kagran;Kfz;11439;12523;12087;12661;12439;9217;7430;14257;Di,01.07.;
2025;JULI;1196;Erzherzog-Karl-Str.;B;3;Kagran;LkwÄ;476;553;529;564;539;268;238;597;*Di,15.07.;
2025;JULI;1196;Erzherzog-Karl-Str.;B;3;Gesamt;Kfz;22408;24503;23936;24667;24457;18335;14430;27658;Di,01.07.;
2025;JULI;1196;Erzherzog-Karl-Str.;B;3;Gesamt;LkwÄ;724;859;852;876;805;354;316;1002;*Mo,14.07.;
2025;JULI;1198;Brünner Straße;B;7;Zentrum;Kfz;8953;9673;9548;9580;10149;8528;5232;10779;Fr,18.07.;
2025;JULI;1198;Brünner Straße;B;7;Zentrum;LkwÄ;439;544;548;552;512;196;76;614;Do,17.07.;
2025;JULI;1198;Brünner Straße;B;7;Wolkersdorf;Kfz;7705;8327;8014;8247;8939;7328;4505;9825;Fr,18.07.;
2025;JULI;1198;Brünner Straße;B;7;Wolkersdorf;LkwÄ;405;500;512;502;480;193;74;589;Do,17.07.;
2025;JULI;1198;Brünner Straße;B;7;Gesamt;Kfz;16657;18000;17562;17827;19088;15856;9737;20604;Fr,18.07.;
2025;JULI;1198;Brünner Straße;B;7;Gesamt;LkwÄ;844;1044;1060;1054;992;389;150;1203;Do,17.07.;
2025;JULI;1199;Eßlinger Hauptstraße;B;3;Zentrum;Kfz;8569;8906;8562;8833;9522;8178;7024;9930;Fr,04.07.;
2025;JULI;1199;Eßlinger Hauptstraße;B;3;Zentrum;LkwÄ;535;643;632;661;587;251;198;709;Do,17.07.;
2025;JULI;1199;Eßlinger Hauptstraße;B;3;Groß-Enzersdorf;Kfz;8219;8516;8115;8435;9224;7958;6770;9579;Fr,04.07.;
2025;JULI;1199;Eßlinger Hauptstraße;B;3;Groß-Enzersdorf;LkwÄ;504;604;585;618;568;240;191;700;Mi,02.07.;
2025;JULI;1199;Eßlinger Hauptstraße;B;3;Gesamt;Kfz;16788;17422;16677;17268;18746;16136;13794;19509;Fr,04.07.;
2025;JULI;1199;Eßlinger Hauptstraße;B;3;Gesamt;LkwÄ;1039;1247;1218;1279;1155;491;390;1376;Mi,02.07.;
2025;JULI;1200;Vorarlberger Allee West;G;0;Zentrum;Kfz;7005;8192;8213;8407;7365;4092;3092;9166;Mi,23.07.;
2025;JULI;1200;Vorarlberger Allee West;G;0;Zentrum;LkwÄ;805;1018;1060;1044;880;230;154;1167;Di,29.07.;
2025;JULI;1200;Vorarlberger Allee West;G;0;S1;Kfz;6794;8009;7606;8210;7658;4023;2580;9013;Do,10.07.;
2025;JULI;1200;Vorarlberger Allee West;G;0;S1;LkwÄ;900;1145;1118;1182;1031;244;146;1351;Do,10.07.;
2025;JULI;1200;Vorarlberger Allee West;G;0;Gesamt;Kfz;13799;16201;15820;16617;15023;8115;5672;17273;Do,24.07.;
2025;JULI;1200;Vorarlberger Allee West;G;0;Gesamt;LkwÄ;1704;2163;2177;2226;1911;474;300;2346;*Di,15.07.;
2025;JULI;1201;Vorarlberger Allee Ost;G;0;Laxenburger Str.;Kfz;3704;4501;4153;4655;4274;1811;1016;5395;Do,10.07.;
2025;JULI;1201;Vorarlberger Allee Ost;G;0;Laxenburger Str.;LkwÄ;836;1057;999;1093;979;240;160;1306;Do,10.07.;
2025;JULI;1201;Vorarlberger Allee Ost;G;0;S1;Kfz;3565;4348;4705;4417;3730;1688;941;6013;Mo,28.07.;
2025;JULI;1201;Vorarlberger Allee Ost;G;0;S1;LkwÄ;655;829;898;845;701;186;126;1107;Mo,28.07.;
2025;JULI;1201;Vorarlberger Allee Ost;G;0;Gesamt;Kfz;7269;8849;8858;9072;8004;3499;1957;10471;Mi,23.07.;
2025;JULI;1201;Vorarlberger Allee Ost;G;0;Gesamt;LkwÄ;1491;1886;1897;1938;1680;426;286;2191;Mi,23.07.;
2025;JULI;1202;Spange Vösendorf;G;0;Vösendorf;Kfz;6659;7650;7762;7775;7066;4612;3006;8658;Mi,23.07.;
2025;JULI;1202;Spange Vösendorf;G;0;Vösendorf;LkwÄ;440;574;573;605;462;68;40;1060;*Do,17.07.;
2025;JULI;1202;Spange Vösendorf;G;0;S1;Kfz;6233;7191;6766;7323;7121;4521;2433;7714;Fr,04.07.;
2025;JULI;1202;Spange Vösendorf;G;0;S1;LkwÄ;379;496;462;520;436;62;24;702;*Do,17.07.;
2025;JULI;1202;Spange Vösendorf;G;0;Gesamt;Kfz;12891;14841;14528;15099;14187;9132;5440;16059;Do,24.07.;
2025;JULI;1202;Spange Vösendorf;G;0;Gesamt;LkwÄ;819;1070;1035;1125;898;129;64;1762;*Do,17.07.;
2025;JULI;1203;Maria-Theresien-Straße;G;0;Franz-Josef-Kai;Kfz;11328;12616;12100;12949;11882;8400;6849;14149;Do,17.07.;
2025;JULI;1203;Maria-Theresien-Straße;G;0;Franz-Josef-Kai;LkwÄ;388;473;491;484;411;182;110;576;Do,17.07.;
2025;JULI;1203;Maria-Theresien-Straße;G;0;-;Kfz;-29;-29;-29;-29;-29;-29;-29;-29;0.00.;
2025;JULI;1203;Maria-Theresien-Straße;G;0;-;LkwÄ;-29;-29;-29;-29;-29;-29;-29;-29;0.00.;
2025;JULI;1203;Maria-Theresien-Straße;G;0;Gesamt;Kfz;-29;-29;-29;-29;-29;-29;-29;-29;0.00.;
2025;JULI;1203;Maria-Theresien-Straße;G;0;Gesamt;LkwÄ;-29;-29;-29;-29;-29;-29;-29;-29;0.00.;
2025;JULI;1204;Türkenstraße;G;0;Währinger Straße;Kfz;14198;15698;15208;16119;14611;10176;9596;17296;Di,01.07.;
2025;JULI;1204;Türkenstraße;G;0;Währinger Straße;LkwÄ;390;481;484;497;416;154;106;533;Mi,16.07.;
2025;JULI;1204;Türkenstraße;G;0;-;Kfz;-29;-29;-29;-29;-29;-29;-29;-29;0.00.;
2025;JULI;1204;Türkenstraße;G;0;-;LkwÄ;-29;-29;-29;-29;-29;-29;-29;-29;0.00.;
2025;JULI;1204;Türkenstraße;G;0;Gesamt;Kfz;-29;-29;-29;-29;-29;-29;-29;-29;0.00.;
2025;JULI;1204;Türkenstraße;G;0;Gesamt;LkwÄ;-29;-29;-29;-29;-29;-29;-29;-29;0.00.;
2025;JULI;1205;Hernalser Hauptstraße;G;0;Zentrum;Kfz;8179;8479;8071;8561;8579;7750;6885;9341;Mi,02.07.;
2025;JULI;1205;Hernalser Hauptstraße;G;0;Zentrum;LkwÄ;175;213;208;220;192;86;41;252;Di,01.07.;
2025;JULI;1205;Hernalser Hauptstraße;G;0;Dornbach;Kfz;4944;5132;5065;5118;5249;4695;4114;7100;*Mi,16.07.;
2025;JULI;1205;Hernalser Hauptstraße;G;0;Dornbach;LkwÄ;102;127;133;128;114;43;20;210;*Di,15.07.;
2025;JULI;1205;Hernalser Hauptstraße;G;0;Gesamt;Kfz;13123;13611;13136;13679;13828;12445;10999;14964;*Mi,16.07.;
2025;JULI;1205;Hernalser Hauptstraße;G;0;Gesamt;LkwÄ;277;340;340;348;307;130;62;425;*Di,15.07.;
2025;JULI;1206;Hütteldorfer Straße;G;0;Zentrum;Kfz;49;53;72;54;28;44;37;74;*Mo,07.07.;
2025;JULI;1206;Hütteldorfer Straße;G;0;Zentrum;LkwÄ;8;8;14;7;6;8;8;15;*Mo,28.07.;
2025;JULI;1206;Hütteldorfer Straße;G;0;Hütteldorf;Kfz;17;21;25;22;12;7;6;33;*Mo,21.07.;
2025;JULI;1206;Hütteldorfer Straße;G;0;Hütteldorf;LkwÄ;3;5;8;5;1;0;0;11;*Mo,21.07.;
2025;JULI;1206;Hütteldorfer Straße;G;0;Gesamt;Kfz;66;73;96;76;40;50;42;98;*Mo,21.07.;
2025;JULI;1206;Hütteldorfer Straße;G;0;Gesamt;LkwÄ;11;12;22;11;7;8;8;25;*Mo,21.07.;
2025;JULI;1207;Altmannsdorfer Straße II;B;224;Zentrum;Kfz;21676;22497;21856;22620;22674;20118;18516;23157;Fr,11.07.;
2025;JULI;1207;Altmannsdorfer Straße II;B;224;Zentrum;LkwÄ;1011;1275;1302;1296;1167;325;182;1427;Mi,02.07.;
2025;JULI;1207;Altmannsdorfer Straße II;B;224;Vösendorf;Kfz;24582;25970;25356;26060;26246;22289;18895;26990;Di,01.07.;
2025;JULI;1207;Altmannsdorfer Straße II;B;224;Vösendorf;LkwÄ;1048;1304;1316;1340;1155;423;200;1483;Mi,02.07.;
2025;JULI;1207;Altmannsdorfer Straße II;B;224;Gesamt;Kfz;46258;48467;47212;48680;48920;42407;37411;50002;Di,01.07.;
2025;JULI;1207;Altmannsdorfer Straße II;B;224;Gesamt;LkwÄ;2059;2578;2617;2636;2322;748;382;2910;Mi,02.07.;
2025;JULI;1208;Wienerbergstraße;B;225;Breitenfurter Straße;Kfz;9873;10994;11038;11253;9979;7002;6300;12338;Di,01.07.;
2025;JULI;1208;Wienerbergstraße;B;225;Breitenfurter Straße;LkwÄ;530;616;616;633;553;302;261;695;Mo,07.07.;
2025;JULI;1208;Wienerbergstraße;B;225;Triester Straße;Kfz;8700;9713;9432;9898;9299;6289;5288;10906;Di,01.07.;
2025;JULI;1208;Wienerbergstraße;B;225;Triester Straße;LkwÄ;561;663;664;673;624;291;244;695;Di,22.07.;
2025;JULI;1208;Wienerbergstraße;B;225;Gesamt;Kfz;18573;20707;20470;21151;19278;13290;11588;23244;Di,01.07.;
2025;JULI;1208;Wienerbergstraße;B;225;Gesamt;LkwÄ;1091;1279;1280;1306;1177;593;505;1364;Mo,07.07.;
2025;JULI;1209;Atzgersdorfer Straße;G;0;Stranzenberg Brücke;Kfz;7690;8490;8035;8693;8183;5806;4970;9425;Mi,02.07.;
2025;JULI;1209;Atzgersdorfer Straße;G;0;Stranzenberg Brücke;LkwÄ;226;271;254;279;261;110;82;341;Do,17.07.;
2025;JULI;1209;Atzgersdorfer Straße;G;0;Rosenhügelstraße;Kfz;8284;9336;9013;9461;9191;5674;4848;10827;*Mi,16.07.;
2025;JULI;1209;Atzgersdorfer Straße;G;0;Rosenhügelstraße;LkwÄ;225;272;264;278;256;128;50;327;*Do,17.07.;
2025;JULI;1209;Atzgersdorfer Straße;G;0;Gesamt;Kfz;15974;17826;17048;18154;17374;11479;9818;19681;*Di,01.07.;
2025;JULI;1209;Atzgersdorfer Straße;G;0;Gesamt;LkwÄ;451;543;518;557;516;238;132;668;*Do,17.07.;
2025;JULI;1210;Koppstraße;B;223;stadtauswärts;Kfz;14683;15326;14894;15364;15618;13286;12381;16526;Fr,04.07.;
2025;JULI;1210;Koppstraße;B;223;stadtauswärts;LkwÄ;439;517;506;525;498;253;177;574;Di,29.07.;
2025;JULI;1210;Koppstraße;B;223;Einbahnstraße;Kfz;-29;-29;-29;-29;-29;-29;-29;-29;0.00.;
2025;JULI;1210;Koppstraße;B;223;Einbahnstraße;LkwÄ;-29;-29;-29;-29;-29;-29;-29;-29;0.00.;
2025;JULI;1210;Koppstraße;B;223;Gesamt;Kfz;-29;-29;-29;-29;-29;-29;-29;-29;0.00.;
2025;JULI;1210;Koppstraße;B;223;Gesamt;LkwÄ;-29;-29;-29;-29;-29;-29;-29;-29;0.00.;
2025;JULI;1211;Laxenburger Straße II;B;230;Zentrum;Kfz;6943;8075;8075;8201;7603;4283;3092;8985;Di,01.07.;
2025;JULI;1211;Laxenburger Straße II;B;230;Zentrum;LkwÄ;1537;1883;1861;1917;1778;629;458;2344;*Mi,02.07.;
2025;JULI;1211;Laxenburger Straße II;B;230;S1;Kfz;8207;9587;8640;9759;9889;5169;3309;10891;Do,17.07.;
2025;JULI;1211;Laxenburger Straße II;B;230;S1;LkwÄ;1615;1978;1986;1968;2005;651;497;2197;*Do,03.07.;
2025;JULI;1211;Laxenburger Straße II;B;230;Gesamt;Kfz;15150;17662;16715;17960;17492;9452;6402;19353;Di,01.07.;
2025;JULI;1211;Laxenburger Straße II;B;230;Gesamt;LkwÄ;3153;3860;3847;3885;3782;1280;956;4293;*Di,01.07.;
2025;JULI;1212;Donaustadtstraße II;B;3;A 23;Kfz;10639;11692;11140;11930;11352;8413;6810;13461;Di,01.07.;
2025;JULI;1212;Donaustadtstraße II;B;3;A 23;LkwÄ;561;701;697;733;586;188;124;910;Di,01.07.;
2025;JULI;1212;Donaustadtstraße II;B;3;Erzherzog-Karl-Str.;Kfz;8002;8344;8180;8381;8370;7378;6661;8755;Mi,02.07.;
2025;JULI;1212;Donaustadtstraße II;B;3;Erzherzog-Karl-Str.;LkwÄ;465;571;582;585;509;186;130;682;Mi,23.07.;
2025;JULI;1212;Donaustadtstraße II;B;3;Gesamt;Kfz;18641;20036;19320;20311;19722;15790;13471;21935;Di,01.07.;
2025;JULI;1212;Donaustadtstraße II;B;3;Gesamt;LkwÄ;1025;1273;1278;1319;1095;374;253;1517;Di,01.07.;
2025;JULI;1213;Burggasse II;G;0;Zentrum;Kfz;8043;8559;8164;8659;8579;7225;5892;9228;Mi,02.07.;
2025;JULI;1213;Burggasse II;G;0;Zentrum;LkwÄ;351;404;384;410;406;233;164;437;Mi,02.07.;
2025;JULI;1213;Burggasse II;G;0;Gablenzgasse;Kfz;-29;-29;-29;-29;-29;-29;-29;-29;0.00.;
2025;JULI;1213;Burggasse II;G;0;Gablenzgasse;LkwÄ;-29;-29;-29;-29;-29;-29;-29;-29;0.00.;
2025;JULI;1213;Burggasse II;G;0;Gesamt;Kfz;-29;-29;-29;-29;-29;-29;-29;-29;0.00.;
2025;JULI;1213;Burggasse II;G;0;Gesamt;LkwÄ;-29;-29;-29;-29;-29;-29;-29;-29;0.00.;
2025;JULI;1214;Neustiftgasse II;G;0;Koppstraße;Kfz;9053;9456;9030;9519;9645;8290;7499;9879;Fr,04.07.;
2025;JULI;1214;Neustiftgasse II;G;0;Koppstraße;LkwÄ;315;368;371;369;360;189;140;388;Mi,02.07.;
2025;JULI;1214;Neustiftgasse II;G;0;Zentrum;Kfz;-29;-29;-29;-29;-29;-29;-29;-29;0.00.;
2025;JULI;1214;Neustiftgasse II;G;0;Zentrum;LkwÄ;-29;-29;-29;-29;-29;-29;-29;-29;0.00.;
2025;JULI;1214;Neustiftgasse II;G;0;Gesamt;Kfz;-29;-29;-29;-29;-29;-29;-29;-29;0.00.;
2025;JULI;1214;Neustiftgasse II;G;0;Gesamt;LkwÄ;-29;-29;-29;-29;-29;-29;-29;-29;0.00.;
2025;JULI;1215;Erzherzog-Karl-Straße III;B;3;Genochplatz;Kfz;11584;11800;11474;11714;12449;11654;10271;12943;Fr,04.07.;
2025;JULI;1215;Erzherzog-Karl-Straße III;B;3;Genochplatz;LkwÄ;620;763;734;796;668;240;174;946;Mi,02.07.;
2025;JULI;1215;Erzherzog-Karl-Straße III;B;3;Siegesplatz;Kfz;13661;14310;13868;14356;14580;12509;11076;15117;Fr,04.07.;
2025;JULI;1215;Erzherzog-Karl-Straße III;B;3;Siegesplatz;LkwÄ;682;842;798;880;741;259;186;970;Do,17.07.;
2025;JULI;1215;Erzherzog-Karl-Straße III;B;3;Gesamt;Kfz;25244;26110;25342;26070;27029;24163;21347;28060;Fr,04.07.;
2025;JULI;1215;Erzherzog-Karl-Straße III;B;3;Gesamt;LkwÄ;1301;1605;1532;1677;1408;498;360;1881;Mi,02.07.;
2025;JULI;1216;Perchtoldsdorfer Straße;G;0;stadteinwärts;Kfz;3207;3458;3291;3485;3522;2757;2217;3821;Mi,02.07.;
2025;JULI;1216;Perchtoldsdorfer Straße;G;0;stadteinwärts;LkwÄ;145;165;168;165;160;100;80;175;Mi,23.07.;
2025;JULI;1216;Perchtoldsdorfer Straße;G;0;stadtauswärts;Kfz;2764;2969;2811;2983;3070;2362;1992;3316;Di,01.07.;
2025;JULI;1216;Perchtoldsdorfer Straße;G;0;stadtauswärts;LkwÄ;93;106;107;107;98;66;50;118;Do,10.07.;
2025;JULI;1216;Perchtoldsdorfer Straße;G;0;Gesamt;Kfz;5972;6426;6102;6469;6592;5119;4209;7129;Di,01.07.;
2025;JULI;1216;Perchtoldsdorfer Straße;G;0;Gesamt;LkwÄ;239;270;275;272;258;165;130;287;Mi,23.07.;
2025;JULI;1217;Museumstraße;G;0;Landesgerichtsstraße;Kfz;5479;6324;5975;6622;5555;3375;2726;7423;Di,08.07.;
2025;JULI;1217;Museumstraße;G;0;Landesgerichtsstraße;LkwÄ;113;144;144;147;131;37;15;185;Mi,09.07.;
2025;JULI;1217;Museumstraße;G;0;Getreidemarkt;Kfz;10100;11174;10428;11496;10712;7462;6562;12531;*Di,01.07.;
2025;JULI;1217;Museumstraße;G;0;Getreidemarkt;LkwÄ;134;162;159;167;147;66;38;201;*Di,01.07.;
2025;JULI;1217;Museumstraße;G;0;Gesamt;Kfz;15579;17498;16402;18118;16267;10837;9287;19681;Di,08.07.;
2025;JULI;1217;Museumstraße;G;0;Gesamt;LkwÄ;247;306;303;314;278;103;53;373;*Di,01.07.;
2025;JULI;1218;Spange Leopoldsdorf;G;0;Leopoldsdorfer Straß;Kfz;4266;4640;4300;4714;4705;3494;2887;5131;Di,01.07.;
2025;JULI;1218;Spange Leopoldsdorf;G;0;Leopoldsdorfer Straß;LkwÄ;92;117;118;120;107;18;17;146;Do,03.07.;
2025;JULI;1218;Spange Leopoldsdorf;G;0;Himberger Straße;Kfz;4205;4592;4367;4756;4201;3203;2982;5200;Do,24.07.;
2025;JULI;1218;Spange Leopoldsdorf;G;0;Himberger Straße;LkwÄ;99;126;132;130;107;24;18;146;Di,01.07.;
2025;JULI;1218;Spange Leopoldsdorf;G;0;Gesamt;Kfz;8471;9232;8667;9470;8906;6697;5869;10179;Di,01.07.;
2025;JULI;1218;Spange Leopoldsdorf;G;0;Gesamt;LkwÄ;191;244;250;249;214;42;34;280;Do,03.07.;
2025;JULI;1219;Barawitzkagasse;G;0;Heiligenstädter Str.;Kfz;11525;12294;12154;12375;12129;10074;8553;13137;Mi,16.07.;
2025;JULI;1219;Barawitzkagasse;G;0;Heiligenstädter Str.;LkwÄ;534;614;613;623;579;341;268;734;Mi,16.07.;
2025;JULI;1219;Barawitzkagasse;G;0;Ruthgasse;Kfz;9080;9629;9510;9763;9244;7677;7330;10612;Di,01.07.;
2025;JULI;1219;Barawitzkagasse;G;0;Ruthgasse;LkwÄ;445;509;508;520;466;283;242;590;Di,22.07.;
2025;JULI;1219;Barawitzkagasse;G;0;Gesamt;Kfz;20605;21923;21664;22138;21374;17751;15884;23032;Mi,02.07.;
2025;JULI;1219;Barawitzkagasse;G;0;Gesamt;LkwÄ;979;1123;1122;1143;1045;624;509;1294;Mi,16.07.;
2025;JULI;1220;Am Heumarkt;B;1;Schwarzenbergplatz;Kfz;7109;8006;7612;8317;7232;4599;4458;9854;Di,01.07.;
2025;JULI;1220;Am Heumarkt;B;1;Schwarzenbergplatz;LkwÄ;250;285;275;294;262;130;166;382;Di,08.07.;
2025;JULI;1220;Am Heumarkt;B;1;Urania;Kfz;16681;17915;18024;18024;17397;13866;12400;19384;*Mo,14.07.;
2025;JULI;1220;Am Heumarkt;B;1;Urania;LkwÄ;727;881;823;908;836;339;232;1057;*Di,29.07.;
2025;JULI;1220;Am Heumarkt;B;1;Gesamt;Kfz;23789;25921;25636;26341;24630;18465;16858;28580;*Di,08.07.;
2025;JULI;1220;Am Heumarkt;B;1;Gesamt;LkwÄ;977;1166;1098;1202;1098;468;398;1432;*Di,08.07.;
2025;JULI;1221;Grenzackerstraße;B;225;Laxenburger Straße;Kfz;12724;13197;12206;13361;13576;11705;11022;14651;Di,01.07.;
2025;JULI;1221;Grenzackerstraße;B;225;Laxenburger Straße;LkwÄ;370;457;423;481;402;145;96;557;*Do,17.07.;
2025;JULI;1221;Grenzackerstraße;B;225;Verteilerkreis;Kfz;12040;12408;11953;12460;12668;11258;10710;14237;Di,01.07.;
2025;JULI;1221;Grenzackerstraße;B;225;Verteilerkreis;LkwÄ;526;631;642;642;580;258;188;700;Mi,02.07.;
2025;JULI;1221;Grenzackerstraße;B;225;Gesamt;Kfz;24764;25605;24160;25820;26244;22963;21732;28888;Di,01.07.;
2025;JULI;1221;Grenzackerstraße;B;225;Gesamt;LkwÄ;896;1088;1064;1123;982;403;285;1236;*Do,17.07.;
2025;JULI;1222;Universitätsring;G;0;Schottenring;Kfz;21730;23155;21906;23624;22644;19207;16064;24706;Do,10.07.;
2025;JULI;1222;Universitätsring;G;0;Schottenring;LkwÄ;607;701;677;715;671;414;258;812;Di,08.07.;
2025;JULI;1222;Universitätsring;G;0;Einbahnstraße;Kfz;-29;-29;-29;-29;-29;-29;-29;-29;0.00.;
2025;JULI;1222;Universitätsring;G;0;Einbahnstraße;LkwÄ;-29;-29;-29;-29;-29;-29;-29;-29;0.00.;
2025;JULI;1222;Universitätsring;G;0;Gesamt;Kfz;-29;-29;-29;-29;-29;-29;-29;-29;0.00.;
2025;JULI;1222;Universitätsring;G;0;Gesamt;LkwÄ;-29;-29;-29;-29;-29;-29;-29;-29;0.00.;
2025;JULI;1223;Adalbert-Stifter-Straße;B;226;Gürtelbrücke;Kfz;8681;9203;8894;9428;8668;7494;6864;11952;Di,01.07.;
2025;JULI;1223;Adalbert-Stifter-Straße;B;226;Gürtelbrücke;LkwÄ;334;385;362;404;338;194;185;688;Di,01.07.;
2025;JULI;1223;Adalbert-Stifter-Straße;B;226;Floridsdorfer Brücke;Kfz;8020;8373;7567;8603;8317;7696;6320;10875;Mi,02.07.;
2025;JULI;1223;Adalbert-Stifter-Straße;B;226;Floridsdorfer Brücke;LkwÄ;300;353;330;366;325;171;130;543;Di,01.07.;
2025;JULI;1223;Adalbert-Stifter-Straße;B;226;Gesamt;Kfz;16701;17576;16461;18030;16985;15190;13184;22640;Di,01.07.;
2025;JULI;1223;Adalbert-Stifter-Straße;B;226;Gesamt;LkwÄ;635;738;692;770;663;365;315;1231;Di,01.07.;
2025;JULI;1224;Wagramer Str. II;B;8;Reichsbrücke;Kfz;10125;11263;11172;11368;10959;8048;5657;13827;Di,01.07.;
2025;JULI;1224;Wagramer Str. II;B;8;Reichsbrücke;LkwÄ;515;661;680;697;507;115;77;954;Di,01.07.;
2025;JULI;1224;Wagramer Str. II;B;8;Süßenbrunn;Kfz;8560;9214;9044;9180;9515;7944;5410;10142;Fr,04.07.;
2025;JULI;1224;Wagramer Str. II;B;8;Süßenbrunn;LkwÄ;261;332;338;345;276;72;41;377;Di,01.07.;
2025;JULI;1224;Wagramer Str. II;B;8;Gesamt;Kfz;18684;20477;20216;20548;20474;15992;11067;23790;Di,01.07.;
2025;JULI;1224;Wagramer Str. II;B;8;Gesamt;LkwÄ;776;992;1017;1042;783;187;118;1331;Di,01.07.;
2025;JULI;1600;Schönbrunner Straße;B;1;Zentrum;Kfz;16289;17328;16462;17454;17724;13352;13252;18411;Fr,04.07.;
2025;JULI;1600;Schönbrunner Straße;B;1;Zentrum;LkwÄ;835;1012;961;1039;962;394;255;1188;Do,03.07.;
2025;JULI;1600;Schönbrunner Straße;B;1;Stadtauswärts;Kfz;-29;-29;-29;-29;-29;-29;-29;-29;0.00.;
2025;JULI;1600;Schönbrunner Straße;B;1;Stadtauswärts;LkwÄ;-29;-29;-29;-29;-29;-29;-29;-29;0.00.;
2025;JULI;1600;Schönbrunner Straße;B;1;Gesamt;Kfz;-29;-29;-29;-29;-29;-29;-29;-29;0.00.;
2025;JULI;1600;Schönbrunner Straße;B;1;Gesamt;LkwÄ;-29;-29;-29;-29;-29;-29;-29;-29;0.00.;
2025;JULI;1603;Hirschstettner Straße;G;0;Kagran;Kfz;6544;6841;6378;6812;7416;6620;4760;7576;*Di,01.07.;
2025;JULI;1603;Hirschstettner Straße;G;0;Kagran;LkwÄ;284;329;350;327;317;191;114;419;Di,08.07.;
2025;JULI;1603;Hirschstettner Straße;G;0;S2;Kfz;7466;8060;8402;7983;8008;6715;4801;9499;Di,01.07.;
2025;JULI;1603;Hirschstettner Straße;G;0;S2;LkwÄ;323;387;416;392;338;158;122;464;Mo,07.07.;
2025;JULI;1603;Hirschstettner Straße;G;0;Gesamt;Kfz;14010;14902;14780;14795;15424;13335;9561;17075;*Di,01.07.;
2025;JULI;1603;Hirschstettner Straße;G;0;Gesamt;LkwÄ;607;716;766;720;654;348;237;870;Di,08.07.;
2025;JULI;1607;Weißgerberlände;B;227;A4;Kfz;28783;30790;29174;31520;29668;23482;22542;34467;*Di,01.07.;
2025;JULI;1607;Weißgerberlände;B;227;A4;LkwÄ;971;1180;1208;1214;1022;427;318;1310;*Do,03.07.;
2025;JULI;1607;Weißgerberlände;B;227;Zentrum;Kfz;-29;-29;-29;-29;-29;-29;-29;-29;0.00.;
2025;JULI;1607;Weißgerberlände;B;227;Zentrum;LkwÄ;-29;-29;-29;-29;-29;-29;-29;-29;0.00.;
2025;JULI;1607;Weißgerberlände;B;227;Gesamt;Kfz;-29;-29;-29;-29;-29;-29;-29;-29;0.00.;
2025;JULI;1607;Weißgerberlände;B;227;Gesamt;LkwÄ;-29;-29;-29;-29;-29;-29;-29;-29;0.00.;
2025;JULI;1608;Margaretengürtel/Matzl.Pl;B;221;A23;Kfz;18305;18838;18117;18937;19190;16964;16580;20987;Do,03.07.;
2025;JULI;1608;Margaretengürtel/Matzl.Pl;B;221;A23;LkwÄ;3531;4071;4130;4200;3528;2208;1752;4891;*Di,22.07.;
2025;JULI;1608;Margaretengürtel/Matzl.Pl;B;221;Wienzeile;Kfz;19537;20316;19070;20442;21093;17833;16762;22068;*Do,03.07.;
2025;JULI;1608;Margaretengürtel/Matzl.Pl;B;221;Wienzeile;LkwÄ;711;869;872;893;774;315;197;1001;*Do,31.07.;
2025;JULI;1608;Margaretengürtel/Matzl.Pl;B;221;Gesamt;Kfz;37842;39155;37187;39379;40282;34796;33342;43055;*Do,03.07.;
2025;JULI;1608;Margaretengürtel/Matzl.Pl;B;221;Gesamt;LkwÄ;4242;4940;5002;5093;4302;2523;1949;5735;*Di,22.07.;
2025;JULI;1611;Simmeringer Hauptstr. II;B;225;Schwechat;Kfz;5903;6160;5880;6150;6474;5472;4856;6893;Fr,04.07.;
2025;JULI;1611;Simmeringer Hauptstr. II;B;225;Schwechat;LkwÄ;293;360;338;376;322;118;80;450;Mi,02.07.;
2025;JULI;1611;Simmeringer Hauptstr. II;B;225;Zentrum;Kfz;6756;7149;6966;7203;7130;5882;5372;7872;Di,01.07.;
2025;JULI;1611;Simmeringer Hauptstr. II;B;225;Zentrum;LkwÄ;481;576;533;600;528;237;178;688;Di,01.07.;
2025;JULI;1611;Simmeringer Hauptstr. II;B;225;Gesamt;Kfz;12659;13309;12846;13353;13604;11354;10228;14525;Fr,04.07.;
2025;JULI;1611;Simmeringer Hauptstr. II;B;225;Gesamt;LkwÄ;773;936;871;976;850;355;258;1133;Di,01.07.;
2025;JULI;1612;Längenfeldgasse;G;0;Eichenstraße;Kfz;10740;11446;11144;11621;11094;9218;8204;14212;*Do,03.07.;
2025;JULI;1612;Längenfeldgasse;G;0;Eichenstraße;LkwÄ;244;289;248;304;275;128;103;414;Mi,09.07.;
2025;JULI;1612;Längenfeldgasse;G;0;Wienerbergstraße;Kfz;7608;8279;7820;8350;8474;6160;5195;9096;Di,01.07.;
2025;JULI;1612;Längenfeldgasse;G;0;Wienerbergstraße;LkwÄ;372;437;408;445;438;210;162;517;Mi,09.07.;
2025;JULI;1612;Längenfeldgasse;G;0;Gesamt;Kfz;18348;19725;18964;19971;19568;15378;13399;22718;*Do,03.07.;
2025;JULI;1612;Längenfeldgasse;G;0;Gesamt;LkwÄ;616;726;656;748;713;338;265;931;Mi,09.07.;
2025;JULI;1613;Lainzer Straße;G;0;Zentrum;Kfz;4239;4611;4327;4672;4667;3238;3102;5264;*Mi,02.07.;
2025;JULI;1613;Lainzer Straße;G;0;Zentrum;LkwÄ;301;342;302;359;317;200;170;419;*Mi,16.07.;
2025;JULI;1613;Lainzer Straße;G;0;Fasangartengasse;Kfz;6357;6875;6586;7069;6436;5106;4629;8283;*Do,03.07.;
2025;JULI;1613;Lainzer Straße;G;0;Fasangartengasse;LkwÄ;375;434;441;435;420;201;212;514;*Do,17.07.;
2025;JULI;1613;Lainzer Straße;G;0;Gesamt;Kfz;10596;11486;10912;11742;11103;8345;7731;13176;*Do,03.07.;
2025;JULI;1613;Lainzer Straße;G;0;Gesamt;LkwÄ;677;776;744;794;736;402;383;927;*Mi,16.07.;
2025;JULI;1614;Maxingstraße;G;0;Montecuccoliplatz;Kfz;4238;4602;4340;4677;4578;3350;3032;5180;Mi,02.07.;
2025;JULI;1614;Maxingstraße;G;0;Montecuccoliplatz;LkwÄ;315;352;345;356;346;218;199;373;Mi,23.07.;
2025;JULI;1614;Maxingstraße;G;0;Zentrum;Kfz;6806;7524;7188;7688;7247;4920;4560;8475;Mi,02.07.;
2025;JULI;1614;Maxingstraße;G;0;Zentrum;LkwÄ;645;755;708;779;716;354;303;882;Di,15.07.;
2025;JULI;1614;Maxingstraße;G;0;Gesamt;Kfz;11043;12126;11528;12365;11825;8270;7593;13655;Mi,02.07.;
2025;JULI;1614;Maxingstraße;G;0;Gesamt;LkwÄ;960;1108;1052;1135;1062;572;502;1247;Di,15.07.;
2025;JULI;1615;Gablenzgasse;B;223;Zentrum;Kfz;13009;13588;13388;13588;13786;12150;10536;15076;Mo,07.07.;
2025;JULI;1615;Gablenzgasse;B;223;Zentrum;LkwÄ;310;362;389;360;343;194;128;461;*Di,08.07.;
2025;JULI;1615;Gablenzgasse;B;223;Stadtauswärts;Kfz;-29;-29;-29;-29;-29;-29;-29;-29;0.00.;
2025;JULI;1615;Gablenzgasse;B;223;Stadtauswärts;LkwÄ;-29;-29;-29;-29;-29;-29;-29;-29;0.00.;
2025;JULI;1615;Gablenzgasse;B;223;Gesamt;Kfz;-29;-29;-29;-29;-29;-29;-29;-29;0.00.;
2025;JULI;1615;Gablenzgasse;B;223;Gesamt;LkwÄ;-29;-29;-29;-29;-29;-29;-29;-29;0.00.;
2025;JULI;1616;Gersthofer Straße;G;0;Lidlgasse;Kfz;7666;8199;7950;8337;7933;6469;5798;9262;Di,01.07.;
2025;JULI;1616;Gersthofer Straße;G;0;Lidlgasse;LkwÄ;1186;1368;1256;1417;1297;746;574;1678;Mi,09.07.;
2025;JULI;1616;Gersthofer Straße;G;0;Türkenschanz-Park;Kfz;8142;8721;8430;8851;8522;7008;5946;9355;Mi,09.07.;
2025;JULI;1616;Gersthofer Straße;G;0;Türkenschanz-Park;LkwÄ;1042;1189;1129;1221;1128;695;542;1341;Di,15.07.;
2025;JULI;1616;Gersthofer Straße;G;0;Gesamt;Kfz;15808;16920;16379;17188;16454;13478;11744;18412;Di,01.07.;
2025;JULI;1616;Gersthofer Straße;G;0;Gesamt;LkwÄ;2227;2557;2385;2638;2425;1441;1117;2901;Mi,09.07.;
2025;JULI;1617;Angerer Straße;G;0;Brünner Straße;Kfz;6457;6918;6662;6903;7229;5717;4548;8425;Fr,04.07.;
2025;JULI;1617;Angerer Straße;G;0;Brünner Straße;LkwÄ;319;388;353;405;359;154;86;543;Di,01.07.;
2025;JULI;1617;Angerer Straße;G;0;Donaufelder Str.;Kfz;3695;3904;3807;3908;3987;3343;2844;4381;Di,01.07.;
2025;JULI;1617;Angerer Straße;G;0;Donaufelder Str.;LkwÄ;38;48;45;50;42;11;8;60;Do,24.07.;
2025;JULI;1617;Angerer Straße;G;0;Gesamt;Kfz;10152;10822;10469;10811;11216;9060;7392;12717;Fr,04.07.;
2025;JULI;1617;Angerer Straße;G;0;Gesamt;LkwÄ;357;436;398;455;401;164;94;592;Mi,02.07.;
2025;JULI;1618;Siemensstraße;B;229;Leopoldauer Platz;Kfz;6840;7357;7093;7362;7607;6004;4700;8491;*Di,01.07.;
2025;JULI;1618;Siemensstraße;B;229;Leopoldauer Platz;LkwÄ;1021;1198;1161;1234;1103;573;446;1397;*Do,03.07.;
2025;JULI;1618;Siemensstraße;B;229;Siemensplatz;Kfz;7214;7776;7560;7772;8006;6324;4871;8786;Fr,04.07.;
2025;JULI;1618;Siemensstraße;B;229;Siemensplatz;LkwÄ;902;1088;1070;1111;1020;440;294;1335;Mi,02.07.;
2025;JULI;1618;Siemensstraße;B;229;Gesamt;Kfz;14054;15133;14653;15134;15613;12328;9571;17118;*Di,01.07.;
2025;JULI;1618;Siemensstraße;B;229;Gesamt;LkwÄ;1923;2287;2232;2345;2123;1013;741;2729;*Mi,02.07.;
2025;JULI;1619;Breitenfurter Straße II;B;13;Liesinger Platz;Kfz;7047;7651;7494;7657;7787;6070;4552;8307;Di,01.07.;
2025;JULI;1619;Breitenfurter Straße II;B;13;Liesinger Platz;LkwÄ;304;345;374;341;330;200;172;408;Mo,21.07.;
2025;JULI;1619;Breitenfurter Straße II;B;13;Zentrum;Kfz;7241;7856;7604;7912;7896;6130;4814;8500;Di,01.07.;
2025;JULI;1619;Breitenfurter Straße II;B;13;Zentrum;LkwÄ;337;385;402;383;378;211;182;428;Do,10.07.;
2025;JULI;1619;Breitenfurter Straße II;B;13;Gesamt;Kfz;14288;15507;15099;15569;15683;12200;9366;16807;Di,01.07.;
2025;JULI;1619;Breitenfurter Straße II;B;13;Gesamt;LkwÄ;641;730;776;724;708;411;355;826;Mo,21.07.;
2025;JULI;1620;Endresstraße;G;0;Mauerer Hauptplatz;Kfz;2499;2675;2636;2666;2750;2134;1854;2914;Fr,11.07.;
2025;JULI;1620;Endresstraße;G;0;Mauerer Hauptplatz;LkwÄ;149;177;170;180;172;74;67;206;Do,10.07.;
2025;JULI;1620;Endresstraße;G;0;Atzgersdorf;Kfz;1535;1656;1602;1651;1728;1268;1108;1839;Fr,04.07.;
2025;JULI;1620;Endresstraße;G;0;Atzgersdorf;LkwÄ;202;236;233;240;226;112;95;289;Mi,23.07.;
2025;JULI;1620;Endresstraße;G;0;Gesamt;Kfz;4034;4331;4238;4316;4478;3402;2962;4698;Di,01.07.;
2025;JULI;1620;Endresstraße;G;0;Gesamt;LkwÄ;351;413;403;420;399;186;162;477;Mi,23.07.;
2025;JULI;1621;Währinger Gürtel;B;221;Liechtenwerder Platz;Kfz;27525;27428;24885;27678;29035;28814;26792;33869;Fr,04.07.;
2025;JULI;1621;Währinger Gürtel;B;221;Liechtenwerder Platz;LkwÄ;1394;1702;1530;1777;1592;676;343;2145;Di,01.07.;
2025;JULI;1621;Währinger Gürtel;B;221;Wienzeile;Kfz;35807;36783;35226;37012;37482;34164;31838;39945;Di,01.07.;
2025;JULI;1621;Währinger Gürtel;B;221;Wienzeile;LkwÄ;2207;2703;2648;2781;2468;1001;562;2965;Di,01.07.;
2025;JULI;1621;Währinger Gürtel;B;221;Gesamt;Kfz;63332;64212;60112;64690;66517;62977;58629;73188;Fr,04.07.;
2025;JULI;1621;Währinger Gürtel;B;221;Gesamt;LkwÄ;3602;4405;4177;4558;4061;1678;906;5110;Di,01.07.;
2025;JULI;1622;Himberger Straße II;B;16;Zentrum;Kfz;4959;5548;5706;5625;5103;3432;3101;6418;Mi,23.07.;
2025;JULI;1622;Himberger Straße II;B;16;Zentrum;LkwÄ;285;375;388;389;309;35;20;453;Mo,28.07.;
2025;JULI;1622;Himberger Straße II;B;16;Leopoldsdorfer Str.;Kfz;5032;5691;5268;5777;5788;3644;2637;6556;Di,01.07.;
2025;JULI;1622;Himberger Straße II;B;16;Leopoldsdorfer Str.;LkwÄ;797;993;884;1033;950;308;163;1271;Di,01.07.;
2025;JULI;1622;Himberger Straße II;B;16;Gesamt;Kfz;9992;11239;10974;11402;10892;7075;5738;12531;Di,01.07.;
2025;JULI;1622;Himberger Straße II;B;16;Gesamt;LkwÄ;1083;1368;1272;1422;1260;343;183;1638;Di,01.07.;
2025;JULI;1623;Breitenleer Straße II;G;0;Stadteinwärts;Kfz;6911;7404;7272;7446;7378;6054;4935;7909;Di,15.07.;
2025;JULI;1623;Breitenleer Straße II;G;0;Stadteinwärts;LkwÄ;722;906;909;942;769;240;147;1195;Mi,30.07.;
2025;JULI;1623;Breitenleer Straße II;G;0;Stadtauswärts;Kfz;7460;8088;7845;8102;8281;6349;4956;8627;*Mi,02.07.;
2025;JULI;1623;Breitenleer Straße II;G;0;Stadtauswärts;LkwÄ;783;968;952;1010;827;312;194;1209;Mi,30.07.;
2025;JULI;1623;Breitenleer Straße II;G;0;Gesamt;Kfz;14371;15493;15116;15548;15659;12402;9890;16301;Mi,16.07.;
2025;JULI;1623;Breitenleer Straße II;G;0;Gesamt;LkwÄ;1506;1875;1861;1953;1596;552;341;2404;Mi,30.07.;
2025;JULI;1624;Seyringer Straße;G;0;Wassermanngasse;Kfz;6292;6730;6677;6685;6950;6028;4041;7302;Fr,04.07.;
2025;JULI;1624;Seyringer Straße;G;0;Wassermanngasse;LkwÄ;307;394;415;409;319;70;39;553;Do,10.07.;
2025;JULI;1624;Seyringer Straße;G;0;Ernst-Kein-Gasse;Kfz;5524;5910;6140;5769;6207;5290;3538;6546;*Mo,07.07.;
2025;JULI;1624;Seyringer Straße;G;0;Ernst-Kein-Gasse;LkwÄ;311;393;444;399;316;108;43;532;*Do,03.07.;
2025;JULI;1624;Seyringer Straße;G;0;Gesamt;Kfz;11816;12639;12816;12454;13156;11318;7579;13719;Fr,04.07.;
2025;JULI;1624;Seyringer Straße;G;0;Gesamt;LkwÄ;618;787;859;808;635;178;82;1075;*Do,03.07.;
2025;JULI;1625;Favoritenstraße;G;0;Karlsplatz (Zentrum);Kfz;9369;10039;9648;10137;10064;8137;6746;10558;Do,03.07.;
2025;JULI;1625;Favoritenstraße;G;0;Karlsplatz (Zentrum);LkwÄ;191;223;251;222;198;145;50;353;Mo,07.07.;
2025;JULI;1625;Favoritenstraße;G;0;Südtiroler Platz;Kfz;2899;3121;3053;3158;3054;2410;2106;3348;Mo,07.07.;
2025;JULI;1625;Favoritenstraße;G;0;Südtiroler Platz;LkwÄ;193;232;246;233;214;98;62;287;Di,08.07.;
2025;JULI;1625;Favoritenstraße;G;0;Gesamt;Kfz;12268;13161;12701;13295;13118;10547;8852;13722;Do,03.07.;
2025;JULI;1625;Favoritenstraße;G;0;Gesamt;LkwÄ;384;455;498;455;412;243;112;628;Mo,07.07.;
2025;JULI;1626;Ludwig-van-Höhnel-Gasse;B;225;Verteilerkreis;Kfz;7192;7624;7344;7666;7747;6314;5586;9118;Mi,23.07.;
2025;JULI;1626;Ludwig-van-Höhnel-Gasse;B;225;Verteilerkreis;LkwÄ;313;384;399;393;334;126;93;506;Mi,23.07.;
2025;JULI;1626;Ludwig-van-Höhnel-Gasse;B;225;Laaer-Berg-Str.;Kfz;8631;9008;8754;9062;9060;8019;7079;10145;Fr,04.07.;
2025;JULI;1626;Ludwig-van-Höhnel-Gasse;B;225;Laaer-Berg-Str.;LkwÄ;700;840;852;855;775;347;244;1114;Do,24.07.;
2025;JULI;1626;Ludwig-van-Höhnel-Gasse;B;225;Gesamt;Kfz;15823;16632;16098;16728;16806;14333;12665;18115;Mi,23.07.;
2025;JULI;1626;Ludwig-van-Höhnel-Gasse;B;225;Gesamt;LkwÄ;1013;1224;1252;1248;1109;473;337;1518;Mo,07.07.;
2025;JULI;1627;Felberstraße;B;224;Neubauguertel;Kfz;9080;9446;9327;9457;9520;8460;7598;10272;Mi,02.07.;
2025;JULI;1627;Felberstraße;B;224;Neubauguertel;LkwÄ;447;539;578;540;494;238;125;728;Mo,07.07.;
2025;JULI;1627;Felberstraße;B;224;Schweglerstraße;Kfz;6855;7201;6875;7306;7136;6018;5702;7851;Di,01.07.;
2025;JULI;1627;Felberstraße;B;224;Schweglerstraße;LkwÄ;45;55;60;57;46;16;14;69;Mo,07.07.;
2025;JULI;1627;Felberstraße;B;224;Gesamt;Kfz;15935;16647;16202;16763;16656;14478;13300;18006;Mi,02.07.;
2025;JULI;1627;Felberstraße;B;224;Gesamt;LkwÄ;491;594;638;597;540;254;139;797;Mo,07.07.;
2025;JUNI;1075;Reichsbrücke;B;8;Leopoldstadt;Kfz;48712;50462;50326;50683;49992;45838;45604;54059;Mi,18.06.;
2025;JUNI;1075;Reichsbrücke;B;8;Leopoldstadt;LkwÄ;4298;4179;4402;4209;3872;3798;4909;5886;So,08.06.;
2025;JUNI;1075;Reichsbrücke;B;8;Donaustadt;Kfz;17314;18988;17535;19358;19421;15592;13755;21331;Fr,06.06.;
2025;JUNI;1075;Reichsbrücke;B;8;Donaustadt;LkwÄ;359;463;474;463;452;220;158;610;Mi,25.06.;
2025;JUNI;1075;Reichsbrücke;B;8;Gesamt;Kfz;66026;69450;67861;70041;69413;61431;59359;73735;Mi,18.06.;
2025;JUNI;1075;Reichsbrücke;B;8;Gesamt;LkwÄ;4658;4642;4876;4672;4324;4018;5067;5992;So,08.06.;
2025;JUNI;1078;Westbahnhof;B;221;Wienzeile;Kfz;35820;37132;35968;37184;38150;36530;31853;39585;Fr,06.06.;
2025;JUNI;1078;Westbahnhof;B;221;Wienzeile;LkwÄ;768;1013;1023;1039;931;440;293;1152;Mi,18.06.;
2025;JUNI;1078;Westbahnhof;B;221;Stadthalle;Kfz;31986;32814;31916;32858;33591;32663;29354;35018;Fr,06.06.;
2025;JUNI;1078;Westbahnhof;B;221;Stadthalle;LkwÄ;738;958;981;979;875;439;315;1057;Do,05.06.;
2025;JUNI;1078;Westbahnhof;B;221;Gesamt;Kfz;67806;69946;67884;70042;71742;69193;61207;74603;Fr,06.06.;
2025;JUNI;1078;Westbahnhof;B;221;Gesamt;LkwÄ;1507;1970;2004;2018;1806;878;607;2134;Mi,18.06.;
2025;JUNI;1089;Floridsdorf-Br.;B;226;Brigittenau;Kfz;13528;14776;14376;15077;14349;12184;10906;16550;Mi,18.06.;
2025;JUNI;1089;Floridsdorf-Br.;B;226;Brigittenau;LkwÄ;301;401;455;410;324;164;106;520;Mo,30.06.;
2025;JUNI;1089;Floridsdorf-Br.;B;226;Floridsdorf;Kfz;14192;15527;14572;15693;16024;13608;10901;17861;Fr,06.06.;
2025;JUNI;1089;Floridsdorf-Br.;B;226;Floridsdorf;LkwÄ;293;400;415;408;362;150;86;435;Mo,02.06.;
2025;JUNI;1089;Floridsdorf-Br.;B;226;Gesamt;Kfz;27719;30303;28948;30770;30373;25792;21807;33054;Mi,18.06.;
2025;JUNI;1089;Floridsdorf-Br.;B;226;Gesamt;LkwÄ;594;801;870;818;687;314;192;941;Mo,23.06.;
2025;JUNI;1096;Brigittenauer Brücke;B;14;Brigittenau;Kfz;14088;16076;16178;16625;14464;11438;10206;17957;Do,12.06.;
2025;JUNI;1096;Brigittenauer Brücke;B;14;Brigittenau;LkwÄ;366;527;584;567;362;124;65;666;Do,12.06.;
2025;JUNI;1096;Brigittenauer Brücke;B;14;Floridsdorf;Kfz;12706;13855;12965;14056;14194;12046;9964;15567;*Fr,06.06.;
2025;JUNI;1096;Brigittenauer Brücke;B;14;Floridsdorf;LkwÄ;356;478;465;514;394;182;122;666;*Di,10.06.;
2025;JUNI;1096;Brigittenauer Brücke;B;14;Gesamt;Kfz;26794;29931;29144;30681;28658;23484;20169;32312;*Do,12.06.;
2025;JUNI;1096;Brigittenauer Brücke;B;14;Gesamt;LkwÄ;722;1006;1048;1081;756;306;187;1222;*Di,10.06.;
2025;JUNI;1131;Karlsplatz;B;1;Heumarkt;Kfz;20111;22591;21878;22870;22537;18072;14542;24609;Mi,18.06.;
2025;JUNI;1131;Karlsplatz;B;1;Heumarkt;LkwÄ;704;863;850;875;841;504;388;1037;Mo,30.06.;
2025;JUNI;1131;Karlsplatz;B;1;Wienzeile;Kfz;13168;15303;14767;15711;14718;11041;8587;17112;Di,17.06.;
2025;JUNI;1131;Karlsplatz;B;1;Wienzeile;LkwÄ;540;663;636;670;672;424;272;784;Fr,20.06.;
2025;JUNI;1131;Karlsplatz;B;1;Gesamt;Kfz;33278;37894;36645;38582;37254;29114;23129;41206;Mi,18.06.;
2025;JUNI;1131;Karlsplatz;B;1;Gesamt;LkwÄ;1244;1526;1486;1545;1513;928;660;1691;Mi,25.06.;
2025;JUNI;1170;Donaukanal Straße;B;227;1171-Obere Donaustr.;Kfz;24378;25454;24731;25445;26202;24327;21485;27622;*Fr,13.06.;
2025;JUNI;1170;Donaukanal Straße;B;227;1171-Obere Donaustr.;LkwÄ;788;986;949;1012;952;549;386;1158;Mi,04.06.;
2025;JUNI;1170;Donaukanal Straße;B;227;1172-Franz-Josef-Kai;Kfz;37589;40950;40333;40930;41624;33411;30854;43420;Fr,27.06.;
2025;JUNI;1170;Donaukanal Straße;B;227;1172-Franz-Josef-Kai;LkwÄ;1718;2262;2268;2331;2067;946;683;2507;Do,12.06.;
2025;JUNI;1170;Donaukanal Straße;B;227;Gesamt;Kfz;61967;66404;65064;66375;67826;57738;52339;70220;*Fr,27.06.;
2025;JUNI;1170;Donaukanal Straße;B;227;Gesamt;LkwÄ;2506;3248;3217;3343;3019;1496;1068;3579;*Do,12.06.;
2025;JUNI;1177;Handelskai;B;14;Klosterneuburg;Kfz;9957;10701;10164;10791;10992;9772;8040;11802;Di,10.06.;
2025;JUNI;1177;Handelskai;B;14;Klosterneuburg;LkwÄ;463;643;632;669;582;203;124;780;Mi,25.06.;
2025;JUNI;1177;Handelskai;B;14;Freudenau;Kfz;14331;16453;16254;16755;15822;12127;9829;18205;Do,12.06.;
2025;JUNI;1177;Handelskai;B;14;Freudenau;LkwÄ;758;1093;1148;1148;886;237;144;1426;Mi,18.06.;
2025;JUNI;1177;Handelskai;B;14;Gesamt;Kfz;24287;27155;26418;27546;26814;21899;17870;29235;Mi,25.06.;
2025;JUNI;1177;Handelskai;B;14;Gesamt;LkwÄ;1221;1736;1780;1817;1468;440;269;2170;Mi,18.06.;
2025;JUNI;1179;Brunner Straße;B;12;Zentrum;Kfz;13095;15313;15163;15566;14766;10874;8342;16240;Mi,04.06.;
2025;JUNI;1179;Brunner Straße;B;12;Zentrum;LkwÄ;966;1369;1410;1412;1208;367;215;1526;Do,05.06.;
2025;JUNI;1179;Brunner Straße;B;12;Brunn am Gebirge;Kfz;17290;19560;19070;19667;19754;15800;11982;20690;Mi,18.06.;
2025;JUNI;1179;Brunner Straße;B;12;Brunn am Gebirge;LkwÄ;1181;1631;1672;1681;1452;520;339;1831;Mi,25.06.;
2025;JUNI;1179;Brunner Straße;B;12;Gesamt;Kfz;30385;34873;34234;35233;34520;26675;20324;36498;Do,05.06.;
2025;JUNI;1179;Brunner Straße;B;12;Gesamt;LkwÄ;2147;3000;3082;3093;2660;886;554;3293;Mo,23.06.;
2025;JUNI;1180;Hochstraße;B;13;Zentrum;Kfz;5243;5901;5542;6000;5989;4621;3813;6332;Fr,13.06.;
2025;JUNI;1180;Hochstraße;B;13;Zentrum;LkwÄ;239;317;330;320;295;126;94;369;Mo,23.06.;
2025;JUNI;1180;Hochstraße;B;13;Perchtoldsdorf;Kfz;5362;6042;5642;6119;6229;4737;3873;6577;Fr,13.06.;
2025;JUNI;1180;Hochstraße;B;13;Perchtoldsdorf;LkwÄ;238;314;314;323;287;129;96;349;Do,05.06.;
2025;JUNI;1180;Hochstraße;B;13;Gesamt;Kfz;10605;11943;11184;12119;12218;9358;7685;12909;Fr,13.06.;
2025;JUNI;1180;Hochstraße;B;13;Gesamt;LkwÄ;477;630;644;643;582;255;190;702;Mo,23.06.;
2025;JUNI;1181;Breitenfurter Straße;B;13;Zentrum;Kfz;6626;7264;6963;7314;7429;6130;5178;7736;Fr,06.06.;
2025;JUNI;1181;Breitenfurter Straße;B;13;Zentrum;LkwÄ;205;264;264;267;255;127;91;301;Mi,25.06.;
2025;JUNI;1181;Breitenfurter Straße;B;13;Breitenfurt;Kfz;6585;7318;7109;7399;7302;5988;4938;7668;Mi,18.06.;
2025;JUNI;1181;Breitenfurter Straße;B;13;Breitenfurt;LkwÄ;207;266;282;266;251;125;95;320;Mo,23.06.;
2025;JUNI;1181;Breitenfurter Straße;B;13;Gesamt;Kfz;13211;14582;14072;14713;14731;12117;10116;15360;Mi,18.06.;
2025;JUNI;1181;Breitenfurter Straße;B;13;Gesamt;LkwÄ;413;530;546;533;506;252;186;578;Mo,23.06.;
2025;JUNI;1182;Simmeringer Hptstr.;B;225;Zentrum;Kfz;6655;7546;7574;7449;7784;6064;4574;8282;*Fr,13.06.;
2025;JUNI;1182;Simmeringer Hptstr.;B;225;Zentrum;LkwÄ;424;591;601;612;523;192;104;691;*Do,12.06.;
2025;JUNI;1182;Simmeringer Hptstr.;B;225;Schwechat;Kfz;10559;12112;11609;12179;12431;9444;6982;13069;*Fr,13.06.;
2025;JUNI;1182;Simmeringer Hptstr.;B;225;Schwechat;LkwÄ;644;903;890;936;822;248;168;1015;*Mi,25.06.;
2025;JUNI;1182;Simmeringer Hptstr.;B;225;Gesamt;Kfz;17214;19658;19183;19628;20215;15508;11556;21351;*Fr,13.06.;
2025;JUNI;1182;Simmeringer Hptstr.;B;225;Gesamt;LkwÄ;1068;1493;1490;1548;1346;440;272;1673;*Mi,25.06.;
2025;JUNI;1184;Himberger Straße;G;0;Zentrum;Kfz;5478;6334;6096;6446;6267;4619;3644;6715;Di,10.06.;
2025;JUNI;1184;Himberger Straße;G;0;Zentrum;LkwÄ;167;247;249;266;194;52;18;299;Do,12.06.;
2025;JUNI;1184;Himberger Straße;G;0;Leopoldsdorf;Kfz;5304;6150;5694;6303;6184;4537;3448;7177;Mi,25.06.;
2025;JUNI;1184;Himberger Straße;G;0;Leopoldsdorf;LkwÄ;158;231;219;248;196;49;21;385;Mi,25.06.;
2025;JUNI;1184;Himberger Straße;G;0;Gesamt;Kfz;10782;12484;11791;12748;12450;9156;7092;13855;Mi,25.06.;
2025;JUNI;1184;Himberger Straße;G;0;Gesamt;LkwÄ;325;478;468;513;390;101;39;683;Mi,25.06.;
2025;JUNI;1187;Triester Straße;B;17;Zentrum;Kfz;10164;11674;11413;11697;11873;10262;6011;12427;Mi,25.06.;
2025;JUNI;1187;Triester Straße;B;17;Zentrum;LkwÄ;467;638;636;659;582;253;126;790;Mi,25.06.;
2025;JUNI;1187;Triester Straße;B;17;Wr. Neudorf;Kfz;8437;9848;9734;9926;9746;7789;4977;10789;Fr,06.06.;
2025;JUNI;1187;Triester Straße;B;17;Wr. Neudorf;LkwÄ;341;483;499;500;419;142;71;533;Mi,25.06.;
2025;JUNI;1187;Triester Straße;B;17;Gesamt;Kfz;18601;21522;21147;21622;21619;18051;10989;23013;Fr,06.06.;
2025;JUNI;1187;Triester Straße;B;17;Gesamt;LkwÄ;808;1121;1135;1159;1000;395;197;1323;Mi,25.06.;
2025;JUNI;1188;Altmannsdorfer Straße;B;224;Zentrum;Kfz;9638;11285;11265;11405;10973;8994;5536;11986;Di,10.06.;
2025;JUNI;1188;Altmannsdorfer Straße;B;224;Zentrum;LkwÄ;335;471;490;494;388;134;80;520;Mi,04.06.;
2025;JUNI;1188;Altmannsdorfer Straße;B;224;Vösendorf;Kfz;9518;11076;10781;10910;11827;9264;5434;12575;Fr,20.06.;
2025;JUNI;1188;Altmannsdorfer Straße;B;224;Vösendorf;LkwÄ;339;475;484;485;438;128;92;518;Fr,20.06.;
2025;JUNI;1188;Altmannsdorfer Straße;B;224;Gesamt;Kfz;19156;22361;22046;22315;22800;18258;10971;23185;Fr,20.06.;
2025;JUNI;1188;Altmannsdorfer Straße;B;224;Gesamt;LkwÄ;674;946;974;979;826;262;172;1016;Mi,04.06.;
2025;JUNI;1189;Shuttleworthstraße;B;229;Zentrum;Kfz;10042;11285;11161;11315;11328;9394;7038;11808;Mi,18.06.;
2025;JUNI;1189;Shuttleworthstraße;B;229;Zentrum;LkwÄ;497;714;750;746;590;166;97;832;Mi,25.06.;
2025;JUNI;1189;Shuttleworthstraße;B;229;Leopoldau;Kfz;10011;11579;11454;11725;11300;8614;6555;12078;Mi,18.06.;
2025;JUNI;1189;Shuttleworthstraße;B;229;Leopoldau;LkwÄ;495;716;750;754;579;158;87;814;Do,26.06.;
2025;JUNI;1189;Shuttleworthstraße;B;229;Gesamt;Kfz;20053;22864;22615;23040;22628;18009;13593;23886;Mi,18.06.;
2025;JUNI;1189;Shuttleworthstraße;B;229;Gesamt;LkwÄ;992;1430;1499;1500;1168;324;184;1634;Mi,25.06.;
2025;JUNI;1190;Angyalföldstraße;B;3;Kagran;Kfz;6015;6823;6634;6853;6929;5632;4042;7382;Mi,18.06.;
2025;JUNI;1190;Angyalföldstraße;B;3;Kagran;LkwÄ;207;286;292;297;247;81;65;320;Di,24.06.;
2025;JUNI;1190;Angyalföldstraße;B;3;Floridsdorf;Kfz;5722;6442;6363;6405;6622;5363;3975;6905;Fr,27.06.;
2025;JUNI;1190;Angyalföldstraße;B;3;Floridsdorf;LkwÄ;172;246;260;254;209;51;42;279;Mi,25.06.;
2025;JUNI;1190;Angyalföldstraße;B;3;Gesamt;Kfz;11738;13265;12997;13258;13550;10995;8018;14277;Mi,18.06.;
2025;JUNI;1190;Angyalföldstraße;B;3;Gesamt;LkwÄ;379;531;552;551;456;132;108;585;Di,24.06.;
2025;JUNI;1191;Wientalstraße;B;1;Zentrum;Kfz;26825;28694;27641;28994;28924;24694;22968;30463;Fr,06.06.;
2025;JUNI;1191;Wientalstraße;B;1;Zentrum;LkwÄ;736;955;919;1012;834;489;283;1252;*Do,05.06.;
2025;JUNI;1191;Wientalstraße;B;1;St. Pölten;Kfz;25070;26874;25416;26854;28388;24475;20513;30516;Fr,06.06.;
2025;JUNI;1191;Wientalstraße;B;1;St. Pölten;LkwÄ;601;799;864;810;702;326;220;1049;Mo,23.06.;
2025;JUNI;1191;Wientalstraße;B;1;Gesamt;Kfz;51895;55569;53056;55848;57312;49169;43481;60979;Fr,06.06.;
2025;JUNI;1191;Wientalstraße;B;1;Gesamt;LkwÄ;1337;1753;1783;1822;1535;816;503;2074;*Do,05.06.;
2025;JUNI;1192;Hauptstraße;G;0;Zentrum;Kfz;5456;6047;5826;6080;6179;5396;3885;6596;Mi,18.06.;
2025;JUNI;1192;Hauptstraße;G;0;Zentrum;LkwÄ;297;381;381;400;331;151;153;476;*Mi,11.06.;
2025;JUNI;1192;Hauptstraße;G;0;St. Pölten;Kfz;6319;7063;6728;7060;7404;6357;4278;7688;Mi,18.06.;
2025;JUNI;1192;Hauptstraße;G;0;St. Pölten;LkwÄ;314;399;407;411;360;162;167;498;*Di,10.06.;
2025;JUNI;1192;Hauptstraße;G;0;Gesamt;Kfz;11775;13110;12555;13140;13583;11753;8163;14284;Mi,18.06.;
2025;JUNI;1192;Hauptstraße;G;0;Gesamt;LkwÄ;611;781;788;811;690;313;320;953;*Di,10.06.;
2025;JUNI;1193;Heiligenstädter Straße;B;14;Zentrum;Kfz;17290;18910;18299;19164;18821;15762;13764;19687;Fr,13.06.;
2025;JUNI;1193;Heiligenstädter Straße;B;14;Zentrum;LkwÄ;728;1001;1013;1035;896;340;208;1111;Do,05.06.;
2025;JUNI;1193;Heiligenstädter Straße;B;14;Klosterneuburg;Kfz;17104;18660;18028;18939;18522;15584;13752;19437;Mi,18.06.;
2025;JUNI;1193;Heiligenstädter Straße;B;14;Klosterneuburg;LkwÄ;723;994;1015;1030;875;334;211;1115;Do,05.06.;
2025;JUNI;1193;Heiligenstädter Straße;B;14;Gesamt;Kfz;34394;37569;36328;38104;37342;31346;27516;39098;Mi,18.06.;
2025;JUNI;1193;Heiligenstädter Straße;B;14;Gesamt;LkwÄ;1451;1995;2028;2065;1772;674;419;2226;Do,05.06.;
2025;JUNI;1194;Prager Straße;B;3;Zentrum;Kfz;4928;5738;5466;5652;6247;5314;2508;6345;Fr,13.06.;
2025;JUNI;1194;Prager Straße;B;3;Zentrum;LkwÄ;169;234;236;240;214;80;43;263;Mi,25.06.;
2025;JUNI;1194;Prager Straße;B;3;Langenzersd.;Kfz;4753;5575;5341;5501;6012;5111;2318;6161;Mi,18.06.;
2025;JUNI;1194;Prager Straße;B;3;Langenzersd.;LkwÄ;164;230;227;237;212;80;36;260;Mi,25.06.;
2025;JUNI;1194;Prager Straße;B;3;Gesamt;Kfz;9681;11313;10807;11153;12259;10425;4826;12450;Mi,18.06.;
2025;JUNI;1194;Prager Straße;B;3;Gesamt;LkwÄ;333;463;462;478;425;160;79;523;Mi,25.06.;
2025;JUNI;1195;Wagramer Straße;B;8;Zentrum;Kfz;3880;4537;4595;4551;4439;3396;2375;5107;Di,10.06.;
2025;JUNI;1195;Wagramer Straße;B;8;Zentrum;LkwÄ;139;187;170;187;203;78;46;310;Di,10.06.;
2025;JUNI;1195;Wagramer Straße;B;8;Süßenbrunn;Kfz;3699;4227;4076;4248;4319;3389;2445;4503;Mi,18.06.;
2025;JUNI;1195;Wagramer Straße;B;8;Süßenbrunn;LkwÄ;162;218;222;219;214;89;50;250;*Mi,04.06.;
2025;JUNI;1195;Wagramer Straße;B;8;Gesamt;Kfz;7579;8763;8671;8799;8758;6784;4820;9381;Di,10.06.;
2025;JUNI;1195;Wagramer Straße;B;8;Gesamt;LkwÄ;301;405;392;406;417;167;96;548;Di,10.06.;
2025;JUNI;1196;Erzherzog-Karl-Str.;B;3;Groß-Enzersdorf;Kfz;11498;13256;13024;13270;13447;10148;7497;14454;Mi,18.06.;
2025;JUNI;1196;Erzherzog-Karl-Str.;B;3;Groß-Enzersdorf;LkwÄ;241;331;355;344;270;93;83;435;Do,12.06.;
2025;JUNI;1196;Erzherzog-Karl-Str.;B;3;Kagran;Kfz;12253;14245;13804;14381;14316;10241;7994;16000;Mi,18.06.;
2025;JUNI;1196;Erzherzog-Karl-Str.;B;3;Kagran;LkwÄ;491;625;608;642;593;277;249;740;Mi,25.06.;
2025;JUNI;1196;Erzherzog-Karl-Str.;B;3;Gesamt;Kfz;23750;27501;26828;27651;27763;20389;15491;30454;Mi,18.06.;
2025;JUNI;1196;Erzherzog-Karl-Str.;B;3;Gesamt;LkwÄ;732;955;962;986;862;370;332;1166;Do,12.06.;
2025;JUNI;1198;Brünner Straße;B;7;Zentrum;Kfz;9056;10355;10260;10304;10591;9105;5500;10937;Mi,18.06.;
2025;JUNI;1198;Brünner Straße;B;7;Zentrum;LkwÄ;422;593;609;618;510;204;80;677;Di,17.06.;
2025;JUNI;1198;Brünner Straße;B;7;Wolkersdorf;Kfz;7743;8866;8618;8852;9150;7802;4661;9297;Fr,27.06.;
2025;JUNI;1198;Brünner Straße;B;7;Wolkersdorf;LkwÄ;393;548;558;573;469;208;78;661;Mi,25.06.;
2025;JUNI;1198;Brünner Straße;B;7;Gesamt;Kfz;16798;19221;18879;19157;19740;16906;10161;20217;Fr,27.06.;
2025;JUNI;1198;Brünner Straße;B;7;Gesamt;LkwÄ;814;1141;1166;1190;978;412;158;1280;Mi,25.06.;
2025;JUNI;1199;Eßlinger Hauptstraße;B;3;Zentrum;Kfz;8937;9601;9201;9568;10092;8988;7107;10622;Fr,06.06.;
2025;JUNI;1199;Eßlinger Hauptstraße;B;3;Zentrum;LkwÄ;546;723;732;746;650;277;218;791;Mi,11.06.;
2025;JUNI;1199;Eßlinger Hauptstraße;B;3;Groß-Enzersdorf;Kfz;8655;9286;8808;9245;9879;8755;6882;10293;Fr,13.06.;
2025;JUNI;1199;Eßlinger Hauptstraße;B;3;Groß-Enzersdorf;LkwÄ;499;662;664;676;621;257;194;724;Do,12.06.;
2025;JUNI;1199;Eßlinger Hauptstraße;B;3;Gesamt;Kfz;17592;18888;18009;18813;19972;17743;13990;20808;Fr,06.06.;
2025;JUNI;1199;Eßlinger Hauptstraße;B;3;Gesamt;LkwÄ;1044;1385;1396;1422;1271;534;412;1502;Do,12.06.;
2025;JUNI;1200;Vorarlberger Allee West;G;0;Zentrum;Kfz;6408;8194;8298;8433;7432;4177;2837;8630;Mi,18.06.;
2025;JUNI;1200;Vorarlberger Allee West;G;0;Zentrum;LkwÄ;736;1050;1082;1078;943;262;155;1147;Di,10.06.;
2025;JUNI;1200;Vorarlberger Allee West;G;0;S1;Kfz;6545;8450;8119;8798;7825;4110;2764;9250;Fr,06.06.;
2025;JUNI;1200;Vorarlberger Allee West;G;0;S1;LkwÄ;821;1194;1166;1268;1017;238;144;1334;Di,10.06.;
2025;JUNI;1200;Vorarlberger Allee West;G;0;Gesamt;Kfz;12953;16644;16417;17231;15257;8286;5601;17805;Mi,18.06.;
2025;JUNI;1200;Vorarlberger Allee West;G;0;Gesamt;LkwÄ;1558;2244;2249;2345;1960;500;298;2481;Di,10.06.;
2025;JUNI;1201;Vorarlberger Allee Ost;G;0;Laxenburger Str.;Kfz;3552;4792;4317;5072;4498;1891;1136;6042;Mi,25.06.;
2025;JUNI;1201;Vorarlberger Allee Ost;G;0;Laxenburger Str.;LkwÄ;748;1070;1011;1129;965;243;162;1411;Mi,25.06.;
2025;JUNI;1201;Vorarlberger Allee Ost;G;0;S1;Kfz;3248;4312;4292;4441;3976;1939;1110;4813;Mi,18.06.;
2025;JUNI;1201;Vorarlberger Allee Ost;G;0;S1;LkwÄ;583;825;867;836;752;210;138;883;Mo,23.06.;
2025;JUNI;1201;Vorarlberger Allee Ost;G;0;Gesamt;Kfz;6801;9104;8610;9513;8473;3830;2246;10511;Mi,25.06.;
2025;JUNI;1201;Vorarlberger Allee Ost;G;0;Gesamt;LkwÄ;1330;1894;1878;1965;1717;453;300;2278;Mi,25.06.;
2025;JUNI;1202;Spange Vösendorf;G;0;Vösendorf;Kfz;6188;7674;7692;7789;7341;4842;2922;8182;Mi,18.06.;
2025;JUNI;1202;Spange Vösendorf;G;0;Vösendorf;LkwÄ;360;536;551;569;430;86;41;604;Di,17.06.;
2025;JUNI;1202;Spange Vösendorf;G;0;S1;Kfz;6198;7772;7586;7896;7619;4910;2661;8385;Mi,18.06.;
2025;JUNI;1202;Spange Vösendorf;G;0;S1;LkwÄ;358;536;548;560;461;75;34;642;Mi,25.06.;
2025;JUNI;1202;Spange Vösendorf;G;0;Gesamt;Kfz;12386;15446;15278;15684;14960;9752;5583;16567;Mi,18.06.;
2025;JUNI;1202;Spange Vösendorf;G;0;Gesamt;LkwÄ;718;1072;1098;1128;891;161;76;1229;Mi,25.06.;
2025;JUNI;1203;Maria-Theresien-Straße;G;0;Franz-Josef-Kai;Kfz;10115;11814;11222;12206;11331;8179;6608;12870;Do,05.06.;
2025;JUNI;1203;Maria-Theresien-Straße;G;0;Franz-Josef-Kai;LkwÄ;359;480;474;503;422;200;122;543;Mi,25.06.;
2025;JUNI;1203;Maria-Theresien-Straße;G;0;-;Kfz;-29;-29;-29;-29;-29;-29;-29;-29;0.00.;
2025;JUNI;1203;Maria-Theresien-Straße;G;0;-;LkwÄ;-29;-29;-29;-29;-29;-29;-29;-29;0.00.;
2025;JUNI;1203;Maria-Theresien-Straße;G;0;Gesamt;Kfz;-29;-29;-29;-29;-29;-29;-29;-29;0.00.;
2025;JUNI;1203;Maria-Theresien-Straße;G;0;Gesamt;LkwÄ;-29;-29;-29;-29;-29;-29;-29;-29;0.00.;
2025;JUNI;1204;Türkenstraße;G;0;Währinger Straße;Kfz;14724;17222;16600;17972;15778;11462;9810;19147;Mi,18.06.;
2025;JUNI;1204;Türkenstraße;G;0;Währinger Straße;LkwÄ;402;550;536;583;476;192;117;635;Do,26.06.;
2025;JUNI;1204;Türkenstraße;G;0;-;Kfz;-29;-29;-29;-29;-29;-29;-29;-29;0.00.;
2025;JUNI;1204;Türkenstraße;G;0;-;LkwÄ;-29;-29;-29;-29;-29;-29;-29;-29;0.00.;
2025;JUNI;1204;Türkenstraße;G;0;Gesamt;Kfz;-29;-29;-29;-29;-29;-29;-29;-29;0.00.;
2025;JUNI;1204;Türkenstraße;G;0;Gesamt;LkwÄ;-29;-29;-29;-29;-29;-29;-29;-29;0.00.;
2025;JUNI;1205;Hernalser Hauptstraße;G;0;Zentrum;Kfz;8785;9210;8935;9236;9412;8653;7705;9747;Fr,06.06.;
2025;JUNI;1205;Hernalser Hauptstraße;G;0;Zentrum;LkwÄ;180;244;238;258;212;94;55;295;Mi,04.06.;
2025;JUNI;1205;Hernalser Hauptstraße;G;0;Dornbach;Kfz;7730;8169;8057;8211;8164;7492;6674;8605;Fr,06.06.;
2025;JUNI;1205;Hernalser Hauptstraße;G;0;Dornbach;LkwÄ;144;201;215;206;173;66;33;229;Mi,04.06.;
2025;JUNI;1205;Hernalser Hauptstraße;G;0;Gesamt;Kfz;16514;17379;16992;17448;17576;16145;14379;18352;Fr,06.06.;
2025;JUNI;1205;Hernalser Hauptstraße;G;0;Gesamt;LkwÄ;324;445;452;464;386;159;88;524;Mi,04.06.;
2025;JUNI;1206;Hütteldorfer Straße;G;0;Zentrum;Kfz;53;57;80;59;32;50;41;93;*Mo,30.06.;
2025;JUNI;1206;Hütteldorfer Straße;G;0;Zentrum;LkwÄ;10;10;17;9;8;8;11;20;*Mo,16.06.;
2025;JUNI;1206;Hütteldorfer Straße;G;0;Hütteldorf;Kfz;18;25;30;27;14;8;7;45;*Do,26.06.;
2025;JUNI;1206;Hütteldorfer Straße;G;0;Hütteldorf;LkwÄ;4;6;9;7;2;0;1;11;*Do,26.06.;
2025;JUNI;1206;Hütteldorfer Straße;G;0;Gesamt;Kfz;71;82;110;85;46;58;49;125;*Mo,30.06.;
2025;JUNI;1206;Hütteldorfer Straße;G;0;Gesamt;LkwÄ;15;17;26;15;10;8;12;30;*Mo,16.06.;
2025;JUNI;1207;Altmannsdorfer Straße II;B;224;Zentrum;Kfz;21811;22872;22479;22854;23316;21051;19365;24014;Fr,13.06.;
2025;JUNI;1207;Altmannsdorfer Straße II;B;224;Zentrum;LkwÄ;950;1352;1375;1390;1226;354;200;1526;Mo,23.06.;
2025;JUNI;1207;Altmannsdorfer Straße II;B;224;Vösendorf;Kfz;25093;27070;26410;27275;27169;24176;20248;28254;Mi,18.06.;
2025;JUNI;1207;Altmannsdorfer Straße II;B;224;Vösendorf;LkwÄ;995;1394;1402;1454;1219;438;233;1573;Mi,25.06.;
2025;JUNI;1207;Altmannsdorfer Straße II;B;224;Gesamt;Kfz;46904;49943;48889;50129;50485;45227;39613;51983;Fr,06.06.;
2025;JUNI;1207;Altmannsdorfer Straße II;B;224;Gesamt;LkwÄ;1945;2746;2777;2844;2444;792;432;3053;Mi,25.06.;
2025;JUNI;1208;Wienerbergstraße;B;225;Breitenfurter Straße;Kfz;10632;12440;12303;12814;11552;8116;7160;13340;Do,05.06.;
2025;JUNI;1208;Wienerbergstraße;B;225;Breitenfurter Straße;LkwÄ;531;680;697;698;615;300;260;756;Do,12.06.;
2025;JUNI;1208;Wienerbergstraße;B;225;Triester Straße;Kfz;9266;11041;10706;11397;10396;7103;5686;12178;Mi,18.06.;
2025;JUNI;1208;Wienerbergstraße;B;225;Triester Straße;LkwÄ;554;726;721;744;680;286;240;785;Di,17.06.;
2025;JUNI;1208;Wienerbergstraße;B;225;Gesamt;Kfz;19898;23481;23008;24211;21948;15219;12845;25184;Mi,18.06.;
2025;JUNI;1208;Wienerbergstraße;B;225;Gesamt;LkwÄ;1085;1406;1418;1442;1294;586;500;1517;Di,17.06.;
2025;JUNI;1209;Atzgersdorfer Straße;G;0;Stranzenberg Brücke;Kfz;8573;10008;9590;10391;9372;6591;5811;10786;Di,10.06.;
2025;JUNI;1209;Atzgersdorfer Straße;G;0;Stranzenberg Brücke;LkwÄ;224;294;276;299;299;130;87;354;*Fr,06.06.;
2025;JUNI;1209;Atzgersdorfer Straße;G;0;Rosenhügelstraße;Kfz;8906;10579;10213;10805;10322;6457;5765;11641;*Mi,18.06.;
2025;JUNI;1209;Atzgersdorfer Straße;G;0;Rosenhügelstraße;LkwÄ;234;313;300;323;300;136;72;365;*Mi,18.06.;
2025;JUNI;1209;Atzgersdorfer Straße;G;0;Gesamt;Kfz;17479;20586;19803;21196;19694;13048;11576;22125;*Mi,18.06.;
2025;JUNI;1209;Atzgersdorfer Straße;G;0;Gesamt;LkwÄ;458;608;576;622;599;266;159;716;*Mi,18.06.;
2025;JUNI;1210;Koppstraße;B;223;stadtauswärts;Kfz;15794;16742;16152;16815;17130;15020;13664;17780;Mi,18.06.;
2025;JUNI;1210;Koppstraße;B;223;stadtauswärts;LkwÄ;429;555;552;568;522;254;185;640;Mi,25.06.;
2025;JUNI;1210;Koppstraße;B;223;Einbahnstraße;Kfz;-29;-29;-29;-29;-29;-29;-29;-29;0.00.;
2025;JUNI;1210;Koppstraße;B;223;Einbahnstraße;LkwÄ;-29;-29;-29;-29;-29;-29;-29;-29;0.00.;
2025;JUNI;1210;Koppstraße;B;223;Gesamt;Kfz;-29;-29;-29;-29;-29;-29;-29;-29;0.00.;
2025;JUNI;1210;Koppstraße;B;223;Gesamt;LkwÄ;-29;-29;-29;-29;-29;-29;-29;-29;0.00.;
2025;JUNI;1211;Laxenburger Straße II;B;230;Zentrum;Kfz;7594;9410;9445;9633;8760;5258;4001;10468;Do,26.06.;
2025;JUNI;1211;Laxenburger Straße II;B;230;Zentrum;LkwÄ;1701;2266;2333;2299;2108;984;579;2902;Do,26.06.;
2025;JUNI;1211;Laxenburger Straße II;B;230;S1;Kfz;8131;10378;10114;10534;10213;5417;3583;11778;Mi,18.06.;
2025;JUNI;1211;Laxenburger Straße II;B;230;S1;LkwÄ;1581;2183;2186;2235;2038;656;476;2503;Di,10.06.;
2025;JUNI;1211;Laxenburger Straße II;B;230;Gesamt;Kfz;15725;19787;19559;20167;18972;10675;7584;21794;Mi,18.06.;
2025;JUNI;1211;Laxenburger Straße II;B;230;Gesamt;LkwÄ;3282;4449;4519;4534;4146;1639;1055;5167;Do,26.06.;
2025;JUNI;1212;Donaustadtstraße II;B;3;A 23;Kfz;11082;12742;12525;12955;12370;9493;7485;13927;Do,12.06.;
2025;JUNI;1212;Donaustadtstraße II;B;3;A 23;LkwÄ;566;798;858;839;626;208;140;963;Do,12.06.;
2025;JUNI;1212;Donaustadtstraße II;B;3;Erzherzog-Karl-Str.;Kfz;8333;8848;8716;8834;9018;7960;7149;10181;Mi,25.06.;
2025;JUNI;1212;Donaustadtstraße II;B;3;Erzherzog-Karl-Str.;LkwÄ;451;619;642;640;536;204;136;847;Mi,25.06.;
2025;JUNI;1212;Donaustadtstraße II;B;3;Gesamt;Kfz;19415;21589;21240;21789;21388;17454;14633;22836;Mi,25.06.;
2025;JUNI;1212;Donaustadtstraße II;B;3;Gesamt;LkwÄ;1017;1417;1500;1479;1162;411;276;1690;*Di,17.06.;
2025;JUNI;1213;Burggasse II;G;0;Zentrum;Kfz;8368;9260;8825;9366;9403;7514;6435;10010;Fr,27.06.;
2025;JUNI;1213;Burggasse II;G;0;Zentrum;LkwÄ;373;473;465;477;470;228;185;515;Mi,18.06.;
2025;JUNI;1213;Burggasse II;G;0;Gablenzgasse;Kfz;-29;-29;-29;-29;-29;-29;-29;-29;0.00.;
2025;JUNI;1213;Burggasse II;G;0;Gablenzgasse;LkwÄ;-29;-29;-29;-29;-29;-29;-29;-29;0.00.;
2025;JUNI;1213;Burggasse II;G;0;Gesamt;Kfz;-29;-29;-29;-29;-29;-29;-29;-29;0.00.;
2025;JUNI;1213;Burggasse II;G;0;Gesamt;LkwÄ;-29;-29;-29;-29;-29;-29;-29;-29;0.00.;
2025;JUNI;1214;Neustiftgasse II;G;0;Koppstraße;Kfz;9488;10130;9724;10217;10294;8868;8100;10756;Fr,13.06.;
2025;JUNI;1214;Neustiftgasse II;G;0;Koppstraße;LkwÄ;322;410;410;418;386;199;153;455;Mi,18.06.;
2025;JUNI;1214;Neustiftgasse II;G;0;Zentrum;Kfz;-29;-29;-29;-29;-29;-29;-29;-29;0.00.;
2025;JUNI;1214;Neustiftgasse II;G;0;Zentrum;LkwÄ;-29;-29;-29;-29;-29;-29;-29;-29;0.00.;
2025;JUNI;1214;Neustiftgasse II;G;0;Gesamt;Kfz;-29;-29;-29;-29;-29;-29;-29;-29;0.00.;
2025;JUNI;1214;Neustiftgasse II;G;0;Gesamt;LkwÄ;-29;-29;-29;-29;-29;-29;-29;-29;0.00.;
2025;JUNI;1215;Erzherzog-Karl-Straße III;B;3;Genochplatz;Kfz;12306;12651;12108;12539;13504;12724;11129;14021;Fr,06.06.;
2025;JUNI;1215;Erzherzog-Karl-Straße III;B;3;Genochplatz;LkwÄ;619;855;870;898;722;250;189;988;Do,12.06.;
2025;JUNI;1215;Erzherzog-Karl-Straße III;B;3;Siegesplatz;Kfz;14275;15357;14972;15364;15722;13624;11710;16276;Fr,13.06.;
2025;JUNI;1215;Erzherzog-Karl-Straße III;B;3;Siegesplatz;LkwÄ;637;879;880;926;749;264;192;1037;Do,12.06.;
2025;JUNI;1215;Erzherzog-Karl-Straße III;B;3;Gesamt;Kfz;26581;28008;27080;27903;29226;26348;22839;30098;Fr,06.06.;
2025;JUNI;1215;Erzherzog-Karl-Straße III;B;3;Gesamt;LkwÄ;1256;1734;1750;1824;1471;514;381;2025;Do,12.06.;
2025;JUNI;1216;Perchtoldsdorfer Straße;G;0;stadteinwärts;Kfz;3574;4057;3888;4104;4097;3070;2551;4312;Fr,13.06.;
2025;JUNI;1216;Perchtoldsdorfer Straße;G;0;stadteinwärts;LkwÄ;155;193;190;197;184;98;83;205;Mi,25.06.;
2025;JUNI;1216;Perchtoldsdorfer Straße;G;0;stadtauswärts;Kfz;3080;3484;3299;3524;3560;2641;2232;3824;Fr,06.06.;
2025;JUNI;1216;Perchtoldsdorfer Straße;G;0;stadtauswärts;LkwÄ;90;112;114;112;108;60;48;125;Fr,06.06.;
2025;JUNI;1216;Perchtoldsdorfer Straße;G;0;Gesamt;Kfz;6654;7542;7188;7628;7658;5712;4784;8077;Fr,06.06.;
2025;JUNI;1216;Perchtoldsdorfer Straße;G;0;Gesamt;LkwÄ;245;305;304;309;292;159;131;327;Mi,04.06.;
2025;JUNI;1217;Museumstraße;G;0;Landesgerichtsstraße;Kfz;5611;6801;6263;7165;6338;5001;2730;9390;Sa,14.06.;
2025;JUNI;1217;Museumstraße;G;0;Landesgerichtsstraße;LkwÄ;112;153;150;163;127;78;20;185;Sa,14.06.;
2025;JUNI;1217;Museumstraße;G;0;Getreidemarkt;Kfz;11286;13184;12506;13675;12511;9266;7286;14487;*Mi,18.06.;
2025;JUNI;1217;Museumstraße;G;0;Getreidemarkt;LkwÄ;161;217;201;230;194;93;49;280;*Mi,04.06.;
2025;JUNI;1217;Museumstraße;G;0;Gesamt;Kfz;16897;19985;18769;20840;18849;14267;10016;22201;*Mi,18.06.;
2025;JUNI;1217;Museumstraße;G;0;Gesamt;LkwÄ;273;369;351;394;321;171;69;453;*Mi,04.06.;
2025;JUNI;1218;Spange Leopoldsdorf;G;0;Leopoldsdorfer Straß;Kfz;4523;5172;4761;5251;5362;3906;3117;5805;Fr,06.06.;
2025;JUNI;1218;Spange Leopoldsdorf;G;0;Leopoldsdorfer Straß;LkwÄ;94;137;136;143;124;28;14;178;Mi,25.06.;
2025;JUNI;1218;Spange Leopoldsdorf;G;0;Himberger Straße;Kfz;4433;5131;4972;5336;4725;3414;3122;5835;Di,10.06.;
2025;JUNI;1218;Spange Leopoldsdorf;G;0;Himberger Straße;LkwÄ;103;151;156;158;128;27;16;191;Mi,25.06.;
2025;JUNI;1218;Spange Leopoldsdorf;G;0;Gesamt;Kfz;8956;10302;9733;10587;10088;7320;6240;11014;Di,10.06.;
2025;JUNI;1218;Spange Leopoldsdorf;G;0;Gesamt;LkwÄ;197;289;292;301;252;55;30;369;Mi,25.06.;
2025;JUNI;1219;Barawitzkagasse;G;0;Heiligenstädter Str.;Kfz;11568;12646;12128;12780;12795;10934;9005;13367;Fr,06.06.;
2025;JUNI;1219;Barawitzkagasse;G;0;Heiligenstädter Str.;LkwÄ;568;698;665;736;626;378;324;900;Mi,04.06.;
2025;JUNI;1219;Barawitzkagasse;G;0;Ruthgasse;Kfz;9609;10412;10158;10517;10379;8758;7916;10981;Mi,18.06.;
2025;JUNI;1219;Barawitzkagasse;G;0;Ruthgasse;LkwÄ;520;646;631;687;548;320;292;826;Mi,11.06.;
2025;JUNI;1219;Barawitzkagasse;G;0;Gesamt;Kfz;21177;23058;22285;23297;23174;19693;16921;24336;Mi,18.06.;
2025;JUNI;1219;Barawitzkagasse;G;0;Gesamt;LkwÄ;1088;1344;1296;1423;1175;699;616;1678;Do,05.06.;
2025;JUNI;1220;Am Heumarkt;B;1;Schwarzenbergplatz;Kfz;6972;8380;8241;8756;7485;5386;4057;9434;Di,17.06.;
2025;JUNI;1220;Am Heumarkt;B;1;Schwarzenbergplatz;LkwÄ;239;299;308;308;264;178;110;337;Do,26.06.;
2025;JUNI;1220;Am Heumarkt;B;1;Urania;Kfz;15212;17076;18142;17182;15717;13484;11139;18857;*Do,12.06.;
2025;JUNI;1220;Am Heumarkt;B;1;Urania;LkwÄ;870;1091;1132;1094;1042;544;455;1992;*Mo,16.06.;
2025;JUNI;1220;Am Heumarkt;B;1;Gesamt;Kfz;22184;25456;26383;25939;23202;18870;15196;28134;*Do,12.06.;
2025;JUNI;1220;Am Heumarkt;B;1;Gesamt;LkwÄ;1108;1390;1440;1402;1306;722;566;2324;*Mo,16.06.;
2025;JUNI;1221;Grenzackerstraße;B;225;Laxenburger Straße;Kfz;14574;15351;15082;15325;15690;13799;12907;17422;Fr,06.06.;
2025;JUNI;1221;Grenzackerstraße;B;225;Laxenburger Straße;LkwÄ;374;517;487;556;438;166;106;719;*Di,17.06.;
2025;JUNI;1221;Grenzackerstraße;B;225;Verteilerkreis;Kfz;13528;14160;13780;14188;14462;13101;12057;15000;Fr,27.06.;
2025;JUNI;1221;Grenzackerstraße;B;225;Verteilerkreis;LkwÄ;518;687;688;709;628;280;193;762;Mi,25.06.;
2025;JUNI;1221;Grenzackerstraße;B;225;Gesamt;Kfz;28102;29510;28862;29513;30152;26900;24964;32093;Fr,06.06.;
2025;JUNI;1221;Grenzackerstraße;B;225;Gesamt;LkwÄ;892;1204;1176;1265;1066;446;299;1411;*Di,17.06.;
2025;JUNI;1222;Universitätsring;G;0;Schottenring;Kfz;22606;25780;24541;26296;25603;16216;17641;28247;Do,05.06.;
2025;JUNI;1222;Universitätsring;G;0;Schottenring;LkwÄ;705;916;843;969;844;368;324;1330;Mi,25.06.;
2025;JUNI;1222;Universitätsring;G;0;Einbahnstraße;Kfz;-29;-29;-29;-29;-29;-29;-29;-29;0.00.;
2025;JUNI;1222;Universitätsring;G;0;Einbahnstraße;LkwÄ;-29;-29;-29;-29;-29;-29;-29;-29;0.00.;
2025;JUNI;1222;Universitätsring;G;0;Gesamt;Kfz;-29;-29;-29;-29;-29;-29;-29;-29;0.00.;
2025;JUNI;1222;Universitätsring;G;0;Gesamt;LkwÄ;-29;-29;-29;-29;-29;-29;-29;-29;0.00.;
2025;JUNI;1223;Adalbert-Stifter-Straße;B;226;Gürtelbrücke;Kfz;9466;10374;10302;10623;9764;8497;7552;11490;Do,12.06.;
2025;JUNI;1223;Adalbert-Stifter-Straße;B;226;Gürtelbrücke;LkwÄ;407;500;539;501;460;279;227;631;Mo,23.06.;
2025;JUNI;1223;Adalbert-Stifter-Straße;B;226;Floridsdorfer Brücke;Kfz;9973;10828;10287;10948;11042;9816;7742;12269;Fr,06.06.;
2025;JUNI;1223;Adalbert-Stifter-Straße;B;226;Floridsdorfer Brücke;LkwÄ;326;432;406;463;374;182;119;677;Mi,25.06.;
2025;JUNI;1223;Adalbert-Stifter-Straße;B;226;Gesamt;Kfz;19439;21203;20589;21570;20805;18313;15295;23347;Mi,18.06.;
2025;JUNI;1223;Adalbert-Stifter-Straße;B;226;Gesamt;LkwÄ;733;933;946;964;834;460;346;1229;Mi,25.06.;
2025;JUNI;1224;Wagramer Str. II;B;8;Reichsbrücke;Kfz;10588;12475;12684;12519;12142;9140;6296;13980;Mi,18.06.;
2025;JUNI;1224;Wagramer Str. II;B;8;Reichsbrücke;LkwÄ;514;748;856;782;548;153;84;955;Mo,16.06.;
2025;JUNI;1224;Wagramer Str. II;B;8;Süßenbrunn;Kfz;9018;10208;9964;10141;10636;8751;5943;10955;Fr,06.06.;
2025;JUNI;1224;Wagramer Str. II;B;8;Süßenbrunn;LkwÄ;265;386;408;406;310;78;43;568;Mi,25.06.;
2025;JUNI;1224;Wagramer Str. II;B;8;Gesamt;Kfz;19607;22682;22648;22660;22778;17891;12239;24837;Mi,18.06.;
2025;JUNI;1224;Wagramer Str. II;B;8;Gesamt;LkwÄ;779;1134;1264;1188;857;232;127;1380;Mi,25.06.;
2025;JUNI;1600;Schönbrunner Straße;B;1;Zentrum;Kfz;17364;18647;17510;18858;19201;16024;14649;20608;Fr,06.06.;
2025;JUNI;1600;Schönbrunner Straße;B;1;Zentrum;LkwÄ;845;1106;1046;1158;1024;537;312;1236;Do,12.06.;
2025;JUNI;1600;Schönbrunner Straße;B;1;Stadtauswärts;Kfz;-29;-29;-29;-29;-29;-29;-29;-29;0.00.;
2025;JUNI;1600;Schönbrunner Straße;B;1;Stadtauswärts;LkwÄ;-29;-29;-29;-29;-29;-29;-29;-29;0.00.;
2025;JUNI;1600;Schönbrunner Straße;B;1;Gesamt;Kfz;-29;-29;-29;-29;-29;-29;-29;-29;0.00.;
2025;JUNI;1600;Schönbrunner Straße;B;1;Gesamt;LkwÄ;-29;-29;-29;-29;-29;-29;-29;-29;0.00.;
2025;JUNI;1603;Hirschstettner Straße;G;0;Kagran;Kfz;6883;7435;7141;7416;7782;7046;5291;8208;Fr,20.06.;
2025;JUNI;1603;Hirschstettner Straße;G;0;Kagran;LkwÄ;266;338;376;336;307;177;123;413;Mo,16.06.;
2025;JUNI;1603;Hirschstettner Straße;G;0;S2;Kfz;7770;8788;9019;8745;8674;7509;5159;10178;Do,12.06.;
2025;JUNI;1603;Hirschstettner Straße;G;0;S2;LkwÄ;332;436;471;449;367;202;122;538;Do,12.06.;
2025;JUNI;1603;Hirschstettner Straße;G;0;Gesamt;Kfz;14653;16223;16160;16160;16456;14555;10450;17879;*Mi,18.06.;
2025;JUNI;1603;Hirschstettner Straße;G;0;Gesamt;LkwÄ;598;774;847;784;674;380;245;925;*Do,12.06.;
2025;JUNI;1607;Weißgerberlände;B;227;A4;Kfz;32465;36272;35990;36760;35212;27573;24927;38632;*Fr,13.06.;
2025;JUNI;1607;Weißgerberlände;B;227;A4;LkwÄ;1545;2000;2240;2009;1738;990;624;2740;Mo,16.06.;
2025;JUNI;1607;Weißgerberlände;B;227;Zentrum;Kfz;-29;-29;-29;-29;-29;-29;-29;-29;0.00.;
2025;JUNI;1607;Weißgerberlände;B;227;Zentrum;LkwÄ;-29;-29;-29;-29;-29;-29;-29;-29;0.00.;
2025;JUNI;1607;Weißgerberlände;B;227;Gesamt;Kfz;-29;-29;-29;-29;-29;-29;-29;-29;0.00.;
2025;JUNI;1607;Weißgerberlände;B;227;Gesamt;LkwÄ;-29;-29;-29;-29;-29;-29;-29;-29;0.00.;
2025;JUNI;1608;Margaretengürtel/Matzl.Pl;B;221;A23;Kfz;20508;21483;21092;21707;21257;19577;18393;23149;Fr,06.06.;
2025;JUNI;1608;Margaretengürtel/Matzl.Pl;B;221;A23;LkwÄ;3112;3841;3846;3988;3429;2144;1685;4348;Di,10.06.;
2025;JUNI;1608;Margaretengürtel/Matzl.Pl;B;221;Wienzeile;Kfz;19951;20822;19490;21150;21252;19007;18127;22564;*Mi,25.06.;
2025;JUNI;1608;Margaretengürtel/Matzl.Pl;B;221;Wienzeile;LkwÄ;629;849;821;894;752;326;207;984;*Mi,04.06.;
2025;JUNI;1608;Margaretengürtel/Matzl.Pl;B;221;Gesamt;Kfz;40459;42305;40582;42858;42509;38584;36520;45308;*Do,05.06.;
2025;JUNI;1608;Margaretengürtel/Matzl.Pl;B;221;Gesamt;LkwÄ;3741;4690;4668;4883;4182;2470;1892;5302;*Mi,04.06.;
2025;JUNI;1611;Simmeringer Hauptstr. II;B;225;Schwechat;Kfz;6486;6943;6474;6963;7357;6178;5420;8151;Fr,06.06.;
2025;JUNI;1611;Simmeringer Hauptstr. II;B;225;Schwechat;LkwÄ;326;445;416;472;402;153;102;546;Mi,25.06.;
2025;JUNI;1611;Simmeringer Hauptstr. II;B;225;Zentrum;Kfz;7215;7806;7353;7878;8062;6585;5972;8794;Fr,06.06.;
2025;JUNI;1611;Simmeringer Hauptstr. II;B;225;Zentrum;LkwÄ;499;652;599;683;619;276;212;762;Mi,11.06.;
2025;JUNI;1611;Simmeringer Hauptstr. II;B;225;Gesamt;Kfz;13701;14749;13828;14841;15419;12764;11392;16945;Fr,06.06.;
2025;JUNI;1611;Simmeringer Hauptstr. II;B;225;Gesamt;LkwÄ;826;1097;1015;1155;1021;429;315;1263;Mi,25.06.;
2025;JUNI;1612;Längenfeldgasse;G;0;Eichenstraße;Kfz;10833;12022;12191;12136;11538;9256;8508;13751;*Di,10.06.;
2025;JUNI;1612;Längenfeldgasse;G;0;Eichenstraße;LkwÄ;220;287;278;297;266;107;103;409;*Do,12.06.;
2025;JUNI;1612;Längenfeldgasse;G;0;Wienerbergstraße;Kfz;7662;8705;8412;8811;8706;6611;5430;9368;Fr,06.06.;
2025;JUNI;1612;Längenfeldgasse;G;0;Wienerbergstraße;LkwÄ;343;435;412;451;416;219;162;484;Di,24.06.;
2025;JUNI;1612;Längenfeldgasse;G;0;Gesamt;Kfz;18495;20727;20603;20947;20244;15867;13939;22293;*Di,10.06.;
2025;JUNI;1612;Längenfeldgasse;G;0;Gesamt;LkwÄ;563;722;690;748;682;326;265;882;*Do,12.06.;
2025;JUNI;1613;Lainzer Straße;G;0;Zentrum;Kfz;4794;5555;5239;5614;5710;3819;3286;6301;*Fr,27.06.;
2025;JUNI;1613;Lainzer Straße;G;0;Zentrum;LkwÄ;324;398;363;415;384;209;188;501;*Mi,11.06.;
2025;JUNI;1613;Lainzer Straße;G;0;Fasangartengasse;Kfz;6481;7334;7190;7531;6938;5476;4739;8167;*Do,05.06.;
2025;JUNI;1613;Lainzer Straße;G;0;Fasangartengasse;LkwÄ;394;478;470;501;422;284;229;595;*Do,12.06.;
2025;JUNI;1613;Lainzer Straße;G;0;Gesamt;Kfz;11275;12890;12429;13145;12648;9295;8025;13918;*Do,05.06.;
2025;JUNI;1613;Lainzer Straße;G;0;Gesamt;LkwÄ;718;876;834;916;805;493;417;996;*Do,12.06.;
2025;JUNI;1614;Maxingstraße;G;0;Montecuccoliplatz;Kfz;4400;5041;4754;5124;5098;3648;3089;5548;Fr,13.06.;
2025;JUNI;1614;Maxingstraße;G;0;Montecuccoliplatz;LkwÄ;313;373;361;381;365;223;199;395;Mi,18.06.;
2025;JUNI;1614;Maxingstraße;G;0;Zentrum;Kfz;7206;8437;8200;8684;7994;5424;4882;8995;Do,05.06.;
2025;JUNI;1614;Maxingstraße;G;0;Zentrum;LkwÄ;672;856;843;886;787;404;323;952;Di,10.06.;
2025;JUNI;1614;Maxingstraße;G;0;Gesamt;Kfz;11605;13477;12953;13808;13093;9072;7971;14110;Do,05.06.;
2025;JUNI;1614;Maxingstraße;G;0;Gesamt;LkwÄ;984;1230;1204;1267;1152;627;522;1336;Di,10.06.;
2025;JUNI;1615;Gablenzgasse;B;223;Zentrum;Kfz;14383;15376;15444;15271;15597;13939;11941;17364;Mo,02.06.;
2025;JUNI;1615;Gablenzgasse;B;223;Zentrum;LkwÄ;364;432;550;402;397;341;192;808;Sa,07.06.;
2025;JUNI;1615;Gablenzgasse;B;223;Stadtauswärts;Kfz;-29;-29;-29;-29;-29;-29;-29;-29;0.00.;
2025;JUNI;1615;Gablenzgasse;B;223;Stadtauswärts;LkwÄ;-29;-29;-29;-29;-29;-29;-29;-29;0.00.;
2025;JUNI;1615;Gablenzgasse;B;223;Gesamt;Kfz;-29;-29;-29;-29;-29;-29;-29;-29;0.00.;
2025;JUNI;1615;Gablenzgasse;B;223;Gesamt;LkwÄ;-29;-29;-29;-29;-29;-29;-29;-29;0.00.;
2025;JUNI;1616;Gersthofer Straße;G;0;Lidlgasse;Kfz;8216;9107;8723;9360;8796;7529;6189;9978;Mi,18.06.;
2025;JUNI;1616;Gersthofer Straße;G;0;Lidlgasse;LkwÄ;1177;1406;1371;1452;1316;968;674;1677;Do,12.06.;
2025;JUNI;1616;Gersthofer Straße;G;0;Türkenschanz-Park;Kfz;8481;9460;8941;9686;9358;7632;6306;10027;Do,05.06.;
2025;JUNI;1616;Gersthofer Straße;G;0;Türkenschanz-Park;LkwÄ;1068;1289;1231;1336;1218;793;624;1497;Do,05.06.;
2025;JUNI;1616;Gersthofer Straße;G;0;Gesamt;Kfz;16696;18568;17664;19047;18154;15161;12495;19868;Mi,18.06.;
2025;JUNI;1616;Gersthofer Straße;G;0;Gesamt;LkwÄ;2244;2695;2602;2788;2534;1762;1297;3024;Di,17.06.;
2025;JUNI;1617;Angerer Straße;G;0;Brünner Straße;Kfz;6812;7564;7386;7575;7712;6257;5089;7992;Fr,06.06.;
2025;JUNI;1617;Angerer Straße;G;0;Brünner Straße;LkwÄ;239;329;289;354;300;98;74;421;*Do,05.06.;
2025;JUNI;1617;Angerer Straße;G;0;Donaufelder Str.;Kfz;4479;4940;4745;5007;4952;3948;3529;5665;Do,05.06.;
2025;JUNI;1617;Angerer Straße;G;0;Donaufelder Str.;LkwÄ;119;160;167;162;149;70;34;178;*Do,12.06.;
2025;JUNI;1617;Angerer Straße;G;0;Gesamt;Kfz;11291;12505;12131;12582;12664;10205;8618;13559;Do,05.06.;
2025;JUNI;1617;Angerer Straße;G;0;Gesamt;LkwÄ;358;490;456;516;449;168;109;575;*Do,05.06.;
2025;JUNI;1618;Siemensstraße;B;229;Leopoldauer Platz;Kfz;7007;7894;7835;7910;7908;6343;4981;8546;*Mi,25.06.;
2025;JUNI;1618;Siemensstraße;B;229;Leopoldauer Platz;LkwÄ;550;747;985;698;647;248;188;1033;*Mo,16.06.;
2025;JUNI;1618;Siemensstraße;B;229;Siemensplatz;Kfz;7627;8647;8424;8680;8780;7016;5206;9303;Mi,18.06.;
2025;JUNI;1618;Siemensstraße;B;229;Siemensplatz;LkwÄ;965;1288;1310;1332;1143;537;336;1443;Mo,23.06.;
2025;JUNI;1618;Siemensstraße;B;229;Gesamt;Kfz;14634;16541;16259;16590;16689;13358;10187;17365;*Fr,06.06.;
2025;JUNI;1618;Siemensstraße;B;229;Gesamt;LkwÄ;1516;2035;2295;2030;1790;786;523;2460;*Mo,23.06.;
2025;JUNI;1619;Breitenfurter Straße II;B;13;Liesinger Platz;Kfz;7576;8701;8443;8735;8864;6772;4983;9320;Fr,06.06.;
2025;JUNI;1619;Breitenfurter Straße II;B;13;Liesinger Platz;LkwÄ;297;365;380;365;350;191;174;430;Mo,23.06.;
2025;JUNI;1619;Breitenfurter Straße II;B;13;Zentrum;Kfz;7719;8787;8502;8857;8878;6754;5373;9250;Fr,06.06.;
2025;JUNI;1619;Breitenfurter Straße II;B;13;Zentrum;LkwÄ;331;410;418;412;397;212;185;470;Mo,23.06.;
2025;JUNI;1619;Breitenfurter Straße II;B;13;Gesamt;Kfz;15295;17487;16945;17592;17742;13526;10357;18570;Fr,06.06.;
2025;JUNI;1619;Breitenfurter Straße II;B;13;Gesamt;LkwÄ;628;775;798;776;747;403;359;900;Mo,23.06.;
2025;JUNI;1620;Endresstraße;G;0;Mauerer Hauptplatz;Kfz;2905;3331;3115;3391;3380;2501;1982;3584;Fr,13.06.;
2025;JUNI;1620;Endresstraße;G;0;Mauerer Hauptplatz;LkwÄ;169;225;226;230;210;85;65;263;Do,05.06.;
2025;JUNI;1620;Endresstraße;G;0;Atzgersdorf;Kfz;1804;2108;1951;2159;2125;1489;1157;2293;Do,05.06.;
2025;JUNI;1620;Endresstraße;G;0;Atzgersdorf;LkwÄ;231;304;292;317;281;124;94;360;Mi,04.06.;
2025;JUNI;1620;Endresstraße;G;0;Gesamt;Kfz;4709;5439;5066;5551;5504;3990;3139;5835;Fr,13.06.;
2025;JUNI;1620;Endresstraße;G;0;Gesamt;LkwÄ;400;529;518;547;491;209;160;609;Mi,04.06.;
2025;JUNI;1621;Währinger Gürtel;B;221;Liechtenwerder Platz;Kfz;34199;34815;33584;34809;36062;35424;31829;38053;Sa,14.06.;
2025;JUNI;1621;Währinger Gürtel;B;221;Liechtenwerder Platz;LkwÄ;1561;2135;2167;2226;1853;811;433;2426;Di,10.06.;
2025;JUNI;1621;Währinger Gürtel;B;221;Wienzeile;Kfz;38026;39365;38316;39443;40200;37890;34468;41414;Fr,06.06.;
2025;JUNI;1621;Währinger Gürtel;B;221;Wienzeile;LkwÄ;2021;2735;2738;2834;2463;1087;616;2943;Do,12.06.;
2025;JUNI;1621;Währinger Gürtel;B;221;Gesamt;Kfz;72225;74180;71900;74251;76263;73313;66297;79221;Fr,06.06.;
2025;JUNI;1621;Währinger Gürtel;B;221;Gesamt;LkwÄ;3582;4870;4905;5060;4316;1898;1048;5287;Do,12.06.;
2025;JUNI;1622;Himberger Straße II;B;16;Zentrum;Kfz;4787;5648;5696;5750;5317;3733;3053;6073;Di,10.06.;
2025;JUNI;1622;Himberger Straße II;B;16;Zentrum;LkwÄ;242;366;385;385;296;46;17;434;Mi,25.06.;
2025;JUNI;1622;Himberger Straße II;B;16;Leopoldsdorfer Str.;Kfz;5592;6724;6316;6862;6750;4409;3195;7534;Fr,06.06.;
2025;JUNI;1622;Himberger Straße II;B;16;Leopoldsdorfer Str.;LkwÄ;911;1271;1236;1311;1195;412;218;1414;Di,10.06.;
2025;JUNI;1622;Himberger Straße II;B;16;Gesamt;Kfz;10379;12371;12012;12613;12066;8142;6248;13220;Mi,18.06.;
2025;JUNI;1622;Himberger Straße II;B;16;Gesamt;LkwÄ;1153;1637;1621;1696;1491;458;234;1813;Di,10.06.;
2025;JUNI;1623;Breitenleer Straße II;G;0;Stadteinwärts;Kfz;6959;7728;7760;7632;7957;6494;5138;8828;*Fr,27.06.;
2025;JUNI;1623;Breitenleer Straße II;G;0;Stadteinwärts;LkwÄ;562;770;910;740;710;270;165;1218;Mo,02.06.;
2025;JUNI;1623;Breitenleer Straße II;G;0;Stadtauswärts;Kfz;7727;8781;8475;8827;8959;6948;5313;9531;Mi,18.06.;
2025;JUNI;1623;Breitenleer Straße II;G;0;Stadtauswärts;LkwÄ;862;1112;1198;1117;1012;515;381;1372;Mi,04.06.;
2025;JUNI;1623;Breitenleer Straße II;G;0;Gesamt;Kfz;14686;16508;16235;16459;16916;13442;10451;17755;*Fr,27.06.;
2025;JUNI;1623;Breitenleer Straße II;G;0;Gesamt;LkwÄ;1424;1882;2108;1857;1722;785;546;2528;Mo,02.06.;
2025;JUNI;1624;Seyringer Straße;G;0;Wassermanngasse;Kfz;6652;7434;7375;7319;7809;6759;4467;8211;Fr,06.06.;
2025;JUNI;1624;Seyringer Straße;G;0;Wassermanngasse;LkwÄ;293;425;480;436;338;112;40;533;Di,17.06.;
2025;JUNI;1624;Seyringer Straße;G;0;Ernst-Kein-Gasse;Kfz;4910;5596;5506;5537;5848;4578;3239;6036;*Fr,27.06.;
2025;JUNI;1624;Seyringer Straße;G;0;Ernst-Kein-Gasse;LkwÄ;49;72;77;89;22;12;5;200;*Di,03.06.;
2025;JUNI;1624;Seyringer Straße;G;0;Gesamt;Kfz;11562;13030;12880;12857;13657;11337;7706;14222;*Fr,06.06.;
2025;JUNI;1624;Seyringer Straße;G;0;Gesamt;LkwÄ;342;497;557;525;360;124;45;732;*Di,17.06.;
2025;JUNI;1625;Favoritenstraße;G;0;Karlsplatz (Zentrum);Kfz;9196;10282;10062;10362;10281;7888;6998;10779;Fr,06.06.;
2025;JUNI;1625;Favoritenstraße;G;0;Karlsplatz (Zentrum);LkwÄ;176;247;322;232;214;67;46;540;Mo,23.06.;
2025;JUNI;1625;Favoritenstraße;G;0;Südtiroler Platz;Kfz;2876;3259;3201;3272;3284;2527;2033;3509;Fr,13.06.;
2025;JUNI;1625;Favoritenstraße;G;0;Südtiroler Platz;LkwÄ;164;216;232;209;217;124;49;266;Fr,27.06.;
2025;JUNI;1625;Favoritenstraße;G;0;Gesamt;Kfz;12072;13541;13263;13634;13565;10415;9031;14121;Fr,06.06.;
2025;JUNI;1625;Favoritenstraße;G;0;Gesamt;LkwÄ;340;463;553;441;431;191;95;793;Mo,23.06.;
2025;JUNI;1626;Ludwig-van-Höhnel-Gasse;B;225;Verteilerkreis;Kfz;7487;7971;7867;7962;8100;7258;6303;8559;Fr,13.06.;
2025;JUNI;1626;Ludwig-van-Höhnel-Gasse;B;225;Verteilerkreis;LkwÄ;294;386;472;369;346;142;134;725;Mo,23.06.;
2025;JUNI;1626;Ludwig-van-Höhnel-Gasse;B;225;Laaer-Berg-Str.;Kfz;10089;10707;11145;10541;10728;9588;8697;13561;Mo,02.06.;
2025;JUNI;1626;Ludwig-van-Höhnel-Gasse;B;225;Laaer-Berg-Str.;LkwÄ;776;1032;1416;951;870;424;281;2503;Mo,02.06.;
2025;JUNI;1626;Ludwig-van-Höhnel-Gasse;B;225;Gesamt;Kfz;17576;18679;19012;18503;18828;16846;15000;21379;Mo,02.06.;
2025;JUNI;1626;Ludwig-van-Höhnel-Gasse;B;225;Gesamt;LkwÄ;1070;1418;1887;1320;1216;565;414;2864;Mo,02.06.;
2025;JUNI;1627;Felberstraße;B;224;Neubauguertel;Kfz;9432;9985;9868;9953;10192;9054;8147;10679;Fr,27.06.;
2025;JUNI;1627;Felberstraße;B;224;Neubauguertel;LkwÄ;448;583;675;572;522;313;157;855;Mo,23.06.;
2025;JUNI;1627;Felberstraße;B;224;Schweglerstraße;Kfz;7370;7990;7719;8110;7930;6656;6098;8448;Fr,06.06.;
2025;JUNI;1627;Felberstraße;B;224;Schweglerstraße;LkwÄ;50;68;66;69;64;22;20;88;Do,05.06.;
2025;JUNI;1627;Felberstraße;B;224;Gesamt;Kfz;16803;17975;17588;18063;18121;15710;14245;18803;Fr,06.06.;
2025;JUNI;1627;Felberstraße;B;224;Gesamt;LkwÄ;498;651;740;641;586;336;176;928;Mo,23.06.;427
2025;MAI;1075;Reichsbrücke;B;8;Leopoldstadt;Kfz;47681;48752;48475;49458;47421;46104;45424;51590;Mi,28.05.;
2025;MAI;1075;Reichsbrücke;B;8;Leopoldstadt;LkwÄ;4592;4431;4657;4374;4377;4591;5131;5574;So,18.05.;
2025;MAI;1075;Reichsbrücke;B;8;Donaustadt;Kfz;16106;17540;16651;18260;16668;14775;12432;20215;Mi,28.05.;
2025;MAI;1075;Reichsbrücke;B;8;Donaustadt;LkwÄ;329;418;398;450;365;185;150;636;Di,27.05.;
2025;MAI;1075;Reichsbrücke;B;8;Gesamt;Kfz;63786;66292;65126;67718;64090;60879;57856;71805;Mi,28.05.;
2025;MAI;1075;Reichsbrücke;B;8;Gesamt;LkwÄ;4921;4850;5054;4824;4742;4776;5281;5694;So,18.05.;
2025;MAI;1078;Westbahnhof;B;221;Wienzeile;Kfz;36258;36851;35529;36918;37760;37166;33527;39300;Fr,09.05.;
2025;MAI;1078;Westbahnhof;B;221;Wienzeile;LkwÄ;747;965;1022;993;857;406;306;1050;Do,22.05.;
2025;MAI;1078;Westbahnhof;B;221;Stadthalle;Kfz;32410;32961;31801;33005;33793;33555;29620;35403;Sa,10.05.;
2025;MAI;1078;Westbahnhof;B;221;Stadthalle;LkwÄ;729;932;957;970;827;429;304;1071;Do,22.05.;
2025;MAI;1078;Westbahnhof;B;221;Gesamt;Kfz;68669;69812;67330;69924;71553;70721;63146;74284;Sa,10.05.;
2025;MAI;1078;Westbahnhof;B;221;Gesamt;LkwÄ;1476;1896;1979;1963;1684;835;609;2121;Do,22.05.;
2025;MAI;1089;Floridsdorf-Br.;B;226;Brigittenau;Kfz;12956;14013;13792;14453;13221;12113;10135;15245;Di,13.05.;
2025;MAI;1089;Floridsdorf-Br.;B;226;Brigittenau;LkwÄ;267;360;382;388;282;125;77;433;Di,13.05.;
2025;MAI;1089;Floridsdorf-Br.;B;226;Floridsdorf;Kfz;14067;15384;14473;15693;15433;13110;10475;16890;Mi,28.05.;
2025;MAI;1089;Floridsdorf-Br.;B;226;Floridsdorf;LkwÄ;300;405;393;425;370;139;87;461;Mi,14.05.;
2025;MAI;1089;Floridsdorf-Br.;B;226;Gesamt;Kfz;27023;29396;28265;30145;28654;25223;20610;31441;Mi,28.05.;
2025;MAI;1089;Floridsdorf-Br.;B;226;Gesamt;LkwÄ;568;765;775;813;652;264;164;886;Mi,14.05.;
2025;MAI;1096;Brigittenauer Brücke;B;14;Brigittenau;Kfz;13092;14633;14498;15285;13308;11075;9637;16525;Mi,28.05.;
2025;MAI;1096;Brigittenauer Brücke;B;14;Brigittenau;LkwÄ;327;459;474;507;342;111;68;591;Di,27.05.;
2025;MAI;1096;Brigittenauer Brücke;B;14;Floridsdorf;Kfz;11929;13014;12424;13336;12777;10660;9370;13994;Mi,28.05.;
2025;MAI;1096;Brigittenauer Brücke;B;14;Floridsdorf;LkwÄ;349;461;473;482;404;180;119;578;Di,27.05.;
2025;MAI;1096;Brigittenauer Brücke;B;14;Gesamt;Kfz;25021;27647;26923;28621;26085;21735;19007;30519;Mi,28.05.;
2025;MAI;1096;Brigittenauer Brücke;B;14;Gesamt;LkwÄ;676;920;947;989;746;291;186;1169;Di,27.05.;
2025;MAI;1131;Karlsplatz;B;1;Heumarkt;Kfz;19858;21752;20805;22478;20910;17669;15372;23901;Mi,28.05.;
2025;MAI;1131;Karlsplatz;B;1;Heumarkt;LkwÄ;677;814;805;841;763;484;379;945;Di,27.05.;
2025;MAI;1131;Karlsplatz;B;1;Wienzeile;Kfz;13135;14952;14229;15645;14007;10737;9074;16732;Do,08.05.;
2025;MAI;1131;Karlsplatz;B;1;Wienzeile;LkwÄ;538;644;652;658;609;388;309;777;Mi,21.05.;
2025;MAI;1131;Karlsplatz;B;1;Gesamt;Kfz;32993;36704;35034;38123;34917;28406;24446;39684;Do,08.05.;
2025;MAI;1131;Karlsplatz;B;1;Gesamt;LkwÄ;1215;1459;1457;1499;1372;872;688;1704;Mi,21.05.;
2025;MAI;1170;Donaukanal Straße;B;227;1171-Obere Donaustr.;Kfz;24675;25556;24439;25799;25915;24627;21776;27244;Mi,14.05.;
2025;MAI;1170;Donaukanal Straße;B;227;1171-Obere Donaustr.;LkwÄ;796;985;984;1007;936;523;397;1108;Mi,07.05.;
2025;MAI;1170;Donaukanal Straße;B;227;1172-Franz-Josef-Kai;Kfz;38367;40855;39655;41157;41150;36771;31402;43442;Mi,28.05.;
2025;MAI;1170;Donaukanal Straße;B;227;1172-Franz-Josef-Kai;LkwÄ;1713;2183;2202;2250;2020;1025;720;2354;Mi,28.05.;
2025;MAI;1170;Donaukanal Straße;B;227;Gesamt;Kfz;63041;66411;64094;66956;67064;61398;53178;70216;Fr,09.05.;
2025;MAI;1170;Donaukanal Straße;B;227;Gesamt;LkwÄ;2510;3168;3186;3258;2956;1548;1117;3415;Di,27.05.;
2025;MAI;1177;Handelskai;B;14;Klosterneuburg;Kfz;10481;11353;11206;11539;11060;9435;8447;12089;Mi,14.05.;
2025;MAI;1177;Handelskai;B;14;Klosterneuburg;LkwÄ;480;654;678;697;542;196;138;748;Di,27.05.;
2025;MAI;1177;Handelskai;B;14;Freudenau;Kfz;13151;14316;14050;14751;13570;12137;10114;15153;Do,08.05.;
2025;MAI;1177;Handelskai;B;14;Freudenau;LkwÄ;637;882;932;962;665;238;152;1099;Mi,28.05.;
2025;MAI;1177;Handelskai;B;14;Gesamt;Kfz;23632;25668;25255;26290;24631;21572;18562;27156;Mi,14.05.;
2025;MAI;1177;Handelskai;B;14;Gesamt;LkwÄ;1117;1536;1610;1658;1207;434;290;1798;Mo,19.05.;
2025;MAI;1179;Brunner Straße;B;12;Zentrum;Kfz;13432;15552;15281;15770;15289;11448;8020;16356;Fr,09.05.;
2025;MAI;1179;Brunner Straße;B;12;Zentrum;LkwÄ;988;1375;1367;1449;1217;364;218;1498;Di,13.05.;
2025;MAI;1179;Brunner Straße;B;12;Brunn am Gebirge;Kfz;17555;19609;19176;19733;19683;15865;12114;20991;Mi,28.05.;
2025;MAI;1179;Brunner Straße;B;12;Brunn am Gebirge;LkwÄ;1152;1576;1635;1637;1395;479;298;1707;Di,13.05.;
2025;MAI;1179;Brunner Straße;B;12;Gesamt;Kfz;30987;35161;34457;35503;34972;27313;20134;37088;Fr,09.05.;
2025;MAI;1179;Brunner Straße;B;12;Gesamt;LkwÄ;2140;2951;3002;3086;2612;843;516;3205;Di,13.05.;
2025;MAI;1180;Hochstraße;B;13;Zentrum;Kfz;5243;5781;5604;5848;5777;4713;3893;6294;Fr,09.05.;
2025;MAI;1180;Hochstraße;B;13;Zentrum;LkwÄ;246;317;317;327;296;132;101;369;Do,15.05.;
2025;MAI;1180;Hochstraße;B;13;Perchtoldsdorf;Kfz;5435;6003;5772;6095;5985;4846;4034;6587;Fr,09.05.;
2025;MAI;1180;Hochstraße;B;13;Perchtoldsdorf;LkwÄ;239;311;314;324;278;121;99;353;Di,13.05.;
2025;MAI;1180;Hochstraße;B;13;Gesamt;Kfz;10679;11784;11376;11943;11761;9560;7926;12881;Fr,09.05.;
2025;MAI;1180;Hochstraße;B;13;Gesamt;LkwÄ;485;628;632;650;574;254;200;716;Do,15.05.;
2025;MAI;1181;Breitenfurter Straße;B;13;Zentrum;Kfz;6761;7301;7042;7378;7338;6392;5270;7822;Fr,09.05.;
2025;MAI;1181;Breitenfurter Straße;B;13;Zentrum;LkwÄ;205;260;250;262;262;122;90;283;Di,20.05.;
2025;MAI;1181;Breitenfurter Straße;B;13;Breitenfurt;Kfz;6653;7264;7060;7368;7200;6179;5009;7693;Fr,09.05.;
2025;MAI;1181;Breitenfurter Straße;B;13;Breitenfurt;LkwÄ;208;263;262;265;258;130;90;281;Do,15.05.;
2025;MAI;1181;Breitenfurter Straße;B;13;Gesamt;Kfz;13414;14565;14103;14745;14538;12571;10280;15515;Fr,09.05.;
2025;MAI;1181;Breitenfurter Straße;B;13;Gesamt;LkwÄ;412;522;512;527;520;252;180;563;Di,20.05.;
2025;MAI;1182;Simmeringer Hptstr.;B;225;Zentrum;Kfz;8951;9996;10123;9872;10166;8332;5984;10874;*Fr,09.05.;
2025;MAI;1182;Simmeringer Hptstr.;B;225;Zentrum;LkwÄ;574;786;784;827;695;237;150;919;*Mi,21.05.;
2025;MAI;1182;Simmeringer Hptstr.;B;225;Schwechat;Kfz;10651;11957;11685;12034;12006;9579;7189;12874;*Fr,09.05.;
2025;MAI;1182;Simmeringer Hptstr.;B;225;Schwechat;LkwÄ;637;879;889;920;781;238;160;987;*Mi,21.05.;
2025;MAI;1182;Simmeringer Hptstr.;B;225;Gesamt;Kfz;19602;21953;21808;21907;22173;17911;13173;23748;*Fr,09.05.;
2025;MAI;1182;Simmeringer Hptstr.;B;225;Gesamt;LkwÄ;1211;1665;1674;1748;1476;475;310;1906;*Mi,21.05.;
2025;MAI;1184;Himberger Straße;G;0;Zentrum;Kfz;5461;6225;6078;6368;6026;4667;3577;6625;Di,27.05.;
2025;MAI;1184;Himberger Straße;G;0;Zentrum;LkwÄ;175;253;246;276;209;47;21;307;Mi,21.05.;
2025;MAI;1184;Himberger Straße;G;0;Leopoldsdorf;Kfz;5228;5929;5766;6025;5848;4553;3456;6341;Mi,28.05.;
2025;MAI;1184;Himberger Straße;G;0;Leopoldsdorf;LkwÄ;157;225;217;240;199;45;21;268;Mi,28.05.;
2025;MAI;1184;Himberger Straße;G;0;Gesamt;Kfz;10689;12154;11844;12393;11874;9220;7033;12771;Di,27.05.;
2025;MAI;1184;Himberger Straße;G;0;Gesamt;LkwÄ;332;478;463;516;409;92;42;544;Di,20.05.;
2025;MAI;1187;Triester Straße;B;17;Zentrum;Kfz;10317;11556;11204;11428;12120;10678;5889;12567;Fr,30.05.;
2025;MAI;1187;Triester Straße;B;17;Zentrum;LkwÄ;454;600;600;622;554;263;123;653;Do,22.05.;
2025;MAI;1187;Triester Straße;B;17;Wr. Neudorf;Kfz;8759;9895;9590;9873;10186;8514;5179;10538;Fr,02.05.;
2025;MAI;1187;Triester Straße;B;17;Wr. Neudorf;LkwÄ;354;488;512;520;400;141;84;565;Do,15.05.;
2025;MAI;1187;Triester Straße;B;17;Gesamt;Kfz;19077;21451;20795;21301;22306;19191;11068;22790;Fr,30.05.;
2025;MAI;1187;Triester Straße;B;17;Gesamt;LkwÄ;808;1089;1112;1141;954;404;206;1207;Do,15.05.;
2025;MAI;1188;Altmannsdorfer Straße;B;224;Zentrum;Kfz;9711;11203;11250;11250;11062;9185;5173;11630;Do,08.05.;
2025;MAI;1188;Altmannsdorfer Straße;B;224;Zentrum;LkwÄ;331;454;498;479;367;128;89;525;Di,13.05.;
2025;MAI;1188;Altmannsdorfer Straße;B;224;Vösendorf;Kfz;9574;10940;10713;10906;11197;8946;5542;11613;Mi,28.05.;
2025;MAI;1188;Altmannsdorfer Straße;B;224;Vösendorf;LkwÄ;336;462;491;485;386;121;94;516;Do,08.05.;
2025;MAI;1188;Altmannsdorfer Straße;B;224;Gesamt;Kfz;19284;22144;21963;22157;22259;18131;10715;23100;Mi,28.05.;
2025;MAI;1188;Altmannsdorfer Straße;B;224;Gesamt;LkwÄ;667;916;989;964;753;250;184;1012;Do,22.05.;
2025;MAI;1189;Shuttleworthstraße;B;229;Zentrum;Kfz;10051;11074;10982;11144;10995;9429;7158;11619;Mi,28.05.;
2025;MAI;1189;Shuttleworthstraße;B;229;Zentrum;LkwÄ;462;640;672;675;535;178;106;746;Di,27.05.;
2025;MAI;1189;Shuttleworthstraße;B;229;Leopoldau;Kfz;10001;11343;11313;11509;11002;8769;6554;12091;Mi,28.05.;
2025;MAI;1189;Shuttleworthstraße;B;229;Leopoldau;LkwÄ;469;664;706;705;541;153;84;770;Do,08.05.;
2025;MAI;1189;Shuttleworthstraße;B;229;Gesamt;Kfz;20052;22417;22296;22653;21997;18198;13711;23710;Mi,28.05.;
2025;MAI;1189;Shuttleworthstraße;B;229;Gesamt;LkwÄ;931;1304;1378;1380;1076;331;190;1505;Do,08.05.;
2025;MAI;1190;Angyalföldstraße;B;3;Kagran;Kfz;6118;6738;6596;6756;6815;5903;4228;7316;Mi,28.05.;
2025;MAI;1190;Angyalföldstraße;B;3;Kagran;LkwÄ;203;276;293;286;238;77;68;310;Di,13.05.;
2025;MAI;1190;Angyalföldstraße;B;3;Floridsdorf;Kfz;5705;6234;6050;6251;6345;5486;4124;6771;Mi,28.05.;
2025;MAI;1190;Angyalföldstraße;B;3;Floridsdorf;LkwÄ;162;224;248;232;186;57;44;276;Mo,26.05.;
2025;MAI;1190;Angyalföldstraße;B;3;Gesamt;Kfz;11823;12973;12646;13007;13160;11389;8352;14087;Mi,28.05.;
2025;MAI;1190;Angyalföldstraße;B;3;Gesamt;LkwÄ;365;499;541;518;424;134;111;585;Mo,26.05.;
2025;MAI;1191;Wientalstraße;B;1;Zentrum;Kfz;26608;28096;27064;28635;27738;25687;22414;29639;Mi,28.05.;
2025;MAI;1191;Wientalstraße;B;1;Zentrum;LkwÄ;701;893;854;931;842;424;289;990;Do,15.05.;
2025;MAI;1191;Wientalstraße;B;1;St. Pölten;Kfz;25168;26535;25242;26664;27284;24680;21021;29506;Mi,28.05.;
2025;MAI;1191;Wientalstraße;B;1;St. Pölten;LkwÄ;596;774;800;800;695;315;240;860;Mo,26.05.;
2025;MAI;1191;Wientalstraße;B;1;Gesamt;Kfz;51776;54631;52306;55299;55022;50367;43436;59145;Mi,28.05.;
2025;MAI;1191;Wientalstraße;B;1;Gesamt;LkwÄ;1297;1667;1654;1731;1536;739;529;1837;Do,15.05.;
2025;MAI;1192;Hauptstraße;G;0;Zentrum;Kfz;5401;5924;5736;5923;6077;5408;3652;6281;Fr,16.05.;
2025;MAI;1192;Hauptstraße;G;0;Zentrum;LkwÄ;343;421;426;434;391;227;176;484;Do,22.05.;
2025;MAI;1192;Hauptstraße;G;0;St. Pölten;Kfz;6351;6961;6791;6910;7210;6346;4319;7465;Mi,28.05.;
2025;MAI;1192;Hauptstraße;G;0;St. Pölten;LkwÄ;357;436;434;449;406;242;191;495;Di,20.05.;
2025;MAI;1192;Hauptstraße;G;0;Gesamt;Kfz;11752;12885;12527;12833;13287;11755;7972;13742;Mi,28.05.;
2025;MAI;1192;Hauptstraße;G;0;Gesamt;LkwÄ;700;857;861;883;797;469;367;973;Di,27.05.;
2025;MAI;1193;Heiligenstädter Straße;B;14;Zentrum;Kfz;17023;18504;18043;18842;18128;15845;13068;19288;Mi,14.05.;
2025;MAI;1193;Heiligenstädter Straße;B;14;Zentrum;LkwÄ;753;1018;1061;1063;885;343;212;1147;Mo,26.05.;
2025;MAI;1193;Heiligenstädter Straße;B;14;Klosterneuburg;Kfz;16794;18232;17960;18535;17783;15684;12926;19109;Mi,14.05.;
2025;MAI;1193;Heiligenstädter Straße;B;14;Klosterneuburg;LkwÄ;748;1014;1076;1053;879;332;205;1148;Mo,26.05.;
2025;MAI;1193;Heiligenstädter Straße;B;14;Gesamt;Kfz;33817;36736;36003;37377;35912;31529;25994;38397;Mi,14.05.;
2025;MAI;1193;Heiligenstädter Straße;B;14;Gesamt;LkwÄ;1501;2032;2138;2116;1764;676;418;2295;Mo,26.05.;
2025;MAI;1194;Prager Straße;B;3;Zentrum;Kfz;4946;5638;5474;5499;6077;5217;2413;6318;Fr,09.05.;
2025;MAI;1194;Prager Straße;B;3;Zentrum;LkwÄ;172;235;243;241;216;76;43;278;Mo,26.05.;
2025;MAI;1194;Prager Straße;B;3;Langenzersd.;Kfz;4765;5461;5347;5327;5847;5028;2224;6046;Fr,09.05.;
2025;MAI;1194;Prager Straße;B;3;Langenzersd.;LkwÄ;166;227;227;233;213;74;40;247;Mi,14.05.;
2025;MAI;1194;Prager Straße;B;3;Gesamt;Kfz;9711;11100;10822;10826;11924;10246;4638;12364;Fr,09.05.;
2025;MAI;1194;Prager Straße;B;3;Gesamt;LkwÄ;339;462;470;474;430;150;84;523;Mo,26.05.;
2025;MAI;1195;Wagramer Straße;B;8;Zentrum;Kfz;3683;4191;4082;4306;4026;3261;2338;4497;Di,20.05.;
2025;MAI;1195;Wagramer Straße;B;8;Zentrum;LkwÄ;148;198;190;212;174;67;49;242;Di,27.05.;
2025;MAI;1195;Wagramer Straße;B;8;Süßenbrunn;Kfz;3666;4091;3927;4136;4121;3448;2435;4397;Di,27.05.;
2025;MAI;1195;Wagramer Straße;B;8;Süßenbrunn;LkwÄ;163;215;208;226;195;97;47;249;Do,15.05.;
2025;MAI;1195;Wagramer Straße;B;8;Gesamt;Kfz;7349;8282;8009;8442;8147;6709;4773;8858;Di,27.05.;
2025;MAI;1195;Wagramer Straße;B;8;Gesamt;LkwÄ;311;412;399;437;369;164;96;484;Do,15.05.;
2025;MAI;1196;Erzherzog-Karl-Str.;B;3;Groß-Enzersdorf;Kfz;11025;12378;11644;12644;12381;9817;7520;13686;Mi,28.05.;
2025;MAI;1196;Erzherzog-Karl-Str.;B;3;Groß-Enzersdorf;LkwÄ;222;296;342;312;223;91;84;582;*Mo,12.05.;
2025;MAI;1196;Erzherzog-Karl-Str.;B;3;Kagran;Kfz;11604;13092;12246;13434;13016;10058;7930;14887;Mi,28.05.;
2025;MAI;1196;Erzherzog-Karl-Str.;B;3;Kagran;LkwÄ;462;578;560;610;523;254;247;645;Mi,14.05.;
2025;MAI;1196;Erzherzog-Karl-Str.;B;3;Gesamt;Kfz;22629;25470;23890;26078;25397;19875;15450;28573;Mi,28.05.;
2025;MAI;1196;Erzherzog-Karl-Str.;B;3;Gesamt;LkwÄ;683;874;901;922;746;344;331;1220;*Mo,12.05.;
2025;MAI;1198;Brünner Straße;B;7;Zentrum;Kfz;9098;10138;9929;9996;10619;9274;5483;10897;Fr,09.05.;
2025;MAI;1198;Brünner Straße;B;7;Zentrum;LkwÄ;391;532;545;558;465;200;81;618;Mi,28.05.;
2025;MAI;1198;Brünner Straße;B;7;Wolkersdorf;Kfz;7908;8797;8467;8691;9296;8026;4844;9580;Fr,09.05.;
2025;MAI;1198;Brünner Straße;B;7;Wolkersdorf;LkwÄ;370;499;498;524;443;204;80;587;Di,27.05.;
2025;MAI;1198;Brünner Straße;B;7;Gesamt;Kfz;17006;18936;18396;18687;19915;17300;10328;20477;Fr,09.05.;
2025;MAI;1198;Brünner Straße;B;7;Gesamt;LkwÄ;761;1031;1043;1082;908;404;161;1202;Di,27.05.;
2025;MAI;1199;Eßlinger Hauptstraße;B;3;Zentrum;Kfz;8795;9547;9098;9630;9722;8410;6612;10227;Mi,28.05.;
2025;MAI;1199;Eßlinger Hauptstraße;B;3;Zentrum;LkwÄ;546;718;700;731;705;259;209;812;*Di,13.05.;
2025;MAI;1199;Eßlinger Hauptstraße;B;3;Groß-Enzersdorf;Kfz;8742;9524;9398;9476;9731;8556;6290;10558;*Do,08.05.;
2025;MAI;1199;Eßlinger Hauptstraße;B;3;Groß-Enzersdorf;LkwÄ;488;640;622;674;581;236;190;722;*Mi,14.05.;
2025;MAI;1199;Eßlinger Hauptstraße;B;3;Gesamt;Kfz;17537;19071;18495;19106;19453;16966;12903;20455;*Do,08.05.;
2025;MAI;1199;Eßlinger Hauptstraße;B;3;Gesamt;LkwÄ;1034;1359;1322;1405;1286;496;399;1531;*Di,13.05.;
2025;MAI;1200;Vorarlberger Allee West;G;0;Zentrum;Kfz;6611;8220;8472;8492;7421;4488;3016;8723;Di,13.05.;
2025;MAI;1200;Vorarlberger Allee West;G;0;Zentrum;LkwÄ;733;1020;1107;1047;892;257;171;1133;Mo,19.05.;
2025;MAI;1200;Vorarlberger Allee West;G;0;S1;Kfz;6822;8534;8254;8932;7882;4536;3019;9500;Mi,14.05.;
2025;MAI;1200;Vorarlberger Allee West;G;0;S1;LkwÄ;834;1178;1191;1237;1037;264;163;1300;Mi,21.05.;
2025;MAI;1200;Vorarlberger Allee West;G;0;Gesamt;Kfz;13432;16754;16726;17423;15303;9024;6035;17903;Mi,14.05.;
2025;MAI;1200;Vorarlberger Allee West;G;0;Gesamt;LkwÄ;1567;2198;2298;2284;1929;521;334;2345;Mi,21.05.;
2025;MAI;1201;Vorarlberger Allee Ost;G;0;Laxenburger Str.;Kfz;3499;4534;4304;4702;4347;2078;1237;5368;Do,15.05.;
2025;MAI;1201;Vorarlberger Allee Ost;G;0;Laxenburger Str.;LkwÄ;741;1029;1023;1069;947;262;177;1182;Do,15.05.;
2025;MAI;1201;Vorarlberger Allee Ost;G;0;S1;Kfz;3335;4311;4292;4446;4031;2036;1164;4581;Mi,28.05.;
2025;MAI;1201;Vorarlberger Allee Ost;G;0;S1;LkwÄ;588;813;856;838;725;218;147;896;Mi,21.05.;
2025;MAI;1201;Vorarlberger Allee Ost;G;0;Gesamt;Kfz;6835;8845;8596;9148;8378;4114;2401;9714;Do,08.05.;
2025;MAI;1201;Vorarlberger Allee Ost;G;0;Gesamt;LkwÄ;1329;1843;1878;1907;1672;480;324;2017;Do,15.05.;
2025;MAI;1202;Spange Vösendorf;G;0;Vösendorf;Kfz;6425;7757;7798;7839;7543;5191;3014;8404;Mi,28.05.;
2025;MAI;1202;Spange Vösendorf;G;0;Vösendorf;LkwÄ;366;526;549;563;427;96;54;591;Di,13.05.;
2025;MAI;1202;Spange Vösendorf;G;0;S1;Kfz;6392;7802;7617;8007;7497;5093;2773;8523;Mi,28.05.;
2025;MAI;1202;Spange Vösendorf;G;0;S1;LkwÄ;358;518;536;552;427;97;44;578;Do,15.05.;
2025;MAI;1202;Spange Vösendorf;G;0;Gesamt;Kfz;12817;15559;15415;15847;15040;10284;5786;16927;Mi,28.05.;
2025;MAI;1202;Spange Vösendorf;G;0;Gesamt;LkwÄ;724;1044;1086;1115;855;193;98;1162;Do,15.05.;
2025;MAI;1203;Maria-Theresien-Straße;G;0;Franz-Josef-Kai;Kfz;10607;12037;11671;12426;11472;9016;7167;13106;Do,08.05.;
2025;MAI;1203;Maria-Theresien-Straße;G;0;Franz-Josef-Kai;LkwÄ;383;500;524;525;426;204;141;588;Mo,05.05.;
2025;MAI;1203;Maria-Theresien-Straße;G;0;-;Kfz;-29;-29;-29;-29;-29;-29;-29;-29;0.00.;
2025;MAI;1203;Maria-Theresien-Straße;G;0;-;LkwÄ;-29;-29;-29;-29;-29;-29;-29;-29;0.00.;
2025;MAI;1203;Maria-Theresien-Straße;G;0;Gesamt;Kfz;-29;-29;-29;-29;-29;-29;-29;-29;0.00.;
2025;MAI;1203;Maria-Theresien-Straße;G;0;Gesamt;LkwÄ;-29;-29;-29;-29;-29;-29;-29;-29;0.00.;
2025;MAI;1204;Türkenstraße;G;0;Währinger Straße;Kfz;13774;15720;15417;16435;14391;11152;9471;16988;Mi,28.05.;
2025;MAI;1204;Türkenstraße;G;0;Währinger Straße;LkwÄ;379;502;507;536;424;176;139;588;Do,22.05.;
2025;MAI;1204;Türkenstraße;G;0;-;Kfz;-29;-29;-29;-29;-29;-29;-29;-29;0.00.;
2025;MAI;1204;Türkenstraße;G;0;-;LkwÄ;-29;-29;-29;-29;-29;-29;-29;-29;0.00.;
2025;MAI;1204;Türkenstraße;G;0;Gesamt;Kfz;-29;-29;-29;-29;-29;-29;-29;-29;0.00.;
2025;MAI;1204;Türkenstraße;G;0;Gesamt;LkwÄ;-29;-29;-29;-29;-29;-29;-29;-29;0.00.;
2025;MAI;1205;Hernalser Hauptstraße;G;0;Zentrum;Kfz;8790;9031;8692;9055;9248;8875;7915;9554;Mi,28.05.;
2025;MAI;1205;Hernalser Hauptstraße;G;0;Zentrum;LkwÄ;183;243;242;255;219;108;46;280;Mi,14.05.;
2025;MAI;1205;Hernalser Hauptstraße;G;0;Dornbach;Kfz;7833;8144;7925;8208;8180;7732;6881;8651;Fr,09.05.;
2025;MAI;1205;Hernalser Hauptstraße;G;0;Dornbach;LkwÄ;148;201;209;212;168;71;37;227;Mi,14.05.;
2025;MAI;1205;Hernalser Hauptstraße;G;0;Gesamt;Kfz;16623;17175;16618;17263;17428;16607;14796;18145;Mi,28.05.;
2025;MAI;1205;Hernalser Hauptstraße;G;0;Gesamt;LkwÄ;331;444;451;467;387;179;83;507;Mi,14.05.;
2025;MAI;1206;Hütteldorfer Straße;G;0;Zentrum;Kfz;56;60;90;63;31;51;44;107;Mo,12.05.;
2025;MAI;1206;Hütteldorfer Straße;G;0;Zentrum;LkwÄ;13;14;23;13;8;10;13;45;So,04.05.;
2025;MAI;1206;Hütteldorfer Straße;G;0;Hütteldorf;Kfz;30;41;50;48;20;9;10;82;*Do,15.05.;
2025;MAI;1206;Hütteldorfer Straße;G;0;Hütteldorf;LkwÄ;8;11;19;11;6;1;2;42;*Mo,26.05.;
2025;MAI;1206;Hütteldorfer Straße;G;0;Gesamt;Kfz;86;102;140;111;51;60;54;170;*Mo,12.05.;
2025;MAI;1206;Hütteldorfer Straße;G;0;Gesamt;LkwÄ;21;25;42;24;15;11;15;48;*Mo,26.05.;
2025;MAI;1207;Altmannsdorfer Straße II;B;224;Zentrum;Kfz;21596;22487;21867;22495;22966;21355;18826;23606;Fr,23.05.;
2025;MAI;1207;Altmannsdorfer Straße II;B;224;Zentrum;LkwÄ;955;1338;1406;1378;1195;318;210;1472;Di,27.05.;
2025;MAI;1207;Altmannsdorfer Straße II;B;224;Vösendorf;Kfz;25252;26806;26062;27025;26921;24232;20919;28072;Mi,28.05.;
2025;MAI;1207;Altmannsdorfer Straße II;B;224;Vösendorf;LkwÄ;971;1329;1372;1404;1131;405;248;1447;Do,08.05.;
2025;MAI;1207;Altmannsdorfer Straße II;B;224;Gesamt;Kfz;46848;49293;47929;49520;49887;45587;39745;51585;Fr,23.05.;
2025;MAI;1207;Altmannsdorfer Straße II;B;224;Gesamt;LkwÄ;1926;2667;2778;2782;2326;723;458;2889;Di,27.05.;
2025;MAI;1208;Wienerbergstraße;B;225;Breitenfurter Straße;Kfz;10566;12136;12343;12603;10941;8358;7176;12883;Do,15.05.;
2025;MAI;1208;Wienerbergstraße;B;225;Breitenfurter Straße;LkwÄ;525;660;676;694;573;303;261;721;Mi,14.05.;
2025;MAI;1208;Wienerbergstraße;B;225;Triester Straße;Kfz;9160;10624;10612;11007;9793;7217;5899;11615;Mi,28.05.;
2025;MAI;1208;Wienerbergstraße;B;225;Triester Straße;LkwÄ;553;711;730;734;646;291;243;759;Mo,12.05.;
2025;MAI;1208;Wienerbergstraße;B;225;Gesamt;Kfz;19727;22760;22956;23610;20734;15575;13074;24293;Mi,28.05.;
2025;MAI;1208;Wienerbergstraße;B;225;Gesamt;LkwÄ;1078;1371;1406;1428;1220;594;504;1472;Mo,12.05.;
2025;MAI;1209;Atzgersdorfer Straße;G;0;Stranzenberg Brücke;Kfz;8678;9959;9905;10342;9161;7017;5792;10844;Mi,14.05.;
2025;MAI;1209;Atzgersdorfer Straße;G;0;Stranzenberg Brücke;LkwÄ;233;306;317;312;281;120;88;343;*Mi,28.05.;
2025;MAI;1209;Atzgersdorfer Straße;G;0;Rosenhügelstraße;Kfz;9293;10897;10366;11352;10321;6888;5952;12538;*Mi,28.05.;
2025;MAI;1209;Atzgersdorfer Straße;G;0;Rosenhügelstraße;LkwÄ;228;303;305;318;269;105;81;366;*Do,08.05.;
2025;MAI;1209;Atzgersdorfer Straße;G;0;Gesamt;Kfz;17972;20856;20271;21694;19482;13906;11744;23018;*Mi,28.05.;
2025;MAI;1209;Atzgersdorfer Straße;G;0;Gesamt;LkwÄ;462;609;622;630;550;225;168;698;*Mi,28.05.;
2025;MAI;1210;Koppstraße;B;223;stadtauswärts;Kfz;15789;16459;16175;16522;16549;15381;13894;17522;Fr,23.05.;
2025;MAI;1210;Koppstraße;B;223;stadtauswärts;LkwÄ;424;539;545;554;500;252;184;601;Mi,28.05.;
2025;MAI;1210;Koppstraße;B;223;Einbahnstraße;Kfz;-29;-29;-29;-29;-29;-29;-29;-29;0.00.;
2025;MAI;1210;Koppstraße;B;223;Einbahnstraße;LkwÄ;-29;-29;-29;-29;-29;-29;-29;-29;0.00.;
2025;MAI;1210;Koppstraße;B;223;Gesamt;Kfz;-29;-29;-29;-29;-29;-29;-29;-29;0.00.;
2025;MAI;1210;Koppstraße;B;223;Gesamt;LkwÄ;-29;-29;-29;-29;-29;-29;-29;-29;0.00.;
2025;MAI;1211;Laxenburger Straße II;B;230;Zentrum;Kfz;7455;9089;9320;9381;8259;5219;3874;9950;Di,20.05.;
2025;MAI;1211;Laxenburger Straße II;B;230;Zentrum;LkwÄ;1487;1964;1950;2026;1838;732;529;2364;Di,06.05.;
2025;MAI;1211;Laxenburger Straße II;B;230;S1;Kfz;8222;10264;10113;10666;9499;5419;3753;11418;Do,15.05.;
2025;MAI;1211;Laxenburger Straße II;B;230;S1;LkwÄ;1679;2240;2290;2303;2062;793;546;2395;Mo,12.05.;
2025;MAI;1211;Laxenburger Straße II;B;230;Gesamt;Kfz;15677;19352;19433;20048;17758;10638;7627;20851;Do,08.05.;
2025;MAI;1211;Laxenburger Straße II;B;230;Gesamt;LkwÄ;3166;4204;4240;4329;3900;1525;1075;4662;Di,06.05.;
2025;MAI;1212;Donaustadtstraße II;B;3;A 23;Kfz;10794;12052;11699;12478;11396;9347;7807;13900;Mi,28.05.;
2025;MAI;1212;Donaustadtstraße II;B;3;A 23;LkwÄ;495;677;700;732;537;194;139;781;Di,13.05.;
2025;MAI;1212;Donaustadtstraße II;B;3;Erzherzog-Karl-Str.;Kfz;8479;8928;8702;8920;9128;8341;7096;9457;Fr,23.05.;
2025;MAI;1212;Donaustadtstraße II;B;3;Erzherzog-Karl-Str.;LkwÄ;459;616;638;644;536;216;140;692;Mo,26.05.;
2025;MAI;1212;Donaustadtstraße II;B;3;Gesamt;Kfz;19273;20980;20401;21398;20524;17688;14903;23220;Mi,28.05.;
2025;MAI;1212;Donaustadtstraße II;B;3;Gesamt;LkwÄ;954;1292;1338;1375;1073;410;279;1458;Mi,28.05.;
2025;MAI;1213;Burggasse II;G;0;Zentrum;Kfz;8338;8892;8444;9033;8940;8176;6627;9663;Fr,16.05.;
2025;MAI;1213;Burggasse II;G;0;Zentrum;LkwÄ;373;460;449;473;441;249;183;491;Mi,28.05.;
2025;MAI;1213;Burggasse II;G;0;Gablenzgasse;Kfz;-29;-29;-29;-29;-29;-29;-29;-29;0.00.;
2025;MAI;1213;Burggasse II;G;0;Gablenzgasse;LkwÄ;-29;-29;-29;-29;-29;-29;-29;-29;0.00.;
2025;MAI;1213;Burggasse II;G;0;Gesamt;Kfz;-29;-29;-29;-29;-29;-29;-29;-29;0.00.;
2025;MAI;1213;Burggasse II;G;0;Gesamt;LkwÄ;-29;-29;-29;-29;-29;-29;-29;-29;0.00.;
2025;MAI;1214;Neustiftgasse II;G;0;Koppstraße;Kfz;9660;9996;9368;10067;10342;9815;8412;11641;Fr,09.05.;
2025;MAI;1214;Neustiftgasse II;G;0;Koppstraße;LkwÄ;325;408;413;410;399;204;150;438;Mo,26.05.;
2025;MAI;1214;Neustiftgasse II;G;0;Zentrum;Kfz;-29;-29;-29;-29;-29;-29;-29;-29;0.00.;
2025;MAI;1214;Neustiftgasse II;G;0;Zentrum;LkwÄ;-29;-29;-29;-29;-29;-29;-29;-29;0.00.;
2025;MAI;1214;Neustiftgasse II;G;0;Gesamt;Kfz;-29;-29;-29;-29;-29;-29;-29;-29;0.00.;
2025;MAI;1214;Neustiftgasse II;G;0;Gesamt;LkwÄ;-29;-29;-29;-29;-29;-29;-29;-29;0.00.;
2025;MAI;1215;Erzherzog-Karl-Straße III;B;3;Genochplatz;Kfz;12633;12952;12520;12735;13774;13073;11202;14224;Fr,23.05.;
2025;MAI;1215;Erzherzog-Karl-Straße III;B;3;Genochplatz;LkwÄ;619;842;899;886;698;245;186;936;Di,20.05.;
2025;MAI;1215;Erzherzog-Karl-Straße III;B;3;Siegesplatz;Kfz;14333;15261;14889;15327;15414;13763;11716;16240;Fr,09.05.;
2025;MAI;1215;Erzherzog-Karl-Straße III;B;3;Siegesplatz;LkwÄ;637;868;907;920;723;250;190;947;Do,15.05.;
2025;MAI;1215;Erzherzog-Karl-Straße III;B;3;Gesamt;Kfz;26966;28213;27409;28062;29188;26837;22918;30337;Fr,09.05.;
2025;MAI;1215;Erzherzog-Karl-Straße III;B;3;Gesamt;LkwÄ;1256;1710;1806;1806;1421;495;376;1875;Di,20.05.;
2025;MAI;1216;Perchtoldsdorfer Straße;G;0;stadteinwärts;Kfz;3673;4060;3976;4106;4026;3264;2724;4367;Fr,09.05.;
2025;MAI;1216;Perchtoldsdorfer Straße;G;0;stadteinwärts;LkwÄ;158;195;198;197;187;100;83;210;Di,13.05.;
2025;MAI;1216;Perchtoldsdorfer Straße;G;0;stadtauswärts;Kfz;3135;3473;3353;3502;3505;2752;2326;3878;Fr,09.05.;
2025;MAI;1216;Perchtoldsdorfer Straße;G;0;stadtauswärts;LkwÄ;92;113;112;116;105;65;45;124;Di,20.05.;
2025;MAI;1216;Perchtoldsdorfer Straße;G;0;Gesamt;Kfz;6808;7533;7329;7608;7531;6016;5050;8245;Fr,09.05.;
2025;MAI;1216;Perchtoldsdorfer Straße;G;0;Gesamt;LkwÄ;250;307;310;313;292;166;128;331;Di,13.05.;
2025;MAI;1217;Museumstraße;G;0;Landesgerichtsstraße;Kfz;5527;6641;6348;7123;5817;3860;3202;7414;Do,22.05.;
2025;MAI;1217;Museumstraße;G;0;Landesgerichtsstraße;LkwÄ;111;156;153;164;141;40;19;193;Di,20.05.;
2025;MAI;1217;Museumstraße;G;0;Getreidemarkt;Kfz;11287;12798;12257;13350;12017;9379;7842;13989;Mi,28.05.;
2025;MAI;1217;Museumstraße;G;0;Getreidemarkt;LkwÄ;246;324;309;331;321;141;74;371;*Fr,09.05.;
2025;MAI;1217;Museumstraße;G;0;Gesamt;Kfz;16814;19439;18605;20472;17834;13239;11044;21173;Do,08.05.;
2025;MAI;1217;Museumstraße;G;0;Gesamt;LkwÄ;357;480;462;495;462;181;92;564;*Di,20.05.;
2025;MAI;1218;Spange Leopoldsdorf;G;0;Leopoldsdorfer Straß;Kfz;4580;5148;4968;5269;5025;3875;3277;5573;Mi,28.05.;
2025;MAI;1218;Spange Leopoldsdorf;G;0;Leopoldsdorfer Straß;LkwÄ;96;137;144;143;118;27;16;170;Do,08.05.;
2025;MAI;1218;Spange Leopoldsdorf;G;0;Himberger Straße;Kfz;4450;5079;5044;5284;4656;3578;3082;5820;Di,20.05.;
2025;MAI;1218;Spange Leopoldsdorf;G;0;Himberger Straße;LkwÄ;101;147;156;157;115;24;12;203;Di,20.05.;
2025;MAI;1218;Spange Leopoldsdorf;G;0;Gesamt;Kfz;9031;10227;10012;10553;9681;7453;6359;10921;Di,20.05.;
2025;MAI;1218;Spange Leopoldsdorf;G;0;Gesamt;LkwÄ;197;284;300;300;233;51;29;351;Di,20.05.;
2025;MAI;1219;Barawitzkagasse;G;0;Heiligenstädter Str.;Kfz;11537;12346;12019;12488;12296;10990;9295;13071;Fr,09.05.;
2025;MAI;1219;Barawitzkagasse;G;0;Heiligenstädter Str.;LkwÄ;653;781;768;811;725;464;387;847;Mi,21.05.;
2025;MAI;1219;Barawitzkagasse;G;0;Ruthgasse;Kfz;9285;9850;9738;9941;9740;8843;7770;10303;Mi,28.05.;
2025;MAI;1219;Barawitzkagasse;G;0;Ruthgasse;LkwÄ;576;685;682;707;641;410;351;740;Di,06.05.;
2025;MAI;1219;Barawitzkagasse;G;0;Gesamt;Kfz;20822;22196;21757;22429;22036;19833;17065;23309;Fr,09.05.;
2025;MAI;1219;Barawitzkagasse;G;0;Gesamt;LkwÄ;1229;1466;1449;1518;1366;873;738;1567;Do,15.05.;
2025;MAI;1220;Am Heumarkt;B;1;Schwarzenbergplatz;Kfz;6718;7860;7634;8487;6661;4965;4372;8835;*Do,08.05.;
2025;MAI;1220;Am Heumarkt;B;1;Schwarzenbergplatz;LkwÄ;222;274;269;293;236;139;119;326;*Do,22.05.;
2025;MAI;1220;Am Heumarkt;B;1;Urania;Kfz;16071;17861;18451;18259;16515;14195;11666;21900;*Mi,28.05.;
2025;MAI;1220;Am Heumarkt;B;1;Urania;LkwÄ;883;1117;1018;1226;957;514;411;1584;*Fr,23.05.;
2025;MAI;1220;Am Heumarkt;B;1;Gesamt;Kfz;22789;25721;26085;26746;23176;19160;16038;30504;*Mi,28.05.;
2025;MAI;1220;Am Heumarkt;B;1;Gesamt;LkwÄ;1106;1391;1287;1519;1193;653;530;1836;*Fr,23.05.;
2025;MAI;1221;Grenzackerstraße;B;225;Laxenburger Straße;Kfz;15129;15828;15537;15891;15923;14967;12934;17084;*Fr,09.05.;
2025;MAI;1221;Grenzackerstraße;B;225;Laxenburger Straße;LkwÄ;393;544;596;614;349;133;107;705;*Di,27.05.;
2025;MAI;1221;Grenzackerstraße;B;225;Verteilerkreis;Kfz;13516;14034;13725;13982;14394;13521;11784;15087;Fr,09.05.;
2025;MAI;1221;Grenzackerstraße;B;225;Verteilerkreis;LkwÄ;489;632;651;654;567;273;194;711;Di,27.05.;
2025;MAI;1221;Grenzackerstraße;B;225;Gesamt;Kfz;28645;29862;29262;29873;30317;28488;24718;32171;*Fr,09.05.;
2025;MAI;1221;Grenzackerstraße;B;225;Gesamt;LkwÄ;883;1176;1247;1269;916;405;301;1416;*Di,27.05.;
2025;MAI;1222;Universitätsring;G;0;Schottenring;Kfz;24158;26090;24929;26778;25507;23097;18600;27331;Do,08.05.;
2025;MAI;1222;Universitätsring;G;0;Schottenring;LkwÄ;726;880;878;894;851;513;390;966;Do,22.05.;
2025;MAI;1222;Universitätsring;G;0;Einbahnstraße;Kfz;-29;-29;-29;-29;-29;-29;-29;-29;0.00.;
2025;MAI;1222;Universitätsring;G;0;Einbahnstraße;LkwÄ;-29;-29;-29;-29;-29;-29;-29;-29;0.00.;
2025;MAI;1222;Universitätsring;G;0;Gesamt;Kfz;-29;-29;-29;-29;-29;-29;-29;-29;0.00.;
2025;MAI;1222;Universitätsring;G;0;Gesamt;LkwÄ;-29;-29;-29;-29;-29;-29;-29;-29;0.00.;
2025;MAI;1223;Adalbert-Stifter-Straße;B;226;Gürtelbrücke;Kfz;9345;10096;9976;10466;9377;8700;7382;10814;Mi,07.05.;
2025;MAI;1223;Adalbert-Stifter-Straße;B;226;Gürtelbrücke;LkwÄ;352;431;438;462;357;223;197;548;Di,13.05.;
2025;MAI;1223;Adalbert-Stifter-Straße;B;226;Floridsdorfer Brücke;Kfz;9813;10608;10152;10796;10559;9435;7477;11589;Fr,09.05.;
2025;MAI;1223;Adalbert-Stifter-Straße;B;226;Floridsdorfer Brücke;LkwÄ;317;418;361;467;358;157;112;601;Mi,28.05.;
2025;MAI;1223;Adalbert-Stifter-Straße;B;226;Gesamt;Kfz;19158;20703;20128;21262;19935;18135;14859;21763;Fr,09.05.;
2025;MAI;1223;Adalbert-Stifter-Straße;B;226;Gesamt;LkwÄ;669;849;799;928;715;380;309;1073;Mi,14.05.;
2025;MAI;1224;Wagramer Str. II;B;8;Reichsbrücke;Kfz;10086;11525;11378;11770;11103;8945;6242;12986;Mi,28.05.;
2025;MAI;1224;Wagramer Str. II;B;8;Reichsbrücke;LkwÄ;428;610;667;667;440;114;81;763;Di,27.05.;
2025;MAI;1224;Wagramer Str. II;B;8;Süßenbrunn;Kfz;9162;10159;9898;10085;10529;9115;5880;10992;Mi,28.05.;
2025;MAI;1224;Wagramer Str. II;B;8;Süßenbrunn;LkwÄ;265;378;392;414;288;80;39;477;Mo,26.05.;
2025;MAI;1224;Wagramer Str. II;B;8;Gesamt;Kfz;19248;21683;21276;21855;21632;18060;12122;23978;Mi,28.05.;
2025;MAI;1224;Wagramer Str. II;B;8;Gesamt;LkwÄ;692;989;1060;1081;728;194;120;1233;Di,27.05.;
2025;MAI;1600;Schönbrunner Straße;B;1;Zentrum;Kfz;17465;18306;17559;18542;18383;17031;15021;19730;Mi,28.05.;
2025;MAI;1600;Schönbrunner Straße;B;1;Zentrum;LkwÄ;857;1088;1086;1124;1009;535;357;1216;Do,22.05.;
2025;MAI;1600;Schönbrunner Straße;B;1;Stadtauswärts;Kfz;-29;-29;-29;-29;-29;-29;-29;-29;0.00.;
2025;MAI;1600;Schönbrunner Straße;B;1;Stadtauswärts;LkwÄ;-29;-29;-29;-29;-29;-29;-29;-29;0.00.;
2025;MAI;1600;Schönbrunner Straße;B;1;Gesamt;Kfz;-29;-29;-29;-29;-29;-29;-29;-29;0.00.;
2025;MAI;1600;Schönbrunner Straße;B;1;Gesamt;LkwÄ;-29;-29;-29;-29;-29;-29;-29;-29;0.00.;
2025;MAI;1603;Hirschstettner Straße;G;0;Kagran;Kfz;7225;7699;7430;7553;8234;7370;5525;8312;Fr,09.05.;
2025;MAI;1603;Hirschstettner Straße;G;0;Kagran;LkwÄ;296;370;395;373;344;188;140;410;*Di,06.05.;
2025;MAI;1603;Hirschstettner Straße;G;0;S2;Kfz;7567;8321;8284;8347;8295;7460;5144;9070;*Di,06.05.;
2025;MAI;1603;Hirschstettner Straße;G;0;S2;LkwÄ;311;394;415;413;337;193;131;454;Di,13.05.;
2025;MAI;1603;Hirschstettner Straße;G;0;Gesamt;Kfz;14793;16020;15714;15901;16529;14830;10669;16817;Fr,09.05.;
2025;MAI;1603;Hirschstettner Straße;G;0;Gesamt;LkwÄ;607;765;810;786;681;382;272;841;Di,13.05.;
2025;MAI;1607;Weißgerberlände;B;227;A4;Kfz;28933;31258;30180;32666;29023;25489;24055;34940;*Mi,28.05.;
2025;MAI;1607;Weißgerberlände;B;227;A4;LkwÄ;833;1088;1154;1156;889;415;329;1289;*Di,27.05.;
2025;MAI;1607;Weißgerberlände;B;227;Zentrum;Kfz;-29;-29;-29;-29;-29;-29;-29;-29;0.00.;
2025;MAI;1607;Weißgerberlände;B;227;Zentrum;LkwÄ;-29;-29;-29;-29;-29;-29;-29;-29;0.00.;
2025;MAI;1607;Weißgerberlände;B;227;Gesamt;Kfz;-29;-29;-29;-29;-29;-29;-29;-29;0.00.;
2025;MAI;1607;Weißgerberlände;B;227;Gesamt;LkwÄ;-29;-29;-29;-29;-29;-29;-29;-29;0.00.;
2025;MAI;1608;Margaretengürtel/Matzl.Pl;B;221;A23;Kfz;21837;22533;22338;22610;22521;21071;20154;24156;Mi,07.05.;
2025;MAI;1608;Margaretengürtel/Matzl.Pl;B;221;A23;LkwÄ;3400;4106;4274;4238;3681;2342;1930;4625;Mi,07.05.;
2025;MAI;1608;Margaretengürtel/Matzl.Pl;B;221;Wienzeile;Kfz;20754;21752;21568;22059;21225;19409;18549;24061;Mi,07.05.;
2025;MAI;1608;Margaretengürtel/Matzl.Pl;B;221;Wienzeile;LkwÄ;701;918;977;959;779;349;272;1179;Mo,05.05.;
2025;MAI;1608;Margaretengürtel/Matzl.Pl;B;221;Gesamt;Kfz;42591;44285;43906;44669;43745;40480;38703;48217;Mi,07.05.;
2025;MAI;1608;Margaretengürtel/Matzl.Pl;B;221;Gesamt;LkwÄ;4101;5024;5252;5197;4459;2692;2203;5661;Mi,07.05.;
2025;MAI;1611;Simmeringer Hauptstr. II;B;225;Schwechat;Kfz;6073;6173;5829;6091;6627;6229;5610;8041;Fr,09.05.;
2025;MAI;1611;Simmeringer Hauptstr. II;B;225;Schwechat;LkwÄ;258;344;335;356;328;132;74;430;Mi,07.05.;
2025;MAI;1611;Simmeringer Hauptstr. II;B;225;Zentrum;Kfz;7584;7978;7641;7948;8313;7294;6515;8623;Fr,30.05.;
2025;MAI;1611;Simmeringer Hauptstr. II;B;225;Zentrum;LkwÄ;516;662;623;689;635;310;199;766;Mi,21.05.;
2025;MAI;1611;Simmeringer Hauptstr. II;B;225;Gesamt;Kfz;13657;14150;13470;14039;14940;13522;12126;16634;Fr,09.05.;
2025;MAI;1611;Simmeringer Hauptstr. II;B;225;Gesamt;LkwÄ;774;1006;958;1044;962;442;274;1138;Mi,28.05.;
2025;MAI;1612;Längenfeldgasse;G;0;Eichenstraße;Kfz;11926;13312;13117;13598;12836;10424;8557;14462;Mi,28.05.;
2025;MAI;1612;Längenfeldgasse;G;0;Eichenstraße;LkwÄ;289;366;389;381;316;169;134;427;Mi,07.05.;
2025;MAI;1612;Längenfeldgasse;G;0;Wienerbergstraße;Kfz;8201;9176;8709;9401;9052;7096;5874;10716;Mi,28.05.;
2025;MAI;1612;Längenfeldgasse;G;0;Wienerbergstraße;LkwÄ;374;469;456;485;446;236;171;567;Do,08.05.;
2025;MAI;1612;Längenfeldgasse;G;0;Gesamt;Kfz;20127;22487;21826;23000;21888;17520;14431;25178;Mi,28.05.;
2025;MAI;1612;Längenfeldgasse;G;0;Gesamt;LkwÄ;663;836;844;866;762;405;305;967;Do,08.05.;
2025;MAI;1613;Lainzer Straße;G;0;Zentrum;Kfz;4646;5286;5283;5388;5067;3849;3175;5853;*Do,22.05.;
2025;MAI;1613;Lainzer Straße;G;0;Zentrum;LkwÄ;358;431;410;450;408;258;200;493;*Di,27.05.;
2025;MAI;1613;Lainzer Straße;G;0;Fasangartengasse;Kfz;6503;7291;7195;7533;6837;5545;4672;7810;*Fr,09.05.;
2025;MAI;1613;Lainzer Straße;G;0;Fasangartengasse;LkwÄ;476;585;592;607;531;323;242;650;Do,08.05.;
2025;MAI;1613;Lainzer Straße;G;0;Gesamt;Kfz;11149;12578;12478;12920;11903;9394;7847;13341;*Do,22.05.;
2025;MAI;1613;Lainzer Straße;G;0;Gesamt;LkwÄ;835;1016;1002;1056;939;580;442;1132;*Fr,16.05.;
2025;MAI;1614;Maxingstraße;G;0;Montecuccoliplatz;Kfz;4601;5100;4940;5195;5017;3934;3493;5576;Fr,09.05.;
2025;MAI;1614;Maxingstraße;G;0;Montecuccoliplatz;LkwÄ;331;393;392;397;384;232;207;415;Mo,12.05.;
2025;MAI;1614;Maxingstraße;G;0;Zentrum;Kfz;7351;8326;8134;8623;7825;5915;5300;8967;Mi,14.05.;
2025;MAI;1614;Maxingstraße;G;0;Zentrum;LkwÄ;661;824;810;859;759;399;334;923;Mi,14.05.;
2025;MAI;1614;Maxingstraße;G;0;Gesamt;Kfz;11952;13426;13074;13818;12843;9848;8793;14356;Fr,09.05.;
2025;MAI;1614;Maxingstraße;G;0;Gesamt;LkwÄ;991;1217;1202;1256;1143;631;541;1325;Mi,14.05.;
2025;MAI;1615;Gablenzgasse;B;223;Zentrum;Kfz;14842;15566;15311;15660;15564;14546;12676;16481;*Fr,16.05.;
2025;MAI;1615;Gablenzgasse;B;223;Zentrum;LkwÄ;330;416;424;428;385;202;146;484;*Fr,16.05.;
2025;MAI;1615;Gablenzgasse;B;223;Stadtauswärts;Kfz;-29;-29;-29;-29;-29;-29;-29;-29;0.00.;
2025;MAI;1615;Gablenzgasse;B;223;Stadtauswärts;LkwÄ;-29;-29;-29;-29;-29;-29;-29;-29;0.00.;
2025;MAI;1615;Gablenzgasse;B;223;Gesamt;Kfz;-29;-29;-29;-29;-29;-29;-29;-29;0.00.;
2025;MAI;1615;Gablenzgasse;B;223;Gesamt;LkwÄ;-29;-29;-29;-29;-29;-29;-29;-29;0.00.;
2025;MAI;1616;Gersthofer Straße;G;0;Lidlgasse;Kfz;7938;8634;8454;8850;8305;7301;6147;9155;Mi,28.05.;
2025;MAI;1616;Gersthofer Straße;G;0;Lidlgasse;LkwÄ;703;851;885;928;654;415;451;1078;*Di,20.05.;
2025;MAI;1616;Gersthofer Straße;G;0;Türkenschanz-Park;Kfz;8671;9397;9178;9585;9159;8090;6732;9911;Fr,09.05.;
2025;MAI;1616;Gersthofer Straße;G;0;Türkenschanz-Park;LkwÄ;1145;1346;1333;1387;1266;899;679;1515;Di,20.05.;
2025;MAI;1616;Gersthofer Straße;G;0;Gesamt;Kfz;16608;18032;17633;18434;17464;15391;12879;19066;Mi,28.05.;
2025;MAI;1616;Gersthofer Straße;G;0;Gesamt;LkwÄ;1848;2197;2218;2315;1920;1314;1130;2593;*Di,20.05.;
2025;MAI;1617;Angerer Straße;G;0;Brünner Straße;Kfz;6826;7464;7218;7531;7516;6380;5068;8036;Mi,28.05.;
2025;MAI;1617;Angerer Straße;G;0;Brünner Straße;LkwÄ;255;343;314;367;312;111;81;396;*Di,20.05.;
2025;MAI;1617;Angerer Straße;G;0;Donaufelder Str.;Kfz;5656;6041;6040;6000;6135;5355;4622;7141;Fr,09.05.;
2025;MAI;1617;Angerer Straße;G;0;Donaufelder Str.;LkwÄ;90;120;135;124;98;43;28;144;*Mo,12.05.;
2025;MAI;1617;Angerer Straße;G;0;Gesamt;Kfz;12482;13506;13258;13531;13650;11736;9690;14747;Fr,09.05.;
2025;MAI;1617;Angerer Straße;G;0;Gesamt;LkwÄ;344;462;448;491;410;154;110;527;*Di,20.05.;
2025;MAI;1618;Siemensstraße;B;229;Leopoldauer Platz;Kfz;7872;8676;8467;8727;8733;7416;5569;9282;Fr,09.05.;
2025;MAI;1618;Siemensstraße;B;229;Leopoldauer Platz;LkwÄ;874;1137;1165;1184;1011;503;306;1361;*Di,27.05.;
2025;MAI;1618;Siemensstraße;B;229;Siemensplatz;Kfz;7673;8515;8331;8576;8526;7144;5308;9231;Mi,28.05.;
2025;MAI;1618;Siemensstraße;B;229;Siemensplatz;LkwÄ;955;1245;1285;1291;1109;529;345;1396;Mo,19.05.;
2025;MAI;1618;Siemensstraße;B;229;Gesamt;Kfz;15544;17191;16798;17303;17259;14559;10876;18363;*Mi,28.05.;
2025;MAI;1618;Siemensstraße;B;229;Gesamt;LkwÄ;1829;2382;2450;2475;2120;1033;652;2641;*Di,27.05.;
2025;MAI;1619;Breitenfurter Straße II;B;13;Liesinger Platz;Kfz;7733;8718;8630;8729;8764;6878;5164;9405;Fr,09.05.;
2025;MAI;1619;Breitenfurter Straße II;B;13;Liesinger Platz;LkwÄ;300;366;365;372;354;188;174;388;Mi,21.05.;
2025;MAI;1619;Breitenfurter Straße II;B;13;Zentrum;Kfz;7949;8896;8767;8965;8847;7023;5562;9507;Fr,09.05.;
2025;MAI;1619;Breitenfurter Straße II;B;13;Zentrum;LkwÄ;338;416;414;423;404;209;184;441;Mi,14.05.;
2025;MAI;1619;Breitenfurter Straße II;B;13;Gesamt;Kfz;15682;17614;17397;17694;17612;13901;10726;18912;Fr,09.05.;
2025;MAI;1619;Breitenfurter Straße II;B;13;Gesamt;LkwÄ;638;783;778;796;757;397;358;825;Mi,28.05.;
2025;MAI;1620;Endresstraße;G;0;Mauerer Hauptplatz;Kfz;2923;3301;3260;3349;3226;2514;2002;3586;Fr,09.05.;
2025;MAI;1620;Endresstraße;G;0;Mauerer Hauptplatz;LkwÄ;170;220;215;226;212;90;68;252;Di,20.05.;
2025;MAI;1620;Endresstraße;G;0;Atzgersdorf;Kfz;1795;2057;2068;2078;2002;1470;1194;2281;Fr,16.05.;
2025;MAI;1620;Endresstraße;G;0;Atzgersdorf;LkwÄ;232;297;311;302;276;132;97;332;Mo,12.05.;
2025;MAI;1620;Endresstraße;G;0;Gesamt;Kfz;4718;5358;5328;5427;5228;3984;3196;5836;Fr,09.05.;
2025;MAI;1620;Endresstraße;G;0;Gesamt;LkwÄ;402;518;526;529;487;222;165;571;Di,20.05.;
2025;MAI;1621;Währinger Gürtel;B;221;Liechtenwerder Platz;Kfz;34678;34964;33343;35148;35854;35951;32663;37325;Sa,24.05.;
2025;MAI;1621;Währinger Gürtel;B;221;Liechtenwerder Platz;LkwÄ;1749;2336;2401;2483;1960;875;519;2733;Do,15.05.;
2025;MAI;1621;Währinger Gürtel;B;221;Wienzeile;Kfz;38281;38993;37904;39037;39767;38643;35606;41247;Fr,09.05.;
2025;MAI;1621;Währinger Gürtel;B;221;Wienzeile;LkwÄ;2191;2905;3027;3053;2484;1107;714;3222;Mi,07.05.;
2025;MAI;1621;Währinger Gürtel;B;221;Gesamt;Kfz;72959;73957;71247;74186;75621;74595;68268;78335;Fr,23.05.;
2025;MAI;1621;Währinger Gürtel;B;221;Gesamt;LkwÄ;3940;5241;5428;5536;4444;1982;1232;5846;Do,15.05.;
2025;MAI;1622;Himberger Straße II;B;16;Zentrum;Kfz;4738;5483;5524;5628;5132;3833;3007;5973;Di,27.05.;
2025;MAI;1622;Himberger Straße II;B;16;Zentrum;LkwÄ;237;351;363;381;275;37;23;437;Di,20.05.;
2025;MAI;1622;Himberger Straße II;B;16;Leopoldsdorfer Str.;Kfz;5638;6624;6344;6798;6466;4480;3318;7730;Mi,28.05.;
2025;MAI;1622;Himberger Straße II;B;16;Leopoldsdorfer Str.;LkwÄ;914;1241;1160;1317;1137;425;233;1537;Mi,28.05.;
2025;MAI;1622;Himberger Straße II;B;16;Gesamt;Kfz;10376;12108;11868;12426;11598;8312;6326;13249;Mi,28.05.;
2025;MAI;1622;Himberger Straße II;B;16;Gesamt;LkwÄ;1151;1592;1524;1698;1413;462;256;1921;Mi,28.05.;
2025;MAI;1623;Breitenleer Straße II;G;0;Stadteinwärts;Kfz;7534;8304;7904;8471;8257;7021;5397;9496;Do,15.05.;
2025;MAI;1623;Breitenleer Straße II;G;0;Stadteinwärts;LkwÄ;814;1122;1083;1208;962;349;177;1313;Mi,07.05.;
2025;MAI;1623;Breitenleer Straße II;G;0;Stadtauswärts;Kfz;7915;8809;8482;8897;8877;7262;5478;9541;Fr,09.05.;
2025;MAI;1623;Breitenleer Straße II;G;0;Stadtauswärts;LkwÄ;510;679;704;722;565;214;191;820;*Mi,28.05.;
2025;MAI;1623;Breitenleer Straße II;G;0;Gesamt;Kfz;15449;17113;16385;17368;17134;14283;10874;18414;Do,15.05.;
2025;MAI;1623;Breitenleer Straße II;G;0;Gesamt;LkwÄ;1324;1801;1787;1931;1527;563;368;2031;*Mi,07.05.;
2025;MAI;1624;Seyringer Straße;G;0;Wassermanngasse;Kfz;6755;7426;7287;7298;7818;6780;4497;8365;Fr,09.05.;
2025;MAI;1624;Seyringer Straße;G;0;Wassermanngasse;LkwÄ;299;427;469;451;340;97;41;520;Mo,26.05.;
2025;MAI;1624;Seyringer Straße;G;0;Ernst-Kein-Gasse;Kfz;5597;6271;6344;6176;6421;5055;3802;7040;*Mo,26.05.;
2025;MAI;1624;Seyringer Straße;G;0;Ernst-Kein-Gasse;LkwÄ;200;302;352;320;222;23;10;454;*Mo,26.05.;
2025;MAI;1624;Seyringer Straße;G;0;Gesamt;Kfz;12352;13696;13632;13474;14239;11835;8298;15149;*Fr,09.05.;
2025;MAI;1624;Seyringer Straße;G;0;Gesamt;LkwÄ;499;728;821;770;561;120;51;974;*Mo,26.05.;
2025;MAI;1625;Favoritenstraße;G;0;Karlsplatz (Zentrum);Kfz;9532;10412;10099;10603;10244;8759;7243;11077;Fr,09.05.;
2025;MAI;1625;Favoritenstraße;G;0;Karlsplatz (Zentrum);LkwÄ;177;244;268;251;207;70;45;293;Mo,12.05.;
2025;MAI;1625;Favoritenstraße;G;0;Südtiroler Platz;Kfz;2879;3169;3060;3233;3116;2539;2198;3399;Fr,23.05.;
2025;MAI;1625;Favoritenstraße;G;0;Südtiroler Platz;LkwÄ;169;215;234;219;192;107;67;249;Mo,05.05.;
2025;MAI;1625;Favoritenstraße;G;0;Gesamt;Kfz;12412;13582;13158;13836;13360;11298;9441;14461;Fr,09.05.;
2025;MAI;1625;Favoritenstraße;G;0;Gesamt;LkwÄ;346;459;502;471;399;176;112;526;Mo,12.05.;
2025;MAI;1626;Ludwig-van-Höhnel-Gasse;B;225;Verteilerkreis;Kfz;7764;8167;8016;8123;8386;7595;6562;8829;Fr,09.05.;
2025;MAI;1626;Ludwig-van-Höhnel-Gasse;B;225;Verteilerkreis;LkwÄ;263;348;370;362;301;118;98;413;Mo,12.05.;
2025;MAI;1626;Ludwig-van-Höhnel-Gasse;B;225;Laaer-Berg-Str.;Kfz;10186;10494;10180;10528;10671;10230;9124;11337;Fr,09.05.;
2025;MAI;1626;Ludwig-van-Höhnel-Gasse;B;225;Laaer-Berg-Str.;LkwÄ;679;891;912;939;767;354;245;1072;Mi,28.05.;
2025;MAI;1626;Ludwig-van-Höhnel-Gasse;B;225;Gesamt;Kfz;17950;18662;18196;18651;19057;17825;15685;20166;Fr,09.05.;
2025;MAI;1626;Ludwig-van-Höhnel-Gasse;B;225;Gesamt;LkwÄ;942;1239;1282;1301;1068;472;343;1449;Mi,28.05.;
2025;MAI;1627;Felberstraße;B;224;Neubauguertel;Kfz;9294;9662;9534;9651;9787;9064;8258;10243;Mi,28.05.;
2025;MAI;1627;Felberstraße;B;224;Neubauguertel;LkwÄ;429;558;610;561;511;240;156;703;*Mo,05.05.;
2025;MAI;1627;Felberstraße;B;224;Schweglerstraße;Kfz;7552;8010;7775;8150;7891;7027;6462;8544;Fr,23.05.;
2025;MAI;1627;Felberstraße;B;224;Schweglerstraße;LkwÄ;46;59;67;60;52;27;21;79;Mo,12.05.;
2025;MAI;1627;Felberstraße;B;224;Gesamt;Kfz;16846;17672;17309;17801;17678;16092;14720;18746;Mi,28.05.;
2025;MAI;1627;Felberstraße;B;224;Gesamt;LkwÄ;476;617;677;620;563;267;177;776;*Mo,05.05.;
2025;APRIL;1075;Reichsbrücke;B;8;Leopoldstadt;Kfz;46129;47324;45854;47976;46147;44063;42759;51140;Mi,30.04.;
2025;APRIL;1075;Reichsbrücke;B;8;Leopoldstadt;LkwÄ;4448;4198;4237;4239;4026;4688;5304;6101;So,06.04.;
2025;APRIL;1075;Reichsbrücke;B;8;Donaustadt;Kfz;15233;16647;15375;16977;16442;13530;10657;20070;Do,03.04.;
2025;APRIL;1075;Reichsbrücke;B;8;Donaustadt;LkwÄ;302;374;374;387;328;160;116;454;Di,08.04.;
2025;APRIL;1075;Reichsbrücke;B;8;Gesamt;Kfz;61361;63971;61229;64953;62590;57593;53417;68867;Mi,30.04.;
2025;APRIL;1075;Reichsbrücke;B;8;Gesamt;LkwÄ;4750;4572;4611;4626;4354;4848;5420;6223;So,06.04.;
2025;APRIL;1078;Westbahnhof;B;221;Wienzeile;Kfz;36606;37243;36201;37104;38506;37851;32934;41051;Mi,30.04.;
2025;APRIL;1078;Westbahnhof;B;221;Wienzeile;LkwÄ;757;944;1013;958;842;394;262;1036;Mo,14.04.;
2025;APRIL;1078;Westbahnhof;B;221;Stadthalle;Kfz;32764;33002;31599;32964;34190;34075;30715;36223;Sa,05.04.;
2025;APRIL;1078;Westbahnhof;B;221;Stadthalle;LkwÄ;744;917;944;934;837;412;282;983;Do,10.04.;
2025;APRIL;1078;Westbahnhof;B;221;Gesamt;Kfz;69370;70245;67800;70068;72697;71926;63649;76094;Sa,05.04.;
2025;APRIL;1078;Westbahnhof;B;221;Gesamt;LkwÄ;1501;1861;1957;1892;1679;806;544;2005;Do,10.04.;
2025;APRIL;1089;Floridsdorf-Br.;B;226;Brigittenau;Kfz;13303;14151;13676;14363;13766;12157;10658;16250;Mi,30.04.;
2025;APRIL;1089;Floridsdorf-Br.;B;226;Brigittenau;LkwÄ;269;342;345;358;284;127;73;397;Di,29.04.;
2025;APRIL;1089;Floridsdorf-Br.;B;226;Floridsdorf;Kfz;14269;15347;14409;15552;15334;13186;10609;18781;Mi,30.04.;
2025;APRIL;1089;Floridsdorf-Br.;B;226;Floridsdorf;LkwÄ;299;384;371;398;345;134;72;470;Mi,30.04.;
2025;APRIL;1089;Floridsdorf-Br.;B;226;Gesamt;Kfz;27572;29498;28085;29915;29100;25342;21267;35031;Mi,30.04.;
2025;APRIL;1089;Floridsdorf-Br.;B;226;Gesamt;LkwÄ;567;726;716;756;628;261;145;854;Mi,30.04.;
2025;APRIL;1096;Brigittenauer Brücke;B;14;Brigittenau;Kfz;13119;14414;13922;14735;13660;10678;9633;16602;Mi,30.04.;
2025;APRIL;1096;Brigittenauer Brücke;B;14;Brigittenau;LkwÄ;305;407;401;426;345;93;49;504;Di,29.04.;
2025;APRIL;1096;Brigittenauer Brücke;B;14;Floridsdorf;Kfz;11787;12676;12216;12862;12369;10326;9221;15054;Mi,30.04.;
2025;APRIL;1096;Brigittenauer Brücke;B;14;Floridsdorf;LkwÄ;306;385;378;403;329;155;92;437;Mi,30.04.;
2025;APRIL;1096;Brigittenauer Brücke;B;14;Gesamt;Kfz;24906;27090;26138;27597;26029;21004;18854;31656;Mi,30.04.;
2025;APRIL;1096;Brigittenauer Brücke;B;14;Gesamt;LkwÄ;611;792;779;828;674;248;141;917;Di,29.04.;
2025;APRIL;1131;Karlsplatz;B;1;Heumarkt;Kfz;19531;21061;19868;21233;21354;18254;14126;23887;Mi,30.04.;
2025;APRIL;1131;Karlsplatz;B;1;Heumarkt;LkwÄ;600;716;727;738;628;409;268;869;Mi,30.04.;
2025;APRIL;1131;Karlsplatz;B;1;Wienzeile;Kfz;12455;13809;12993;14011;13714;10844;8057;15412;Mi,30.04.;
2025;APRIL;1131;Karlsplatz;B;1;Wienzeile;LkwÄ;480;565;574;575;522;356;221;617;Do,10.04.;
2025;APRIL;1131;Karlsplatz;B;1;Gesamt;Kfz;31986;34870;32861;35244;35068;29099;22183;39299;Mi,30.04.;
2025;APRIL;1131;Karlsplatz;B;1;Gesamt;LkwÄ;1080;1280;1301;1313;1150;765;489;1486;Mi,30.04.;
2025;APRIL;1170;Donaukanal Straße;B;227;1171-Obere Donaustr.;Kfz;23289;23994;22879;24037;24681;23515;20145;27073;Fr,04.04.;
2025;APRIL;1170;Donaukanal Straße;B;227;1171-Obere Donaustr.;LkwÄ;702;857;808;897;756;439;263;1171;Di,01.04.;
2025;APRIL;1170;Donaukanal Straße;B;227;1172-Franz-Josef-Kai;Kfz;38030;40603;39484;40628;41352;34756;29844;43702;Fr,11.04.;
2025;APRIL;1170;Donaukanal Straße;B;227;1172-Franz-Josef-Kai;LkwÄ;1656;2058;2033;2130;1824;894;575;2359;Mi,30.04.;
2025;APRIL;1170;Donaukanal Straße;B;227;Gesamt;Kfz;61319;64597;62364;64665;66033;58272;49989;70208;Fr,04.04.;
2025;APRIL;1170;Donaukanal Straße;B;227;Gesamt;LkwÄ;2358;2915;2842;3027;2580;1334;837;3312;Mi,30.04.;
2025;APRIL;1177;Handelskai;B;14;Klosterneuburg;Kfz;10634;11403;11102;11619;10870;9124;8614;12440;Mi,30.04.;
2025;APRIL;1177;Handelskai;B;14;Klosterneuburg;LkwÄ;486;637;671;669;504;162;108;734;Do,03.04.;
2025;APRIL;1177;Handelskai;B;14;Freudenau;Kfz;13299;14567;13590;14861;14272;11142;9702;17837;Mi,30.04.;
2025;APRIL;1177;Handelskai;B;14;Freudenau;LkwÄ;656;875;847;920;737;177;120;1100;Mi,30.04.;
2025;APRIL;1177;Handelskai;B;14;Gesamt;Kfz;23934;25970;24692;26480;25142;20266;18316;30277;Mi,30.04.;
2025;APRIL;1177;Handelskai;B;14;Gesamt;LkwÄ;1142;1512;1518;1589;1241;339;227;1810;Mi,30.04.;
2025;APRIL;1179;Brunner Straße;B;12;Zentrum;Kfz;13674;15493;15309;15663;15033;11169;8040;16949;Mi,30.04.;
2025;APRIL;1179;Brunner Straße;B;12;Zentrum;LkwÄ;1033;1357;1374;1398;1200;364;205;1474;Mi,30.04.;
2025;APRIL;1179;Brunner Straße;B;12;Brunn am Gebirge;Kfz;17794;19619;19396;19690;19538;15674;11827;21274;Mi,30.04.;
2025;APRIL;1179;Brunner Straße;B;12;Brunn am Gebirge;LkwÄ;1210;1579;1668;1612;1396;454;269;1741;Mi,09.04.;
2025;APRIL;1179;Brunner Straße;B;12;Gesamt;Kfz;31468;35112;34705;35354;34571;26843;19867;38223;Mi,30.04.;
2025;APRIL;1179;Brunner Straße;B;12;Gesamt;LkwÄ;2243;2936;3043;3010;2596;818;474;3185;Mi,09.04.;
2025;APRIL;1180;Hochstraße;B;13;Zentrum;Kfz;5249;5681;5423;5728;5711;4658;3906;6518;Mi,30.04.;
2025;APRIL;1180;Hochstraße;B;13;Zentrum;LkwÄ;248;308;303;313;292;129;95;377;Mo,28.04.;
2025;APRIL;1180;Hochstraße;B;13;Perchtoldsdorf;Kfz;5425;5883;5594;5902;6035;4773;4020;6819;Mi,30.04.;
2025;APRIL;1180;Hochstraße;B;13;Perchtoldsdorf;LkwÄ;250;311;313;317;285;120;99;361;Do,24.04.;
2025;APRIL;1180;Hochstraße;B;13;Gesamt;Kfz;10673;11564;11017;11629;11746;9430;7927;13337;Mi,30.04.;
2025;APRIL;1180;Hochstraße;B;13;Gesamt;LkwÄ;498;618;616;631;577;249;194;737;Mo,28.04.;
2025;APRIL;1181;Breitenfurter Straße;B;13;Zentrum;Kfz;6782;7211;6949;7264;7219;6292;5372;8049;Mi,30.04.;
2025;APRIL;1181;Breitenfurter Straße;B;13;Zentrum;LkwÄ;204;249;247;250;244;121;82;273;Do,24.04.;
2025;APRIL;1181;Breitenfurter Straße;B;13;Breitenfurt;Kfz;6619;7116;6842;7196;7043;5950;5066;7988;Mi,30.04.;
2025;APRIL;1181;Breitenfurter Straße;B;13;Breitenfurt;LkwÄ;207;253;250;256;245;121;84;277;Do,24.04.;
2025;APRIL;1181;Breitenfurter Straße;B;13;Gesamt;Kfz;13401;14327;13791;14460;14262;12242;10438;16037;Mi,30.04.;
2025;APRIL;1181;Breitenfurter Straße;B;13;Gesamt;LkwÄ;411;502;497;506;489;242;166;550;Do,24.04.;
2025;APRIL;1182;Simmeringer Hptstr.;B;225;Zentrum;Kfz;8794;9557;9494;9539;9668;8080;6161;10403;*Fr,04.04.;
2025;APRIL;1182;Simmeringer Hptstr.;B;225;Zentrum;LkwÄ;568;734;717;761;648;218;152;813;*Di,01.04.;
2025;APRIL;1182;Simmeringer Hptstr.;B;225;Schwechat;Kfz;9491;10269;10178;10194;10600;8926;6673;11376;*Fr,04.04.;
2025;APRIL;1182;Simmeringer Hptstr.;B;225;Schwechat;LkwÄ;658;857;854;886;756;236;162;929;*Mi,30.04.;
2025;APRIL;1182;Simmeringer Hptstr.;B;225;Gesamt;Kfz;18285;19826;19672;19733;20268;17006;12834;21779;*Fr,04.04.;
2025;APRIL;1182;Simmeringer Hptstr.;B;225;Gesamt;LkwÄ;1226;1590;1571;1648;1405;454;314;1704;*Mi,09.04.;
2025;APRIL;1184;Himberger Straße;G;0;Zentrum;Kfz;5487;6125;5919;6207;5996;4511;3587;6668;Di,29.04.;
2025;APRIL;1184;Himberger Straße;G;0;Zentrum;LkwÄ;183;249;249;261;207;45;16;288;*Mi,30.04.;
2025;APRIL;1184;Himberger Straße;G;0;Leopoldsdorf;Kfz;5292;5896;5669;5965;5823;4435;3445;6855;*Mi,30.04.;
2025;APRIL;1184;Himberger Straße;G;0;Leopoldsdorf;LkwÄ;161;217;214;224;197;44;17;267;*Mi,30.04.;
2025;APRIL;1184;Himberger Straße;G;0;Gesamt;Kfz;10779;12021;11588;12172;11818;8946;7032;13523;*Mi,30.04.;
2025;APRIL;1184;Himberger Straße;G;0;Gesamt;LkwÄ;344;466;463;484;404;89;33;555;*Mi,30.04.;
2025;APRIL;1187;Triester Straße;B;17;Zentrum;Kfz;10063;11094;10911;11073;11307;10008;5773;11704;Fr,04.04.;
2025;APRIL;1187;Triester Straße;B;17;Zentrum;LkwÄ;428;554;559;576;471;186;90;666;*Mi,30.04.;
2025;APRIL;1187;Triester Straße;B;17;Wr. Neudorf;Kfz;8772;9773;9647;9817;9710;8262;4980;10994;Mi,30.04.;
2025;APRIL;1187;Triester Straße;B;17;Wr. Neudorf;LkwÄ;372;489;485;507;429;132;73;550;Mo,28.04.;
2025;APRIL;1187;Triester Straße;B;17;Gesamt;Kfz;18835;20867;20558;20890;21017;18269;10754;22420;*Mi,30.04.;
2025;APRIL;1187;Triester Straße;B;17;Gesamt;LkwÄ;800;1043;1044;1083;900;318;163;1172;*Mi,30.04.;
2025;APRIL;1188;Altmannsdorfer Straße;B;224;Zentrum;Kfz;9867;11079;11073;11169;10771;9012;5459;12188;Mi,30.04.;
2025;APRIL;1188;Altmannsdorfer Straße;B;224;Zentrum;LkwÄ;351;457;487;479;362;128;84;527;Di,29.04.;
2025;APRIL;1188;Altmannsdorfer Straße;B;224;Vösendorf;Kfz;9739;10918;10794;10897;11085;9016;5366;12264;Mi,30.04.;
2025;APRIL;1188;Altmannsdorfer Straße;B;224;Vösendorf;LkwÄ;359;467;505;487;372;115;97;535;Mi,16.04.;
2025;APRIL;1188;Altmannsdorfer Straße;B;224;Gesamt;Kfz;19606;21998;21867;22066;21856;18028;10825;24452;Mi,30.04.;
2025;APRIL;1188;Altmannsdorfer Straße;B;224;Gesamt;LkwÄ;710;925;992;965;734;242;181;1048;Di,29.04.;
2025;APRIL;1189;Shuttleworthstraße;B;229;Zentrum;Kfz;10237;11097;10995;11143;11010;9677;7073;12248;Mi,30.04.;
2025;APRIL;1189;Shuttleworthstraße;B;229;Zentrum;LkwÄ;485;636;664;660;531;172;101;717;Mi,30.04.;
2025;APRIL;1189;Shuttleworthstraße;B;229;Leopoldau;Kfz;10161;11312;11195;11431;10986;8778;6432;12684;Mi,30.04.;
2025;APRIL;1189;Shuttleworthstraße;B;229;Leopoldau;LkwÄ;494;659;688;684;548;150;74;741;Mo,28.04.;
2025;APRIL;1189;Shuttleworthstraße;B;229;Gesamt;Kfz;20398;22409;22190;22574;21996;18454;13505;24932;Mi,30.04.;
2025;APRIL;1189;Shuttleworthstraße;B;229;Gesamt;LkwÄ;979;1295;1353;1344;1079;323;175;1428;Mi,16.04.;
2025;APRIL;1190;Angyalföldstraße;B;3;Kagran;Kfz;6210;6738;6506;6737;6914;6072;4101;7679;Mi,30.04.;
2025;APRIL;1190;Angyalföldstraße;B;3;Kagran;LkwÄ;223;288;289;301;243;81;64;334;Di,22.04.;
2025;APRIL;1190;Angyalföldstraße;B;3;Floridsdorf;Kfz;5655;6090;5864;6102;6218;5485;3963;6842;Mi,30.04.;
2025;APRIL;1190;Angyalföldstraße;B;3;Floridsdorf;LkwÄ;182;241;244;257;185;44;41;279;Di,22.04.;
2025;APRIL;1190;Angyalföldstraße;B;3;Gesamt;Kfz;11864;12828;12369;12840;13132;11557;8064;14521;Mi,30.04.;
2025;APRIL;1190;Angyalföldstraße;B;3;Gesamt;LkwÄ;405;530;534;558;428;125;105;613;Di,22.04.;
2025;APRIL;1191;Wientalstraße;B;1;Zentrum;Kfz;26306;27523;26730;27645;27691;24696;22486;29986;Mi,30.04.;
2025;APRIL;1191;Wientalstraße;B;1;Zentrum;LkwÄ;670;842;846;867;752;369;188;954;*Di,29.04.;
2025;APRIL;1191;Wientalstraße;B;1;St. Pölten;Kfz;24956;26130;24884;26008;27490;24534;20367;29890;Mi,30.04.;
2025;APRIL;1191;Wientalstraße;B;1;St. Pölten;LkwÄ;591;745;785;761;659;281;195;814;Di,29.04.;
2025;APRIL;1191;Wientalstraße;B;1;Gesamt;Kfz;51263;53652;51614;53653;55180;49229;42853;59876;Mi,30.04.;
2025;APRIL;1191;Wientalstraße;B;1;Gesamt;LkwÄ;1262;1587;1631;1628;1410;650;383;1768;*Di,29.04.;
2025;APRIL;1192;Hauptstraße;G;0;Zentrum;Kfz;5354;5777;5627;5762;5940;5309;3613;6700;Mi,30.04.;
2025;APRIL;1192;Hauptstraße;G;0;Zentrum;LkwÄ;288;345;341;352;324;183;136;394;Di,29.04.;
2025;APRIL;1192;Hauptstraße;G;0;St. Pölten;Kfz;6256;6720;6554;6697;6925;6297;4274;7768;Mi,30.04.;
2025;APRIL;1192;Hauptstraße;G;0;St. Pölten;LkwÄ;297;352;348;362;322;196;146;381;Mi,23.04.;
2025;APRIL;1192;Hauptstraße;G;0;Gesamt;Kfz;11610;12497;12181;12459;12865;11606;7887;14468;Mi,30.04.;
2025;APRIL;1192;Hauptstraße;G;0;Gesamt;LkwÄ;585;697;689;713;646;379;281;774;Di,29.04.;
2025;APRIL;1193;Heiligenstädter Straße;B;14;Zentrum;Kfz;16840;18230;17940;18462;17635;14852;12595;19928;Mi,30.04.;
2025;APRIL;1193;Heiligenstädter Straße;B;14;Zentrum;LkwÄ;764;991;1024;1029;834;323;164;1102;Mi,02.04.;
2025;APRIL;1193;Heiligenstädter Straße;B;14;Klosterneuburg;Kfz;16675;17992;17854;18226;17277;14717;12711;19681;Mi,30.04.;
2025;APRIL;1193;Heiligenstädter Straße;B;14;Klosterneuburg;LkwÄ;764;990;1046;1028;816;324;165;1088;Mi,02.04.;
2025;APRIL;1193;Heiligenstädter Straße;B;14;Gesamt;Kfz;33516;36222;35794;36688;34912;29569;25306;39609;Mi,30.04.;
2025;APRIL;1193;Heiligenstädter Straße;B;14;Gesamt;LkwÄ;1528;1981;2070;2057;1650;648;329;2190;Mi,02.04.;
2025;APRIL;1194;Prager Straße;B;3;Zentrum;Kfz;5009;5553;5416;5446;6031;5412;2402;6292;Fr,11.04.;
2025;APRIL;1194;Prager Straße;B;3;Zentrum;LkwÄ;185;236;249;239;214;92;46;279;Di,15.04.;
2025;APRIL;1194;Prager Straße;B;3;Langenzersd.;Kfz;4892;5468;5281;5395;5865;5206;2220;6557;Mi,30.04.;
2025;APRIL;1194;Prager Straße;B;3;Langenzersd.;LkwÄ;182;234;240;240;206;91;40;288;Mi,16.04.;
2025;APRIL;1194;Prager Straße;B;3;Gesamt;Kfz;9901;11021;10697;10840;11896;10618;4622;12393;Fr,11.04.;
2025;APRIL;1194;Prager Straße;B;3;Gesamt;LkwÄ;367;469;489;479;420;184;86;558;Di,15.04.;
2025;APRIL;1195;Wagramer Straße;B;8;Zentrum;Kfz;3682;4128;4066;4178;3998;3154;2233;4850;Mi,30.04.;
2025;APRIL;1195;Wagramer Straße;B;8;Zentrum;LkwÄ;148;187;189;191;170;74;42;217;Di,29.04.;
2025;APRIL;1195;Wagramer Straße;B;8;Süßenbrunn;Kfz;3639;4024;3881;4056;4020;3296;2295;4711;Mi,30.04.;
2025;APRIL;1195;Wagramer Straße;B;8;Süßenbrunn;LkwÄ;159;200;203;204;183;90;42;229;Mi,30.04.;
2025;APRIL;1195;Wagramer Straße;B;8;Gesamt;Kfz;7321;8152;7947;8235;8018;6449;4528;9561;Mi,30.04.;
2025;APRIL;1195;Wagramer Straße;B;8;Gesamt;LkwÄ;306;387;392;395;353;164;84;441;Mi,30.04.;
2025;APRIL;1196;Erzherzog-Karl-Str.;B;3;Groß-Enzersdorf;Kfz;10135;11145;10932;11192;11144;9079;6735;12294;*Mi,30.04.;
2025;APRIL;1196;Erzherzog-Karl-Str.;B;3;Groß-Enzersdorf;LkwÄ;258;328;322;350;255;117;79;385;*Mi,30.04.;
2025;APRIL;1196;Erzherzog-Karl-Str.;B;3;Kagran;Kfz;10850;12007;11787;12015;12146;9308;7222;12966;*Fr,11.04.;
2025;APRIL;1196;Erzherzog-Karl-Str.;B;3;Kagran;LkwÄ;538;655;641;675;594;294;245;720;*Do,03.04.;
2025;APRIL;1196;Erzherzog-Karl-Str.;B;3;Gesamt;Kfz;20985;23153;22720;23206;23289;18386;13957;25186;*Mi,30.04.;
2025;APRIL;1196;Erzherzog-Karl-Str.;B;3;Gesamt;LkwÄ;796;982;963;1024;850;411;325;1099;*Mi,30.04.;
2025;APRIL;1198;Brünner Straße;B;7;Zentrum;Kfz;9140;9980;9867;9894;10365;9283;5499;10838;*Mi,30.04.;
2025;APRIL;1198;Brünner Straße;B;7;Zentrum;LkwÄ;410;533;556;555;440;192;64;600;Mo,28.04.;
2025;APRIL;1198;Brünner Straße;B;7;Wolkersdorf;Kfz;7862;8663;8518;8640;8854;7745;4591;9890;Mi,30.04.;
2025;APRIL;1198;Brünner Straße;B;7;Wolkersdorf;LkwÄ;396;511;529;527;440;202;65;568;Mi,16.04.;
2025;APRIL;1198;Brünner Straße;B;7;Gesamt;Kfz;17003;18644;18385;18535;19219;17028;10090;20728;*Mi,30.04.;
2025;APRIL;1198;Brünner Straße;B;7;Gesamt;LkwÄ;805;1044;1085;1082;881;394;129;1167;Mo,28.04.;
2025;APRIL;1199;Eßlinger Hauptstraße;B;3;Zentrum;Kfz;-29;-29;-29;-29;-29;-29;-29;-29;0.00.;
2025;APRIL;1199;Eßlinger Hauptstraße;B;3;Zentrum;LkwÄ;-29;-29;-29;-29;-29;-29;-29;-29;0.00.;
2025;APRIL;1199;Eßlinger Hauptstraße;B;3;Groß-Enzersdorf;Kfz;-29;-29;-29;-29;-29;-29;-29;-29;0.00.;
2025;APRIL;1199;Eßlinger Hauptstraße;B;3;Groß-Enzersdorf;LkwÄ;-29;-29;-29;-29;-29;-29;-29;-29;0.00.;
2025;APRIL;1199;Eßlinger Hauptstraße;B;3;Gesamt;Kfz;-29;-29;-29;-29;-29;-29;-29;-29;0.00.;
2025;APRIL;1199;Eßlinger Hauptstraße;B;3;Gesamt;LkwÄ;-29;-29;-29;-29;-29;-29;-29;-29;0.00.;
2025;APRIL;1200;Vorarlberger Allee West;G;0;Zentrum;Kfz;6691;8062;8188;8239;7350;4159;2956;8605;Di,29.04.;
2025;APRIL;1200;Vorarlberger Allee West;G;0;Zentrum;LkwÄ;763;1009;1047;1033;894;252;142;1071;Mi,09.04.;
2025;APRIL;1200;Vorarlberger Allee West;G;0;S1;Kfz;6981;8512;8126;8702;8138;4288;2702;9636;Mi,30.04.;
2025;APRIL;1200;Vorarlberger Allee West;G;0;S1;LkwÄ;880;1177;1164;1207;1079;267;126;1303;Do,17.04.;
2025;APRIL;1200;Vorarlberger Allee West;G;0;Gesamt;Kfz;13672;16575;16314;16941;15489;8447;5659;18124;Mi,30.04.;
2025;APRIL;1200;Vorarlberger Allee West;G;0;Gesamt;LkwÄ;1644;2185;2211;2240;1974;519;268;2319;Mi,16.04.;
2025;APRIL;1201;Vorarlberger Allee Ost;G;0;Laxenburger Str.;Kfz;3788;4716;4300;4818;4672;2198;1162;5610;Mi,30.04.;
2025;APRIL;1201;Vorarlberger Allee Ost;G;0;Laxenburger Str.;LkwÄ;798;1057;1005;1089;984;263;136;1280;Do,17.04.;
2025;APRIL;1201;Vorarlberger Allee Ost;G;0;S1;Kfz;3535;4369;4363;4453;4080;2133;1152;4848;Mi,30.04.;
2025;APRIL;1201;Vorarlberger Allee Ost;G;0;S1;LkwÄ;624;822;851;839;741;213;123;879;Mo,14.04.;
2025;APRIL;1201;Vorarlberger Allee Ost;G;0;Gesamt;Kfz;7323;9085;8664;9271;8752;4332;2314;10458;Mi,30.04.;
2025;APRIL;1201;Vorarlberger Allee Ost;G;0;Gesamt;LkwÄ;1422;1879;1856;1928;1725;476;260;2157;Do,17.04.;
2025;APRIL;1202;Spange Vösendorf;G;0;Vösendorf;Kfz;6653;7713;7702;7794;7436;5279;3304;8504;Mi,30.04.;
2025;APRIL;1202;Spange Vösendorf;G;0;Vösendorf;LkwÄ;398;537;554;562;436;99;54;620;Di,08.04.;
2025;APRIL;1202;Spange Vösendorf;G;0;S1;Kfz;6612;7857;7550;7970;7692;5068;2621;9185;Mi,30.04.;
2025;APRIL;1202;Spange Vösendorf;G;0;S1;LkwÄ;381;517;524;542;424;98;35;601;Do,17.04.;
2025;APRIL;1202;Spange Vösendorf;G;0;Gesamt;Kfz;13266;15569;15252;15763;15128;10347;5925;17689;Mi,30.04.;
2025;APRIL;1202;Spange Vösendorf;G;0;Gesamt;LkwÄ;779;1054;1078;1105;860;197;89;1139;Di,01.04.;
2025;APRIL;1203;Maria-Theresien-Straße;G;0;Franz-Josef-Kai;Kfz;10278;11503;11067;11604;11475;8416;6623;13445;Mi,30.04.;
2025;APRIL;1203;Maria-Theresien-Straße;G;0;Franz-Josef-Kai;LkwÄ;379;467;469;481;416;182;168;590;Mi,30.04.;
2025;APRIL;1203;Maria-Theresien-Straße;G;0;-;Kfz;-29;-29;-29;-29;-29;-29;-29;-29;0.00.;
2025;APRIL;1203;Maria-Theresien-Straße;G;0;-;LkwÄ;-29;-29;-29;-29;-29;-29;-29;-29;0.00.;
2025;APRIL;1203;Maria-Theresien-Straße;G;0;Gesamt;Kfz;-29;-29;-29;-29;-29;-29;-29;-29;0.00.;
2025;APRIL;1203;Maria-Theresien-Straße;G;0;Gesamt;LkwÄ;-29;-29;-29;-29;-29;-29;-29;-29;0.00.;
2025;APRIL;1204;Türkenstraße;G;0;Währinger Straße;Kfz;13869;15427;14630;15768;14831;11482;9234;17460;Mi,30.04.;
2025;APRIL;1204;Türkenstraße;G;0;Währinger Straße;LkwÄ;373;476;477;493;414;161;109;588;Mi,30.04.;
2025;APRIL;1204;Türkenstraße;G;0;-;Kfz;-29;-29;-29;-29;-29;-29;-29;-29;0.00.;
2025;APRIL;1204;Türkenstraße;G;0;-;LkwÄ;-29;-29;-29;-29;-29;-29;-29;-29;0.00.;
2025;APRIL;1204;Türkenstraße;G;0;Gesamt;Kfz;-29;-29;-29;-29;-29;-29;-29;-29;0.00.;
2025;APRIL;1204;Türkenstraße;G;0;Gesamt;LkwÄ;-29;-29;-29;-29;-29;-29;-29;-29;0.00.;
2025;APRIL;1205;Hernalser Hauptstraße;G;0;Zentrum;Kfz;8667;8917;8654;8956;8981;8748;7553;9787;Mi,30.04.;
2025;APRIL;1205;Hernalser Hauptstraße;G;0;Zentrum;LkwÄ;187;238;234;248;205;102;41;282;Mi,02.04.;
2025;APRIL;1205;Hernalser Hauptstraße;G;0;Dornbach;Kfz;7727;7999;7805;8058;7938;7672;6628;8973;Mi,30.04.;
2025;APRIL;1205;Hernalser Hauptstraße;G;0;Dornbach;LkwÄ;152;198;202;206;164;63;32;234;Do,24.04.;
2025;APRIL;1205;Hernalser Hauptstraße;G;0;Gesamt;Kfz;16394;16916;16459;17013;16919;16420;14182;18760;Mi,30.04.;
2025;APRIL;1205;Hernalser Hauptstraße;G;0;Gesamt;LkwÄ;339;436;436;454;369;164;73;499;Mi,09.04.;
2025;APRIL;1206;Hütteldorfer Straße;G;0;Zentrum;Kfz;5135;5587;5499;5580;5679;4604;3658;6457;Fr,11.04.;
2025;APRIL;1206;Hütteldorfer Straße;G;0;Zentrum;LkwÄ;68;91;98;93;78;23;9;132;Do,10.04.;
2025;APRIL;1206;Hütteldorfer Straße;G;0;Hütteldorf;Kfz;4348;4671;4554;4687;4704;4134;3158;5206;Fr,11.04.;
2025;APRIL;1206;Hütteldorfer Straße;G;0;Hütteldorf;LkwÄ;60;78;85;81;62;24;17;107;Do,10.04.;
2025;APRIL;1206;Hütteldorfer Straße;G;0;Gesamt;Kfz;9482;10259;10053;10267;10384;8738;6816;11663;Fr,11.04.;
2025;APRIL;1206;Hütteldorfer Straße;G;0;Gesamt;LkwÄ;129;169;183;174;140;46;26;239;Do,10.04.;
2025;APRIL;1207;Altmannsdorfer Straße II;B;224;Zentrum;Kfz;21736;22542;22286;22601;22525;20607;19257;23686;Fr,04.04.;
2025;APRIL;1207;Altmannsdorfer Straße II;B;224;Zentrum;LkwÄ;970;1286;1344;1321;1121;302;177;1387;Mo,28.04.;
2025;APRIL;1207;Altmannsdorfer Straße II;B;224;Vösendorf;Kfz;25435;26729;26042;26770;27103;24558;20703;28323;Mi,30.04.;
2025;APRIL;1207;Altmannsdorfer Straße II;B;224;Vösendorf;LkwÄ;998;1308;1340;1344;1160;386;186;1435;Do,10.04.;
2025;APRIL;1207;Altmannsdorfer Straße II;B;224;Gesamt;Kfz;47172;49271;48328;49371;49628;45166;39961;51785;Mi,30.04.;
2025;APRIL;1207;Altmannsdorfer Straße II;B;224;Gesamt;LkwÄ;1968;2594;2684;2665;2280;688;364;2750;Do,10.04.;
2025;APRIL;1208;Wienerbergstraße;B;225;Breitenfurter Straße;Kfz;10817;12081;11949;12338;11281;8450;7401;13379;Mi,30.04.;
2025;APRIL;1208;Wienerbergstraße;B;225;Breitenfurter Straße;LkwÄ;532;639;645;657;572;302;265;701;Mi,09.04.;
2025;APRIL;1208;Wienerbergstraße;B;225;Triester Straße;Kfz;9405;10633;10446;10805;10169;7213;6001;11572;Mi,30.04.;
2025;APRIL;1208;Wienerbergstraße;B;225;Triester Straße;LkwÄ;570;701;704;714;652;291;242;748;Di,01.04.;
2025;APRIL;1208;Wienerbergstraße;B;225;Gesamt;Kfz;20222;22714;22395;23143;21450;15663;13402;24951;Mi,30.04.;
2025;APRIL;1208;Wienerbergstraße;B;225;Gesamt;LkwÄ;1102;1340;1349;1371;1224;593;507;1436;Di,01.04.;
2025;APRIL;1209;Atzgersdorfer Straße;G;0;Stranzenberg Brücke;Kfz;8917;10031;9651;10239;9587;7042;5737;11339;Mi,30.04.;
2025;APRIL;1209;Atzgersdorfer Straße;G;0;Stranzenberg Brücke;LkwÄ;240;300;310;310;260;119;83;337;Do,03.04.;
2025;APRIL;1209;Atzgersdorfer Straße;G;0;Rosenhügelstraße;Kfz;9513;10725;10293;10975;10170;7425;6097;12562;*Mi,30.04.;
2025;APRIL;1209;Atzgersdorfer Straße;G;0;Rosenhügelstraße;LkwÄ;235;291;307;300;250;111;95;336;*Mo,07.04.;
2025;APRIL;1209;Atzgersdorfer Straße;G;0;Gesamt;Kfz;18430;20755;19944;21214;19758;14467;11834;23901;*Mi,30.04.;
2025;APRIL;1209;Atzgersdorfer Straße;G;0;Gesamt;LkwÄ;474;591;617;609;510;230;178;661;*Mo,07.04.;
2025;APRIL;1210;Koppstraße;B;223;stadtauswärts;Kfz;15986;16583;16242;16558;16924;15443;13915;17956;Fr,04.04.;
2025;APRIL;1210;Koppstraße;B;223;stadtauswärts;LkwÄ;442;544;527;557;514;247;170;598;Mi,02.04.;
2025;APRIL;1210;Koppstraße;B;223;Einbahnstraße;Kfz;-29;-29;-29;-29;-29;-29;-29;-29;0.00.;
2025;APRIL;1210;Koppstraße;B;223;Einbahnstraße;LkwÄ;-29;-29;-29;-29;-29;-29;-29;-29;0.00.;
2025;APRIL;1210;Koppstraße;B;223;Gesamt;Kfz;-29;-29;-29;-29;-29;-29;-29;-29;0.00.;
2025;APRIL;1210;Koppstraße;B;223;Gesamt;LkwÄ;-29;-29;-29;-29;-29;-29;-29;-29;0.00.;
2025;APRIL;1211;Laxenburger Straße II;B;230;Zentrum;Kfz;7643;9023;9286;9211;8171;4954;3998;9705;Mo,28.04.;
2025;APRIL;1211;Laxenburger Straße II;B;230;Zentrum;LkwÄ;1514;1942;1959;1988;1766;628;428;2119;Mi,23.04.;
2025;APRIL;1211;Laxenburger Straße II;B;230;S1;Kfz;9014;10881;10477;11045;10612;5742;3791;12315;Mi,30.04.;
2025;APRIL;1211;Laxenburger Straße II;B;230;S1;LkwÄ;1711;2216;2199;2266;2053;648;439;2617;*Do,17.04.;
2025;APRIL;1211;Laxenburger Straße II;B;230;Gesamt;Kfz;16658;19904;19763;20255;18782;10697;7789;21972;Mi,30.04.;
2025;APRIL;1211;Laxenburger Straße II;B;230;Gesamt;LkwÄ;3225;4158;4158;4255;3819;1275;867;4581;*Do,24.04.;
2025;APRIL;1212;Donaustadtstraße II;B;3;A 23;Kfz;10860;11998;11465;12102;12032;9293;7335;13138;Fr,11.04.;
2025;APRIL;1212;Donaustadtstraße II;B;3;A 23;LkwÄ;550;716;718;742;622;196;134;811;Di,08.04.;
2025;APRIL;1212;Donaustadtstraße II;B;3;Erzherzog-Karl-Str.;Kfz;8528;8935;8841;8944;8977;8134;7132;9406;Fr,04.04.;
2025;APRIL;1212;Donaustadtstraße II;B;3;Erzherzog-Karl-Str.;LkwÄ;501;645;680;668;536;198;140;735;Mi,09.04.;
2025;APRIL;1212;Donaustadtstraße II;B;3;Gesamt;Kfz;19388;20933;20306;21046;21008;17428;14467;22504;Fr,11.04.;
2025;APRIL;1212;Donaustadtstraße II;B;3;Gesamt;LkwÄ;1050;1361;1398;1410;1158;393;274;1543;Di,08.04.;
2025;APRIL;1213;Burggasse II;G;0;Zentrum;Kfz;8169;8731;8202;8734;9119;7767;6130;9569;Fr,25.04.;
2025;APRIL;1213;Burggasse II;G;0;Zentrum;LkwÄ;363;436;424;442;424;233;160;493;Di,08.04.;
2025;APRIL;1213;Burggasse II;G;0;Gablenzgasse;Kfz;-29;-29;-29;-29;-29;-29;-29;-29;0.00.;
2025;APRIL;1213;Burggasse II;G;0;Gablenzgasse;LkwÄ;-29;-29;-29;-29;-29;-29;-29;-29;0.00.;
2025;APRIL;1213;Burggasse II;G;0;Gesamt;Kfz;-29;-29;-29;-29;-29;-29;-29;-29;0.00.;
2025;APRIL;1213;Burggasse II;G;0;Gesamt;LkwÄ;-29;-29;-29;-29;-29;-29;-29;-29;0.00.;
2025;APRIL;1214;Neustiftgasse II;G;0;Koppstraße;Kfz;9473;9846;9566;9797;10228;9468;7910;10743;Fr,04.04.;
2025;APRIL;1214;Neustiftgasse II;G;0;Koppstraße;LkwÄ;324;394;378;404;368;194;137;437;Mi,23.04.;
2025;APRIL;1214;Neustiftgasse II;G;0;Zentrum;Kfz;-29;-29;-29;-29;-29;-29;-29;-29;0.00.;
2025;APRIL;1214;Neustiftgasse II;G;0;Zentrum;LkwÄ;-29;-29;-29;-29;-29;-29;-29;-29;0.00.;
2025;APRIL;1214;Neustiftgasse II;G;0;Gesamt;Kfz;-29;-29;-29;-29;-29;-29;-29;-29;0.00.;
2025;APRIL;1214;Neustiftgasse II;G;0;Gesamt;LkwÄ;-29;-29;-29;-29;-29;-29;-29;-29;0.00.;
2025;APRIL;1215;Erzherzog-Karl-Straße III;B;3;Genochplatz;Kfz;12337;12596;12334;12560;12920;12718;10943;13674;Fr,04.04.;
2025;APRIL;1215;Erzherzog-Karl-Straße III;B;3;Genochplatz;LkwÄ;629;811;831;848;666;242;175;910;Do,24.04.;
2025;APRIL;1215;Erzherzog-Karl-Straße III;B;3;Siegesplatz;Kfz;14187;14977;14632;14992;15180;13338;11549;16268;Mi,30.04.;
2025;APRIL;1215;Erzherzog-Karl-Straße III;B;3;Siegesplatz;LkwÄ;649;839;842;879;698;248;172;981;Di,08.04.;
2025;APRIL;1215;Erzherzog-Karl-Straße III;B;3;Gesamt;Kfz;26524;27573;26966;27553;28099;26056;22492;29666;Fr,04.04.;
2025;APRIL;1215;Erzherzog-Karl-Straße III;B;3;Gesamt;LkwÄ;1278;1650;1673;1727;1363;490;347;1869;Di,08.04.;
2025;APRIL;1216;Perchtoldsdorfer Straße;G;0;stadteinwärts;Kfz;3685;4024;3878;4029;4120;3287;2575;4645;Fr,04.04.;
2025;APRIL;1216;Perchtoldsdorfer Straße;G;0;stadteinwärts;LkwÄ;162;193;183;197;186;99;82;218;Do,24.04.;
2025;APRIL;1216;Perchtoldsdorfer Straße;G;0;stadtauswärts;Kfz;3103;3381;3268;3370;3508;2782;2193;3944;Mi,30.04.;
2025;APRIL;1216;Perchtoldsdorfer Straße;G;0;stadtauswärts;LkwÄ;93;110;102;112;106;59;47;136;Di,22.04.;
2025;APRIL;1216;Perchtoldsdorfer Straße;G;0;Gesamt;Kfz;6788;7406;7146;7398;7628;6068;4768;8538;Mi,30.04.;
2025;APRIL;1216;Perchtoldsdorfer Straße;G;0;Gesamt;LkwÄ;254;302;285;309;292;158;129;328;Do,24.04.;
2025;APRIL;1217;Museumstraße;G;0;Landesgerichtsstraße;Kfz;5512;6381;6064;6596;5869;4152;2950;7783;Mi,30.04.;
2025;APRIL;1217;Museumstraße;G;0;Landesgerichtsstraße;LkwÄ;110;146;152;149;132;35;17;171;Do,24.04.;
2025;APRIL;1217;Museumstraße;G;0;Getreidemarkt;Kfz;11156;12338;11463;12569;12185;9486;7525;13734;Mi,30.04.;
2025;APRIL;1217;Museumstraße;G;0;Getreidemarkt;LkwÄ;270;334;325;340;320;122;120;390;*Do,03.04.;
2025;APRIL;1217;Museumstraße;G;0;Gesamt;Kfz;16668;18719;17527;19165;18054;13639;10475;21517;Mi,30.04.;
2025;APRIL;1217;Museumstraße;G;0;Gesamt;LkwÄ;380;480;477;489;452;158;137;555;*Do,03.04.;
2025;APRIL;1218;Spange Leopoldsdorf;G;0;Leopoldsdorfer Straß;Kfz;4607;5144;4877;5211;5112;3678;3092;5769;*Mi,30.04.;
2025;APRIL;1218;Spange Leopoldsdorf;G;0;Leopoldsdorfer Straß;LkwÄ;126;172;184;180;133;24;15;239;Do,03.04.;
2025;APRIL;1218;Spange Leopoldsdorf;G;0;Himberger Straße;Kfz;4573;5146;4962;5330;4641;3298;3184;5950;Do,03.04.;
2025;APRIL;1218;Spange Leopoldsdorf;G;0;Himberger Straße;LkwÄ;128;174;193;182;131;22;18;233;Do,10.04.;
2025;APRIL;1218;Spange Leopoldsdorf;G;0;Gesamt;Kfz;9179;10290;9839;10541;9752;6976;6276;11571;Do,03.04.;
2025;APRIL;1218;Spange Leopoldsdorf;G;0;Gesamt;LkwÄ;254;345;376;362;264;47;33;468;Do,10.04.;
2025;APRIL;1219;Barawitzkagasse;G;0;Heiligenstädter Str.;Kfz;11418;12104;11853;12229;11856;10836;9003;13290;Mi,30.04.;
2025;APRIL;1219;Barawitzkagasse;G;0;Heiligenstädter Str.;LkwÄ;527;625;611;644;568;346;264;829;*Di,29.04.;
2025;APRIL;1219;Barawitzkagasse;G;0;Ruthgasse;Kfz;9258;9709;9412;9814;9564;8634;7861;10630;Mi,30.04.;
2025;APRIL;1219;Barawitzkagasse;G;0;Ruthgasse;LkwÄ;470;557;597;564;501;296;245;732;*Mi,30.04.;
2025;APRIL;1219;Barawitzkagasse;G;0;Gesamt;Kfz;20676;21813;21265;22043;21421;19471;16864;23920;Mi,30.04.;
2025;APRIL;1219;Barawitzkagasse;G;0;Gesamt;LkwÄ;997;1181;1207;1208;1069;643;508;1534;*Di,29.04.;
2025;APRIL;1220;Am Heumarkt;B;1;Schwarzenbergplatz;Kfz;6721;7602;7020;7835;7220;5234;4215;8863;Mi,30.04.;
2025;APRIL;1220;Am Heumarkt;B;1;Schwarzenbergplatz;LkwÄ;224;259;245;266;244;194;98;369;Mi,02.04.;
2025;APRIL;1220;Am Heumarkt;B;1;Urania;Kfz;15829;17339;15796;17136;19207;14138;10841;20169;*Do,24.04.;
2025;APRIL;1220;Am Heumarkt;B;1;Urania;LkwÄ;767;937;865;981;836;462;295;1492;*Do,17.04.;
2025;APRIL;1220;Am Heumarkt;B;1;Gesamt;Kfz;22551;24940;22816;24971;26427;19372;15056;28502;*Do,24.04.;
2025;APRIL;1220;Am Heumarkt;B;1;Gesamt;LkwÄ;990;1196;1110;1247;1080;656;394;1702;*Do,17.04.;
2025;APRIL;1221;Grenzackerstraße;B;225;Laxenburger Straße;Kfz;15282;15814;15348;15837;16086;14992;13279;17171;*Fr,04.04.;
2025;APRIL;1221;Grenzackerstraße;B;225;Laxenburger Straße;LkwÄ;412;543;556;590;369;121;92;684;*Di,29.04.;
2025;APRIL;1221;Grenzackerstraße;B;225;Verteilerkreis;Kfz;13800;14226;13951;14220;14454;13616;12159;15611;Mi,30.04.;
2025;APRIL;1221;Grenzackerstraße;B;225;Verteilerkreis;LkwÄ;521;652;678;663;593;251;188;718;Mi,30.04.;
2025;APRIL;1221;Grenzackerstraße;B;225;Gesamt;Kfz;29082;30040;29299;30056;30539;28608;25437;32653;*Mi,30.04.;
2025;APRIL;1221;Grenzackerstraße;B;225;Gesamt;LkwÄ;933;1195;1233;1253;962;372;280;1371;*Di,29.04.;
2025;APRIL;1222;Universitätsring;G;0;Schottenring;Kfz;23757;25482;24140;25842;25227;22510;17511;28224;*Mi,30.04.;
2025;APRIL;1222;Universitätsring;G;0;Schottenring;LkwÄ;677;814;790;835;760;449;282;975;Di,29.04.;
2025;APRIL;1222;Universitätsring;G;0;Einbahnstraße;Kfz;-29;-29;-29;-29;-29;-29;-29;-29;0.00.;
2025;APRIL;1222;Universitätsring;G;0;Einbahnstraße;LkwÄ;-29;-29;-29;-29;-29;-29;-29;-29;0.00.;
2025;APRIL;1222;Universitätsring;G;0;Gesamt;Kfz;-29;-29;-29;-29;-29;-29;-29;-29;0.00.;
2025;APRIL;1222;Universitätsring;G;0;Gesamt;LkwÄ;-29;-29;-29;-29;-29;-29;-29;-29;0.00.;
2025;APRIL;1223;Adalbert-Stifter-Straße;B;226;Gürtelbrücke;Kfz;9726;10433;10222;10591;10038;8933;7388;11522;Mi,30.04.;
2025;APRIL;1223;Adalbert-Stifter-Straße;B;226;Gürtelbrücke;LkwÄ;427;510;492;541;415;272;200;634;Mi,30.04.;
2025;APRIL;1223;Adalbert-Stifter-Straße;B;226;Floridsdorfer Brücke;Kfz;10045;10733;10292;10862;10608;9529;7572;12232;Mi,30.04.;
2025;APRIL;1223;Adalbert-Stifter-Straße;B;226;Floridsdorfer Brücke;LkwÄ;329;415;379;437;365;159;103;664;Mi,30.04.;
2025;APRIL;1223;Adalbert-Stifter-Straße;B;226;Gesamt;Kfz;19771;21165;20515;21453;20646;18462;14960;23754;Mi,30.04.;
2025;APRIL;1223;Adalbert-Stifter-Straße;B;226;Gesamt;LkwÄ;755;925;871;978;780;430;303;1298;Mi,30.04.;
2025;APRIL;1224;Wagramer Str. II;B;8;Reichsbrücke;Kfz;10075;11321;11118;11324;11461;8814;5851;12298;Fr,11.04.;
2025;APRIL;1224;Wagramer Str. II;B;8;Reichsbrücke;LkwÄ;424;568;614;584;478;111;69;667;Mi,23.04.;
2025;APRIL;1224;Wagramer Str. II;B;8;Süßenbrunn;Kfz;8934;9811;9459;9740;10323;8740;5404;11430;Mi,30.04.;
2025;APRIL;1224;Wagramer Str. II;B;8;Süßenbrunn;LkwÄ;254;341;365;355;273;76;31;420;Mi,23.04.;
2025;APRIL;1224;Wagramer Str. II;B;8;Gesamt;Kfz;19009;21132;20577;21065;21784;17554;11254;22868;Fr,11.04.;
2025;APRIL;1224;Wagramer Str. II;B;8;Gesamt;LkwÄ;678;909;979;940;752;187;100;1087;Mi,23.04.;
2025;APRIL;1600;Schönbrunner Straße;B;1;Zentrum;Kfz;17790;18617;17607;18706;19060;17099;14871;20179;*Mi,16.04.;
2025;APRIL;1600;Schönbrunner Straße;B;1;Zentrum;LkwÄ;880;1091;1070;1136;948;521;282;1336;*Di,15.04.;
2025;APRIL;1600;Schönbrunner Straße;B;1;Stadtauswärts;Kfz;-29;-29;-29;-29;-29;-29;-29;-29;0.00.;
2025;APRIL;1600;Schönbrunner Straße;B;1;Stadtauswärts;LkwÄ;-29;-29;-29;-29;-29;-29;-29;-29;0.00.;
2025;APRIL;1600;Schönbrunner Straße;B;1;Gesamt;Kfz;-29;-29;-29;-29;-29;-29;-29;-29;0.00.;
2025;APRIL;1600;Schönbrunner Straße;B;1;Gesamt;LkwÄ;-29;-29;-29;-29;-29;-29;-29;-29;0.00.;
2025;APRIL;1603;Hirschstettner Straße;G;0;Kagran;Kfz;7290;7641;7470;7588;7956;7621;5554;8216;Fr,04.04.;
2025;APRIL;1603;Hirschstettner Straße;G;0;Kagran;LkwÄ;318;383;398;379;383;197;142;480;Di,08.04.;
2025;APRIL;1603;Hirschstettner Straße;G;0;S2;Kfz;7827;8459;8401;8467;8472;7555;5395;9443;Mi,30.04.;
2025;APRIL;1603;Hirschstettner Straße;G;0;S2;LkwÄ;321;395;395;403;365;184;122;474;Di,15.04.;
2025;APRIL;1603;Hirschstettner Straße;G;0;Gesamt;Kfz;15118;16100;15871;16055;16428;15176;10949;17389;*Mi,30.04.;
2025;APRIL;1603;Hirschstettner Straße;G;0;Gesamt;LkwÄ;639;777;793;782;748;381;264;920;Di,08.04.;
2025;APRIL;1607;Weißgerberlände;B;227;A4;Kfz;28288;30468;28862;31148;29293;23884;22656;33081;*Di,22.04.;
2025;APRIL;1607;Weißgerberlände;B;227;A4;LkwÄ;741;928;970;962;774;365;258;1174;*Mi,16.04.;
2025;APRIL;1607;Weißgerberlände;B;227;Zentrum;Kfz;-29;-29;-29;-29;-29;-29;-29;-29;0.00.;
2025;APRIL;1607;Weißgerberlände;B;227;Zentrum;LkwÄ;-29;-29;-29;-29;-29;-29;-29;-29;0.00.;
2025;APRIL;1607;Weißgerberlände;B;227;Gesamt;Kfz;-29;-29;-29;-29;-29;-29;-29;-29;0.00.;
2025;APRIL;1607;Weißgerberlände;B;227;Gesamt;LkwÄ;-29;-29;-29;-29;-29;-29;-29;-29;0.00.;
2025;APRIL;1608;Margaretengürtel/Matzl.Pl;B;221;A23;Kfz;23421;24207;23337;24328;24433;22742;20663;25478;Fr,04.04.;
2025;APRIL;1608;Margaretengürtel/Matzl.Pl;B;221;A23;LkwÄ;3781;4441;4540;4574;3900;2571;1977;4741;Di,01.04.;
2025;APRIL;1608;Margaretengürtel/Matzl.Pl;B;221;Wienzeile;Kfz;23109;24387;23587;24379;25017;21692;18873;26094;*Mi,30.04.;
2025;APRIL;1608;Margaretengürtel/Matzl.Pl;B;221;Wienzeile;LkwÄ;815;1034;1042;1071;900;382;241;1183;Do,10.04.;
2025;APRIL;1608;Margaretengürtel/Matzl.Pl;B;221;Gesamt;Kfz;46530;48594;46924;48707;49450;44434;39536;51412;*Mi,30.04.;
2025;APRIL;1608;Margaretengürtel/Matzl.Pl;B;221;Gesamt;LkwÄ;4596;5475;5582;5645;4800;2952;2217;5867;Do,10.04.;
2025;APRIL;1611;Simmeringer Hauptstr. II;B;225;Schwechat;Kfz;7899;8322;7918;8344;8549;7510;6431;11367;Fr,04.04.;
2025;APRIL;1611;Simmeringer Hauptstr. II;B;225;Schwechat;LkwÄ;384;500;489;535;385;150;86;713;Mi,02.04.;
2025;APRIL;1611;Simmeringer Hauptstr. II;B;225;Zentrum;Kfz;7705;8033;7984;8110;7798;7284;6664;8906;Fr,04.04.;
2025;APRIL;1611;Simmeringer Hauptstr. II;B;225;Zentrum;LkwÄ;546;668;711;694;543;299;233;777;Mi,09.04.;
2025;APRIL;1611;Simmeringer Hauptstr. II;B;225;Gesamt;Kfz;15604;16355;15902;16454;16347;14794;13095;20273;Fr,04.04.;
2025;APRIL;1611;Simmeringer Hauptstr. II;B;225;Gesamt;LkwÄ;930;1167;1200;1229;928;449;319;1444;Do,03.04.;
2025;APRIL;1612;Längenfeldgasse;G;0;Eichenstraße;Kfz;12353;13469;13053;13621;13250;10710;8978;14652;*Do,03.04.;
2025;APRIL;1612;Längenfeldgasse;G;0;Eichenstraße;LkwÄ;304;366;402;378;297;178;142;472;*Mo,28.04.;
2025;APRIL;1612;Längenfeldgasse;G;0;Wienerbergstraße;Kfz;8151;8865;8671;8982;8601;7286;5842;10507;Mi,30.04.;
2025;APRIL;1612;Längenfeldgasse;G;0;Wienerbergstraße;LkwÄ;365;433;458;446;366;237;183;489;Di,08.04.;
2025;APRIL;1612;Längenfeldgasse;G;0;Gesamt;Kfz;20504;22334;21724;22603;21851;17996;14820;25083;*Mi,30.04.;
2025;APRIL;1612;Längenfeldgasse;G;0;Gesamt;LkwÄ;669;799;861;825;663;414;325;921;*Mo,28.04.;
2025;APRIL;1613;Lainzer Straße;G;0;Zentrum;Kfz;4687;5190;4994;5270;5056;3866;3235;6121;Mi,30.04.;
2025;APRIL;1613;Lainzer Straße;G;0;Zentrum;LkwÄ;366;423;450;440;346;249;220;487;Mo,07.04.;
2025;APRIL;1613;Lainzer Straße;G;0;Fasangartengasse;Kfz;6599;7234;7024;7380;6881;5555;4768;8321;Mi,30.04.;
2025;APRIL;1613;Lainzer Straße;G;0;Fasangartengasse;LkwÄ;488;575;599;600;469;310;262;725;Mo,07.04.;
2025;APRIL;1613;Lainzer Straße;G;0;Gesamt;Kfz;11287;12424;12018;12650;11936;9421;8003;14442;Mi,30.04.;
2025;APRIL;1613;Lainzer Straße;G;0;Gesamt;LkwÄ;854;998;1049;1040;815;560;483;1212;Mo,07.04.;
2025;APRIL;1614;Maxingstraße;G;0;Montecuccoliplatz;Kfz;4751;5098;5021;5159;4942;4138;3786;5719;Mi,30.04.;
2025;APRIL;1614;Maxingstraße;G;0;Montecuccoliplatz;LkwÄ;339;388;387;393;374;240;208;415;Fr,11.04.;
2025;APRIL;1614;Maxingstraße;G;0;Zentrum;Kfz;7592;8278;8088;8456;7797;6181;5839;9255;Mi,30.04.;
2025;APRIL;1614;Maxingstraße;G;0;Zentrum;LkwÄ;674;798;817;830;674;422;352;867;Mi,02.04.;
2025;APRIL;1614;Maxingstraße;G;0;Gesamt;Kfz;12343;13376;13109;13615;12740;10319;9625;14974;Mi,30.04.;
2025;APRIL;1614;Maxingstraße;G;0;Gesamt;LkwÄ;1012;1187;1205;1222;1048;662;560;1265;Mi,02.04.;
2025;APRIL;1615;Gablenzgasse;B;223;Zentrum;Kfz;15524;16275;15690;16116;17270;15081;12722;17812;Fr,04.04.;
2025;APRIL;1615;Gablenzgasse;B;223;Zentrum;LkwÄ;342;420;418;425;406;192;135;474;Fr,25.04.;
2025;APRIL;1615;Gablenzgasse;B;223;Stadtauswärts;Kfz;-29;-29;-29;-29;-29;-29;-29;-29;0.00.;
2025;APRIL;1615;Gablenzgasse;B;223;Stadtauswärts;LkwÄ;-29;-29;-29;-29;-29;-29;-29;-29;0.00.;
2025;APRIL;1615;Gablenzgasse;B;223;Gesamt;Kfz;-29;-29;-29;-29;-29;-29;-29;-29;0.00.;
2025;APRIL;1615;Gablenzgasse;B;223;Gesamt;LkwÄ;-29;-29;-29;-29;-29;-29;-29;-29;0.00.;
2025;APRIL;1616;Gersthofer Straße;G;0;Lidlgasse;Kfz;7765;8316;8219;8473;7842;7102;5978;9665;Mi,30.04.;
2025;APRIL;1616;Gersthofer Straße;G;0;Lidlgasse;LkwÄ;697;793;777;856;582;389;539;1011;*Di,29.04.;
2025;APRIL;1616;Gersthofer Straße;G;0;Türkenschanz-Park;Kfz;8536;9135;9008;9320;8585;7905;6524;10425;Mi,30.04.;
2025;APRIL;1616;Gersthofer Straße;G;0;Türkenschanz-Park;LkwÄ;1038;1213;1265;1279;946;751;532;1418;Mi,30.04.;
2025;APRIL;1616;Gersthofer Straße;G;0;Gesamt;Kfz;16301;17452;17227;17792;16427;15006;12502;20090;Mi,30.04.;
2025;APRIL;1616;Gersthofer Straße;G;0;Gesamt;LkwÄ;1735;2006;2042;2135;1529;1140;1071;2417;*Di,29.04.;
2025;APRIL;1617;Angerer Straße;G;0;Brünner Straße;Kfz;6508;7002;6782;6984;7232;6104;4758;7882;Mi,30.04.;
2025;APRIL;1617;Angerer Straße;G;0;Brünner Straße;LkwÄ;240;313;300;339;233;93;48;385;*Do,10.04.;
2025;APRIL;1617;Angerer Straße;G;0;Donaufelder Str.;Kfz;6409;6788;6541;6818;6867;6040;5113;7462;Mi,30.04.;
2025;APRIL;1617;Angerer Straße;G;0;Donaufelder Str.;LkwÄ;90;114;119;120;88;40;28;132;*Di,01.04.;
2025;APRIL;1617;Angerer Straße;G;0;Gesamt;Kfz;12917;13790;13323;13801;14099;12143;9870;15344;Mi,30.04.;
2025;APRIL;1617;Angerer Straße;G;0;Gesamt;LkwÄ;330;427;419;460;321;133;76;511;*Do,10.04.;
2025;APRIL;1618;Siemensstraße;B;229;Leopoldauer Platz;Kfz;8019;8666;8575;8738;8485;7543;5679;9871;Mi,30.04.;
2025;APRIL;1618;Siemensstraße;B;229;Leopoldauer Platz;LkwÄ;921;1142;1171;1195;933;503;326;1296;Mi,30.04.;
2025;APRIL;1618;Siemensstraße;B;229;Siemensplatz;Kfz;7794;8534;8349;8566;8563;7062;5273;9630;Mi,30.04.;
2025;APRIL;1618;Siemensstraße;B;229;Siemensplatz;LkwÄ;1013;1265;1297;1311;1079;535;339;1413;Di,08.04.;
2025;APRIL;1618;Siemensstraße;B;229;Gesamt;Kfz;15813;17201;16925;17304;17048;14605;10952;19501;Mi,30.04.;
2025;APRIL;1618;Siemensstraße;B;229;Gesamt;LkwÄ;1934;2407;2467;2506;2012;1038;665;2686;Mi,30.04.;
2025;APRIL;1619;Breitenfurter Straße II;B;13;Liesinger Platz;Kfz;7894;8686;8423;8694;8858;7080;5216;9680;Mi,30.04.;
2025;APRIL;1619;Breitenfurter Straße II;B;13;Liesinger Platz;LkwÄ;304;359;358;361;352;186;169;390;*Do,24.04.;
2025;APRIL;1619;Breitenfurter Straße II;B;13;Zentrum;Kfz;8116;8902;8560;8955;8971;7192;5556;9898;Mi,30.04.;
2025;APRIL;1619;Breitenfurter Straße II;B;13;Zentrum;LkwÄ;352;418;410;423;405;215;185;441;*Do,24.04.;
2025;APRIL;1619;Breitenfurter Straße II;B;13;Gesamt;Kfz;16010;17588;16984;17649;17830;14272;10772;19578;Mi,30.04.;
2025;APRIL;1619;Breitenfurter Straße II;B;13;Gesamt;LkwÄ;656;776;769;784;757;402;354;831;*Do,24.04.;
2025;APRIL;1620;Endresstraße;G;0;Mauerer Hauptplatz;Kfz;2918;3215;3066;3234;3262;2549;1966;3801;Mi,30.04.;
2025;APRIL;1620;Endresstraße;G;0;Mauerer Hauptplatz;LkwÄ;164;202;189;209;188;85;65;237;Di,29.04.;
2025;APRIL;1620;Endresstraße;G;0;Atzgersdorf;Kfz;1845;2039;1974;2051;2048;1532;1278;2417;Mi,30.04.;
2025;APRIL;1620;Endresstraße;G;0;Atzgersdorf;LkwÄ;230;281;275;291;249;123;101;346;Do,03.04.;
2025;APRIL;1620;Endresstraße;G;0;Gesamt;Kfz;4763;5255;5040;5285;5311;4081;3244;6218;Mi,30.04.;
2025;APRIL;1620;Endresstraße;G;0;Gesamt;LkwÄ;394;483;464;500;438;208;166;569;Do,03.04.;
2025;APRIL;1621;Währinger Gürtel;B;221;Liechtenwerder Platz;Kfz;34109;34242;33068;34457;34373;35574;32374;38675;Sa,05.04.;
2025;APRIL;1621;Währinger Gürtel;B;221;Liechtenwerder Platz;LkwÄ;1751;2227;2296;2325;1833;860;463;2579;Di,08.04.;
2025;APRIL;1621;Währinger Gürtel;B;221;Wienzeile;Kfz;37996;38690;37837;38669;39406;37798;35239;41896;Mi,30.04.;
2025;APRIL;1621;Währinger Gürtel;B;221;Wienzeile;LkwÄ;2293;2902;3114;2990;2435;1132;661;3292;Mo,07.04.;
2025;APRIL;1621;Währinger Gürtel;B;221;Gesamt;Kfz;72105;72933;70905;73126;73779;73372;67613;78366;Sa,05.04.;
2025;APRIL;1621;Währinger Gürtel;B;221;Gesamt;LkwÄ;4043;5129;5410;5315;4268;1993;1124;5787;Do,10.04.;
2025;APRIL;1622;Himberger Straße II;B;16;Zentrum;Kfz;4714;5339;5501;5533;4536;3611;2973;6007;Mi,02.04.;
2025;APRIL;1622;Himberger Straße II;B;16;Zentrum;LkwÄ;253;352;378;370;269;32;13;439;Do,24.04.;
2025;APRIL;1622;Himberger Straße II;B;16;Leopoldsdorfer Str.;Kfz;5766;6668;6353;6748;6622;4254;3191;7815;Mi,30.04.;
2025;APRIL;1622;Himberger Straße II;B;16;Leopoldsdorfer Str.;LkwÄ;1133;1434;1430;1487;1253;564;322;1680;Do,10.04.;
2025;APRIL;1622;Himberger Straße II;B;16;Gesamt;Kfz;10480;12006;11854;12282;11158;7865;6164;13564;Mi,30.04.;
2025;APRIL;1622;Himberger Straße II;B;16;Gesamt;LkwÄ;1385;1786;1808;1856;1522;596;336;2064;Do,10.04.;
2025;APRIL;1623;Breitenleer Straße II;G;0;Stadteinwärts;Kfz;7280;7831;7817;7857;7749;6768;5375;8636;Di,22.04.;
2025;APRIL;1623;Breitenleer Straße II;G;0;Stadteinwärts;LkwÄ;768;995;1030;1041;810;326;166;1185;Do,10.04.;
2025;APRIL;1623;Breitenleer Straße II;G;0;Stadtauswärts;Kfz;7882;8612;8380;8659;8619;7056;5478;9649;Mi,30.04.;
2025;APRIL;1623;Breitenleer Straße II;G;0;Stadtauswärts;LkwÄ;520;665;645;707;530;204;164;823;*Mi,23.04.;
2025;APRIL;1623;Breitenleer Straße II;G;0;Gesamt;Kfz;15162;16442;16197;16516;16368;13824;10854;18170;Mi,30.04.;
2025;APRIL;1623;Breitenleer Straße II;G;0;Gesamt;LkwÄ;1288;1660;1675;1748;1340;530;330;1922;*Mi,23.04.;
2025;APRIL;1624;Seyringer Straße;G;0;Wassermanngasse;Kfz;6785;7330;7175;7246;7738;6842;4450;8363;Mi,30.04.;
2025;APRIL;1624;Seyringer Straße;G;0;Wassermanngasse;LkwÄ;326;443;482;458;360;80;30;512;Mo,14.04.;
2025;APRIL;1624;Seyringer Straße;G;0;Ernst-Kein-Gasse;Kfz;5780;6314;6324;6247;6542;5723;3579;7068;*Mi,30.04.;
2025;APRIL;1624;Seyringer Straße;G;0;Ernst-Kein-Gasse;LkwÄ;223;307;380;299;279;44;14;396;Mo,07.04.;
2025;APRIL;1624;Seyringer Straße;G;0;Gesamt;Kfz;12564;13644;13499;13493;14280;12564;8029;15431;*Mi,30.04.;
2025;APRIL;1624;Seyringer Straße;G;0;Gesamt;LkwÄ;549;750;862;757;639;124;44;901;*Mo,14.04.;
2025;APRIL;1625;Favoritenstraße;G;0;Karlsplatz (Zentrum);Kfz;9580;10376;10103;10482;10210;8654;6976;11246;Mi,30.04.;
2025;APRIL;1625;Favoritenstraße;G;0;Karlsplatz (Zentrum);LkwÄ;170;224;217;229;214;63;26;268;Do,03.04.;
2025;APRIL;1625;Favoritenstraße;G;0;Südtiroler Platz;Kfz;2884;3125;2979;3156;3128;2630;2071;3410;Mi,30.04.;
2025;APRIL;1625;Favoritenstraße;G;0;Südtiroler Platz;LkwÄ;176;219;224;217;224;101;56;248;Do,10.04.;
2025;APRIL;1625;Favoritenstraße;G;0;Gesamt;Kfz;12463;13501;13082;13638;13339;11284;9047;14656;Mi,30.04.;
2025;APRIL;1625;Favoritenstraße;G;0;Gesamt;LkwÄ;346;443;441;445;439;164;82;494;Fr,25.04.;
2025;APRIL;1626;Ludwig-van-Höhnel-Gasse;B;225;Verteilerkreis;Kfz;7838;8186;8002;8136;8498;7516;6635;8856;Fr,04.04.;
2025;APRIL;1626;Ludwig-van-Höhnel-Gasse;B;225;Verteilerkreis;LkwÄ;286;364;379;373;322;120;89;428;Di,08.04.;
2025;APRIL;1626;Ludwig-van-Höhnel-Gasse;B;225;Laaer-Berg-Str.;Kfz;10528;10868;10424;10848;11272;10234;9332;12467;Fr,04.04.;
2025;APRIL;1626;Ludwig-van-Höhnel-Gasse;B;225;Laaer-Berg-Str.;LkwÄ;755;955;934;980;885;352;233;1132;Do,03.04.;
2025;APRIL;1626;Ludwig-van-Höhnel-Gasse;B;225;Gesamt;Kfz;18366;19054;18425;18984;19771;17750;15967;21323;Fr,04.04.;
2025;APRIL;1626;Ludwig-van-Höhnel-Gasse;B;225;Gesamt;LkwÄ;1040;1319;1313;1353;1206;472;322;1461;*Do,03.04.;
2025;APRIL;1627;Felberstraße;B;224;Neubauguertel;Kfz;9547;9952;10015;9928;9986;9210;8114;10386;Mo,07.04.;
2025;APRIL;1627;Felberstraße;B;224;Neubauguertel;LkwÄ;457;577;616;573;562;232;133;712;Fr,25.04.;
2025;APRIL;1627;Felberstraße;B;224;Schweglerstraße;Kfz;7795;8158;7757;8212;8272;7432;6562;8764;Fr,04.04.;
2025;APRIL;1627;Felberstraße;B;224;Schweglerstraße;LkwÄ;46;55;63;56;46;31;22;77;Di,22.04.;
2025;APRIL;1627;Felberstraße;B;224;Gesamt;Kfz;17342;18110;17773;18140;18259;16642;14676;19122;Fr,04.04.;
2025;APRIL;1627;Felberstraße;B;224;Gesamt;LkwÄ;503;632;679;629;608;262;155;759;Fr,25.04.;
2025;MÄRZ;1075;Reichsbrücke;B;8;Leopoldstadt;Kfz;26977;28544;28550;28126;29791;24767;22602;47760;Do,27.03.;
2025;MÄRZ;1075;Reichsbrücke;B;8;Leopoldstadt;LkwÄ;1674;1688;1846;1590;1782;1657;1634;5081;So,30.03.;
2025;MÄRZ;1075;Reichsbrücke;B;8;Donaustadt;Kfz;16067;17416;16563;17705;17615;14382;12089;19871;Do,20.03.;
2025;MÄRZ;1075;Reichsbrücke;B;8;Donaustadt;LkwÄ;282;365;371;381;310;121;96;462;Di,25.03.;
2025;MÄRZ;1075;Reichsbrücke;B;8;Gesamt;Kfz;43044;45960;45112;45831;47406;39150;34691;66394;Do,27.03.;
2025;MÄRZ;1075;Reichsbrücke;B;8;Gesamt;LkwÄ;1956;2053;2217;1972;2092;1778;1730;5190;Do,27.03.;
2025;MÄRZ;1078;Westbahnhof;B;221;Wienzeile;Kfz;36497;36791;35866;36417;39070;37650;34111;39622;Fr,07.03.;
2025;MÄRZ;1078;Westbahnhof;B;221;Wienzeile;LkwÄ;691;885;895;911;794;333;233;961;Mi,05.03.;
2025;MÄRZ;1078;Westbahnhof;B;221;Stadthalle;Kfz;32686;32706;31523;32463;34912;34398;30892;35525;Sa,08.03.;
2025;MÄRZ;1078;Westbahnhof;B;221;Stadthalle;LkwÄ;677;849;865;866;780;369;264;961;Do,27.03.;
2025;MÄRZ;1078;Westbahnhof;B;221;Gesamt;Kfz;69184;69497;67389;68880;73982;72048;65003;74781;Fr,07.03.;
2025;MÄRZ;1078;Westbahnhof;B;221;Gesamt;LkwÄ;1368;1735;1761;1777;1575;701;497;1916;Do,27.03.;
2025;MÄRZ;1089;Floridsdorf-Br.;B;226;Brigittenau;Kfz;13287;14254;13784;14501;14098;11825;10692;14842;Mi,12.03.;
2025;MÄRZ;1089;Floridsdorf-Br.;B;226;Brigittenau;LkwÄ;261;342;345;363;276;110;69;412;Di,18.03.;
2025;MÄRZ;1089;Floridsdorf-Br.;B;226;Floridsdorf;Kfz;13892;15039;14620;15088;15417;12368;10599;16215;Do,20.03.;
2025;MÄRZ;1089;Floridsdorf-Br.;B;226;Floridsdorf;LkwÄ;282;371;384;380;327;119;73;453;Do,20.03.;
2025;MÄRZ;1089;Floridsdorf-Br.;B;226;Gesamt;Kfz;27180;29293;28404;29589;29515;24193;21291;30819;Do,20.03.;
2025;MÄRZ;1089;Floridsdorf-Br.;B;226;Gesamt;LkwÄ;543;713;730;743;603;229;142;828;Do,20.03.;
2025;MÄRZ;1096;Brigittenauer Brücke;B;14;Brigittenau;Kfz;12972;14384;14059;14751;13691;10552;9464;15299;Do,20.03.;
2025;MÄRZ;1096;Brigittenauer Brücke;B;14;Brigittenau;LkwÄ;293;399;421;417;318;83;56;491;Do,20.03.;
2025;MÄRZ;1096;Brigittenauer Brücke;B;14;Floridsdorf;Kfz;11079;11971;11515;12062;12268;9767;8643;12803;Do,20.03.;
2025;MÄRZ;1096;Brigittenauer Brücke;B;14;Floridsdorf;LkwÄ;262;340;361;343;304;112;82;395;Do,20.03.;
2025;MÄRZ;1096;Brigittenauer Brücke;B;14;Gesamt;Kfz;24051;26355;25574;26813;25958;20319;18107;28102;Do,20.03.;
2025;MÄRZ;1096;Brigittenauer Brücke;B;14;Gesamt;LkwÄ;554;739;783;760;622;195;138;886;Do,20.03.;
2025;MÄRZ;1131;Karlsplatz;B;1;Heumarkt;Kfz;19422;20776;19779;20870;21741;18044;15111;22064;Fr,07.03.;
2025;MÄRZ;1131;Karlsplatz;B;1;Heumarkt;LkwÄ;505;611;628;624;552;305;257;697;Mo,24.03.;
2025;MÄRZ;1131;Karlsplatz;B;1;Wienzeile;Kfz;12474;13635;13078;13777;13903;11115;8956;14465;Do,27.03.;
2025;MÄRZ;1131;Karlsplatz;B;1;Wienzeile;LkwÄ;377;457;451;468;430;241;181;525;Di,25.03.;
2025;MÄRZ;1131;Karlsplatz;B;1;Gesamt;Kfz;31896;34411;32857;34647;35644;29159;24068;36144;Fr,07.03.;
2025;MÄRZ;1131;Karlsplatz;B;1;Gesamt;LkwÄ;882;1068;1079;1092;982;546;438;1193;Mo,24.03.;
2025;MÄRZ;1170;Donaukanal Straße;B;227;1171-Obere Donaustr.;Kfz;23543;24271;23378;24186;25643;23657;20368;26320;Fr,07.03.;
2025;MÄRZ;1170;Donaukanal Straße;B;227;1171-Obere Donaustr.;LkwÄ;923;1110;1067;1130;1104;621;436;1208;Do,27.03.;
2025;MÄRZ;1170;Donaukanal Straße;B;227;1172-Franz-Josef-Kai;Kfz;37767;40108;38452;40194;41919;35333;30371;42765;Fr,28.03.;
2025;MÄRZ;1170;Donaukanal Straße;B;227;1172-Franz-Josef-Kai;LkwÄ;1479;1889;1882;1940;1747;741;491;2146;Do,27.03.;
2025;MÄRZ;1170;Donaukanal Straße;B;227;Gesamt;Kfz;61310;64379;61830;64380;67562;58990;50738;68587;Fr,28.03.;
2025;MÄRZ;1170;Donaukanal Straße;B;227;Gesamt;LkwÄ;2401;2999;2949;3070;2850;1362;928;3354;Do,27.03.;
2025;MÄRZ;1177;Handelskai;B;14;Klosterneuburg;Kfz;10303;11198;10899;11435;10862;8750;8099;12379;Do,20.03.;
2025;MÄRZ;1177;Handelskai;B;14;Klosterneuburg;LkwÄ;442;599;617;621;509;128;98;711;Do,27.03.;
2025;MÄRZ;1177;Handelskai;B;14;Freudenau;Kfz;12767;14051;13303;14438;13824;10585;9557;17502;Do,20.03.;
2025;MÄRZ;1177;Handelskai;B;14;Freudenau;LkwÄ;574;786;786;826;667;138;121;1011;Do,20.03.;
2025;MÄRZ;1177;Handelskai;B;14;Gesamt;Kfz;23070;25249;24201;25873;24686;19335;17656;29881;Do,20.03.;
2025;MÄRZ;1177;Handelskai;B;14;Gesamt;LkwÄ;1016;1385;1403;1446;1176;266;218;1668;Do,20.03.;
2025;MÄRZ;1179;Brunner Straße;B;12;Zentrum;Kfz;13074;14930;14784;15005;14887;10813;7541;15598;Do,27.03.;
2025;MÄRZ;1179;Brunner Straße;B;12;Zentrum;LkwÄ;990;1337;1340;1372;1228;327;195;1468;Do,27.03.;
2025;MÄRZ;1179;Brunner Straße;B;12;Brunn am Gebirge;Kfz;17340;19280;18909;19252;19825;15261;11271;20326;Fr,21.03.;
2025;MÄRZ;1179;Brunner Straße;B;12;Brunn am Gebirge;LkwÄ;1182;1585;1626;1625;1413;417;252;1696;Mo,24.03.;
2025;MÄRZ;1179;Brunner Straße;B;12;Gesamt;Kfz;30414;34210;33694;34257;34712;26074;18812;35476;Fr,21.03.;
2025;MÄRZ;1179;Brunner Straße;B;12;Gesamt;LkwÄ;2171;2922;2966;2997;2641;743;447;3098;Do,27.03.;
2025;MÄRZ;1180;Hochstraße;B;13;Zentrum;Kfz;5131;5630;5400;5670;5796;4368;3802;5963;Fr,28.03.;
2025;MÄRZ;1180;Hochstraße;B;13;Zentrum;LkwÄ;229;288;291;292;272;118;92;328;Do,27.03.;
2025;MÄRZ;1180;Hochstraße;B;13;Perchtoldsdorf;Kfz;5367;5895;5605;5899;6246;4536;3982;6345;Fr,21.03.;
2025;MÄRZ;1180;Hochstraße;B;13;Perchtoldsdorf;LkwÄ;231;292;286;295;290;112;97;328;Do,27.03.;
2025;MÄRZ;1180;Hochstraße;B;13;Gesamt;Kfz;10498;11525;11005;11569;12042;8903;7783;12241;Fr,28.03.;
2025;MÄRZ;1180;Hochstraße;B;13;Gesamt;LkwÄ;460;580;578;587;562;229;188;656;Do,27.03.;
2025;MÄRZ;1181;Breitenfurter Straße;B;13;Zentrum;Kfz;6460;6943;6573;6987;7272;5851;5041;7456;Fr,21.03.;
2025;MÄRZ;1181;Breitenfurter Straße;B;13;Zentrum;LkwÄ;192;240;226;245;242;101;82;287;Do,27.03.;
2025;MÄRZ;1181;Breitenfurter Straße;B;13;Breitenfurt;Kfz;6304;6847;6481;6916;7100;5601;4726;7353;Fr,28.03.;
2025;MÄRZ;1181;Breitenfurter Straße;B;13;Breitenfurt;LkwÄ;194;243;230;248;244;102;83;281;Do,27.03.;
2025;MÄRZ;1181;Breitenfurter Straße;B;13;Gesamt;Kfz;12764;13790;13053;13903;14372;11452;9767;14751;Fr,28.03.;
2025;MÄRZ;1181;Breitenfurter Straße;B;13;Gesamt;LkwÄ;387;483;457;493;486;203;165;568;Do,27.03.;
2025;MÄRZ;1182;Simmeringer Hptstr.;B;225;Zentrum;Kfz;8518;9328;9202;9252;9714;7786;5844;9926;*Fr,21.03.;
2025;MÄRZ;1182;Simmeringer Hptstr.;B;225;Zentrum;LkwÄ;542;718;695;752;647;217;129;821;*Do,27.03.;
2025;MÄRZ;1182;Simmeringer Hptstr.;B;225;Schwechat;Kfz;9420;10267;10114;10126;10882;8721;6563;11084;*Fr,21.03.;
2025;MÄRZ;1182;Simmeringer Hptstr.;B;225;Schwechat;LkwÄ;633;842;832;870;772;229;158;925;*Do,27.03.;
2025;MÄRZ;1182;Simmeringer Hptstr.;B;225;Gesamt;Kfz;17938;19596;19316;19379;20596;16506;12407;21010;*Fr,21.03.;
2025;MÄRZ;1182;Simmeringer Hptstr.;B;225;Gesamt;LkwÄ;1175;1561;1527;1622;1420;446;287;1746;*Do,27.03.;
2025;MÄRZ;1184;Himberger Straße;G;0;Zentrum;Kfz;5297;5989;5873;6035;5996;4275;3412;6313;Do,20.03.;
2025;MÄRZ;1184;Himberger Straße;G;0;Zentrum;LkwÄ;172;240;237;254;202;46;14;276;Mi,12.03.;
2025;MÄRZ;1184;Himberger Straße;G;0;Leopoldsdorf;Kfz;5141;5789;5617;5835;5867;4165;3397;6165;Do,27.03.;
2025;MÄRZ;1184;Himberger Straße;G;0;Leopoldsdorf;LkwÄ;151;210;200;220;192;39;17;251;Do,27.03.;
2025;MÄRZ;1184;Himberger Straße;G;0;Gesamt;Kfz;10438;11778;11490;11870;11864;8440;6809;12459;Do,27.03.;
2025;MÄRZ;1184;Himberger Straße;G;0;Gesamt;LkwÄ;324;450;437;474;394;85;31;527;Do,27.03.;
2025;MÄRZ;1187;Triester Straße;B;17;Zentrum;Kfz;9733;10617;10388;10561;11070;9907;5849;11356;Fr,28.03.;
2025;MÄRZ;1187;Triester Straße;B;17;Zentrum;LkwÄ;389;520;529;536;459;150;78;582;Mi,19.03.;
2025;MÄRZ;1187;Triester Straße;B;17;Wr. Neudorf;Kfz;8540;9424;9184;9420;9737;8197;5167;10025;Fr,21.03.;
2025;MÄRZ;1187;Triester Straße;B;17;Wr. Neudorf;LkwÄ;349;466;475;479;416;133;74;534;Do,20.03.;
2025;MÄRZ;1187;Triester Straße;B;17;Gesamt;Kfz;18273;20041;19573;19981;20807;18105;11016;21231;Fr,21.03.;
2025;MÄRZ;1187;Triester Straße;B;17;Gesamt;LkwÄ;738;986;1003;1015;876;283;152;1113;Do,20.03.;
2025;MÄRZ;1188;Altmannsdorfer Straße;B;224;Zentrum;Kfz;9667;10808;10714;10854;10788;9156;5386;11360;Mi,19.03.;
2025;MÄRZ;1188;Altmannsdorfer Straße;B;224;Zentrum;LkwÄ;355;478;492;505;380;111;81;625;Di,18.03.;
2025;MÄRZ;1188;Altmannsdorfer Straße;B;224;Vösendorf;Kfz;9513;10559;10414;10503;10908;9181;5456;11311;Fr,28.03.;
2025;MÄRZ;1188;Altmannsdorfer Straße;B;224;Vösendorf;LkwÄ;364;491;504;512;411;108;88;595;Mo,17.03.;
2025;MÄRZ;1188;Altmannsdorfer Straße;B;224;Gesamt;Kfz;19180;21367;21128;21357;21696;18337;10841;22550;Fr,28.03.;
2025;MÄRZ;1188;Altmannsdorfer Straße;B;224;Gesamt;LkwÄ;719;969;996;1018;792;219;169;1210;Di,18.03.;
2025;MÄRZ;1189;Shuttleworthstraße;B;229;Zentrum;Kfz;10113;10970;10837;10909;11316;9401;7229;11521;Fr,21.03.;
2025;MÄRZ;1189;Shuttleworthstraße;B;229;Zentrum;LkwÄ;468;630;669;644;541;165;88;699;Mo,10.03.;
2025;MÄRZ;1189;Shuttleworthstraße;B;229;Leopoldau;Kfz;10014;11121;11149;11089;11182;8663;6714;11480;Mo,31.03.;
2025;MÄRZ;1189;Shuttleworthstraße;B;229;Leopoldau;LkwÄ;467;638;674;654;546;136;81;725;Di,25.03.;
2025;MÄRZ;1189;Shuttleworthstraße;B;229;Gesamt;Kfz;20127;22091;21986;21998;22498;18064;13942;22911;Fr,21.03.;
2025;MÄRZ;1189;Shuttleworthstraße;B;229;Gesamt;LkwÄ;935;1268;1344;1297;1086;301;169;1419;Mo,31.03.;
2025;MÄRZ;1190;Angyalföldstraße;B;3;Kagran;Kfz;6224;6660;6487;6630;6968;6293;4320;7146;Fr,14.03.;
2025;MÄRZ;1190;Angyalföldstraße;B;3;Kagran;LkwÄ;212;277;285;285;244;83;65;307;Mo,17.03.;
2025;MÄRZ;1190;Angyalföldstraße;B;3;Floridsdorf;Kfz;5690;6064;5946;6006;6387;5696;4113;6437;Fr,07.03.;
2025;MÄRZ;1190;Angyalföldstraße;B;3;Floridsdorf;LkwÄ;168;229;234;237;200;45;37;262;Mo,10.03.;
2025;MÄRZ;1190;Angyalföldstraße;B;3;Gesamt;Kfz;11914;12724;12433;12635;13356;11989;8433;13576;Fr,14.03.;
2025;MÄRZ;1190;Angyalföldstraße;B;3;Gesamt;LkwÄ;380;506;518;522;444;129;102;561;Mo,10.03.;
2025;MÄRZ;1191;Wientalstraße;B;1;Zentrum;Kfz;24384;25555;24679;25393;27138;23505;20342;27824;*Fr,21.03.;
2025;MÄRZ;1191;Wientalstraße;B;1;Zentrum;LkwÄ;609;776;760;815;678;327;190;869;*Mi,19.03.;
2025;MÄRZ;1191;Wientalstraße;B;1;St. Pölten;Kfz;23375;24609;23306;24534;26461;22537;19028;27606;Fr,21.03.;
2025;MÄRZ;1191;Wientalstraße;B;1;St. Pölten;LkwÄ;552;716;724;744;620;242;177;787;Mi,19.03.;
2025;MÄRZ;1191;Wientalstraße;B;1;Gesamt;Kfz;47758;50164;47985;49927;53598;46042;39370;55430;*Fr,21.03.;
2025;MÄRZ;1191;Wientalstraße;B;1;Gesamt;LkwÄ;1161;1492;1484;1559;1298;569;367;1656;*Mi,19.03.;
2025;MÄRZ;1192;Hauptstraße;G;0;Zentrum;Kfz;5093;5509;5347;5481;5797;5105;3335;5961;Fr,21.03.;
2025;MÄRZ;1192;Hauptstraße;G;0;Zentrum;LkwÄ;281;342;341;351;314;169;134;381;Di,04.03.;
2025;MÄRZ;1192;Hauptstraße;G;0;St. Pölten;Kfz;5985;6432;6223;6366;6894;6133;3959;7000;Fr,28.03.;
2025;MÄRZ;1192;Hauptstraße;G;0;St. Pölten;LkwÄ;290;349;342;358;332;183;145;392;Do,06.03.;
2025;MÄRZ;1192;Hauptstraße;G;0;Gesamt;Kfz;11078;11942;11571;11847;12690;11238;7294;12912;Fr,28.03.;
2025;MÄRZ;1192;Hauptstraße;G;0;Gesamt;LkwÄ;570;691;684;710;646;352;280;768;Di,04.03.;
2025;MÄRZ;1193;Heiligenstädter Straße;B;14;Zentrum;Kfz;16238;17747;17185;17957;17819;14184;11957;18682;Do,27.03.;
2025;MÄRZ;1193;Heiligenstädter Straße;B;14;Zentrum;LkwÄ;709;938;944;977;816;299;157;1183;Do,27.03.;
2025;MÄRZ;1193;Heiligenstädter Straße;B;14;Klosterneuburg;Kfz;16137;17583;17145;17791;17507;13955;12244;18364;Do,27.03.;
2025;MÄRZ;1193;Heiligenstädter Straße;B;14;Klosterneuburg;LkwÄ;710;940;962;976;802;292;163;1170;Do,27.03.;
2025;MÄRZ;1193;Heiligenstädter Straße;B;14;Gesamt;Kfz;32375;35330;34330;35748;35326;28139;24200;37046;Do,27.03.;
2025;MÄRZ;1193;Heiligenstädter Straße;B;14;Gesamt;LkwÄ;1419;1878;1906;1953;1619;591;320;2353;Do,27.03.;
2025;MÄRZ;1194;Prager Straße;B;3;Zentrum;Kfz;4813;5318;5260;5164;5856;5184;2320;6055;Fr,28.03.;
2025;MÄRZ;1194;Prager Straße;B;3;Zentrum;LkwÄ;163;214;232;212;199;72;42;263;Mo,17.03.;
2025;MÄRZ;1194;Prager Straße;B;3;Langenzersd.;Kfz;4654;5168;5102;5032;5658;4989;2162;5872;Fr,28.03.;
2025;MÄRZ;1194;Prager Straße;B;3;Langenzersd.;LkwÄ;159;210;214;213;196;64;38;244;Mo,17.03.;
2025;MÄRZ;1194;Prager Straße;B;3;Gesamt;Kfz;9467;10486;10362;10196;11514;10173;4482;11927;Fr,28.03.;
2025;MÄRZ;1194;Prager Straße;B;3;Gesamt;LkwÄ;322;424;445;425;395;137;80;507;Mo,17.03.;
2025;MÄRZ;1195;Wagramer Straße;B;8;Zentrum;Kfz;3497;3923;3844;3961;3909;3055;2147;4268;Do,20.03.;
2025;MÄRZ;1195;Wagramer Straße;B;8;Zentrum;LkwÄ;138;177;178;184;155;66;46;214;Di,18.03.;
2025;MÄRZ;1195;Wagramer Straße;B;8;Süßenbrunn;Kfz;3429;3787;3628;3802;3943;3153;2202;4052;Fr,28.03.;
2025;MÄRZ;1195;Wagramer Straße;B;8;Süßenbrunn;LkwÄ;144;184;192;186;170;76;46;217;Di,25.03.;
2025;MÄRZ;1195;Wagramer Straße;B;8;Gesamt;Kfz;6926;7710;7471;7762;7852;6208;4349;8200;Do,20.03.;
2025;MÄRZ;1195;Wagramer Straße;B;8;Gesamt;LkwÄ;283;361;370;370;325;143;92;426;Mi,19.03.;
2025;MÄRZ;1196;Erzherzog-Karl-Str.;B;3;Groß-Enzersdorf;Kfz;10169;11137;10931;11130;11414;9334;6942;11517;*Fr,07.03.;
2025;MÄRZ;1196;Erzherzog-Karl-Str.;B;3;Groß-Enzersdorf;LkwÄ;249;321;319;340;267;115;81;362;*Mi,05.03.;
2025;MÄRZ;1196;Erzherzog-Karl-Str.;B;3;Kagran;Kfz;10682;11795;11733;11714;12114;9409;7281;12341;*Fr,07.03.;
2025;MÄRZ;1196;Erzherzog-Karl-Str.;B;3;Kagran;LkwÄ;505;626;617;635;608;270;234;673;*Mi,05.03.;
2025;MÄRZ;1196;Erzherzog-Karl-Str.;B;3;Gesamt;Kfz;20851;22932;22664;22844;23528;18743;14222;23858;*Fr,07.03.;
2025;MÄRZ;1196;Erzherzog-Karl-Str.;B;3;Gesamt;LkwÄ;754;947;936;975;875;386;316;1035;*Mi,05.03.;
2025;MÄRZ;1198;Brünner Straße;B;7;Zentrum;Kfz;8715;9513;9335;9404;10063;8915;5160;10229;Fr,28.03.;
2025;MÄRZ;1198;Brünner Straße;B;7;Zentrum;LkwÄ;382;506;519;520;445;172;72;552;Di,11.03.;
2025;MÄRZ;1198;Brünner Straße;B;7;Wolkersdorf;Kfz;7440;8204;7978;8147;8660;7322;4345;8923;Fr,21.03.;
2025;MÄRZ;1198;Brünner Straße;B;7;Wolkersdorf;LkwÄ;363;477;497;488;417;183;64;536;Mo,10.03.;
2025;MÄRZ;1198;Brünner Straße;B;7;Gesamt;Kfz;16154;17718;17313;17551;18723;16237;9506;19107;Fr,21.03.;
2025;MÄRZ;1198;Brünner Straße;B;7;Gesamt;LkwÄ;744;982;1016;1008;862;355;135;1082;Mo,10.03.;
2025;MÄRZ;1199;Eßlinger Hauptstraße;B;3;Zentrum;Kfz;8647;9033;8781;8915;9704;8632;7039;9780;*Fr,07.03.;
2025;MÄRZ;1199;Eßlinger Hauptstraße;B;3;Zentrum;LkwÄ;577;743;768;749;692;250;209;817;*Mo,17.03.;
2025;MÄRZ;1199;Eßlinger Hauptstraße;B;3;Groß-Enzersdorf;Kfz;8609;9166;9003;9057;9696;8173;6707;9878;*Fr,07.03.;
2025;MÄRZ;1199;Eßlinger Hauptstraße;B;3;Groß-Enzersdorf;LkwÄ;536;688;693;696;658;248;185;734;*Mo,10.03.;
2025;MÄRZ;1199;Eßlinger Hauptstraße;B;3;Gesamt;Kfz;17256;18199;17784;17972;19400;16804;13746;19658;*Fr,07.03.;
2025;MÄRZ;1199;Eßlinger Hauptstraße;B;3;Gesamt;LkwÄ;1113;1431;1461;1445;1351;498;395;1534;*Mo,10.03.;
2025;MÄRZ;1200;Vorarlberger Allee West;G;0;Zentrum;Kfz;6633;8041;8141;8216;7390;4200;3155;8436;Di,11.03.;
2025;MÄRZ;1200;Vorarlberger Allee West;G;0;Zentrum;LkwÄ;744;1002;1034;1028;886;241;159;1089;Mi,12.03.;
2025;MÄRZ;1200;Vorarlberger Allee West;G;0;S1;Kfz;6526;8011;7789;8170;7815;4122;2693;8698;Do,27.03.;
2025;MÄRZ;1200;Vorarlberger Allee West;G;0;S1;LkwÄ;817;1113;1097;1152;1012;253;137;1207;Do,20.03.;
2025;MÄRZ;1200;Vorarlberger Allee West;G;0;Gesamt;Kfz;13160;16052;15929;16386;15204;8322;5848;16895;Do,27.03.;
2025;MÄRZ;1200;Vorarlberger Allee West;G;0;Gesamt;LkwÄ;1560;2115;2132;2180;1897;494;296;2262;Mi,26.03.;
2025;MÄRZ;1201;Vorarlberger Allee Ost;G;0;Laxenburger Str.;Kfz;3508;4421;4317;4495;4326;2037;1147;5216;Do,20.03.;
2025;MÄRZ;1201;Vorarlberger Allee Ost;G;0;Laxenburger Str.;LkwÄ;748;1011;1005;1044;921;246;146;1126;Do,20.03.;
2025;MÄRZ;1201;Vorarlberger Allee Ost;G;0;S1;Kfz;3396;4233;4337;4274;3982;2054;1221;4642;Mo,03.03.;
2025;MÄRZ;1201;Vorarlberger Allee Ost;G;0;S1;LkwÄ;594;799;839;813;708;195;135;873;Mo,03.03.;
2025;MÄRZ;1201;Vorarlberger Allee Ost;G;0;Gesamt;Kfz;6904;8654;8653;8770;8308;4091;2368;9520;Do,20.03.;
2025;MÄRZ;1201;Vorarlberger Allee Ost;G;0;Gesamt;LkwÄ;1343;1810;1843;1857;1629;441;281;1937;Do,13.03.;
2025;MÄRZ;1202;Spange Vösendorf;G;0;Vösendorf;Kfz;6401;7325;7349;7340;7246;5411;3515;7756;Do,06.03.;
2025;MÄRZ;1202;Spange Vösendorf;G;0;Vösendorf;LkwÄ;354;489;498;510;414;86;57;572;Mo,31.03.;
2025;MÄRZ;1202;Spange Vösendorf;G;0;S1;Kfz;6236;7400;7259;7445;7441;5018;2566;8004;Do,20.03.;
2025;MÄRZ;1202;Spange Vösendorf;G;0;S1;LkwÄ;351;488;496;508;416;90;36;549;Mi,26.03.;
2025;MÄRZ;1202;Spange Vösendorf;G;0;Gesamt;Kfz;12637;14724;14608;14785;14687;10429;6081;15465;Do,20.03.;
2025;MÄRZ;1202;Spange Vösendorf;G;0;Gesamt;LkwÄ;705;977;995;1019;830;175;93;1111;Mo,31.03.;
2025;MÄRZ;1203;Maria-Theresien-Straße;G;0;Franz-Josef-Kai;Kfz;9898;10982;10329;11250;10994;8457;6786;12162;Do,20.03.;
2025;MÄRZ;1203;Maria-Theresien-Straße;G;0;Franz-Josef-Kai;LkwÄ;308;398;417;407;345;155;86;485;Mo,31.03.;
2025;MÄRZ;1203;Maria-Theresien-Straße;G;0;-;Kfz;-29;-29;-29;-29;-29;-29;-29;-29;0.00.;
2025;MÄRZ;1203;Maria-Theresien-Straße;G;0;-;LkwÄ;-29;-29;-29;-29;-29;-29;-29;-29;0.00.;
2025;MÄRZ;1203;Maria-Theresien-Straße;G;0;Gesamt;Kfz;-29;-29;-29;-29;-29;-29;-29;-29;0.00.;
2025;MÄRZ;1203;Maria-Theresien-Straße;G;0;Gesamt;LkwÄ;-29;-29;-29;-29;-29;-29;-29;-29;0.00.;
2025;MÄRZ;1204;Türkenstraße;G;0;Währinger Straße;Kfz;14155;15756;15083;16059;15688;11859;9725;16956;Mi,26.03.;
2025;MÄRZ;1204;Türkenstraße;G;0;Währinger Straße;LkwÄ;358;472;485;485;418;152;86;533;Mi,26.03.;
2025;MÄRZ;1204;Türkenstraße;G;0;-;Kfz;-29;-29;-29;-29;-29;-29;-29;-29;0.00.;
2025;MÄRZ;1204;Türkenstraße;G;0;-;LkwÄ;-29;-29;-29;-29;-29;-29;-29;-29;0.00.;
2025;MÄRZ;1204;Türkenstraße;G;0;Gesamt;Kfz;-29;-29;-29;-29;-29;-29;-29;-29;0.00.;
2025;MÄRZ;1204;Türkenstraße;G;0;Gesamt;LkwÄ;-29;-29;-29;-29;-29;-29;-29;-29;0.00.;
2025;MÄRZ;1205;Hernalser Hauptstraße;G;0;Zentrum;Kfz;8594;8817;8623;8746;9269;8514;7738;9443;Fr,21.03.;
2025;MÄRZ;1205;Hernalser Hauptstraße;G;0;Zentrum;LkwÄ;185;239;235;246;222;91;51;280;Mi,26.03.;
2025;MÄRZ;1205;Hernalser Hauptstraße;G;0;Dornbach;Kfz;7686;7907;7723;7900;8158;7581;6862;8377;Fr,07.03.;
2025;MÄRZ;1205;Hernalser Hauptstraße;G;0;Dornbach;LkwÄ;148;196;203;199;177;64;31;228;Mi,26.03.;
2025;MÄRZ;1205;Hernalser Hauptstraße;G;0;Gesamt;Kfz;16280;16723;16347;16646;17426;16095;14600;17655;Fr,07.03.;
2025;MÄRZ;1205;Hernalser Hauptstraße;G;0;Gesamt;LkwÄ;333;434;438;445;400;155;82;508;Mi,26.03.;
2025;MÄRZ;1206;Hütteldorfer Straße;G;0;Zentrum;Kfz;4954;5357;5169;5337;5650;4549;3665;5829;Fr,07.03.;
2025;MÄRZ;1206;Hütteldorfer Straße;G;0;Zentrum;LkwÄ;60;81;82;85;68;20;11;103;Do,06.03.;
2025;MÄRZ;1206;Hütteldorfer Straße;G;0;Hütteldorf;Kfz;4273;4553;4352;4565;4770;4123;3247;4937;Fr,28.03.;
2025;MÄRZ;1206;Hütteldorfer Straße;G;0;Hütteldorf;LkwÄ;55;73;73;78;56;20;17;104;Do,20.03.;
2025;MÄRZ;1206;Hütteldorfer Straße;G;0;Gesamt;Kfz;9227;9910;9521;9902;10420;8672;6912;10682;Fr,07.03.;
2025;MÄRZ;1206;Hütteldorfer Straße;G;0;Gesamt;LkwÄ;115;154;154;163;124;41;28;191;Do,06.03.;
2025;MÄRZ;1207;Altmannsdorfer Straße II;B;224;Zentrum;Kfz;21076;21933;21331;21935;22680;19921;18631;22922;Fr,28.03.;
2025;MÄRZ;1207;Altmannsdorfer Straße II;B;224;Zentrum;LkwÄ;903;1230;1263;1259;1104;256;174;1340;Do,20.03.;
2025;MÄRZ;1207;Altmannsdorfer Straße II;B;224;Vösendorf;Kfz;25206;26507;25650;26632;27204;24286;20658;27660;Do,13.03.;
2025;MÄRZ;1207;Altmannsdorfer Straße II;B;224;Vösendorf;LkwÄ;957;1280;1296;1330;1112;358;199;1379;Mi,12.03.;
2025;MÄRZ;1207;Altmannsdorfer Straße II;B;224;Gesamt;Kfz;46281;48440;46981;48567;49884;44207;39289;50386;Fr,28.03.;
2025;MÄRZ;1207;Altmannsdorfer Straße II;B;224;Gesamt;LkwÄ;1860;2511;2559;2589;2216;614;373;2664;Mi,12.03.;
2025;MÄRZ;1208;Wienerbergstraße;B;225;Breitenfurter Straße;Kfz;10429;11722;11489;11897;11490;8350;7074;12314;Do,20.03.;
2025;MÄRZ;1208;Wienerbergstraße;B;225;Breitenfurter Straße;LkwÄ;516;629;628;650;569;295;258;694;Mi,26.03.;
2025;MÄRZ;1208;Wienerbergstraße;B;225;Triester Straße;Kfz;9368;10655;10497;10780;10476;7277;6055;11058;Mi,19.03.;
2025;MÄRZ;1208;Wienerbergstraße;B;225;Triester Straße;LkwÄ;555;693;698;700;668;285;243;736;Mo,24.03.;
2025;MÄRZ;1208;Wienerbergstraße;B;225;Gesamt;Kfz;19797;22377;21986;22677;21966;15627;13129;23083;Mi,19.03.;
2025;MÄRZ;1208;Wienerbergstraße;B;225;Gesamt;LkwÄ;1070;1323;1325;1350;1237;580;501;1418;Mi,26.03.;
2025;MÄRZ;1209;Atzgersdorfer Straße;G;0;Stranzenberg Brücke;Kfz;8783;9863;9531;10007;9846;7139;5888;10538;Do,27.03.;
2025;MÄRZ;1209;Atzgersdorfer Straße;G;0;Stranzenberg Brücke;LkwÄ;237;304;299;316;275;109;85;344;Do,20.03.;
2025;MÄRZ;1209;Atzgersdorfer Straße;G;0;Rosenhügelstraße;Kfz;9498;10568;10134;10770;10505;7664;6839;11075;*Mi,26.03.;
2025;MÄRZ;1209;Atzgersdorfer Straße;G;0;Rosenhügelstraße;LkwÄ;231;290;293;299;258;112;105;333;*Do,20.03.;
2025;MÄRZ;1209;Atzgersdorfer Straße;G;0;Gesamt;Kfz;18281;20431;19664;20777;20352;14803;12727;21402;*Do,27.03.;
2025;MÄRZ;1209;Atzgersdorfer Straße;G;0;Gesamt;LkwÄ;469;594;592;616;533;221;190;677;*Do,20.03.;
2025;MÄRZ;1210;Koppstraße;B;223;stadtauswärts;Kfz;16109;16525;16219;16478;17051;15756;14714;17474;Fr,28.03.;
2025;MÄRZ;1210;Koppstraße;B;223;stadtauswärts;LkwÄ;439;548;544;558;523;243;174;583;Di,25.03.;
2025;MÄRZ;1210;Koppstraße;B;223;Einbahnstraße;Kfz;-29;-29;-29;-29;-29;-29;-29;-29;0.00.;
2025;MÄRZ;1210;Koppstraße;B;223;Einbahnstraße;LkwÄ;-29;-29;-29;-29;-29;-29;-29;-29;0.00.;
2025;MÄRZ;1210;Koppstraße;B;223;Gesamt;Kfz;-29;-29;-29;-29;-29;-29;-29;-29;0.00.;
2025;MÄRZ;1210;Koppstraße;B;223;Gesamt;LkwÄ;-29;-29;-29;-29;-29;-29;-29;-29;0.00.;
2025;MÄRZ;1211;Laxenburger Straße II;B;230;Zentrum;Kfz;7304;8816;8857;9001;8207;4610;3647;9384;Di,25.03.;
2025;MÄRZ;1211;Laxenburger Straße II;B;230;Zentrum;LkwÄ;1506;1942;1954;1987;1793;686;491;2106;Mo,24.03.;
2025;MÄRZ;1211;Laxenburger Straße II;B;230;S1;Kfz;8190;10123;10060;10218;9918;5030;3226;10969;Do,27.03.;
2025;MÄRZ;1211;Laxenburger Straße II;B;230;S1;LkwÄ;1603;2106;2163;2142;1929;642;452;2343;Do,27.03.;
2025;MÄRZ;1211;Laxenburger Straße II;B;230;Gesamt;Kfz;15493;18939;18917;19219;18126;9641;6874;20249;Do,20.03.;
2025;MÄRZ;1211;Laxenburger Straße II;B;230;Gesamt;LkwÄ;3109;4049;4116;4129;3722;1328;943;4366;Do,27.03.;
2025;MÄRZ;1212;Donaustadtstraße II;B;3;A 23;Kfz;10473;11570;11207;11690;11661;9151;7188;12008;Do,13.03.;
2025;MÄRZ;1212;Donaustadtstraße II;B;3;A 23;LkwÄ;513;683;683;707;610;184;131;776;Mi,05.03.;
2025;MÄRZ;1212;Donaustadtstraße II;B;3;Erzherzog-Karl-Str.;Kfz;8621;9037;8864;9006;9347;8297;7196;9636;Fr,07.03.;
2025;MÄRZ;1212;Donaustadtstraße II;B;3;Erzherzog-Karl-Str.;LkwÄ;492;649;666;660;592;188;137;784;Mo,24.03.;
2025;MÄRZ;1212;Donaustadtstraße II;B;3;Gesamt;Kfz;19093;20607;20071;20696;21008;17448;14384;21642;Fr,07.03.;
2025;MÄRZ;1212;Donaustadtstraße II;B;3;Gesamt;LkwÄ;1005;1332;1350;1368;1202;372;268;1536;Mi,05.03.;
2025;MÄRZ;1213;Burggasse II;G;0;Zentrum;Kfz;8424;8744;8185;8777;9343;8655;6849;9549;Fr,28.03.;
2025;MÄRZ;1213;Burggasse II;G;0;Zentrum;LkwÄ;357;433;430;438;425;227;168;464;Di,11.03.;
2025;MÄRZ;1213;Burggasse II;G;0;Gablenzgasse;Kfz;-29;-29;-29;-29;-29;-29;-29;-29;0.00.;
2025;MÄRZ;1213;Burggasse II;G;0;Gablenzgasse;LkwÄ;-29;-29;-29;-29;-29;-29;-29;-29;0.00.;
2025;MÄRZ;1213;Burggasse II;G;0;Gesamt;Kfz;-29;-29;-29;-29;-29;-29;-29;-29;0.00.;
2025;MÄRZ;1213;Burggasse II;G;0;Gesamt;LkwÄ;-29;-29;-29;-29;-29;-29;-29;-29;0.00.;
2025;MÄRZ;1214;Neustiftgasse II;G;0;Koppstraße;Kfz;9856;10038;9561;10023;10678;10282;8667;10975;Fr,14.03.;
2025;MÄRZ;1214;Neustiftgasse II;G;0;Koppstraße;LkwÄ;326;403;399;413;378;192;136;476;Di,04.03.;
2025;MÄRZ;1214;Neustiftgasse II;G;0;Zentrum;Kfz;-29;-29;-29;-29;-29;-29;-29;-29;0.00.;
2025;MÄRZ;1214;Neustiftgasse II;G;0;Zentrum;LkwÄ;-29;-29;-29;-29;-29;-29;-29;-29;0.00.;
2025;MÄRZ;1214;Neustiftgasse II;G;0;Gesamt;Kfz;-29;-29;-29;-29;-29;-29;-29;-29;0.00.;
2025;MÄRZ;1214;Neustiftgasse II;G;0;Gesamt;LkwÄ;-29;-29;-29;-29;-29;-29;-29;-29;0.00.;
2025;MÄRZ;1215;Erzherzog-Karl-Straße III;B;3;Genochplatz;Kfz;12385;12600;12259;12407;13607;12876;10992;13893;Fr,28.03.;
2025;MÄRZ;1215;Erzherzog-Karl-Straße III;B;3;Genochplatz;LkwÄ;595;786;815;811;676;220;168;864;Di,25.03.;
2025;MÄRZ;1215;Erzherzog-Karl-Straße III;B;3;Siegesplatz;Kfz;14043;14748;14359;14680;15438;13528;11598;15565;Fr,28.03.;
2025;MÄRZ;1215;Erzherzog-Karl-Straße III;B;3;Siegesplatz;LkwÄ;616;813;838;842;696;228;175;905;Mi,19.03.;
2025;MÄRZ;1215;Erzherzog-Karl-Straße III;B;3;Gesamt;Kfz;26429;27348;26617;27087;29045;26404;22591;29458;Fr,28.03.;
2025;MÄRZ;1215;Erzherzog-Karl-Straße III;B;3;Gesamt;LkwÄ;1211;1599;1652;1653;1372;448;344;1754;Di,25.03.;
2025;MÄRZ;1216;Perchtoldsdorfer Straße;G;0;stadteinwärts;Kfz;3635;3985;3813;3997;4168;3172;2629;4211;Fr,28.03.;
2025;MÄRZ;1216;Perchtoldsdorfer Straße;G;0;stadteinwärts;LkwÄ;161;195;194;194;195;98;84;209;Do,27.03.;
2025;MÄRZ;1216;Perchtoldsdorfer Straße;G;0;stadtauswärts;Kfz;3113;3391;3280;3358;3629;2739;2318;3654;Fr,28.03.;
2025;MÄRZ;1216;Perchtoldsdorfer Straße;G;0;stadtauswärts;LkwÄ;95;114;107;119;110;62;48;139;Mi,12.03.;
2025;MÄRZ;1216;Perchtoldsdorfer Straße;G;0;Gesamt;Kfz;6748;7376;7093;7354;7796;5912;4947;7865;Fr,28.03.;
2025;MÄRZ;1216;Perchtoldsdorfer Straße;G;0;Gesamt;LkwÄ;256;309;301;313;306;160;131;336;Mi,12.03.;
2025;MÄRZ;1217;Museumstraße;G;0;Landesgerichtsstraße;Kfz;5473;6211;5798;6261;6577;4499;3350;8215;Fr,07.03.;
2025;MÄRZ;1217;Museumstraße;G;0;Landesgerichtsstraße;LkwÄ;104;138;135;142;130;42;24;168;Di,11.03.;
2025;MÄRZ;1217;Museumstraße;G;0;Getreidemarkt;Kfz;11583;12703;11955;12868;13143;10201;8259;13426;Do,27.03.;
2025;MÄRZ;1217;Museumstraße;G;0;Getreidemarkt;LkwÄ;253;322;308;333;306;122;97;366;*Do,20.03.;
2025;MÄRZ;1217;Museumstraße;G;0;Gesamt;Kfz;17056;18914;17753;19129;19720;14699;11609;21291;Fr,07.03.;
2025;MÄRZ;1217;Museumstraße;G;0;Gesamt;LkwÄ;357;460;443;474;436;164;121;512;*Mi,26.03.;
2025;MÄRZ;1218;Spange Leopoldsdorf;G;0;Leopoldsdorfer Straß;Kfz;4437;4972;4778;4979;5194;3577;3047;5485;Fr,21.03.;
2025;MÄRZ;1218;Spange Leopoldsdorf;G;0;Leopoldsdorfer Straß;LkwÄ;107;149;148;159;119;25;11;206;Do,27.03.;
2025;MÄRZ;1218;Spange Leopoldsdorf;G;0;Himberger Straße;Kfz;4377;4982;4772;5120;4826;3238;2975;5931;Do,20.03.;
2025;MÄRZ;1218;Spange Leopoldsdorf;G;0;Himberger Straße;LkwÄ;114;160;161;173;118;26;12;225;Do,27.03.;
2025;MÄRZ;1218;Spange Leopoldsdorf;G;0;Gesamt;Kfz;8813;9954;9550;10100;10020;6814;6022;11285;Do,20.03.;
2025;MÄRZ;1218;Spange Leopoldsdorf;G;0;Gesamt;LkwÄ;221;309;309;333;237;51;23;431;Do,27.03.;
2025;MÄRZ;1219;Barawitzkagasse;G;0;Heiligenstädter Str.;Kfz;11160;11905;11582;11939;12208;10344;8845;12416;Fr,21.03.;
2025;MÄRZ;1219;Barawitzkagasse;G;0;Heiligenstädter Str.;LkwÄ;509;610;601;629;563;332;264;663;Do,20.03.;
2025;MÄRZ;1219;Barawitzkagasse;G;0;Ruthgasse;Kfz;8959;9513;9316;9556;9631;8232;7358;9821;Mi,05.03.;
2025;MÄRZ;1219;Barawitzkagasse;G;0;Ruthgasse;LkwÄ;438;527;513;548;480;271;232;591;Do,06.03.;
2025;MÄRZ;1219;Barawitzkagasse;G;0;Gesamt;Kfz;20119;21418;20898;21495;21838;18576;16204;22084;Fr,07.03.;
2025;MÄRZ;1219;Barawitzkagasse;G;0;Gesamt;LkwÄ;947;1137;1114;1177;1043;603;495;1238;Do,06.03.;
2025;MÄRZ;1220;Am Heumarkt;B;1;Schwarzenbergplatz;Kfz;6674;7582;7293;7796;7304;5242;4295;8125;Mi,26.03.;
2025;MÄRZ;1220;Am Heumarkt;B;1;Schwarzenbergplatz;LkwÄ;171;212;213;222;181;102;67;252;*Mo,24.03.;
2025;MÄRZ;1220;Am Heumarkt;B;1;Urania;Kfz;15634;16915;15037;17562;17323;14327;11557;19341;Do,20.03.;
2025;MÄRZ;1220;Am Heumarkt;B;1;Urania;LkwÄ;565;711;725;718;676;272;243;1046;*Mo,24.03.;
2025;MÄRZ;1220;Am Heumarkt;B;1;Gesamt;Kfz;22308;24497;22329;25358;24627;19569;15852;27138;Do,20.03.;
2025;MÄRZ;1220;Am Heumarkt;B;1;Gesamt;LkwÄ;736;924;938;940;857;374;310;1298;*Mo,24.03.;
2025;MÄRZ;1221;Grenzackerstraße;B;225;Laxenburger Straße;Kfz;15188;15753;15461;15690;16306;14659;13343;16532;Fr,21.03.;
2025;MÄRZ;1221;Grenzackerstraße;B;225;Laxenburger Straße;LkwÄ;436;574;616;607;421;163;131;686;*Di,25.03.;
2025;MÄRZ;1221;Grenzackerstraße;B;225;Verteilerkreis;Kfz;14009;14557;14447;14425;15089;13494;12223;16111;Fr,07.03.;
2025;MÄRZ;1221;Grenzackerstraße;B;225;Verteilerkreis;LkwÄ;519;661;676;672;606;256;187;734;Mi,19.03.;
2025;MÄRZ;1221;Grenzackerstraße;B;225;Gesamt;Kfz;29196;30309;29908;30114;31396;28154;25565;32350;Fr,07.03.;
2025;MÄRZ;1221;Grenzackerstraße;B;225;Gesamt;LkwÄ;955;1234;1292;1279;1027;419;317;1340;*Mo,10.03.;
2025;MÄRZ;1222;Universitätsring;G;0;Schottenring;Kfz;23282;24893;23857;25304;24955;21595;18203;26715;Fr,21.03.;
2025;MÄRZ;1222;Universitätsring;G;0;Schottenring;LkwÄ;555;687;691;701;642;332;220;903;Do,06.03.;
2025;MÄRZ;1222;Universitätsring;G;0;Einbahnstraße;Kfz;-29;-29;-29;-29;-29;-29;-29;-29;0.00.;
2025;MÄRZ;1222;Universitätsring;G;0;Einbahnstraße;LkwÄ;-29;-29;-29;-29;-29;-29;-29;-29;0.00.;
2025;MÄRZ;1222;Universitätsring;G;0;Gesamt;Kfz;-29;-29;-29;-29;-29;-29;-29;-29;0.00.;
2025;MÄRZ;1222;Universitätsring;G;0;Gesamt;LkwÄ;-29;-29;-29;-29;-29;-29;-29;-29;0.00.;
2025;MÄRZ;1223;Adalbert-Stifter-Straße;B;226;Gürtelbrücke;Kfz;9508;10064;9368;10449;9781;8948;7731;10965;Do,20.03.;
2025;MÄRZ;1223;Adalbert-Stifter-Straße;B;226;Gürtelbrücke;LkwÄ;553;650;538;725;564;389;311;1101;*Do,06.03.;
2025;MÄRZ;1223;Adalbert-Stifter-Straße;B;226;Floridsdorfer Brücke;Kfz;9984;10663;10383;10706;10882;9388;7728;11437;Mi,19.03.;
2025;MÄRZ;1223;Adalbert-Stifter-Straße;B;226;Floridsdorfer Brücke;LkwÄ;339;434;443;452;367;163;114;590;Do,20.03.;
2025;MÄRZ;1223;Adalbert-Stifter-Straße;B;226;Gesamt;Kfz;19492;20727;19751;21155;20664;18336;15459;22290;Mi,19.03.;
2025;MÄRZ;1223;Adalbert-Stifter-Straße;B;226;Gesamt;LkwÄ;892;1084;980;1178;932;552;425;1560;*Do,06.03.;
2025;MÄRZ;1224;Wagramer Str. II;B;8;Reichsbrücke;Kfz;9917;11064;10885;11127;11102;8887;6130;11804;Do,20.03.;
2025;MÄRZ;1224;Wagramer Str. II;B;8;Reichsbrücke;LkwÄ;398;550;583;575;436;96;60;675;Do,20.03.;
2025;MÄRZ;1224;Wagramer Str. II;B;8;Süßenbrunn;Kfz;8830;9548;9423;9362;10259;8902;5743;10590;Fr,28.03.;
2025;MÄRZ;1224;Wagramer Str. II;B;8;Süßenbrunn;LkwÄ;239;335;364;344;270;50;25;419;Mo,24.03.;
2025;MÄRZ;1224;Wagramer Str. II;B;8;Gesamt;Kfz;18747;20612;20308;20489;21360;17788;11873;21502;Do,20.03.;
2025;MÄRZ;1224;Wagramer Str. II;B;8;Gesamt;LkwÄ;637;885;947;919;706;146;85;1036;Do,20.03.;
2025;MÄRZ;1600;Schönbrunner Straße;B;1;Zentrum;Kfz;17341;18090;17411;18134;18803;16394;15146;19663;Fr,28.03.;
2025;MÄRZ;1600;Schönbrunner Straße;B;1;Zentrum;LkwÄ;802;1027;1063;1059;883;399;261;1157;Do,27.03.;
2025;MÄRZ;1600;Schönbrunner Straße;B;1;Stadtauswärts;Kfz;-29;-29;-29;-29;-29;-29;-29;-29;0.00.;
2025;MÄRZ;1600;Schönbrunner Straße;B;1;Stadtauswärts;LkwÄ;-29;-29;-29;-29;-29;-29;-29;-29;0.00.;
2025;MÄRZ;1600;Schönbrunner Straße;B;1;Gesamt;Kfz;-29;-29;-29;-29;-29;-29;-29;-29;0.00.;
2025;MÄRZ;1600;Schönbrunner Straße;B;1;Gesamt;LkwÄ;-29;-29;-29;-29;-29;-29;-29;-29;0.00.;
2025;MÄRZ;1603;Hirschstettner Straße;G;0;Kagran;Kfz;7283;7584;7484;7460;8082;7527;5771;8378;Fr,28.03.;
2025;MÄRZ;1603;Hirschstettner Straße;G;0;Kagran;LkwÄ;330;399;427;392;388;221;148;458;Mo,31.03.;
2025;MÄRZ;1603;Hirschstettner Straße;G;0;S2;Kfz;7612;8149;8134;8119;8258;7536;5432;8463;Do,20.03.;
2025;MÄRZ;1603;Hirschstettner Straße;G;0;S2;LkwÄ;312;384;382;399;339;187;135;435;Di,04.03.;
2025;MÄRZ;1603;Hirschstettner Straße;G;0;Gesamt;Kfz;14894;15733;15619;15579;16340;15063;11204;16811;Fr,28.03.;
2025;MÄRZ;1603;Hirschstettner Straße;G;0;Gesamt;LkwÄ;642;783;809;790;728;408;282;860;Do,13.03.;
2025;MÄRZ;1607;Weißgerberlände;B;227;A4;Kfz;26941;29117;28196;29537;29009;23641;21100;30713;*Do,20.03.;
2025;MÄRZ;1607;Weißgerberlände;B;227;A4;LkwÄ;599;789;813;814;682;231;173;881;*Mo,24.03.;
2025;MÄRZ;1607;Weißgerberlände;B;227;Zentrum;Kfz;-29;-29;-29;-29;-29;-29;-29;-29;0.00.;
2025;MÄRZ;1607;Weißgerberlände;B;227;Zentrum;LkwÄ;-29;-29;-29;-29;-29;-29;-29;-29;0.00.;
2025;MÄRZ;1607;Weißgerberlände;B;227;Gesamt;Kfz;-29;-29;-29;-29;-29;-29;-29;-29;0.00.;
2025;MÄRZ;1607;Weißgerberlände;B;227;Gesamt;LkwÄ;-29;-29;-29;-29;-29;-29;-29;-29;0.00.;
2025;MÄRZ;1608;Margaretengürtel/Matzl.Pl;B;221;A23;Kfz;23269;23949;23402;23852;24922;22522;21161;25282;Fr,07.03.;
2025;MÄRZ;1608;Margaretengürtel/Matzl.Pl;B;221;A23;LkwÄ;3724;4445;4533;4541;4048;2406;2014;4669;Mi,19.03.;
2025;MÄRZ;1608;Margaretengürtel/Matzl.Pl;B;221;Wienzeile;Kfz;22947;24093;23436;24037;25080;21330;19749;25369;Fr,28.03.;
2025;MÄRZ;1608;Margaretengürtel/Matzl.Pl;B;221;Wienzeile;LkwÄ;797;1033;1041;1059;942;366;238;1117;Do,20.03.;
2025;MÄRZ;1608;Margaretengürtel/Matzl.Pl;B;221;Gesamt;Kfz;46216;48041;46838;47889;50003;43852;40911;50334;Fr,28.03.;
2025;MÄRZ;1608;Margaretengürtel/Matzl.Pl;B;221;Gesamt;LkwÄ;4521;5478;5574;5600;4990;2772;2252;5764;Mi,19.03.;
2025;MÄRZ;1611;Simmeringer Hauptstr. II;B;225;Schwechat;Kfz;8106;8657;8529;8552;9133;7303;6593;11067;Fr,21.03.;
2025;MÄRZ;1611;Simmeringer Hauptstr. II;B;225;Schwechat;LkwÄ;370;497;509;514;430;121;83;683;Do,27.03.;
2025;MÄRZ;1611;Simmeringer Hauptstr. II;B;225;Zentrum;Kfz;7271;7710;7540;7717;7904;6465;6229;8379;Fr,28.03.;
2025;MÄRZ;1611;Simmeringer Hauptstr. II;B;225;Zentrum;LkwÄ;504;641;636;667;568;227;206;724;Do,06.03.;
2025;MÄRZ;1611;Simmeringer Hauptstr. II;B;225;Gesamt;Kfz;15376;16367;16069;16269;17037;13768;12822;19386;Fr,21.03.;
2025;MÄRZ;1611;Simmeringer Hauptstr. II;B;225;Gesamt;LkwÄ;873;1138;1145;1181;998;348;289;1404;Do,27.03.;
2025;MÄRZ;1612;Längenfeldgasse;G;0;Eichenstraße;Kfz;11892;12908;12716;12995;12888;10748;8767;14692;Do,20.03.;
2025;MÄRZ;1612;Längenfeldgasse;G;0;Eichenstraße;LkwÄ;308;381;405;392;318;173;137;432;Do,27.03.;
2025;MÄRZ;1612;Längenfeldgasse;G;0;Wienerbergstraße;Kfz;8054;8784;8530;8815;9009;6958;6082;9392;Fr,07.03.;
2025;MÄRZ;1612;Längenfeldgasse;G;0;Wienerbergstraße;LkwÄ;376;463;476;473;415;206;181;516;Mi,12.03.;
2025;MÄRZ;1612;Längenfeldgasse;G;0;Gesamt;Kfz;19946;21693;21246;21810;21897;17706;14850;23637;Do,20.03.;
2025;MÄRZ;1612;Längenfeldgasse;G;0;Gesamt;LkwÄ;684;843;880;865;733;379;317;917;Mo,17.03.;
2025;MÄRZ;1613;Lainzer Straße;G;0;Zentrum;Kfz;4752;5309;5185;5317;5438;3843;3320;5625;Mi,26.03.;
2025;MÄRZ;1613;Lainzer Straße;G;0;Zentrum;LkwÄ;382;458;455;475;409;222;226;525;Di,18.03.;
2025;MÄRZ;1613;Lainzer Straße;G;0;Fasangartengasse;Kfz;6517;7212;7033;7299;7173;5388;4727;7488;Mi,26.03.;
2025;MÄRZ;1613;Lainzer Straße;G;0;Fasangartengasse;LkwÄ;515;618;631;634;554;323;271;729;Di,18.03.;
2025;MÄRZ;1613;Lainzer Straße;G;0;Gesamt;Kfz;11268;12520;12218;12616;12611;9231;8047;13113;Mi,26.03.;
2025;MÄRZ;1613;Lainzer Straße;G;0;Gesamt;LkwÄ;897;1076;1086;1109;963;545;497;1254;Di,18.03.;
2025;MÄRZ;1614;Maxingstraße;G;0;Montecuccoliplatz;Kfz;4605;5066;4866;5151;5063;3747;3523;5315;Mi,26.03.;
2025;MÄRZ;1614;Maxingstraße;G;0;Montecuccoliplatz;LkwÄ;341;401;394;410;384;222;210;431;Mi,26.03.;
2025;MÄRZ;1614;Maxingstraße;G;0;Zentrum;Kfz;7192;8017;7720;8155;7976;5676;5242;8428;Do,27.03.;
2025;MÄRZ;1614;Maxingstraße;G;0;Zentrum;LkwÄ;635;777;771;806;699;350;322;863;Di,25.03.;
2025;MÄRZ;1614;Maxingstraße;G;0;Gesamt;Kfz;11797;13083;12585;13306;13039;9424;8765;13717;Mi,26.03.;
2025;MÄRZ;1614;Maxingstraße;G;0;Gesamt;LkwÄ;976;1178;1165;1215;1084;572;532;1285;Mi,26.03.;
2025;MÄRZ;1615;Gablenzgasse;B;223;Zentrum;Kfz;15651;16122;15758;15964;17052;15851;13469;17318;Fr,28.03.;
2025;MÄRZ;1615;Gablenzgasse;B;223;Zentrum;LkwÄ;343;428;451;432;390;203;126;544;Mo,31.03.;
2025;MÄRZ;1615;Gablenzgasse;B;223;Stadtauswärts;Kfz;-29;-29;-29;-29;-29;-29;-29;-29;0.00.;
2025;MÄRZ;1615;Gablenzgasse;B;223;Stadtauswärts;LkwÄ;-29;-29;-29;-29;-29;-29;-29;-29;0.00.;
2025;MÄRZ;1615;Gablenzgasse;B;223;Gesamt;Kfz;-29;-29;-29;-29;-29;-29;-29;-29;0.00.;
2025;MÄRZ;1615;Gablenzgasse;B;223;Gesamt;LkwÄ;-29;-29;-29;-29;-29;-29;-29;-29;0.00.;
2025;MÄRZ;1616;Gersthofer Straße;G;0;Lidlgasse;Kfz;7523;8111;7857;8262;7977;6701;5877;8519;Mi,26.03.;
2025;MÄRZ;1616;Gersthofer Straße;G;0;Lidlgasse;LkwÄ;702;821;835;876;641;358;543;950;*Mi,19.03.;
2025;MÄRZ;1616;Gersthofer Straße;G;0;Türkenschanz-Park;Kfz;8288;8912;8631;9056;8832;7499;6458;9381;Fr,21.03.;
2025;MÄRZ;1616;Gersthofer Straße;G;0;Türkenschanz-Park;LkwÄ;960;1155;1106;1206;1063;581;518;1333;Do,20.03.;
2025;MÄRZ;1616;Gersthofer Straße;G;0;Gesamt;Kfz;15812;17023;16487;17318;16809;14200;12335;17871;Mi,26.03.;
2025;MÄRZ;1616;Gersthofer Straße;G;0;Gesamt;LkwÄ;1661;1976;1942;2081;1704;940;1060;2205;*Mi,26.03.;
2025;MÄRZ;1617;Angerer Straße;G;0;Brünner Straße;Kfz;6633;7084;6928;6987;7570;6281;5089;7688;Fr,14.03.;
2025;MÄRZ;1617;Angerer Straße;G;0;Brünner Straße;LkwÄ;220;296;262;321;262;72;47;376;*Do,20.03.;
2025;MÄRZ;1617;Angerer Straße;G;0;Donaufelder Str.;Kfz;6114;6430;6257;6391;6761;5830;5073;7347;Fr,28.03.;
2025;MÄRZ;1617;Angerer Straße;G;0;Donaufelder Str.;LkwÄ;74;100;108;105;77;25;14;148;*Mi,26.03.;
2025;MÄRZ;1617;Angerer Straße;G;0;Gesamt;Kfz;12747;13514;13185;13378;14330;12111;10162;14870;Fr,28.03.;
2025;MÄRZ;1617;Angerer Straße;G;0;Gesamt;LkwÄ;294;396;371;426;339;97;62;484;*Do,27.03.;
2025;MÄRZ;1618;Siemensstraße;B;229;Leopoldauer Platz;Kfz;7777;8459;8400;8484;8460;6958;5730;9005;Fr,21.03.;
2025;MÄRZ;1618;Siemensstraße;B;229;Leopoldauer Platz;LkwÄ;850;1079;1099;1121;928;418;320;1176;Do,06.03.;
2025;MÄRZ;1618;Siemensstraße;B;229;Siemensplatz;Kfz;7686;8394;8311;8362;8592;6989;5414;8854;Fr,28.03.;
2025;MÄRZ;1618;Siemensstraße;B;229;Siemensplatz;LkwÄ;938;1189;1218;1224;1049;473;349;1294;Do,27.03.;
2025;MÄRZ;1618;Siemensstraße;B;229;Gesamt;Kfz;15463;16853;16711;16846;17052;13947;11144;17837;Fr,28.03.;
2025;MÄRZ;1618;Siemensstraße;B;229;Gesamt;LkwÄ;1788;2268;2317;2345;1978;890;669;2439;Mo,10.03.;
2025;MÄRZ;1619;Breitenfurter Straße II;B;13;Liesinger Platz;Kfz;7884;8661;8522;8560;9140;7209;5294;9292;Fr,28.03.;
2025;MÄRZ;1619;Breitenfurter Straße II;B;13;Liesinger Platz;LkwÄ;309;370;378;368;366;191;170;433;Mo,31.03.;
2025;MÄRZ;1619;Breitenfurter Straße II;B;13;Zentrum;Kfz;8093;8873;8617;8872;9198;7226;5683;9402;Fr,28.03.;
2025;MÄRZ;1619;Breitenfurter Straße II;B;13;Zentrum;LkwÄ;355;427;419;430;428;220;187;460;Mi,19.03.;
2025;MÄRZ;1619;Breitenfurter Straße II;B;13;Gesamt;Kfz;15977;17534;17138;17432;18337;14435;10976;18694;Fr,28.03.;
2025;MÄRZ;1619;Breitenfurter Straße II;B;13;Gesamt;LkwÄ;664;797;797;798;793;411;357;860;Mo,31.03.;
2025;MÄRZ;1620;Endresstraße;G;0;Mauerer Hauptplatz;Kfz;2893;3232;3128;3218;3407;2431;1930;3578;Fr,28.03.;
2025;MÄRZ;1620;Endresstraße;G;0;Mauerer Hauptplatz;LkwÄ;166;211;204;215;207;79;65;234;Mi,19.03.;
2025;MÄRZ;1620;Endresstraße;G;0;Atzgersdorf;Kfz;1839;2075;2018;2082;2128;1480;1203;2194;Fr,07.03.;
2025;MÄRZ;1620;Endresstraße;G;0;Atzgersdorf;LkwÄ;243;303;305;307;288;129;104;331;Di,18.03.;
2025;MÄRZ;1620;Endresstraße;G;0;Gesamt;Kfz;4732;5308;5146;5299;5534;3911;3133;5734;Fr,28.03.;
2025;MÄRZ;1620;Endresstraße;G;0;Gesamt;LkwÄ;409;514;508;522;495;208;169;543;Mi,19.03.;
2025;MÄRZ;1621;Währinger Gürtel;B;221;Liechtenwerder Platz;Kfz;33941;33942;32724;33824;35815;35133;32744;36426;Fr,21.03.;
2025;MÄRZ;1621;Währinger Gürtel;B;221;Liechtenwerder Platz;LkwÄ;1735;2253;2320;2325;1955;828;467;2438;Do,20.03.;
2025;MÄRZ;1621;Währinger Gürtel;B;221;Wienzeile;Kfz;38129;38651;37717;38404;40562;38631;35436;41222;Fr,21.03.;
2025;MÄRZ;1621;Währinger Gürtel;B;221;Wienzeile;LkwÄ;2325;3007;3142;3083;2608;1103;683;3402;Di,18.03.;
2025;MÄRZ;1621;Währinger Gürtel;B;221;Gesamt;Kfz;72070;72593;70441;72228;76376;73764;68180;77648;Fr,21.03.;
2025;MÄRZ;1621;Währinger Gürtel;B;221;Gesamt;LkwÄ;4060;5260;5462;5408;4564;1931;1151;5830;Di,18.03.;
2025;MÄRZ;1622;Himberger Straße II;B;16;Zentrum;Kfz;4522;5259;5312;5365;4873;3098;2855;5588;Do,27.03.;
2025;MÄRZ;1622;Himberger Straße II;B;16;Zentrum;LkwÄ;234;334;345;357;254;28;17;397;Mo,24.03.;
2025;MÄRZ;1622;Himberger Straße II;B;16;Leopoldsdorfer Str.;Kfz;5418;6363;6255;6438;6272;3836;3031;6971;Mo,31.03.;
2025;MÄRZ;1622;Himberger Straße II;B;16;Leopoldsdorfer Str.;LkwÄ;1109;1449;1489;1492;1273;460;330;1742;Mo,31.03.;
2025;MÄRZ;1622;Himberger Straße II;B;16;Gesamt;Kfz;9940;11622;11567;11803;11145;6934;5886;12481;Mi,26.03.;
2025;MÄRZ;1622;Himberger Straße II;B;16;Gesamt;LkwÄ;1343;1784;1834;1848;1527;488;346;2061;Mo,31.03.;
2025;MÄRZ;1623;Breitenleer Straße II;G;0;Stadteinwärts;Kfz;6542;7147;6999;7150;7322;5907;4637;7517;Fr,28.03.;
2025;MÄRZ;1623;Breitenleer Straße II;G;0;Stadteinwärts;LkwÄ;625;824;842;862;688;253;160;924;Mo,24.03.;
2025;MÄRZ;1623;Breitenleer Straße II;G;0;Stadtauswärts;Kfz;7476;8276;8089;8285;8483;6490;5102;8767;Fr,28.03.;
2025;MÄRZ;1623;Breitenleer Straße II;G;0;Stadtauswärts;LkwÄ;514;673;677;718;534;199;160;785;*Mi,26.03.;
2025;MÄRZ;1623;Breitenleer Straße II;G;0;Gesamt;Kfz;14018;15423;15088;15435;15804;12396;9739;16284;Fr,28.03.;
2025;MÄRZ;1623;Breitenleer Straße II;G;0;Gesamt;LkwÄ;1139;1497;1519;1580;1222;452;321;1690;*Mi,12.03.;
2025;MÄRZ;1624;Seyringer Straße;G;0;Wassermanngasse;Kfz;6508;7023;6900;6890;7578;6592;4259;7685;Fr,28.03.;
2025;MÄRZ;1624;Seyringer Straße;G;0;Wassermanngasse;LkwÄ;273;380;414;392;299;70;28;453;Do,13.03.;
2025;MÄRZ;1624;Seyringer Straße;G;0;Ernst-Kein-Gasse;Kfz;4881;5318;5299;5244;5562;4978;2949;6593;Fr,28.03.;
2025;MÄRZ;1624;Seyringer Straße;G;0;Ernst-Kein-Gasse;LkwÄ;180;250;267;259;202;46;18;371;Mo,17.03.;
2025;MÄRZ;1624;Seyringer Straße;G;0;Gesamt;Kfz;11388;12340;12198;12133;13140;11570;7208;14278;Fr,28.03.;
2025;MÄRZ;1624;Seyringer Straße;G;0;Gesamt;LkwÄ;453;630;681;652;501;116;45;799;Do,13.03.;
2025;MÄRZ;1625;Favoritenstraße;G;0;Karlsplatz (Zentrum);Kfz;9647;10373;9941;10456;10661;8800;7447;10944;Do,20.03.;
2025;MÄRZ;1625;Favoritenstraße;G;0;Karlsplatz (Zentrum);LkwÄ;156;213;234;212;186;49;25;268;Mo,31.03.;
2025;MÄRZ;1625;Favoritenstraße;G;0;Südtiroler Platz;Kfz;2855;3100;3010;3111;3180;2579;2104;3270;Do,27.03.;
2025;MÄRZ;1625;Favoritenstraße;G;0;Südtiroler Platz;LkwÄ;180;230;243;228;219;95;52;283;Mo,31.03.;
2025;MÄRZ;1625;Favoritenstraße;G;0;Gesamt;Kfz;12502;13473;12951;13567;13840;11379;9552;14165;Fr,21.03.;
2025;MÄRZ;1625;Favoritenstraße;G;0;Gesamt;LkwÄ;335;443;476;441;405;144;77;551;Mo,31.03.;
2025;MÄRZ;1626;Ludwig-van-Höhnel-Gasse;B;225;Verteilerkreis;Kfz;7736;8258;8036;8293;8430;7156;6124;9284;Do,27.03.;
2025;MÄRZ;1626;Ludwig-van-Höhnel-Gasse;B;225;Verteilerkreis;LkwÄ;301;391;380;413;340;128;95;538;Mi,26.03.;
2025;MÄRZ;1626;Ludwig-van-Höhnel-Gasse;B;225;Laaer-Berg-Str.;Kfz;10033;10402;10200;10354;10801;9564;8952;10988;Fr,21.03.;
2025;MÄRZ;1626;Ludwig-van-Höhnel-Gasse;B;225;Laaer-Berg-Str.;LkwÄ;716;919;956;934;828;356;221;1206;Mi,26.03.;
2025;MÄRZ;1626;Ludwig-van-Höhnel-Gasse;B;225;Gesamt;Kfz;17769;18660;18235;18646;19231;16720;15076;20117;Do,27.03.;
2025;MÄRZ;1626;Ludwig-van-Höhnel-Gasse;B;225;Gesamt;LkwÄ;1017;1310;1336;1347;1167;484;316;1744;Mi,26.03.;
2025;MÄRZ;1627;Felberstraße;B;224;Neubauguertel;Kfz;9671;10018;9744;10006;10396;9460;8425;10603;Fr,28.03.;
2025;MÄRZ;1627;Felberstraße;B;224;Neubauguertel;LkwÄ;488;617;659;619;556;288;150;753;Mo,31.03.;
2025;MÄRZ;1627;Felberstraße;B;224;Schweglerstraße;Kfz;8002;8290;7987;8263;8748;7737;7060;8854;Fr,21.03.;
2025;MÄRZ;1627;Felberstraße;B;224;Schweglerstraße;LkwÄ;41;52;59;52;45;18;18;69;Do,13.03.;
2025;MÄRZ;1627;Felberstraße;B;224;Gesamt;Kfz;17673;18307;17732;18268;19144;17197;15484;19306;Fr,28.03.;
2025;MÄRZ;1627;Felberstraße;B;224;Gesamt;LkwÄ;530;669;718;671;601;306;168;809;Mo,31.03.;420
2025;FEB.;1075;Reichsbrücke;B;8;Leopoldstadt;Kfz;17293;19160;18372;19830;17935;14108;11146;23612;*Do,27.02.;
2025;FEB.;1075;Reichsbrücke;B;8;Leopoldstadt;LkwÄ;377;475;500;497;385;144;119;543;*Do,27.02.;
2025;FEB.;1075;Reichsbrücke;B;8;Donaustadt;Kfz;14699;15864;14725;16196;16010;13062;10506;19056;Do,27.02.;
2025;FEB.;1075;Reichsbrücke;B;8;Donaustadt;LkwÄ;269;326;305;346;288;153;98;400;Do,27.02.;
2025;FEB.;1075;Reichsbrücke;B;8;Gesamt;Kfz;31992;35024;33096;36026;33945;27170;21652;42668;*Do,27.02.;
2025;FEB.;1075;Reichsbrücke;B;8;Gesamt;LkwÄ;646;801;806;843;673;297;217;943;*Do,27.02.;
2025;FEB.;1078;Westbahnhof;B;221;Wienzeile;Kfz;35868;36010;34762;35604;38475;37998;33030;39566;Fr,28.02.;
2025;FEB.;1078;Westbahnhof;B;221;Wienzeile;LkwÄ;690;858;881;874;788;334;205;956;Di,18.02.;
2025;FEB.;1078;Westbahnhof;B;221;Stadthalle;Kfz;31580;31530;30339;31125;33936;33912;29497;35194;Fr,28.02.;
2025;FEB.;1078;Westbahnhof;B;221;Stadthalle;LkwÄ;663;813;843;816;774;343;231;874;Mo,17.02.;
2025;FEB.;1078;Westbahnhof;B;221;Gesamt;Kfz;67448;67540;65102;66729;72410;71911;62527;74760;Fr,28.02.;
2025;FEB.;1078;Westbahnhof;B;221;Gesamt;LkwÄ;1353;1672;1724;1691;1561;677;436;1806;Di,18.02.;
2025;FEB.;1089;Floridsdorf-Br.;B;226;Brigittenau;Kfz;12310;13194;12842;13317;13177;11250;8948;14515;Mi,26.02.;
2025;FEB.;1089;Floridsdorf-Br.;B;226;Brigittenau;LkwÄ;242;305;303;322;259;110;58;353;Do,27.02.;
2025;FEB.;1089;Floridsdorf-Br.;B;226;Floridsdorf;Kfz;12703;13572;13052;13615;13964;11836;9223;15142;Fr,28.02.;
2025;FEB.;1089;Floridsdorf-Br.;B;226;Floridsdorf;LkwÄ;263;330;317;345;297;127;66;395;Do,13.02.;
2025;FEB.;1089;Floridsdorf-Br.;B;226;Gesamt;Kfz;25012;26766;25894;26932;27141;23085;18172;29315;Fr,28.02.;
2025;FEB.;1089;Floridsdorf-Br.;B;226;Gesamt;LkwÄ;506;635;620;667;556;237;125;713;Do,13.02.;
2025;FEB.;1096;Brigittenauer Brücke;B;14;Brigittenau;Kfz;12249;13481;13314;13729;12906;10044;8296;15093;Do,27.02.;
2025;FEB.;1096;Brigittenauer Brücke;B;14;Brigittenau;LkwÄ;270;350;350;372;284;86;54;450;Do,27.02.;
2025;FEB.;1096;Brigittenauer Brücke;B;14;Floridsdorf;Kfz;10376;11152;10718;11214;11398;9383;7487;12396;Do,27.02.;
2025;FEB.;1096;Brigittenauer Brücke;B;14;Floridsdorf;LkwÄ;233;295;314;300;261;100;55;359;Mo,24.02.;
2025;FEB.;1096;Brigittenauer Brücke;B;14;Gesamt;Kfz;22625;24633;24032;24943;24304;19426;15783;27489;Do,27.02.;
2025;FEB.;1096;Brigittenauer Brücke;B;14;Gesamt;LkwÄ;503;645;664;672;545;185;109;772;Do,27.02.;
2025;FEB.;1131;Karlsplatz;B;1;Heumarkt;Kfz;18285;19412;17970;19610;20257;16863;14072;22065;Do,27.02.;
2025;FEB.;1131;Karlsplatz;B;1;Heumarkt;LkwÄ;410;505;524;519;442;208;140;621;Mo,24.02.;
2025;FEB.;1131;Karlsplatz;B;1;Wienzeile;Kfz;11932;13057;11962;13318;13368;10320;7919;17222;Do,27.02.;
2025;FEB.;1131;Karlsplatz;B;1;Wienzeile;LkwÄ;338;410;402;423;379;186;130;474;Di,25.02.;
2025;FEB.;1131;Karlsplatz;B;1;Gesamt;Kfz;30217;32468;29932;32928;33625;27183;21991;39287;Do,27.02.;
2025;FEB.;1131;Karlsplatz;B;1;Gesamt;LkwÄ;748;915;926;942;821;394;270;1078;Do,27.02.;
2025;FEB.;1170;Donaukanal Straße;B;227;1171-Obere Donaustr.;Kfz;22667;23587;22622;23496;24825;22196;18537;25856;Fr,28.02.;
2025;FEB.;1170;Donaukanal Straße;B;227;1171-Obere Donaustr.;LkwÄ;864;1032;1005;1063;966;529;360;1213;Do,27.02.;
2025;FEB.;1170;Donaukanal Straße;B;227;1172-Franz-Josef-Kai;Kfz;36181;38385;36431;38308;40571;33622;27718;43071;Fr,28.02.;
2025;FEB.;1170;Donaukanal Straße;B;227;1172-Franz-Josef-Kai;LkwÄ;1300;1625;1559;1695;1483;605;366;1959;Do,27.02.;
2025;FEB.;1170;Donaukanal Straße;B;227;Gesamt;Kfz;58847;61972;59053;61804;65396;55818;46254;68927;Fr,28.02.;
2025;FEB.;1170;Donaukanal Straße;B;227;Gesamt;LkwÄ;2164;2657;2564;2758;2449;1134;727;3172;Do,27.02.;
2025;FEB.;1177;Handelskai;B;14;Klosterneuburg;Kfz;9675;10381;10014;10530;10301;8640;7180;11204;Do,27.02.;
2025;FEB.;1177;Handelskai;B;14;Klosterneuburg;LkwÄ;389;510;522;534;427;105;64;633;Di,18.02.;
2025;FEB.;1177;Handelskai;B;14;Freudenau;Kfz;11484;12526;11852;12935;11974;9622;8134;15759;Do,27.02.;
2025;FEB.;1177;Handelskai;B;14;Freudenau;LkwÄ;485;643;677;669;530;102;78;811;Mi,12.02.;
2025;FEB.;1177;Handelskai;B;14;Gesamt;Kfz;21159;22907;21866;23465;22275;18261;15315;26963;Do,27.02.;
2025;FEB.;1177;Handelskai;B;14;Gesamt;LkwÄ;874;1153;1199;1204;958;207;142;1435;Di,18.02.;
2025;FEB.;1179;Brunner Straße;B;12;Zentrum;Kfz;12587;14091;13939;14085;14262;10649;7004;15001;Fr,28.02.;
2025;FEB.;1179;Brunner Straße;B;12;Zentrum;LkwÄ;968;1256;1273;1292;1134;312;184;1349;Di,25.02.;
2025;FEB.;1179;Brunner Straße;B;12;Brunn am Gebirge;Kfz;16566;18187;17788;18120;18790;14587;10437;19743;Fr,28.02.;
2025;FEB.;1179;Brunner Straße;B;12;Brunn am Gebirge;LkwÄ;1124;1453;1478;1494;1306;365;238;1572;Di,25.02.;
2025;FEB.;1179;Brunner Straße;B;12;Gesamt;Kfz;29153;32278;31727;32205;33052;25236;17441;34744;Fr,28.02.;
2025;FEB.;1179;Brunner Straße;B;12;Gesamt;LkwÄ;2092;2709;2751;2786;2440;677;422;2921;Di,25.02.;
2025;FEB.;1180;Hochstraße;B;13;Zentrum;Kfz;4832;5237;5100;5224;5412;4224;3418;5739;Fr,14.02.;
2025;FEB.;1180;Hochstraße;B;13;Zentrum;LkwÄ;217;263;260;269;250;114;89;285;Mi,12.02.;
2025;FEB.;1180;Hochstraße;B;13;Perchtoldsdorf;Kfz;4966;5406;5213;5384;5662;4270;3462;6094;Fr,14.02.;
2025;FEB.;1180;Hochstraße;B;13;Perchtoldsdorf;LkwÄ;224;273;266;284;247;113;91;314;Di,11.02.;
2025;FEB.;1180;Hochstraße;B;13;Gesamt;Kfz;9798;10642;10312;10609;11074;8494;6880;11833;Fr,14.02.;
2025;FEB.;1180;Hochstraße;B;13;Gesamt;LkwÄ;441;536;526;553;497;227;180;596;Di,11.02.;
2025;FEB.;1181;Breitenfurter Straße;B;13;Zentrum;Kfz;5910;6326;6222;6291;6535;5417;4325;7011;Fr,28.02.;
2025;FEB.;1181;Breitenfurter Straße;B;13;Zentrum;LkwÄ;174;209;215;209;202;101;76;236;Mo,17.02.;
2025;FEB.;1181;Breitenfurter Straße;B;13;Breitenfurt;Kfz;5781;6233;6138;6215;6381;5168;4132;6802;Fr,28.02.;
2025;FEB.;1181;Breitenfurter Straße;B;13;Breitenfurt;LkwÄ;175;210;217;210;203;98;73;239;Mo,17.02.;
2025;FEB.;1181;Breitenfurter Straße;B;13;Gesamt;Kfz;11691;12559;12360;12505;12916;10586;8457;13813;Fr,28.02.;
2025;FEB.;1181;Breitenfurter Straße;B;13;Gesamt;LkwÄ;349;419;432;419;406;199;148;475;Mo,17.02.;
2025;FEB.;1182;Simmeringer Hptstr.;B;225;Zentrum;Kfz;7984;8737;8772;8477;9483;7258;4943;10001;*Fr,28.02.;
2025;FEB.;1182;Simmeringer Hptstr.;B;225;Zentrum;LkwÄ;519;650;658;646;654;233;152;708;*Mi,26.02.;
2025;FEB.;1182;Simmeringer Hptstr.;B;225;Schwechat;Kfz;9671;10611;10206;10544;11220;8410;6230;11868;*Fr,28.02.;
2025;FEB.;1182;Simmeringer Hptstr.;B;225;Schwechat;LkwÄ;610;779;766;802;722;224;154;856;*Di,11.02.;
2025;FEB.;1182;Simmeringer Hptstr.;B;225;Gesamt;Kfz;17655;19348;18978;19020;20702;15668;11173;21869;*Fr,28.02.;
2025;FEB.;1182;Simmeringer Hptstr.;B;225;Gesamt;LkwÄ;1129;1429;1423;1448;1377;457;305;1546;*Mi,26.02.;
2025;FEB.;1184;Himberger Straße;G;0;Zentrum;Kfz;4968;5526;5494;5494;5651;4130;3018;5878;Fr,28.02.;
2025;FEB.;1184;Himberger Straße;G;0;Zentrum;LkwÄ;163;218;232;223;190;38;14;260;Mo,24.02.;
2025;FEB.;1184;Himberger Straße;G;0;Leopoldsdorf;Kfz;4780;5316;5226;5282;5510;3949;2930;5780;Fr,28.02.;
2025;FEB.;1184;Himberger Straße;G;0;Leopoldsdorf;LkwÄ;142;190;193;193;177;34;14;213;Mi,19.02.;
2025;FEB.;1184;Himberger Straße;G;0;Gesamt;Kfz;9748;10842;10720;10776;11162;8079;5948;11658;Fr,28.02.;
2025;FEB.;1184;Himberger Straße;G;0;Gesamt;LkwÄ;305;407;425;415;366;72;28;460;Mo,24.02.;
2025;FEB.;1187;Triester Straße;B;17;Zentrum;Kfz;9216;9923;9905;9763;10422;9590;5310;10745;Fr,28.02.;
2025;FEB.;1187;Triester Straße;B;17;Zentrum;LkwÄ;359;463;476;477;410;134;65;547;Di,11.02.;
2025;FEB.;1187;Triester Straße;B;17;Wr. Neudorf;Kfz;8327;9037;8974;8968;9307;8162;4939;9549;Fr,28.02.;
2025;FEB.;1187;Triester Straße;B;17;Wr. Neudorf;LkwÄ;332;430;430;452;364;117;60;494;Di,11.02.;
2025;FEB.;1187;Triester Straße;B;17;Gesamt;Kfz;17543;18960;18879;18731;19729;17752;10249;20294;Fr,28.02.;
2025;FEB.;1187;Triester Straße;B;17;Gesamt;LkwÄ;692;893;905;929;774;251;125;1041;Di,11.02.;
2025;FEB.;1188;Altmannsdorfer Straße;B;224;Zentrum;Kfz;9002;9912;9904;9805;10238;8746;4711;10478;Fr,28.02.;
2025;FEB.;1188;Altmannsdorfer Straße;B;224;Zentrum;LkwÄ;305;393;410;407;332;100;73;451;Mi,05.02.;
2025;FEB.;1188;Altmannsdorfer Straße;B;224;Vösendorf;Kfz;9013;9889;9901;9756;10276;8595;5050;10617;Fr,28.02.;
2025;FEB.;1188;Altmannsdorfer Straße;B;224;Vösendorf;LkwÄ;325;417;448;432;343;104;84;496;Di,04.02.;
2025;FEB.;1188;Altmannsdorfer Straße;B;224;Gesamt;Kfz;18015;19800;19805;19561;20514;17341;9761;21095;Fr,28.02.;
2025;FEB.;1188;Altmannsdorfer Straße;B;224;Gesamt;LkwÄ;630;810;858;839;675;205;156;941;Di,04.02.;
2025;FEB.;1189;Shuttleworthstraße;B;229;Zentrum;Kfz;9844;10655;10571;10614;10860;9069;6564;11203;Fr,28.02.;
2025;FEB.;1189;Shuttleworthstraße;B;229;Zentrum;LkwÄ;449;583;620;599;501;141;82;651;Mo,17.02.;
2025;FEB.;1189;Shuttleworthstraße;B;229;Leopoldau;Kfz;9649;10648;10592;10668;10645;8278;6024;11226;Mi,26.02.;
2025;FEB.;1189;Shuttleworthstraße;B;229;Leopoldau;LkwÄ;424;555;566;577;477;126;67;632;Mi,19.02.;
2025;FEB.;1189;Shuttleworthstraße;B;229;Gesamt;Kfz;19493;21303;21164;21282;21505;17346;12589;22338;Fr,28.02.;
2025;FEB.;1189;Shuttleworthstraße;B;229;Gesamt;LkwÄ;872;1138;1186;1176;978;267;150;1266;Do,27.02.;
2025;FEB.;1190;Angyalföldstraße;B;3;Kagran;Kfz;6131;6504;6324;6411;6961;6277;4123;7310;Fr,14.02.;
2025;FEB.;1190;Angyalföldstraße;B;3;Kagran;LkwÄ;201;253;259;259;229;77;62;284;Do,13.02.;
2025;FEB.;1190;Angyalföldstraße;B;3;Floridsdorf;Kfz;5564;5872;5723;5809;6211;5680;3910;6358;Fr,14.02.;
2025;FEB.;1190;Angyalföldstraße;B;3;Floridsdorf;LkwÄ;155;202;208;208;180;42;32;233;Mi,12.02.;
2025;FEB.;1190;Angyalföldstraße;B;3;Gesamt;Kfz;11695;12376;12047;12220;13172;11956;8033;13668;Fr,14.02.;
2025;FEB.;1190;Angyalföldstraße;B;3;Gesamt;LkwÄ;356;455;467;467;409;118;95;503;Mi,12.02.;
2025;FEB.;1191;Wientalstraße;B;1;Zentrum;Kfz;22988;24115;23283;24031;25199;22236;18102;26673;*Fr,28.02.;
2025;FEB.;1191;Wientalstraße;B;1;Zentrum;LkwÄ;634;788;814;817;675;330;167;881;*Do,27.02.;
2025;FEB.;1191;Wientalstraße;B;1;St. Pölten;Kfz;22106;23067;21975;22894;24678;22009;17394;26174;Fr,28.02.;
2025;FEB.;1191;Wientalstraße;B;1;St. Pölten;LkwÄ;522;651;696;668;556;240;156;821;Mo,03.02.;
2025;FEB.;1191;Wientalstraße;B;1;Gesamt;Kfz;45093;47182;45258;46926;49877;44244;35496;52847;*Fr,28.02.;
2025;FEB.;1191;Wientalstraße;B;1;Gesamt;LkwÄ;1156;1439;1509;1485;1232;570;322;1692;*Mo,03.02.;
2025;FEB.;1192;Hauptstraße;G;0;Zentrum;Kfz;4766;5103;4994;5035;5416;4900;2946;5800;Fr,14.02.;
2025;FEB.;1192;Hauptstraße;G;0;Zentrum;LkwÄ;281;333;330;343;305;172;132;365;Mi,12.02.;
2025;FEB.;1192;Hauptstraße;G;0;St. Pölten;Kfz;5636;6021;5833;5931;6478;5808;3537;6903;Fr,14.02.;
2025;FEB.;1192;Hauptstraße;G;0;St. Pölten;LkwÄ;291;344;336;354;322;181;138;372;Mi,12.02.;
2025;FEB.;1192;Hauptstraße;G;0;Gesamt;Kfz;10401;11124;10827;10966;11894;10708;6483;12703;Fr,14.02.;
2025;FEB.;1192;Hauptstraße;G;0;Gesamt;LkwÄ;572;677;666;697;627;353;270;737;Mi,12.02.;
2025;FEB.;1193;Heiligenstädter Straße;B;14;Zentrum;Kfz;14783;16076;15769;16132;16214;12882;10220;17398;Fr,28.02.;
2025;FEB.;1193;Heiligenstädter Straße;B;14;Zentrum;LkwÄ;579;733;726;764;647;256;134;848;Di,25.02.;
2025;FEB.;1193;Heiligenstädter Straße;B;14;Klosterneuburg;Kfz;14682;15909;15725;15975;15892;12741;10488;17064;Fr,28.02.;
2025;FEB.;1193;Heiligenstädter Straße;B;14;Klosterneuburg;LkwÄ;582;738;750;763;648;252;137;842;Di,25.02.;
2025;FEB.;1193;Heiligenstädter Straße;B;14;Gesamt;Kfz;29465;31984;31494;32107;32106;25624;20708;34462;Fr,28.02.;
2025;FEB.;1193;Heiligenstädter Straße;B;14;Gesamt;LkwÄ;1162;1471;1477;1527;1295;507;271;1690;Di,25.02.;
2025;FEB.;1194;Prager Straße;B;3;Zentrum;Kfz;4553;4974;4867;4822;5536;4941;2064;5971;Fr,28.02.;
2025;FEB.;1194;Prager Straße;B;3;Zentrum;LkwÄ;157;199;199;201;194;64;36;222;Mi,12.02.;
2025;FEB.;1194;Prager Straße;B;3;Langenzersd.;Kfz;4411;4839;4758;4697;5346;4730;1952;5741;Fr,28.02.;
2025;FEB.;1194;Prager Straße;B;3;Langenzersd.;LkwÄ;148;190;193;194;176;60;29;204;Di,11.02.;
2025;FEB.;1194;Prager Straße;B;3;Gesamt;Kfz;8964;9813;9624;9519;10883;9670;4016;11712;Fr,28.02.;
2025;FEB.;1194;Prager Straße;B;3;Gesamt;LkwÄ;305;389;392;394;371;124;66;424;Mi,12.02.;
2025;FEB.;1195;Wagramer Straße;B;8;Zentrum;Kfz;3306;3662;3685;3667;3621;2944;1893;3981;Do,27.02.;
2025;FEB.;1195;Wagramer Straße;B;8;Zentrum;LkwÄ;129;162;166;165;148;56;40;190;Mi,12.02.;
2025;FEB.;1195;Wagramer Straße;B;8;Süßenbrunn;Kfz;3234;3536;3500;3534;3577;2948;2010;3826;Fr,28.02.;
2025;FEB.;1195;Wagramer Straße;B;8;Süßenbrunn;LkwÄ;136;169;174;173;154;62;42;192;Do,27.02.;
2025;FEB.;1195;Wagramer Straße;B;8;Gesamt;Kfz;6540;7197;7185;7201;7198;5892;3903;7737;Do,27.02.;
2025;FEB.;1195;Wagramer Straße;B;8;Gesamt;LkwÄ;265;331;340;338;302;118;82;376;Mi,12.02.;
2025;FEB.;1196;Erzherzog-Karl-Str.;B;3;Groß-Enzersdorf;Kfz;10061;10944;10744;10855;11410;9129;6578;11759;*Fr,14.02.;
2025;FEB.;1196;Erzherzog-Karl-Str.;B;3;Groß-Enzersdorf;LkwÄ;241;301;294;318;257;103;78;343;*Mi,05.02.;
2025;FEB.;1196;Erzherzog-Karl-Str.;B;3;Kagran;Kfz;10467;11423;11340;11336;11770;9312;6838;12142;*Fr,28.02.;
2025;FEB.;1196;Erzherzog-Karl-Str.;B;3;Kagran;LkwÄ;496;596;585;600;593;281;214;663;*Fr,21.02.;
2025;FEB.;1196;Erzherzog-Karl-Str.;B;3;Gesamt;Kfz;20528;22367;22084;22190;23181;18440;13417;23881;*Fr,14.02.;
2025;FEB.;1196;Erzherzog-Karl-Str.;B;3;Gesamt;LkwÄ;737;896;878;918;850;384;292;974;*Mi,12.02.;
2025;FEB.;1197;Breitenleer Straße;G;0;Kagran;Kfz;-29;-29;-29;-29;-29;-29;-29;-29;0.00.;
2025;FEB.;1197;Breitenleer Straße;G;0;Kagran;LkwÄ;-29;-29;-29;-29;-29;-29;-29;-29;0.00.;
2025;FEB.;1197;Breitenleer Straße;G;0;Raasdorf;Kfz;-29;-29;-29;-29;-29;-29;-29;-29;0.00.;
2025;FEB.;1197;Breitenleer Straße;G;0;Raasdorf;LkwÄ;-29;-29;-29;-29;-29;-29;-29;-29;0.00.;
2025;FEB.;1197;Breitenleer Straße;G;0;Gesamt;Kfz;-29;-29;-29;-29;-29;-29;-29;-29;0.00.;
2025;FEB.;1197;Breitenleer Straße;G;0;Gesamt;LkwÄ;-29;-29;-29;-29;-29;-29;-29;-29;0.00.;
2025;FEB.;1198;Brünner Straße;B;7;Zentrum;Kfz;8270;9022;8950;8886;9499;8237;4546;9815;Fr,28.02.;
2025;FEB.;1198;Brünner Straße;B;7;Zentrum;LkwÄ;364;461;485;471;409;180;64;500;Mo,24.02.;
2025;FEB.;1198;Brünner Straße;B;7;Wolkersdorf;Kfz;7023;7690;7558;7616;8043;6888;3826;8213;Fr,28.02.;
2025;FEB.;1198;Brünner Straße;B;7;Wolkersdorf;LkwÄ;337;425;442;435;379;181;56;472;Di,11.02.;
2025;FEB.;1198;Brünner Straße;B;7;Gesamt;Kfz;15293;16711;16509;16502;17542;15124;8372;18028;Fr,28.02.;
2025;FEB.;1198;Brünner Straße;B;7;Gesamt;LkwÄ;702;886;927;906;788;360;121;957;Mo,24.02.;
2025;FEB.;1199;Eßlinger Hauptstraße;B;3;Zentrum;Kfz;7886;8447;8349;8158;9411;8236;4730;9666;*Fr,14.02.;
2025;FEB.;1199;Eßlinger Hauptstraße;B;3;Zentrum;LkwÄ;500;581;534;600;570;289;306;642;*Do,13.02.;
2025;FEB.;1199;Eßlinger Hauptstraße;B;3;Groß-Enzersdorf;Kfz;7822;8322;7615;8322;9027;7902;5242;9388;*Fr,14.02.;
2025;FEB.;1199;Eßlinger Hauptstraße;B;3;Groß-Enzersdorf;LkwÄ;478;587;611;607;504;196;214;676;*Do,13.02.;
2025;FEB.;1199;Eßlinger Hauptstraße;B;3;Gesamt;Kfz;15708;16769;15964;16480;18438;16138;9972;19054;*Fr,14.02.;
2025;FEB.;1199;Eßlinger Hauptstraße;B;3;Gesamt;LkwÄ;978;1168;1145;1207;1074;485;520;1318;*Do,13.02.;
2025;FEB.;1200;Vorarlberger Allee West;G;0;Zentrum;Kfz;6262;7570;7723;7688;7065;3831;2153;7917;Di,11.02.;
2025;FEB.;1200;Vorarlberger Allee West;G;0;Zentrum;LkwÄ;738;961;1019;974;865;218;141;1048;Mo,03.02.;
2025;FEB.;1200;Vorarlberger Allee West;G;0;S1;Kfz;6196;7474;7365;7629;7116;3665;2338;8047;Do,27.02.;
2025;FEB.;1200;Vorarlberger Allee West;G;0;S1;LkwÄ;805;1053;1076;1074;967;222;144;1120;Do,13.02.;
2025;FEB.;1200;Vorarlberger Allee West;G;0;Gesamt;Kfz;12458;15044;15088;15317;14180;7496;4491;15926;Do,27.02.;
2025;FEB.;1200;Vorarlberger Allee West;G;0;Gesamt;LkwÄ;1542;2014;2095;2048;1832;440;286;2140;Mi,26.02.;
2025;FEB.;1201;Vorarlberger Allee Ost;G;0;Laxenburger Str.;Kfz;3243;3974;3953;4035;3815;1916;910;4191;Di,18.02.;
2025;FEB.;1201;Vorarlberger Allee Ost;G;0;Laxenburger Str.;LkwÄ;722;936;956;955;861;220;150;1014;Di,11.02.;
2025;FEB.;1201;Vorarlberger Allee Ost;G;0;S1;Kfz;3234;3987;4058;4010;3846;1865;840;4205;Do,27.02.;
2025;FEB.;1201;Vorarlberger Allee Ost;G;0;S1;LkwÄ;597;772;813;781;706;191;126;844;Mo,24.02.;
2025;FEB.;1201;Vorarlberger Allee Ost;G;0;Gesamt;Kfz;6476;7961;8011;8044;7662;3781;1749;8352;*Do,27.02.;
2025;FEB.;1201;Vorarlberger Allee Ost;G;0;Gesamt;LkwÄ;1318;1708;1769;1735;1567;411;276;1829;Mi,26.02.;
2025;FEB.;1202;Spange Vösendorf;G;0;Vösendorf;Kfz;5913;6856;6935;6832;6852;4610;2500;7268;Fr,28.02.;
2025;FEB.;1202;Spange Vösendorf;G;0;Vösendorf;LkwÄ;332;441;470;454;375;72;44;496;Mo,10.02.;
2025;FEB.;1202;Spange Vösendorf;G;0;S1;Kfz;5890;6856;6765;6841;6991;4702;2251;7286;Do,27.02.;
2025;FEB.;1202;Spange Vösendorf;G;0;S1;LkwÄ;321;427;465;436;365;74;34;481;Mo,10.02.;
2025;FEB.;1202;Spange Vösendorf;G;0;Gesamt;Kfz;11803;13712;13700;13673;13843;9312;4750;14535;Fr,28.02.;
2025;FEB.;1202;Spange Vösendorf;G;0;Gesamt;LkwÄ;653;869;935;890;740;147;78;977;Mo,10.02.;
2025;FEB.;1203;Maria-Theresien-Straße;G;0;Franz-Josef-Kai;Kfz;9381;10204;9433;10359;10510;8199;6448;11347;Fr,28.02.;
2025;FEB.;1203;Maria-Theresien-Straße;G;0;Franz-Josef-Kai;LkwÄ;285;357;351;369;328;128;81;431;Do,20.02.;
2025;FEB.;1203;Maria-Theresien-Straße;G;0;-;Kfz;-29;-29;-29;-29;-29;-29;-29;-29;0.00.;
2025;FEB.;1203;Maria-Theresien-Straße;G;0;-;LkwÄ;-29;-29;-29;-29;-29;-29;-29;-29;0.00.;
2025;FEB.;1203;Maria-Theresien-Straße;G;0;Gesamt;Kfz;-29;-29;-29;-29;-29;-29;-29;-29;0.00.;
2025;FEB.;1203;Maria-Theresien-Straße;G;0;Gesamt;LkwÄ;-29;-29;-29;-29;-29;-29;-29;-29;0.00.;
2025;FEB.;1204;Türkenstraße;G;0;Währinger Straße;Kfz;13466;14860;14105;15123;14827;11089;8874;17106;Do,27.02.;
2025;FEB.;1204;Türkenstraße;G;0;Währinger Straße;LkwÄ;353;454;429;478;409;130;70;567;Do,27.02.;
2025;FEB.;1204;Türkenstraße;G;0;-;Kfz;-29;-29;-29;-29;-29;-29;-29;-29;0.00.;
2025;FEB.;1204;Türkenstraße;G;0;-;LkwÄ;-29;-29;-29;-29;-29;-29;-29;-29;0.00.;
2025;FEB.;1204;Türkenstraße;G;0;Gesamt;Kfz;-29;-29;-29;-29;-29;-29;-29;-29;0.00.;
2025;FEB.;1204;Türkenstraße;G;0;Gesamt;LkwÄ;-29;-29;-29;-29;-29;-29;-29;-29;0.00.;
2025;FEB.;1205;Hernalser Hauptstraße;G;0;Zentrum;Kfz;8266;8487;8291;8389;8978;8264;7165;9466;Fr,28.02.;
2025;FEB.;1205;Hernalser Hauptstraße;G;0;Zentrum;LkwÄ;173;221;221;227;201;77;34;252;Do,13.02.;
2025;FEB.;1205;Hernalser Hauptstraße;G;0;Dornbach;Kfz;7308;7540;7334;7485;7910;7250;6210;8218;Fr,28.02.;
2025;FEB.;1205;Hernalser Hauptstraße;G;0;Dornbach;LkwÄ;136;177;173;184;158;50;20;204;Mi,05.02.;
2025;FEB.;1205;Hernalser Hauptstraße;G;0;Gesamt;Kfz;15575;16027;15625;15874;16888;15514;13375;17684;Fr,28.02.;
2025;FEB.;1205;Hernalser Hauptstraße;G;0;Gesamt;LkwÄ;310;397;394;411;358;126;54;449;Do,13.02.;
2025;FEB.;1206;Hütteldorfer Straße;G;0;Zentrum;Kfz;5464;5768;5769;5661;6091;5337;4067;6868;Fr,14.02.;
2025;FEB.;1206;Hütteldorfer Straße;G;0;Zentrum;LkwÄ;68;89;94;91;82;18;9;111;Di,11.02.;
2025;FEB.;1206;Hütteldorfer Straße;G;0;Hütteldorf;Kfz;4769;4968;5013;4888;5166;4900;3641;5875;Fr,14.02.;
2025;FEB.;1206;Hütteldorfer Straße;G;0;Hütteldorf;LkwÄ;66;85;91;85;80;26;15;108;Mo,17.02.;
2025;FEB.;1206;Hütteldorfer Straße;G;0;Gesamt;Kfz;10233;10737;10782;10548;11257;10238;7708;12743;Fr,14.02.;
2025;FEB.;1206;Hütteldorfer Straße;G;0;Gesamt;LkwÄ;134;174;185;175;161;45;24;211;Mo,17.02.;
2025;FEB.;1207;Altmannsdorfer Straße II;B;224;Zentrum;Kfz;20558;21435;21054;21378;21987;19492;17239;22294;Fr,28.02.;
2025;FEB.;1207;Altmannsdorfer Straße II;B;224;Zentrum;LkwÄ;887;1169;1212;1194;1049;229;138;1251;Do,27.02.;
2025;FEB.;1207;Altmannsdorfer Straße II;B;224;Vösendorf;Kfz;24545;25923;25257;25958;26485;23412;18790;27243;Fr,28.02.;
2025;FEB.;1207;Altmannsdorfer Straße II;B;224;Vösendorf;LkwÄ;938;1217;1241;1261;1060;322;164;1351;Mi,26.02.;
2025;FEB.;1207;Altmannsdorfer Straße II;B;224;Gesamt;Kfz;45104;47359;46311;47337;48472;42904;36028;49537;Fr,28.02.;
2025;FEB.;1207;Altmannsdorfer Straße II;B;224;Gesamt;LkwÄ;1826;2385;2453;2455;2109;551;302;2577;Mi,26.02.;
2025;FEB.;1208;Wienerbergstraße;B;225;Breitenfurter Straße;Kfz;9732;10754;10572;10933;10401;7999;6351;11657;Mi,19.02.;
2025;FEB.;1208;Wienerbergstraße;B;225;Breitenfurter Straße;LkwÄ;495;584;575;599;550;294;252;634;Do,20.02.;
2025;FEB.;1208;Wienerbergstraße;B;225;Triester Straße;Kfz;9106;10177;9981;10292;10030;7252;5604;10658;Mi,12.02.;
2025;FEB.;1208;Wienerbergstraße;B;225;Triester Straße;LkwÄ;555;672;669;682;645;285;240;726;Mi,12.02.;
2025;FEB.;1208;Wienerbergstraße;B;225;Gesamt;Kfz;18838;20932;20553;21225;20431;15251;11955;22287;Mi,19.02.;
2025;FEB.;1208;Wienerbergstraße;B;225;Gesamt;LkwÄ;1050;1256;1244;1280;1196;580;492;1348;Di,25.02.;
2025;FEB.;1209;Atzgersdorfer Straße;G;0;Stranzenberg Brücke;Kfz;8133;8994;8728;9112;8906;6723;5239;9765;Do,27.02.;
2025;FEB.;1209;Atzgersdorfer Straße;G;0;Stranzenberg Brücke;LkwÄ;215;264;255;275;242;105;79;302;Do,27.02.;
2025;FEB.;1209;Atzgersdorfer Straße;G;0;Rosenhügelstraße;Kfz;8909;9783;9458;9844;9926;7409;6042;10693;Fr,28.02.;
2025;FEB.;1209;Atzgersdorfer Straße;G;0;Rosenhügelstraße;LkwÄ;215;266;260;272;256;100;76;302;Do,27.02.;
2025;FEB.;1209;Atzgersdorfer Straße;G;0;Gesamt;Kfz;17042;18777;18186;18955;18832;14132;11280;20292;Do,27.02.;
2025;FEB.;1209;Atzgersdorfer Straße;G;0;Gesamt;LkwÄ;430;531;515;546;499;206;155;604;Do,27.02.;
2025;FEB.;1210;Koppstraße;B;223;stadtauswärts;Kfz;15210;15696;15284;15566;16497;15012;12983;17392;Fr,28.02.;
2025;FEB.;1210;Koppstraße;B;223;stadtauswärts;LkwÄ;430;523;533;528;501;230;166;581;Do,27.02.;
2025;FEB.;1210;Koppstraße;B;223;Einbahnstraße;Kfz;-29;-29;-29;-29;-29;-29;-29;-29;0.00.;
2025;FEB.;1210;Koppstraße;B;223;Einbahnstraße;LkwÄ;-29;-29;-29;-29;-29;-29;-29;-29;0.00.;
2025;FEB.;1210;Koppstraße;B;223;Gesamt;Kfz;-29;-29;-29;-29;-29;-29;-29;-29;0.00.;
2025;FEB.;1210;Koppstraße;B;223;Gesamt;LkwÄ;-29;-29;-29;-29;-29;-29;-29;-29;0.00.;
2025;FEB.;1211;Laxenburger Straße II;B;230;Zentrum;Kfz;6927;8208;8300;8331;7746;4393;3054;8716;Mo,24.02.;
2025;FEB.;1211;Laxenburger Straße II;B;230;Zentrum;LkwÄ;1435;1792;1872;1821;1624;623;462;2037;Mo,24.02.;
2025;FEB.;1211;Laxenburger Straße II;B;230;S1;Kfz;7944;9508;9586;9623;9081;4916;3158;10469;Do,27.02.;
2025;FEB.;1211;Laxenburger Straße II;B;230;S1;LkwÄ;1611;2036;2093;2081;1844;625;474;2202;Di,11.02.;
2025;FEB.;1211;Laxenburger Straße II;B;230;Gesamt;Kfz;14871;17715;17886;17954;16827;9308;6212;18973;Do,27.02.;
2025;FEB.;1211;Laxenburger Straße II;B;230;Gesamt;LkwÄ;3046;3828;3964;3902;3468;1248;936;4098;Mo,24.02.;
2025;FEB.;1212;Donaustadtstraße II;B;3;A 23;Kfz;10247;11231;10876;11320;11321;8989;6584;12387;Do,27.02.;
2025;FEB.;1212;Donaustadtstraße II;B;3;A 23;LkwÄ;534;686;712;710;591;180;125;784;Do,27.02.;
2025;FEB.;1212;Donaustadtstraße II;B;3;Erzherzog-Karl-Str.;Kfz;8619;9093;8943;8974;9598;8256;6614;9834;Fr,21.02.;
2025;FEB.;1212;Donaustadtstraße II;B;3;Erzherzog-Karl-Str.;LkwÄ;509;646;681;658;574;194;137;728;Mo,17.02.;
2025;FEB.;1212;Donaustadtstraße II;B;3;Gesamt;Kfz;18866;20324;19818;20294;20918;17245;13198;21635;Fr,14.02.;
2025;FEB.;1212;Donaustadtstraße II;B;3;Gesamt;LkwÄ;1043;1333;1392;1368;1166;374;262;1474;Mo,17.02.;
2025;FEB.;1213;Burggasse II;G;0;Zentrum;Kfz;8044;8355;7591;8382;9037;8196;6340;9601;Fr,28.02.;
2025;FEB.;1213;Burggasse II;G;0;Zentrum;LkwÄ;349;416;404;423;410;208;156;464;Mi,19.02.;
2025;FEB.;1213;Burggasse II;G;0;Gablenzgasse;Kfz;-29;-29;-29;-29;-29;-29;-29;-29;0.00.;
2025;FEB.;1213;Burggasse II;G;0;Gablenzgasse;LkwÄ;-29;-29;-29;-29;-29;-29;-29;-29;0.00.;
2025;FEB.;1213;Burggasse II;G;0;Gesamt;Kfz;-29;-29;-29;-29;-29;-29;-29;-29;0.00.;
2025;FEB.;1213;Burggasse II;G;0;Gesamt;LkwÄ;-29;-29;-29;-29;-29;-29;-29;-29;0.00.;
2025;FEB.;1214;Neustiftgasse II;G;0;Koppstraße;Kfz;9536;9750;9193;9711;10422;9878;8127;10937;Fr,28.02.;
2025;FEB.;1214;Neustiftgasse II;G;0;Koppstraße;LkwÄ;327;395;392;402;377;182;132;455;Mi,26.02.;
2025;FEB.;1214;Neustiftgasse II;G;0;Zentrum;Kfz;-29;-29;-29;-29;-29;-29;-29;-29;0.00.;
2025;FEB.;1214;Neustiftgasse II;G;0;Zentrum;LkwÄ;-29;-29;-29;-29;-29;-29;-29;-29;0.00.;
2025;FEB.;1214;Neustiftgasse II;G;0;Gesamt;Kfz;-29;-29;-29;-29;-29;-29;-29;-29;0.00.;
2025;FEB.;1214;Neustiftgasse II;G;0;Gesamt;LkwÄ;-29;-29;-29;-29;-29;-29;-29;-29;0.00.;
2025;FEB.;1215;Erzherzog-Karl-Straße III;B;3;Genochplatz;Kfz;11894;12188;11837;11947;13263;12148;10170;13505;Fr,14.02.;
2025;FEB.;1215;Erzherzog-Karl-Straße III;B;3;Genochplatz;LkwÄ;568;720;728;747;630;215;162;817;Mi,05.02.;
2025;FEB.;1215;Erzherzog-Karl-Straße III;B;3;Siegesplatz;Kfz;13348;14022;13612;13936;14689;12697;10628;15256;Fr,28.02.;
2025;FEB.;1215;Erzherzog-Karl-Straße III;B;3;Siegesplatz;LkwÄ;589;750;732;785;661;215;158;841;Mi,05.02.;
2025;FEB.;1215;Erzherzog-Karl-Straße III;B;3;Gesamt;Kfz;25242;26210;25449;25882;27952;24845;20798;28728;Fr,28.02.;
2025;FEB.;1215;Erzherzog-Karl-Straße III;B;3;Gesamt;LkwÄ;1157;1469;1460;1532;1291;430;320;1658;Mi,05.02.;
2025;FEB.;1216;Perchtoldsdorfer Straße;G;0;stadteinwärts;Kfz;3410;3717;3565;3690;3948;2918;2371;4242;Fr,14.02.;
2025;FEB.;1216;Perchtoldsdorfer Straße;G;0;stadteinwärts;LkwÄ;159;187;175;191;186;99;82;208;Do,20.02.;
2025;FEB.;1216;Perchtoldsdorfer Straße;G;0;stadtauswärts;Kfz;2943;3190;3060;3164;3399;2546;2106;3737;Fr,14.02.;
2025;FEB.;1216;Perchtoldsdorfer Straße;G;0;stadtauswärts;LkwÄ;87;102;99;103;101;58;45;120;Di,25.02.;
2025;FEB.;1216;Perchtoldsdorfer Straße;G;0;Gesamt;Kfz;6353;6907;6624;6854;7347;5464;4476;7979;Fr,14.02.;
2025;FEB.;1216;Perchtoldsdorfer Straße;G;0;Gesamt;LkwÄ;246;288;274;293;287;157;126;321;Mi,26.02.;
2025;FEB.;1217;Museumstraße;G;0;Landesgerichtsstraße;Kfz;5381;5972;5848;6103;5706;4599;3208;6749;Do,27.02.;
2025;FEB.;1217;Museumstraße;G;0;Landesgerichtsstraße;LkwÄ;95;121;120;127;105;42;19;165;Do,27.02.;
2025;FEB.;1217;Museumstraße;G;0;Getreidemarkt;Kfz;11025;11674;9921;12089;12186;10478;8324;12840;*Do,27.02.;
2025;FEB.;1217;Museumstraße;G;0;Getreidemarkt;LkwÄ;218;268;223;285;264;118;67;322;*Do,27.02.;
2025;FEB.;1217;Museumstraße;G;0;Gesamt;Kfz;16406;17647;15768;18191;17892;15077;11532;19589;*Do,27.02.;
2025;FEB.;1217;Museumstraße;G;0;Gesamt;LkwÄ;313;389;343;411;368;161;86;487;*Do,27.02.;
2025;FEB.;1218;Spange Leopoldsdorf;G;0;Leopoldsdorfer Straß;Kfz;4144;4597;4428;4616;4708;3444;2579;4925;Mi,19.02.;
2025;FEB.;1218;Spange Leopoldsdorf;G;0;Leopoldsdorfer Straß;LkwÄ;81;108;106;110;104;18;12;126;Do,27.02.;
2025;FEB.;1218;Spange Leopoldsdorf;G;0;Himberger Straße;Kfz;3908;4334;4206;4413;4225;3196;2494;4756;Mi,19.02.;
2025;FEB.;1218;Spange Leopoldsdorf;G;0;Himberger Straße;LkwÄ;86;114;119;118;97;19;10;146;Di,25.02.;
2025;FEB.;1218;Spange Leopoldsdorf;G;0;Gesamt;Kfz;8052;8931;8634;9029;8932;6640;5073;9681;Mi,19.02.;
2025;FEB.;1218;Spange Leopoldsdorf;G;0;Gesamt;LkwÄ;167;222;226;227;201;37;22;271;Di,25.02.;
2025;FEB.;1219;Barawitzkagasse;G;0;Heiligenstädter Str.;Kfz;10523;11262;10991;11244;11589;9663;7686;12297;Fr,28.02.;
2025;FEB.;1219;Barawitzkagasse;G;0;Heiligenstädter Str.;LkwÄ;486;570;566;581;540;307;248;654;Di,11.02.;
2025;FEB.;1219;Barawitzkagasse;G;0;Ruthgasse;Kfz;8528;9091;8896;9131;9163;7738;6507;9631;Fr,28.02.;
2025;FEB.;1219;Barawitzkagasse;G;0;Ruthgasse;LkwÄ;417;485;474;497;462;262;234;542;Di,11.02.;
2025;FEB.;1219;Barawitzkagasse;G;0;Gesamt;Kfz;19051;20353;19887;20375;20752;17401;14193;21928;Fr,28.02.;
2025;FEB.;1219;Barawitzkagasse;G;0;Gesamt;LkwÄ;904;1055;1040;1077;1002;569;482;1196;Di,11.02.;
2025;FEB.;1220;Am Heumarkt;B;1;Schwarzenbergplatz;Kfz;6152;6924;6392;7163;6740;4679;3760;8723;Do,27.02.;
2025;FEB.;1220;Am Heumarkt;B;1;Schwarzenbergplatz;LkwÄ;144;179;178;183;166;66;46;221;Do,27.02.;
2025;FEB.;1220;Am Heumarkt;B;1;Urania;Kfz;13944;15245;12584;16162;15158;11160;10220;18549;*Do,27.02.;
2025;FEB.;1220;Am Heumarkt;B;1;Urania;LkwÄ;544;620;644;599;657;520;189;1170;*Fr,28.02.;
2025;FEB.;1220;Am Heumarkt;B;1;Gesamt;Kfz;20095;22170;18976;23325;21898;15839;13980;27272;*Do,27.02.;
2025;FEB.;1220;Am Heumarkt;B;1;Gesamt;LkwÄ;687;798;822;782;823;586;235;1344;*Fr,28.02.;
2025;FEB.;1221;Grenzackerstraße;B;225;Laxenburger Straße;Kfz;14438;14858;14455;14659;15856;14476;12303;16896;Fr,28.02.;
2025;FEB.;1221;Grenzackerstraße;B;225;Laxenburger Straße;LkwÄ;386;478;462;499;430;180;131;547;*Di,18.02.;
2025;FEB.;1221;Grenzackerstraße;B;225;Verteilerkreis;Kfz;13745;14305;14176;14029;15260;13294;11398;15971;Fr,28.02.;
2025;FEB.;1221;Grenzackerstraße;B;225;Verteilerkreis;LkwÄ;523;642;662;648;604;258;191;704;Di,11.02.;
2025;FEB.;1221;Grenzackerstraße;B;225;Gesamt;Kfz;28184;29162;28630;28689;31116;27771;23702;32867;Fr,28.02.;
2025;FEB.;1221;Grenzackerstraße;B;225;Gesamt;LkwÄ;909;1120;1124;1147;1034;438;322;1243;*Di,11.02.;
2025;FEB.;1222;Universitätsring;G;0;Schottenring;Kfz;22150;23247;21464;23326;24792;21578;17239;26368;Fr,28.02.;
2025;FEB.;1222;Universitätsring;G;0;Schottenring;LkwÄ;452;555;524;566;554;248;142;639;Mi,26.02.;
2025;FEB.;1222;Universitätsring;G;0;Einbahnstraße;Kfz;-29;-29;-29;-29;-29;-29;-29;-29;0.00.;
2025;FEB.;1222;Universitätsring;G;0;Einbahnstraße;LkwÄ;-29;-29;-29;-29;-29;-29;-29;-29;0.00.;
2025;FEB.;1222;Universitätsring;G;0;Gesamt;Kfz;-29;-29;-29;-29;-29;-29;-29;-29;0.00.;
2025;FEB.;1222;Universitätsring;G;0;Gesamt;LkwÄ;-29;-29;-29;-29;-29;-29;-29;-29;0.00.;
2025;FEB.;1223;Adalbert-Stifter-Straße;B;226;Gürtelbrücke;Kfz;8887;9375;9058;9567;9114;8430;6902;10597;Do,27.02.;
2025;FEB.;1223;Adalbert-Stifter-Straße;B;226;Gürtelbrücke;LkwÄ;888;991;1014;995;956;722;537;1173;Mi,12.02.;
2025;FEB.;1223;Adalbert-Stifter-Straße;B;226;Floridsdorfer Brücke;Kfz;9378;9880;9590;9893;10131;9089;7156;10663;Fr,28.02.;
2025;FEB.;1223;Adalbert-Stifter-Straße;B;226;Floridsdorfer Brücke;LkwÄ;286;348;337;362;316;154;110;527;Do,27.02.;
2025;FEB.;1223;Adalbert-Stifter-Straße;B;226;Gesamt;Kfz;18264;19255;18648;19460;19245;17519;14059;21169;Do,27.02.;
2025;FEB.;1223;Adalbert-Stifter-Straße;B;226;Gesamt;LkwÄ;1174;1339;1352;1357;1271;876;647;1587;Mi,12.02.;
2025;FEB.;1224;Wagramer Str. II;B;8;Reichsbrücke;Kfz;9429;10367;10343;10364;10398;8672;5500;11169;*Do,27.02.;
2025;FEB.;1224;Wagramer Str. II;B;8;Reichsbrücke;LkwÄ;376;497;549;515;392;88;57;584;Di,18.02.;
2025;FEB.;1224;Wagramer Str. II;B;8;Süßenbrunn;Kfz;8320;8913;8818;8711;9612;8523;5150;10118;Fr,28.02.;
2025;FEB.;1224;Wagramer Str. II;B;8;Süßenbrunn;LkwÄ;220;294;318;305;240;47;20;349;Do,27.02.;
2025;FEB.;1224;Wagramer Str. II;B;8;Gesamt;Kfz;17749;19279;19161;19075;20010;17195;10651;21116;Fr,28.02.;
2025;FEB.;1224;Wagramer Str. II;B;8;Gesamt;LkwÄ;596;792;867;820;631;135;77;913;*Do,27.02.;
2025;FEB.;1600;Schönbrunner Straße;B;1;Zentrum;Kfz;16526;17165;16312;17090;18246;16208;13650;19376;Fr,28.02.;
2025;FEB.;1600;Schönbrunner Straße;B;1;Zentrum;LkwÄ;735;910;876;945;840;401;193;1016;Di,11.02.;
2025;FEB.;1600;Schönbrunner Straße;B;1;Stadtauswärts;Kfz;-29;-29;-29;-29;-29;-29;-29;-29;0.00.;
2025;FEB.;1600;Schönbrunner Straße;B;1;Stadtauswärts;LkwÄ;-29;-29;-29;-29;-29;-29;-29;-29;0.00.;
2025;FEB.;1600;Schönbrunner Straße;B;1;Gesamt;Kfz;-29;-29;-29;-29;-29;-29;-29;-29;0.00.;
2025;FEB.;1600;Schönbrunner Straße;B;1;Gesamt;LkwÄ;-29;-29;-29;-29;-29;-29;-29;-29;0.00.;
2025;FEB.;1603;Hirschstettner Straße;G;0;Kagran;Kfz;6983;7284;7144;7098;7982;7111;5349;8342;Fr,28.02.;
2025;FEB.;1603;Hirschstettner Straße;G;0;Kagran;LkwÄ;337;398;374;410;388;212;155;481;Mi,12.02.;
2025;FEB.;1603;Hirschstettner Straße;G;0;S2;Kfz;7291;7755;7757;7688;7954;7299;4962;8545;Do,27.02.;
2025;FEB.;1603;Hirschstettner Straße;G;0;S2;LkwÄ;309;372;388;382;328;172;130;414;Mo,24.02.;
2025;FEB.;1603;Hirschstettner Straße;G;0;Gesamt;Kfz;14274;15039;14901;14786;15936;14410;10311;16646;Fr,28.02.;
2025;FEB.;1603;Hirschstettner Straße;G;0;Gesamt;LkwÄ;646;771;762;792;716;384;285;890;Mi,12.02.;
2025;FEB.;1607;Weißgerberlände;B;227;A4;Kfz;25662;27692;26763;28081;27454;22079;19091;30647;*Do,27.02.;
2025;FEB.;1607;Weißgerberlände;B;227;A4;LkwÄ;513;656;693;678;552;184;129;783;*Mo,24.02.;
2025;FEB.;1607;Weißgerberlände;B;227;Zentrum;Kfz;-29;-29;-29;-29;-29;-29;-29;-29;0.00.;
2025;FEB.;1607;Weißgerberlände;B;227;Zentrum;LkwÄ;-29;-29;-29;-29;-29;-29;-29;-29;0.00.;
2025;FEB.;1607;Weißgerberlände;B;227;Gesamt;Kfz;-29;-29;-29;-29;-29;-29;-29;-29;0.00.;
2025;FEB.;1607;Weißgerberlände;B;227;Gesamt;LkwÄ;-29;-29;-29;-29;-29;-29;-29;-29;0.00.;
2025;FEB.;1608;Margaretengürtel/Matzl.Pl;B;221;A23;Kfz;22846;23531;23282;23186;24818;22474;19791;25394;Fr,28.02.;
2025;FEB.;1608;Margaretengürtel/Matzl.Pl;B;221;A23;LkwÄ;3734;4348;4539;4362;4113;2524;1878;4610;Mo,17.02.;
2025;FEB.;1608;Margaretengürtel/Matzl.Pl;B;221;Wienzeile;Kfz;22292;23295;22419;23264;24264;21237;18328;25432;Fr,28.02.;
2025;FEB.;1608;Margaretengürtel/Matzl.Pl;B;221;Wienzeile;LkwÄ;785;987;976;1027;878;350;214;1165;Do,27.02.;
2025;FEB.;1608;Margaretengürtel/Matzl.Pl;B;221;Gesamt;Kfz;45138;46827;45701;46450;49082;43710;38119;50826;Fr,28.02.;
2025;FEB.;1608;Margaretengürtel/Matzl.Pl;B;221;Gesamt;LkwÄ;4520;5334;5515;5389;4991;2874;2092;5706;Di,18.02.;
2025;FEB.;1611;Simmeringer Hauptstr. II;B;225;Schwechat;Kfz;6385;6612;6416;6485;7190;6397;5234;7492;Fr,28.02.;
2025;FEB.;1611;Simmeringer Hauptstr. II;B;225;Schwechat;LkwÄ;239;305;320;300;306;96;53;366;Mo,24.02.;
2025;FEB.;1611;Simmeringer Hauptstr. II;B;225;Zentrum;Kfz;6825;7120;6978;6989;7656;6618;5554;8060;Fr,28.02.;
2025;FEB.;1611;Simmeringer Hauptstr. II;B;225;Zentrum;LkwÄ;445;548;586;543;524;225;154;616;Mo,24.02.;
2025;FEB.;1611;Simmeringer Hauptstr. II;B;225;Gesamt;Kfz;13210;13733;13395;13474;14846;13015;10788;15552;Fr,28.02.;
2025;FEB.;1611;Simmeringer Hauptstr. II;B;225;Gesamt;LkwÄ;685;853;906;843;831;320;207;982;Mo,24.02.;
2025;FEB.;1612;Längenfeldgasse;G;0;Eichenstraße;Kfz;11160;11997;11566;12050;12268;10356;7776;12964;Fr,28.02.;
2025;FEB.;1612;Längenfeldgasse;G;0;Eichenstraße;LkwÄ;324;385;391;393;357;196;142;417;Mi,19.02.;
2025;FEB.;1612;Längenfeldgasse;G;0;Wienerbergstraße;Kfz;7911;8488;8298;8430;8854;7194;5743;9369;Fr,28.02.;
2025;FEB.;1612;Längenfeldgasse;G;0;Wienerbergstraße;LkwÄ;412;487;514;477;488;259;189;525;Mo,10.02.;
2025;FEB.;1612;Längenfeldgasse;G;0;Gesamt;Kfz;19071;20485;19864;20480;21122;17550;13518;22333;Fr,28.02.;
2025;FEB.;1612;Längenfeldgasse;G;0;Gesamt;LkwÄ;735;872;904;870;845;455;330;921;Di,18.02.;
2025;FEB.;1613;Lainzer Straße;G;0;Zentrum;Kfz;4333;4776;4661;4778;4883;3554;2896;5370;Fr,14.02.;
2025;FEB.;1613;Lainzer Straße;G;0;Zentrum;LkwÄ;394;449;457;448;442;278;240;525;Mi,19.02.;
2025;FEB.;1613;Lainzer Straße;G;0;Fasangartengasse;Kfz;6035;6600;6493;6605;6693;5173;4069;7210;Fr,28.02.;
2025;FEB.;1613;Lainzer Straße;G;0;Fasangartengasse;LkwÄ;565;650;638;660;636;405;300;753;Di,18.02.;
2025;FEB.;1613;Lainzer Straße;G;0;Gesamt;Kfz;10367;11376;11154;11383;11576;8727;6966;12450;Fr,28.02.;
2025;FEB.;1613;Lainzer Straße;G;0;Gesamt;LkwÄ;960;1099;1094;1108;1079;683;540;1251;Mi,19.02.;
2025;FEB.;1614;Maxingstraße;G;0;Montecuccoliplatz;Kfz;4381;4801;4656;4835;4843;3597;3067;5171;Do,27.02.;
2025;FEB.;1614;Maxingstraße;G;0;Montecuccoliplatz;LkwÄ;342;391;388;398;375;227;209;416;Mi,26.02.;
2025;FEB.;1614;Maxingstraße;G;0;Zentrum;Kfz;6597;7320;7139;7385;7309;5205;4372;7861;Do,27.02.;
2025;FEB.;1614;Maxingstraße;G;0;Zentrum;LkwÄ;564;667;665;680;630;336;278;786;Do,27.02.;
2025;FEB.;1614;Maxingstraße;G;0;Gesamt;Kfz;10978;12121;11795;12220;12152;8802;7440;13032;Do,27.02.;
2025;FEB.;1614;Maxingstraße;G;0;Gesamt;LkwÄ;906;1058;1053;1078;1005;563;488;1199;Do,27.02.;
2025;FEB.;1615;Gablenzgasse;B;223;Zentrum;Kfz;14251;14771;14116;14652;15780;14290;11617;16873;Fr,28.02.;
2025;FEB.;1615;Gablenzgasse;B;223;Zentrum;LkwÄ;320;386;384;398;354;184;125;478;Mi,26.02.;
2025;FEB.;1615;Gablenzgasse;B;223;Stadtauswärts;Kfz;-29;-29;-29;-29;-29;-29;-29;-29;0.00.;
2025;FEB.;1615;Gablenzgasse;B;223;Stadtauswärts;LkwÄ;-29;-29;-29;-29;-29;-29;-29;-29;0.00.;
2025;FEB.;1615;Gablenzgasse;B;223;Gesamt;Kfz;-29;-29;-29;-29;-29;-29;-29;-29;0.00.;
2025;FEB.;1615;Gablenzgasse;B;223;Gesamt;LkwÄ;-29;-29;-29;-29;-29;-29;-29;-29;0.00.;
2025;FEB.;1616;Gersthofer Straße;G;0;Lidlgasse;Kfz;7110;7650;7467;7715;7635;6420;5103;8108;Do,27.02.;
2025;FEB.;1616;Gersthofer Straße;G;0;Lidlgasse;LkwÄ;671;775;781;821;632;354;464;896;*Di,25.02.;
2025;FEB.;1616;Gersthofer Straße;G;0;Türkenschanz-Park;Kfz;7778;8310;8168;8328;8397;7218;5679;8923;Fr,28.02.;
2025;FEB.;1616;Gersthofer Straße;G;0;Türkenschanz-Park;LkwÄ;873;1017;1076;1018;958;608;415;1162;Mo,24.02.;
2025;FEB.;1616;Gersthofer Straße;G;0;Gesamt;Kfz;14888;15959;15635;16043;16032;13638;10782;17006;Fr,28.02.;
2025;FEB.;1616;Gersthofer Straße;G;0;Gesamt;LkwÄ;1543;1792;1856;1839;1589;962;878;2014;*Mo,24.02.;
2025;FEB.;1617;Angerer Straße;G;0;Brünner Straße;Kfz;6516;6951;7195;6776;7233;6036;4819;7527;Fr,28.02.;
2025;FEB.;1617;Angerer Straße;G;0;Brünner Straße;LkwÄ;203;261;255;271;236;75;38;311;*Do,20.02.;
2025;FEB.;1617;Angerer Straße;G;0;Donaufelder Str.;Kfz;5748;6115;6032;6106;6226;5230;4430;6670;*Do,13.02.;
2025;FEB.;1617;Angerer Straße;G;0;Donaufelder Str.;LkwÄ;97;126;128;134;97;33;18;177;*Mi,19.02.;
2025;FEB.;1617;Angerer Straße;G;0;Gesamt;Kfz;12264;13067;13227;12882;13460;11266;9250;14098;Fr,28.02.;
2025;FEB.;1617;Angerer Straße;G;0;Gesamt;LkwÄ;300;387;383;406;333;108;56;474;*Do,20.02.;
2025;FEB.;1618;Siemensstraße;B;229;Leopoldauer Platz;Kfz;7631;8225;8133;8142;8565;7186;5110;8966;Fr,28.02.;
2025;FEB.;1618;Siemensstraße;B;229;Leopoldauer Platz;LkwÄ;810;998;1062;1011;893;405;277;1130;Mo,24.02.;
2025;FEB.;1618;Siemensstraße;B;229;Siemensplatz;Kfz;7340;7953;7811;7893;8272;6766;4854;8677;Fr,28.02.;
2025;FEB.;1618;Siemensstraße;B;229;Siemensplatz;LkwÄ;869;1069;1068;1088;1014;446;292;1245;Do,27.02.;
2025;FEB.;1618;Siemensstraße;B;229;Gesamt;Kfz;14972;16177;15944;16035;16837;13952;9963;17643;Fr,28.02.;
2025;FEB.;1618;Siemensstraße;B;229;Gesamt;LkwÄ;1679;2067;2130;2099;1907;851;569;2339;Do,27.02.;
2025;FEB.;1619;Breitenfurter Straße II;B;13;Liesinger Platz;Kfz;7557;8238;8085;8124;8731;6811;4900;9371;Fr,28.02.;
2025;FEB.;1619;Breitenfurter Straße II;B;13;Liesinger Platz;LkwÄ;305;357;356;358;351;186;169;378;Mi,12.02.;
2025;FEB.;1619;Breitenfurter Straße II;B;13;Zentrum;Kfz;7732;8412;8166;8373;8771;6778;5285;9364;Fr,28.02.;
2025;FEB.;1619;Breitenfurter Straße II;B;13;Zentrum;LkwÄ;367;430;424;434;426;224;193;469;Do,20.02.;
2025;FEB.;1619;Breitenfurter Straße II;B;13;Gesamt;Kfz;15289;16649;16252;16497;17502;13589;10185;18735;Fr,28.02.;
2025;FEB.;1619;Breitenfurter Straße II;B;13;Gesamt;LkwÄ;672;787;781;792;777;410;362;831;Do,20.02.;
2025;FEB.;1620;Endresstraße;G;0;Mauerer Hauptplatz;Kfz;2642;2919;2818;2886;3118;2226;1670;3405;Fr,14.02.;
2025;FEB.;1620;Endresstraße;G;0;Mauerer Hauptplatz;LkwÄ;156;191;192;192;188;77;62;211;Do,20.02.;
2025;FEB.;1620;Endresstraße;G;0;Atzgersdorf;Kfz;1704;1904;1868;1898;1959;1368;1042;2129;Fr,14.02.;
2025;FEB.;1620;Endresstraße;G;0;Atzgersdorf;LkwÄ;238;286;287;293;266;132;102;367;*Do,13.02.;
2025;FEB.;1620;Endresstraße;G;0;Gesamt;Kfz;4346;4823;4685;4784;5077;3594;2713;5534;Fr,14.02.;
2025;FEB.;1620;Endresstraße;G;0;Gesamt;LkwÄ;394;478;480;485;454;208;163;574;*Do,13.02.;
2025;FEB.;1621;Währinger Gürtel;B;221;Liechtenwerder Platz;Kfz;32542;32365;31712;31848;34568;34924;31047;36022;*Sa,01.02.;
2025;FEB.;1621;Währinger Gürtel;B;221;Liechtenwerder Platz;LkwÄ;1756;2188;2353;2202;1984;863;484;2400;*Mo,17.02.;
2025;FEB.;1621;Währinger Gürtel;B;221;Wienzeile;Kfz;37578;38058;36797;37726;40316;38824;33932;42034;*Fr,28.02.;
2025;FEB.;1621;Währinger Gürtel;B;221;Wienzeile;LkwÄ;2411;3015;3203;3084;2620;1154;645;3498;*Di,18.02.;
2025;FEB.;1621;Währinger Gürtel;B;221;Gesamt;Kfz;70120;70423;68509;69574;74884;73748;64979;77495;*Fr,28.02.;
2025;FEB.;1621;Währinger Gürtel;B;221;Gesamt;LkwÄ;4166;5203;5556;5286;4604;2018;1130;5894;*Di,18.02.;
2025;FEB.;1622;Himberger Straße II;B;16;Zentrum;Kfz;4052;4594;4670;4592;4522;3156;2242;5024;Mi,26.02.;
2025;FEB.;1622;Himberger Straße II;B;16;Zentrum;LkwÄ;213;290;301;307;230;24;12;341;Do,06.02.;
2025;FEB.;1622;Himberger Straße II;B;16;Leopoldsdorfer Str.;Kfz;5016;5741;5559;5798;5754;3766;2643;6108;Do,27.02.;
2025;FEB.;1622;Himberger Straße II;B;16;Leopoldsdorfer Str.;LkwÄ;974;1216;1220;1245;1123;468;272;1354;Do,27.02.;
2025;FEB.;1622;Himberger Straße II;B;16;Gesamt;Kfz;9069;10335;10230;10389;10276;6922;4885;10975;Mi,26.02.;
2025;FEB.;1622;Himberger Straße II;B;16;Gesamt;LkwÄ;1187;1506;1521;1552;1354;492;285;1670;Do,27.02.;
2025;FEB.;1623;Breitenleer Straße II;G;0;Stadteinwärts;Kfz;6181;6735;6612;6713;6924;5525;4065;7131;Fr,14.02.;
2025;FEB.;1623;Breitenleer Straße II;G;0;Stadteinwärts;LkwÄ;608;769;742;802;701;250;156;864;Di,18.02.;
2025;FEB.;1623;Breitenleer Straße II;G;0;Stadtauswärts;Kfz;7056;7744;7625;7704;7982;6140;4532;8213;Fr,28.02.;
2025;FEB.;1623;Breitenleer Straße II;G;0;Stadtauswärts;LkwÄ;494;624;648;654;507;183;155;781;*Mi,26.02.;
2025;FEB.;1623;Breitenleer Straße II;G;0;Gesamt;Kfz;13237;14479;14238;14418;14905;11665;8597;15338;Fr,28.02.;
2025;FEB.;1623;Breitenleer Straße II;G;0;Gesamt;LkwÄ;1101;1393;1390;1456;1208;433;311;1597;*Mi,26.02.;
2025;FEB.;1624;Seyringer Straße;G;0;Wassermanngasse;Kfz;6178;6623;6408;6497;7217;6298;3834;7577;Fr,28.02.;
2025;FEB.;1624;Seyringer Straße;G;0;Wassermanngasse;LkwÄ;254;338;348;356;272;60;27;381;Do,20.02.;
2025;FEB.;1624;Seyringer Straße;G;0;Ernst-Kein-Gasse;Kfz;5326;5761;5647;5658;6184;5265;3213;6438;Fr,28.02.;
2025;FEB.;1624;Seyringer Straße;G;0;Ernst-Kein-Gasse;LkwÄ;207;277;285;295;218;46;17;336;Mi,12.02.;
2025;FEB.;1624;Seyringer Straße;G;0;Gesamt;Kfz;11504;12384;12055;12154;13401;11563;7046;14015;Fr,28.02.;
2025;FEB.;1624;Seyringer Straße;G;0;Gesamt;LkwÄ;461;615;633;651;490;106;44;716;Mi,12.02.;
2025;FEB.;1625;Favoritenstraße;G;0;Karlsplatz (Zentrum);Kfz;9496;10073;9333;10202;10428;8896;7208;11576;*Mi,26.02.;
2025;FEB.;1625;Favoritenstraße;G;0;Karlsplatz (Zentrum);LkwÄ;148;195;196;202;174;42;21;279;*Mi,26.02.;
2025;FEB.;1625;Favoritenstraße;G;0;Südtiroler Platz;Kfz;2979;3164;3021;3167;3298;2832;2204;3610;*Fr,14.02.;
2025;FEB.;1625;Favoritenstraße;G;0;Südtiroler Platz;LkwÄ;213;265;265;273;238;114;54;308;*Di,25.02.;
2025;FEB.;1625;Favoritenstraße;G;0;Gesamt;Kfz;12475;13237;12354;13368;13726;11728;9412;14650;*Mi,26.02.;
2025;FEB.;1625;Favoritenstraße;G;0;Gesamt;LkwÄ;361;460;460;475;412;156;75;584;*Mi,26.02.;
2025;FEB.;1626;Ludwig-van-Höhnel-Gasse;B;225;Verteilerkreis;Kfz;7607;8031;7824;7943;8504;7284;5810;8899;Fr,14.02.;
2025;FEB.;1626;Ludwig-van-Höhnel-Gasse;B;225;Verteilerkreis;LkwÄ;302;373;369;390;328;138;110;410;Di,04.02.;
2025;FEB.;1626;Ludwig-van-Höhnel-Gasse;B;225;Laaer-Berg-Str.;Kfz;9604;9881;9512;9796;10508;9517;8308;10859;Fr,14.02.;
2025;FEB.;1626;Ludwig-van-Höhnel-Gasse;B;225;Laaer-Berg-Str.;LkwÄ;654;808;793;841;727;316;221;936;Do,27.02.;
2025;FEB.;1626;Ludwig-van-Höhnel-Gasse;B;225;Gesamt;Kfz;17212;17913;17336;17738;19012;16801;14118;19758;Fr,14.02.;
2025;FEB.;1626;Ludwig-van-Höhnel-Gasse;B;225;Gesamt;LkwÄ;956;1182;1162;1230;1056;454;330;1302;Mi,12.02.;
2025;FEB.;1627;Felberstraße;B;224;Neubauguertel;Kfz;9087;9417;9085;9381;9856;8862;7663;10332;Fr,21.02.;
2025;FEB.;1627;Felberstraße;B;224;Neubauguertel;LkwÄ;458;566;564;581;523;246;132;640;Mi,19.02.;
2025;FEB.;1627;Felberstraße;B;224;Schweglerstraße;Kfz;7596;7808;7513;7824;8056;7522;6610;8588;Fr,28.02.;
2025;FEB.;1627;Felberstraße;B;224;Schweglerstraße;LkwÄ;36;45;54;45;36;16;12;64;Mo,24.02.;
2025;FEB.;1627;Felberstraße;B;224;Gesamt;Kfz;16683;17225;16598;17205;17913;16384;14272;18729;*Fr,28.02.;
2025;FEB.;1627;Felberstraße;B;224;Gesamt;LkwÄ;494;611;618;626;559;262;144;688;Di,25.02.;426
2025;JAN.;1075;Reichsbrücke;B;8;Leopoldstadt;Kfz;16479;18710;18663;19118;17676;13522;10641;25228;*Mi,29.01.;
2025;JAN.;1075;Reichsbrücke;B;8;Leopoldstadt;LkwÄ;466;601;684;612;522;216;162;874;*Di,28.01.;
2025;JAN.;1075;Reichsbrücke;B;8;Donaustadt;Kfz;12729;13998;13949;14002;14018;11386;9182;16005;*Do,30.01.;
2025;JAN.;1075;Reichsbrücke;B;8;Donaustadt;LkwÄ;362;447;483;465;378;228;152;530;Di,21.01.;
2025;JAN.;1075;Reichsbrücke;B;8;Gesamt;Kfz;29208;32708;32611;33120;31694;24908;19823;40693;*Mi,29.01.;
2025;JAN.;1075;Reichsbrücke;B;8;Gesamt;LkwÄ;828;1048;1168;1077;900;444;314;1344;*Do,30.01.;
2025;JAN.;1078;Westbahnhof;B;221;Wienzeile;Kfz;34048;35073;34391;34725;36386;35621;29411;38819;Fr,31.01.;
2025;JAN.;1078;Westbahnhof;B;221;Wienzeile;LkwÄ;623;798;832;832;691;328;208;910;*Do,02.01.;
2025;JAN.;1078;Westbahnhof;B;221;Stadthalle;Kfz;30023;30709;30479;30222;32112;31768;26458;34028;Fr,31.01.;
2025;JAN.;1078;Westbahnhof;B;221;Stadthalle;LkwÄ;602;761;807;772;704;337;224;844;Mo,27.01.;
2025;JAN.;1078;Westbahnhof;B;221;Gesamt;Kfz;64070;65781;64870;64947;68498;67390;55868;72847;Fr,31.01.;
2025;JAN.;1078;Westbahnhof;B;221;Gesamt;LkwÄ;1226;1559;1639;1603;1395;665;432;1749;*Do,02.01.;
2025;JAN.;1089;Floridsdorf-Br.;B;226;Brigittenau;Kfz;11324;12579;12708;12668;12269;10087;7759;13863;Mi,29.01.;
2025;JAN.;1089;Floridsdorf-Br.;B;226;Brigittenau;LkwÄ;215;280;312;286;246;101;63;330;Mo,27.01.;
2025;JAN.;1089;Floridsdorf-Br.;B;226;Floridsdorf;Kfz;11665;12941;12903;12952;12936;10704;7839;13859;*Mi,29.01.;
2025;JAN.;1089;Floridsdorf-Br.;B;226;Floridsdorf;LkwÄ;239;311;336;321;270;119;69;372;Do,30.01.;
2025;JAN.;1089;Floridsdorf-Br.;B;226;Gesamt;Kfz;22989;25520;25611;25620;25205;20790;15598;27722;*Mi,29.01.;
2025;JAN.;1089;Floridsdorf-Br.;B;226;Gesamt;LkwÄ;455;591;648;608;515;220;132;702;Do,30.01.;
2025;JAN.;1096;Brigittenauer Brücke;B;14;Brigittenau;Kfz;11579;13093;13387;13325;12313;9644;7570;14242;Mi,29.01.;
2025;JAN.;1096;Brigittenauer Brücke;B;14;Brigittenau;LkwÄ;242;323;356;339;262;92;55;393;Mo,20.01.;
2025;JAN.;1096;Brigittenauer Brücke;B;14;Floridsdorf;Kfz;9912;10951;10879;11004;10856;8904;6948;11520;Do,30.01.;
2025;JAN.;1096;Brigittenauer Brücke;B;14;Floridsdorf;LkwÄ;216;278;299;285;246;104;77;335;Mo,20.01.;
2025;JAN.;1096;Brigittenauer Brücke;B;14;Gesamt;Kfz;21491;24043;24266;24328;23169;18548;14518;25620;Do,30.01.;
2025;JAN.;1096;Brigittenauer Brücke;B;14;Gesamt;LkwÄ;458;601;654;624;509;196;132;728;Mo,20.01.;
2025;JAN.;1131;Karlsplatz;B;1;Heumarkt;Kfz;17295;18702;18077;18697;19089;16271;13056;20899;Fr,31.01.;
2025;JAN.;1131;Karlsplatz;B;1;Heumarkt;LkwÄ;370;461;475;465;443;217;155;610;*Mi,29.01.;
2025;JAN.;1131;Karlsplatz;B;1;Wienzeile;Kfz;10858;12067;11791;12109;12123;9568;7488;13584;Fr,24.01.;
2025;JAN.;1131;Karlsplatz;B;1;Wienzeile;LkwÄ;285;344;340;347;337;190;144;412;Do,23.01.;
2025;JAN.;1131;Karlsplatz;B;1;Gesamt;Kfz;28154;30769;29869;30806;31212;25840;20544;34118;Do,30.01.;
2025;JAN.;1131;Karlsplatz;B;1;Gesamt;LkwÄ;656;805;815;812;780;407;299;977;*Mi,29.01.;
2025;JAN.;1170;Donaukanal Straße;B;227;1171-Obere Donaustr.;Kfz;21991;23391;22930;23277;23963;21117;17676;24965;Fr,24.01.;
2025;JAN.;1170;Donaukanal Straße;B;227;1171-Obere Donaustr.;LkwÄ;717;865;869;874;841;448;377;1046;Do,30.01.;
2025;JAN.;1170;Donaukanal Straße;B;227;1172-Franz-Josef-Kai;Kfz;33587;36646;36865;36490;36921;30813;24730;40510;Fr,31.01.;
2025;JAN.;1170;Donaukanal Straße;B;227;1172-Franz-Josef-Kai;LkwÄ;1154;1470;1553;1494;1358;596;420;1691;Mi,29.01.;
2025;JAN.;1170;Donaukanal Straße;B;227;Gesamt;Kfz;55578;60037;59795;59766;60884;51930;42406;65387;Fr,31.01.;
2025;JAN.;1170;Donaukanal Straße;B;227;Gesamt;LkwÄ;1871;2336;2422;2368;2199;1044;797;2722;Do,30.01.;
2025;JAN.;1177;Handelskai;B;14;Klosterneuburg;Kfz;9197;10126;10146;10180;9974;8179;6622;10999;Mi,15.01.;
2025;JAN.;1177;Handelskai;B;14;Klosterneuburg;LkwÄ;347;471;530;492;382;108;72;603;Do,23.01.;
2025;JAN.;1177;Handelskai;B;14;Freudenau;Kfz;10771;11844;11706;12006;11509;9816;7652;13730;Do,16.01.;
2025;JAN.;1177;Handelskai;B;14;Freudenau;LkwÄ;437;599;665;628;483;123;82;807;Do,23.01.;
2025;JAN.;1177;Handelskai;B;14;Gesamt;Kfz;19968;21971;21852;22186;21483;17995;14273;24583;Do,16.01.;
2025;JAN.;1177;Handelskai;B;14;Gesamt;LkwÄ;784;1070;1195;1120;865;231;154;1410;Do,23.01.;
2025;JAN.;1179;Brunner Straße;B;12;Zentrum;Kfz;11767;13728;14057;13800;13344;9775;6230;14785;Do,30.01.;
2025;JAN.;1179;Brunner Straße;B;12;Zentrum;LkwÄ;844;1135;1241;1155;1018;308;186;1297;Mo,20.01.;
2025;JAN.;1179;Brunner Straße;B;12;Brunn am Gebirge;Kfz;15600;17726;17671;17670;17906;13952;9259;19134;Fr,31.01.;
2025;JAN.;1179;Brunner Straße;B;12;Brunn am Gebirge;LkwÄ;970;1296;1431;1319;1157;376;222;1493;Mo,20.01.;
2025;JAN.;1179;Brunner Straße;B;12;Gesamt;Kfz;27367;31455;31727;31470;31250;23728;15488;33635;Fr,31.01.;
2025;JAN.;1179;Brunner Straße;B;12;Gesamt;LkwÄ;1814;2431;2672;2474;2175;685;408;2790;Mo,20.01.;
2025;JAN.;1180;Hochstraße;B;13;Zentrum;Kfz;4712;5270;5192;5262;5337;4152;3132;5732;Fr,24.01.;
2025;JAN.;1180;Hochstraße;B;13;Zentrum;LkwÄ;207;255;258;259;245;118;95;288;Di,21.01.;
2025;JAN.;1180;Hochstraße;B;13;Perchtoldsdorf;Kfz;4869;5473;5400;5477;5509;4223;3185;5999;Fr,24.01.;
2025;JAN.;1180;Hochstraße;B;13;Perchtoldsdorf;LkwÄ;212;264;269;268;248;115;96;287;Mi,22.01.;
2025;JAN.;1180;Hochstraße;B;13;Gesamt;Kfz;9581;10743;10591;10738;10846;8375;6318;11731;Fr,24.01.;
2025;JAN.;1180;Hochstraße;B;13;Gesamt;LkwÄ;419;519;527;527;493;233;191;561;Mi,29.01.;
2025;JAN.;1181;Breitenfurter Straße;B;13;Zentrum;Kfz;5655;6285;6442;6229;6338;5108;3816;6913;*Mo,13.01.;
2025;JAN.;1181;Breitenfurter Straße;B;13;Zentrum;LkwÄ;178;219;233;218;211;110;83;287;*Mo,13.01.;
2025;JAN.;1181;Breitenfurter Straße;B;13;Breitenfurt;Kfz;5544;6208;6196;6232;6152;4915;3643;6648;*Di,14.01.;
2025;JAN.;1181;Breitenfurter Straße;B;13;Breitenfurt;LkwÄ;173;213;221;214;204;103;81;246;Do,09.01.;
2025;JAN.;1181;Breitenfurter Straße;B;13;Gesamt;Kfz;11200;12493;12638;12460;12490;10023;7459;13223;*Mo,13.01.;
2025;JAN.;1181;Breitenfurter Straße;B;13;Gesamt;LkwÄ;351;431;455;432;415;214;164;514;*Mo,13.01.;
2025;JAN.;1182;Simmeringer Hptstr.;B;225;Zentrum;Kfz;7542;8574;8909;8339;8984;6817;4411;9606;*Fr,31.01.;
2025;JAN.;1182;Simmeringer Hptstr.;B;225;Zentrum;LkwÄ;464;593;642;585;586;234;164;684;*Mi,29.01.;
2025;JAN.;1182;Simmeringer Hptstr.;B;225;Schwechat;Kfz;9291;10550;10350;10499;10803;8178;5627;11502;*Fr,31.01.;
2025;JAN.;1182;Simmeringer Hptstr.;B;225;Schwechat;LkwÄ;555;731;772;742;680;232;154;806;*Di,14.01.;
2025;JAN.;1182;Simmeringer Hptstr.;B;225;Gesamt;Kfz;16833;19124;19259;18838;19787;14996;10038;21108;*Fr,31.01.;
2025;JAN.;1182;Simmeringer Hptstr.;B;225;Gesamt;LkwÄ;1019;1325;1414;1327;1266;467;318;1471;*Mi,22.01.;
2025;JAN.;1184;Himberger Straße;G;0;Zentrum;Kfz;4668;5380;5494;5360;5364;3912;2680;5731;Fr,17.01.;
2025;JAN.;1184;Himberger Straße;G;0;Zentrum;LkwÄ;138;193;199;202;165;38;14;238;Mi,29.01.;
2025;JAN.;1184;Himberger Straße;G;0;Leopoldsdorf;Kfz;4501;5175;5230;5139;5235;3723;2661;5617;Fr,31.01.;
2025;JAN.;1184;Himberger Straße;G;0;Leopoldsdorf;LkwÄ;125;175;180;180;158;28;18;208;Di,21.01.;
2025;JAN.;1184;Himberger Straße;G;0;Gesamt;Kfz;9169;10555;10724;10500;10599;7635;5341;11265;Fr,17.01.;
2025;JAN.;1184;Himberger Straße;G;0;Gesamt;LkwÄ;264;368;379;382;323;65;32;433;Di,21.01.;
2025;JAN.;1187;Triester Straße;B;17;Zentrum;Kfz;8505;9588;9543;9488;9876;8820;4502;10499;Fr,31.01.;
2025;JAN.;1187;Triester Straße;B;17;Zentrum;LkwÄ;310;417;457;427;366;121;62;503;*Do,30.01.;
2025;JAN.;1187;Triester Straße;B;17;Wr. Neudorf;Kfz;7688;8743;8937;8668;8820;7322;4243;9565;Fr,31.01.;
2025;JAN.;1187;Triester Straße;B;17;Wr. Neudorf;LkwÄ;285;382;423;395;326;105;63;458;Mo,27.01.;
2025;JAN.;1187;Triester Straße;B;17;Gesamt;Kfz;16193;18331;18479;18156;18696;16142;8745;20064;Fr,31.01.;
2025;JAN.;1187;Triester Straße;B;17;Gesamt;LkwÄ;595;799;880;822;692;226;126;953;Mo,27.01.;
2025;JAN.;1188;Altmannsdorfer Straße;B;224;Zentrum;Kfz;8391;9625;9918;9541;9669;8294;4133;10243;Mi,29.01.;
2025;JAN.;1188;Altmannsdorfer Straße;B;224;Zentrum;LkwÄ;295;392;435;411;319;108;82;498;Di,28.01.;
2025;JAN.;1188;Altmannsdorfer Straße;B;224;Vösendorf;Kfz;8312;9517;9610;9400;9765;8134;4210;10332;Fr,31.01.;
2025;JAN.;1188;Altmannsdorfer Straße;B;224;Vösendorf;LkwÄ;338;453;497;471;381;112;85;569;*Do,16.01.;
2025;JAN.;1188;Altmannsdorfer Straße;B;224;Gesamt;Kfz;16702;19142;19528;18941;19435;16428;8344;20524;Fr,31.01.;
2025;JAN.;1188;Altmannsdorfer Straße;B;224;Gesamt;LkwÄ;634;846;932;882;700;220;166;988;*Do,16.01.;
2025;JAN.;1189;Shuttleworthstraße;B;229;Zentrum;Kfz;9305;10407;10567;10357;10441;8597;5923;11392;Fr,31.01.;
2025;JAN.;1189;Shuttleworthstraße;B;229;Zentrum;LkwÄ;396;531;576;548;461;151;85;621;Di,28.01.;
2025;JAN.;1189;Shuttleworthstraße;B;229;Leopoldau;Kfz;9105;10367;10637;10381;10168;7928;5471;11041;Fr,31.01.;
2025;JAN.;1189;Shuttleworthstraße;B;229;Leopoldau;LkwÄ;377;508;558;525;436;141;75;589;Mo,27.01.;
2025;JAN.;1189;Shuttleworthstraße;B;229;Gesamt;Kfz;18410;20774;21204;20738;20609;16525;11394;22433;Fr,31.01.;
2025;JAN.;1189;Shuttleworthstraße;B;229;Gesamt;LkwÄ;773;1039;1135;1072;897;292;160;1176;Mo,27.01.;
2025;JAN.;1190;Angyalföldstraße;B;3;Kagran;Kfz;5869;6434;6319;6342;6743;6010;3799;7102;Fr,31.01.;
2025;JAN.;1190;Angyalföldstraße;B;3;Kagran;LkwÄ;194;252;263;258;229;79;69;299;Di,21.01.;
2025;JAN.;1190;Angyalföldstraße;B;3;Floridsdorf;Kfz;5308;5787;5641;5730;6023;5324;3619;6367;Fr,31.01.;
2025;JAN.;1190;Angyalföldstraße;B;3;Floridsdorf;LkwÄ;149;201;225;208;168;42;37;248;Di,21.01.;
2025;JAN.;1190;Angyalföldstraße;B;3;Gesamt;Kfz;11177;12221;11960;12072;12766;11333;7418;13469;Fr,31.01.;
2025;JAN.;1190;Angyalföldstraße;B;3;Gesamt;LkwÄ;343;452;488;466;397;121;106;547;Di,21.01.;
2025;JAN.;1191;Wientalstraße;B;1;Zentrum;Kfz;21438;23105;22984;22979;23505;20782;16039;24560;Fr,31.01.;
2025;JAN.;1191;Wientalstraße;B;1;Zentrum;LkwÄ;603;769;830;799;655;346;194;923;Di,21.01.;
2025;JAN.;1191;Wientalstraße;B;1;St. Pölten;Kfz;20442;22104;21055;21931;23183;20209;14781;25512;Fr,31.01.;
2025;JAN.;1191;Wientalstraße;B;1;St. Pölten;LkwÄ;559;719;810;744;602;287;180;893;Mi,22.01.;
2025;JAN.;1191;Wientalstraße;B;1;Gesamt;Kfz;41880;45209;44039;44910;46688;40991;30820;50072;Fr,31.01.;
2025;JAN.;1191;Wientalstraße;B;1;Gesamt;LkwÄ;1162;1488;1640;1542;1257;633;373;1798;Mi,22.01.;
2025;JAN.;1192;Hauptstraße;G;0;Zentrum;Kfz;4598;5130;5055;5047;5390;4687;2676;5640;Fr,31.01.;
2025;JAN.;1192;Hauptstraße;G;0;Zentrum;LkwÄ;259;311;320;316;294;169;136;350;Do,30.01.;
2025;JAN.;1192;Hauptstraße;G;0;St. Pölten;Kfz;5360;5973;5830;5856;6362;5502;3120;6801;Fr,31.01.;
2025;JAN.;1192;Hauptstraße;G;0;St. Pölten;LkwÄ;263;313;320;318;298;181;144;346;Do,23.01.;
2025;JAN.;1192;Hauptstraße;G;0;Gesamt;Kfz;9958;11102;10884;10903;11752;10189;5797;12441;Fr,31.01.;
2025;JAN.;1192;Hauptstraße;G;0;Gesamt;LkwÄ;522;625;640;634;592;350;279;690;Do,30.01.;
2025;JAN.;1193;Heiligenstädter Straße;B;14;Zentrum;Kfz;14189;15885;15995;15961;15619;12454;9412;17206;Do,30.01.;
2025;JAN.;1193;Heiligenstädter Straße;B;14;Zentrum;LkwÄ;489;639;722;651;558;230;135;750;Do,30.01.;
2025;JAN.;1193;Heiligenstädter Straße;B;14;Klosterneuburg;Kfz;14080;15693;15898;15830;15215;12380;9568;16985;Do,30.01.;
2025;JAN.;1193;Heiligenstädter Straße;B;14;Klosterneuburg;LkwÄ;484;631;709;648;539;230;140;728;Mo,13.01.;
2025;JAN.;1193;Heiligenstädter Straße;B;14;Gesamt;Kfz;28269;31578;31894;31791;30834;24834;18979;34191;Do,30.01.;
2025;JAN.;1193;Heiligenstädter Straße;B;14;Gesamt;LkwÄ;973;1270;1431;1299;1097;460;274;1465;Mo,13.01.;
2025;JAN.;1194;Prager Straße;B;3;Zentrum;Kfz;4400;5050;4906;4920;5476;4834;1837;5902;Fr,31.01.;
2025;JAN.;1194;Prager Straße;B;3;Zentrum;LkwÄ;148;194;202;197;182;63;42;227;Mi,15.01.;
2025;JAN.;1194;Prager Straße;B;3;Langenzersd.;Kfz;4263;4917;4815;4799;5285;4608;1743;5667;Fr,31.01.;
2025;JAN.;1194;Prager Straße;B;3;Langenzersd.;LkwÄ;147;194;197;201;175;63;37;243;*Mi,15.01.;
2025;JAN.;1194;Prager Straße;B;3;Gesamt;Kfz;8663;9967;9721;9719;10760;9442;3580;11569;Fr,31.01.;
2025;JAN.;1194;Prager Straße;B;3;Gesamt;LkwÄ;295;388;399;398;358;126;79;470;*Mi,15.01.;
2025;JAN.;1195;Wagramer Straße;B;8;Zentrum;Kfz;3093;3555;3537;3587;3485;2758;1699;3845;Mi,15.01.;
2025;JAN.;1195;Wagramer Straße;B;8;Zentrum;LkwÄ;121;154;168;159;133;63;46;187;Di,28.01.;
2025;JAN.;1195;Wagramer Straße;B;8;Süßenbrunn;Kfz;3074;3474;3432;3471;3508;2842;1830;3738;Mi,29.01.;
2025;JAN.;1195;Wagramer Straße;B;8;Süßenbrunn;LkwÄ;126;161;171;164;147;64;46;190;Di,21.01.;
2025;JAN.;1195;Wagramer Straße;B;8;Gesamt;Kfz;6167;7029;6969;7057;6993;5600;3529;7578;Mi,29.01.;
2025;JAN.;1195;Wagramer Straße;B;8;Gesamt;LkwÄ;248;315;338;323;280;128;92;375;Di,21.01.;
2025;JAN.;1196;Erzherzog-Karl-Str.;B;3;Groß-Enzersdorf;Kfz;9591;10758;10699;10676;11006;8781;6047;11883;*Fr,31.01.;
2025;JAN.;1196;Erzherzog-Karl-Str.;B;3;Groß-Enzersdorf;LkwÄ;226;289;303;305;240;106;86;373;Mi,22.01.;
2025;JAN.;1196;Erzherzog-Karl-Str.;B;3;Kagran;Kfz;9858;11101;11231;10983;11331;8706;6277;12065;Fr,24.01.;
2025;JAN.;1196;Erzherzog-Karl-Str.;B;3;Kagran;LkwÄ;464;565;588;574;526;269;242;651;Mi,15.01.;
2025;JAN.;1196;Erzherzog-Karl-Str.;B;3;Gesamt;Kfz;19450;21859;21930;21659;22337;17487;12324;23856;*Fr,31.01.;
2025;JAN.;1196;Erzherzog-Karl-Str.;B;3;Gesamt;LkwÄ;690;854;891;880;765;375;327;974;Mi,22.01.;
2025;JAN.;1197;Breitenleer Straße;G;0;Kagran;Kfz;-29;-29;-29;-29;-29;-29;-29;-29;0.00.;
2025;JAN.;1197;Breitenleer Straße;G;0;Kagran;LkwÄ;-29;-29;-29;-29;-29;-29;-29;-29;0.00.;
2025;JAN.;1197;Breitenleer Straße;G;0;Raasdorf;Kfz;-29;-29;-29;-29;-29;-29;-29;-29;0.00.;
2025;JAN.;1197;Breitenleer Straße;G;0;Raasdorf;LkwÄ;-29;-29;-29;-29;-29;-29;-29;-29;0.00.;
2025;JAN.;1197;Breitenleer Straße;G;0;Gesamt;Kfz;-29;-29;-29;-29;-29;-29;-29;-29;0.00.;
2025;JAN.;1197;Breitenleer Straße;G;0;Gesamt;LkwÄ;-29;-29;-29;-29;-29;-29;-29;-29;0.00.;
2025;JAN.;1198;Brünner Straße;B;7;Zentrum;Kfz;7732;8770;8749;8651;9093;7853;4017;9761;Fr,31.01.;
2025;JAN.;1198;Brünner Straße;B;7;Zentrum;LkwÄ;314;417;454;429;365;158;57;481;Mi,22.01.;
2025;JAN.;1198;Brünner Straße;B;7;Wolkersdorf;Kfz;6586;7521;7464;7424;7807;6464;3394;8341;Fr,31.01.;
2025;JAN.;1198;Brünner Straße;B;7;Wolkersdorf;LkwÄ;298;392;429;399;352;167;58;463;Mo,20.01.;
2025;JAN.;1198;Brünner Straße;B;7;Gesamt;Kfz;14318;16291;16213;16075;16900;14317;7411;18102;Fr,31.01.;
2025;JAN.;1198;Brünner Straße;B;7;Gesamt;LkwÄ;612;809;883;827;717;324;116;928;Di,28.01.;
2025;JAN.;1199;Eßlinger Hauptstraße;B;3;Zentrum;Kfz;7491;8322;8271;8034;9101;7820;4364;9694;*Fr,24.01.;
2025;JAN.;1199;Eßlinger Hauptstraße;B;3;Zentrum;LkwÄ;487;570;563;588;528;276;335;735;*Di,14.01.;
2025;JAN.;1199;Eßlinger Hauptstraße;B;3;Groß-Enzersdorf;Kfz;7448;8193;7575;8134;8717;7476;4820;9286;*Fr,31.01.;
2025;JAN.;1199;Eßlinger Hauptstraße;B;3;Groß-Enzersdorf;LkwÄ;456;569;614;594;477;191;237;806;*Do,23.01.;
2025;JAN.;1199;Eßlinger Hauptstraße;B;3;Gesamt;Kfz;14938;16515;15846;16167;17818;15296;9184;18862;*Fr,24.01.;
2025;JAN.;1199;Eßlinger Hauptstraße;B;3;Gesamt;LkwÄ;943;1139;1177;1182;1005;467;571;1529;*Do,23.01.;
2025;JAN.;1200;Vorarlberger Allee West;G;0;Zentrum;Kfz;5823;7342;7677;7496;6741;3517;2043;7852;Mi,29.01.;
2025;JAN.;1200;Vorarlberger Allee West;G;0;Zentrum;LkwÄ;700;953;1007;979;853;229;128;1051;*Mi,08.01.;
2025;JAN.;1200;Vorarlberger Allee West;G;0;S1;Kfz;5725;7186;7366;7348;6656;3525;2078;7817;Do,30.01.;
2025;JAN.;1200;Vorarlberger Allee West;G;0;S1;LkwÄ;760;1039;1045;1077;936;234;133;1147;*Mi,08.01.;
2025;JAN.;1200;Vorarlberger Allee West;G;0;Gesamt;Kfz;11548;14528;15043;14844;13397;7042;4122;15557;Do,30.01.;
2025;JAN.;1200;Vorarlberger Allee West;G;0;Gesamt;LkwÄ;1460;1992;2052;2056;1789;462;262;2198;*Mi,08.01.;
2025;JAN.;1201;Vorarlberger Allee Ost;G;0;Laxenburger Str.;Kfz;2969;3825;3950;3875;3621;1748;789;4336;Do,30.01.;
2025;JAN.;1201;Vorarlberger Allee Ost;G;0;Laxenburger Str.;LkwÄ;678;917;968;936;837;228;140;1026;*Mi,08.01.;
2025;JAN.;1201;Vorarlberger Allee Ost;G;0;S1;Kfz;2943;3800;3984;3827;3618;1725;756;4074;Mi,29.01.;
2025;JAN.;1201;Vorarlberger Allee Ost;G;0;S1;LkwÄ;569;768;813;784;702;192;121;883;Di,07.01.;
2025;JAN.;1201;Vorarlberger Allee Ost;G;0;Gesamt;Kfz;5912;7625;7934;7702;7238;3473;1546;8313;Do,30.01.;
2025;JAN.;1201;Vorarlberger Allee Ost;G;0;Gesamt;LkwÄ;1247;1685;1781;1720;1539;420;262;1861;Di,07.01.;
2025;JAN.;1202;Spange Vösendorf;G;0;Vösendorf;Kfz;5486;6577;6777;6624;6334;4498;2329;7023;Mi,29.01.;
2025;JAN.;1202;Spange Vösendorf;G;0;Vösendorf;LkwÄ;284;393;436;412;320;66;44;458;Mi,29.01.;
2025;JAN.;1202;Spange Vösendorf;G;0;S1;Kfz;5441;6580;6678;6610;6446;4503;2080;7045;Mi,29.01.;
2025;JAN.;1202;Spange Vösendorf;G;0;S1;LkwÄ;280;389;441;405;316;71;40;473;Mo,27.01.;
2025;JAN.;1202;Spange Vösendorf;G;0;Gesamt;Kfz;10928;13157;13455;13233;12780;9002;4409;14068;Mi,29.01.;
2025;JAN.;1202;Spange Vösendorf;G;0;Gesamt;LkwÄ;564;782;877;817;636;137;83;922;Mo,27.01.;
2025;JAN.;1203;Maria-Theresien-Straße;G;0;Franz-Josef-Kai;Kfz;9132;10147;9945;10275;9933;8330;6117;11230;Do,23.01.;
2025;JAN.;1203;Maria-Theresien-Straße;G;0;Franz-Josef-Kai;LkwÄ;280;360;355;372;330;151;89;455;Do,23.01.;
2025;JAN.;1203;Maria-Theresien-Straße;G;0;-;Kfz;-29;-29;-29;-29;-29;-29;-29;-29;0.00.;
2025;JAN.;1203;Maria-Theresien-Straße;G;0;-;LkwÄ;-29;-29;-29;-29;-29;-29;-29;-29;0.00.;
2025;JAN.;1203;Maria-Theresien-Straße;G;0;Gesamt;Kfz;-29;-29;-29;-29;-29;-29;-29;-29;0.00.;
2025;JAN.;1203;Maria-Theresien-Straße;G;0;Gesamt;LkwÄ;-29;-29;-29;-29;-29;-29;-29;-29;0.00.;
2025;JAN.;1204;Türkenstraße;G;0;Währinger Straße;Kfz;12907;14639;14598;14837;14148;10820;8238;15939;Do,30.01.;
2025;JAN.;1204;Türkenstraße;G;0;Währinger Straße;LkwÄ;327;433;428;455;379;142;77;537;Do,23.01.;
2025;JAN.;1204;Türkenstraße;G;0;-;Kfz;-29;-29;-29;-29;-29;-29;-29;-29;0.00.;
2025;JAN.;1204;Türkenstraße;G;0;-;LkwÄ;-29;-29;-29;-29;-29;-29;-29;-29;0.00.;
2025;JAN.;1204;Türkenstraße;G;0;Gesamt;Kfz;-29;-29;-29;-29;-29;-29;-29;-29;0.00.;
2025;JAN.;1204;Türkenstraße;G;0;Gesamt;LkwÄ;-29;-29;-29;-29;-29;-29;-29;-29;0.00.;
2025;JAN.;1205;Hernalser Hauptstraße;G;0;Zentrum;Kfz;8168;8492;8373;8393;8818;8326;6932;9238;Fr,31.01.;
2025;JAN.;1205;Hernalser Hauptstraße;G;0;Zentrum;LkwÄ;163;212;229;217;188;91;40;260;Mo,20.01.;
2025;JAN.;1205;Hernalser Hauptstraße;G;0;Dornbach;Kfz;7162;7525;7418;7474;7722;7085;5941;8156;Fr,31.01.;
2025;JAN.;1205;Hernalser Hauptstraße;G;0;Dornbach;LkwÄ;135;178;186;187;151;54;38;251;Di,28.01.;
2025;JAN.;1205;Hernalser Hauptstraße;G;0;Gesamt;Kfz;15330;16017;15791;15867;16540;15411;12873;17394;Fr,31.01.;
2025;JAN.;1205;Hernalser Hauptstraße;G;0;Gesamt;LkwÄ;298;390;415;404;339;146;78;500;*Di,28.01.;
2025;JAN.;1206;Hütteldorfer Straße;G;0;Zentrum;Kfz;5539;6060;6090;5988;6231;5255;3903;6759;Fr,31.01.;
2025;JAN.;1206;Hütteldorfer Straße;G;0;Zentrum;LkwÄ;75;100;110;103;89;29;15;126;Mo,20.01.;
2025;JAN.;1206;Hütteldorfer Straße;G;0;Hütteldorf;Kfz;4839;5219;5202;5162;5378;4790;3540;5685;Fr,31.01.;
2025;JAN.;1206;Hütteldorfer Straße;G;0;Hütteldorf;LkwÄ;67;87;98;90;71;34;20;107;Do,23.01.;
2025;JAN.;1206;Hütteldorfer Straße;G;0;Gesamt;Kfz;10378;11279;11292;11150;11609;10045;7443;12444;Fr,31.01.;
2025;JAN.;1206;Hütteldorfer Straße;G;0;Gesamt;LkwÄ;142;187;208;193;160;63;35;232;Do,23.01.;
2025;JAN.;1207;Altmannsdorfer Straße II;B;224;Zentrum;Kfz;19606;20917;20979;20801;21183;18876;15501;21972;Fr,31.01.;
2025;JAN.;1207;Altmannsdorfer Straße II;B;224;Zentrum;LkwÄ;820;1125;1218;1151;1004;250;130;1265;Mo,27.01.;
2025;JAN.;1207;Altmannsdorfer Straße II;B;224;Vösendorf;Kfz;23206;25238;25080;25231;25351;22395;16633;26581;Fr,31.01.;
2025;JAN.;1207;Altmannsdorfer Straße II;B;224;Vösendorf;LkwÄ;839;1136;1197;1172;1005;310;153;1265;Di,28.01.;
2025;JAN.;1207;Altmannsdorfer Straße II;B;224;Gesamt;Kfz;42811;46156;46059;46032;46534;41271;32133;48553;Fr,31.01.;
2025;JAN.;1207;Altmannsdorfer Straße II;B;224;Gesamt;LkwÄ;1659;2261;2416;2322;2009;560;283;2477;Mo,27.01.;
2025;JAN.;1208;Wienerbergstraße;B;225;Breitenfurter Straße;Kfz;9165;10534;11002;10708;9801;7411;5543;11325;Mi,29.01.;
2025;JAN.;1208;Wienerbergstraße;B;225;Breitenfurter Straße;LkwÄ;479;576;608;589;520;298;261;675;Do,23.01.;
2025;JAN.;1208;Wienerbergstraße;B;225;Triester Straße;Kfz;8666;10114;10376;10240;9629;6664;4934;10743;Mi,29.01.;
2025;JAN.;1208;Wienerbergstraße;B;225;Triester Straße;LkwÄ;528;656;666;672;610;282;242;714;Do,30.01.;
2025;JAN.;1208;Wienerbergstraße;B;225;Gesamt;Kfz;17832;20648;21378;20949;19429;14076;10477;22068;Mi,29.01.;
2025;JAN.;1208;Wienerbergstraße;B;225;Gesamt;LkwÄ;1007;1232;1274;1261;1130;579;503;1377;Do,23.01.;
2025;JAN.;1209;Atzgersdorfer Straße;G;0;Stranzenberg Brücke;Kfz;7822;8959;9045;9072;8612;6479;4740;9744;Do,30.01.;
2025;JAN.;1209;Atzgersdorfer Straße;G;0;Stranzenberg Brücke;LkwÄ;203;252;253;258;236;111;93;322;Do,23.01.;
2025;JAN.;1209;Atzgersdorfer Straße;G;0;Rosenhügelstraße;Kfz;8540;9698;9739;9775;9474;6989;5518;10633;Do,30.01.;
2025;JAN.;1209;Atzgersdorfer Straße;G;0;Rosenhügelstraße;LkwÄ;205;254;261;259;236;116;94;314;Do,23.01.;
2025;JAN.;1209;Atzgersdorfer Straße;G;0;Gesamt;Kfz;16362;18657;18784;18848;18085;13468;10258;20377;Do,30.01.;
2025;JAN.;1209;Atzgersdorfer Straße;G;0;Gesamt;LkwÄ;408;506;514;517;472;227;187;636;Do,23.01.;
2025;JAN.;1210;Koppstraße;B;223;stadtauswärts;Kfz;14375;15234;15198;15057;15716;13780;11767;16906;Fr,31.01.;
2025;JAN.;1210;Koppstraße;B;223;stadtauswärts;LkwÄ;392;487;515;491;461;230;167;539;Fr,31.01.;
2025;JAN.;1210;Koppstraße;B;223;Einbahnstraße;Kfz;-29;-29;-29;-29;-29;-29;-29;-29;0.00.;
2025;JAN.;1210;Koppstraße;B;223;Einbahnstraße;LkwÄ;-29;-29;-29;-29;-29;-29;-29;-29;0.00.;
2025;JAN.;1210;Koppstraße;B;223;Gesamt;Kfz;-29;-29;-29;-29;-29;-29;-29;-29;0.00.;
2025;JAN.;1210;Koppstraße;B;223;Gesamt;LkwÄ;-29;-29;-29;-29;-29;-29;-29;-29;0.00.;
2025;JAN.;1211;Laxenburger Straße II;B;230;Zentrum;Kfz;6407;7885;8331;8003;7310;4219;2692;8611;Mi,29.01.;
2025;JAN.;1211;Laxenburger Straße II;B;230;Zentrum;LkwÄ;1363;1770;1880;1807;1607;656;408;2000;Do,09.01.;
2025;JAN.;1211;Laxenburger Straße II;B;230;S1;Kfz;7440;9236;9533;9346;8771;4851;2881;10117;Do,30.01.;
2025;JAN.;1211;Laxenburger Straße II;B;230;S1;LkwÄ;1516;1986;2121;2025;1802;663;442;2150;Mo,13.01.;
2025;JAN.;1211;Laxenburger Straße II;B;230;Gesamt;Kfz;13847;17120;17864;17348;16081;9070;5573;18545;Do,30.01.;
2025;JAN.;1211;Laxenburger Straße II;B;230;Gesamt;LkwÄ;2879;3756;4002;3832;3409;1320;850;4137;Do,09.01.;
2025;JAN.;1212;Donaustadtstraße II;B;3;A 23;Kfz;9593;10823;10824;10795;10896;8532;5994;12135;Do,30.01.;
2025;JAN.;1212;Donaustadtstraße II;B;3;A 23;LkwÄ;460;604;644;631;510;188;136;799;Do,30.01.;
2025;JAN.;1212;Donaustadtstraße II;B;3;Erzherzog-Karl-Str.;Kfz;8269;8929;8892;8801;9285;7878;6218;9802;Fr,31.01.;
2025;JAN.;1212;Donaustadtstraße II;B;3;Erzherzog-Karl-Str.;LkwÄ;453;591;664;605;511;194;141;743;Do,30.01.;
2025;JAN.;1212;Donaustadtstraße II;B;3;Gesamt;Kfz;17862;19752;19715;19596;20181;16410;12212;21605;Fr,31.01.;
2025;JAN.;1212;Donaustadtstraße II;B;3;Gesamt;LkwÄ;912;1195;1308;1236;1021;382;277;1542;Do,30.01.;
2025;JAN.;1213;Burggasse II;G;0;Zentrum;Kfz;7547;7975;7514;7905;8432;7789;5886;9216;Fr,31.01.;
2025;JAN.;1213;Burggasse II;G;0;Zentrum;LkwÄ;326;397;380;399;400;211;158;460;Fr,31.01.;
2025;JAN.;1213;Burggasse II;G;0;Gablenzgasse;Kfz;-29;-29;-29;-29;-29;-29;-29;-29;0.00.;
2025;JAN.;1213;Burggasse II;G;0;Gablenzgasse;LkwÄ;-29;-29;-29;-29;-29;-29;-29;-29;0.00.;
2025;JAN.;1213;Burggasse II;G;0;Gesamt;Kfz;-29;-29;-29;-29;-29;-29;-29;-29;0.00.;
2025;JAN.;1213;Burggasse II;G;0;Gesamt;LkwÄ;-29;-29;-29;-29;-29;-29;-29;-29;0.00.;
2025;JAN.;1214;Neustiftgasse II;G;0;Koppstraße;Kfz;8998;9398;9030;9299;9877;9291;7402;10721;Fr,31.01.;
2025;JAN.;1214;Neustiftgasse II;G;0;Koppstraße;LkwÄ;300;369;382;369;360;186;136;410;Do,30.01.;
2025;JAN.;1214;Neustiftgasse II;G;0;Zentrum;Kfz;-29;-29;-29;-29;-29;-29;-29;-29;0.00.;
2025;JAN.;1214;Neustiftgasse II;G;0;Zentrum;LkwÄ;-29;-29;-29;-29;-29;-29;-29;-29;0.00.;
2025;JAN.;1214;Neustiftgasse II;G;0;Gesamt;Kfz;-29;-29;-29;-29;-29;-29;-29;-29;0.00.;
2025;JAN.;1214;Neustiftgasse II;G;0;Gesamt;LkwÄ;-29;-29;-29;-29;-29;-29;-29;-29;0.00.;
2025;JAN.;1215;Erzherzog-Karl-Straße III;B;3;Genochplatz;Kfz;11388;11951;11767;11705;12699;11838;9120;13229;Fr,31.01.;
2025;JAN.;1215;Erzherzog-Karl-Straße III;B;3;Genochplatz;LkwÄ;510;669;753;694;556;212;154;800;Do,30.01.;
2025;JAN.;1215;Erzherzog-Karl-Straße III;B;3;Siegesplatz;Kfz;12691;13680;13593;13542;14089;12325;9474;14883;Fr,31.01.;
2025;JAN.;1215;Erzherzog-Karl-Straße III;B;3;Siegesplatz;LkwÄ;533;702;800;725;583;207;157;823;Di,28.01.;
2025;JAN.;1215;Erzherzog-Karl-Straße III;B;3;Gesamt;Kfz;24079;25630;25360;25247;26789;24162;18594;28112;Fr,31.01.;
2025;JAN.;1215;Erzherzog-Karl-Straße III;B;3;Gesamt;LkwÄ;1043;1371;1553;1419;1139;418;310;1614;Do,30.01.;
2025;JAN.;1216;Perchtoldsdorfer Straße;G;0;stadteinwärts;Kfz;3318;3715;3741;3680;3790;2968;2160;4042;Fr,10.01.;
2025;JAN.;1216;Perchtoldsdorfer Straße;G;0;stadteinwärts;LkwÄ;153;183;187;184;177;96;89;193;Mi,29.01.;
2025;JAN.;1216;Perchtoldsdorfer Straße;G;0;stadtauswärts;Kfz;2885;3220;3229;3186;3304;2619;1890;3591;Fr,17.01.;
2025;JAN.;1216;Perchtoldsdorfer Straße;G;0;stadtauswärts;LkwÄ;83;99;107;100;92;55;44;113;Di,28.01.;
2025;JAN.;1216;Perchtoldsdorfer Straße;G;0;Gesamt;Kfz;6203;6935;6970;6866;7094;5587;4050;7614;Fr,17.01.;
2025;JAN.;1216;Perchtoldsdorfer Straße;G;0;Gesamt;LkwÄ;236;282;294;284;269;151;133;302;Do,16.01.;
2025;JAN.;1217;Museumstraße;G;0;Landesgerichtsstraße;Kfz;4998;5254;3196;5604;5579;5429;3818;6920;*Do,30.01.;
2025;JAN.;1217;Museumstraße;G;0;Landesgerichtsstraße;LkwÄ;83;92;12;102;113;98;40;148;Fr,24.01.;
2025;JAN.;1217;Museumstraße;G;0;Getreidemarkt;Kfz;10281;10713;8332;11125;11072;10852;8387;12685;*Di,28.01.;
2025;JAN.;1217;Museumstraße;G;0;Getreidemarkt;LkwÄ;210;243;150;257;262;184;110;307;*Mi,22.01.;
2025;JAN.;1217;Museumstraße;G;0;Gesamt;Kfz;15279;15967;11528;16729;16651;16281;12205;19391;*Di,28.01.;
2025;JAN.;1217;Museumstraße;G;0;Gesamt;LkwÄ;292;335;162;359;375;282;150;445;*Fr,24.01.;
2025;JAN.;1218;Spange Leopoldsdorf;G;0;Leopoldsdorfer Straß;Kfz;3920;4487;4459;4479;4525;3230;2396;4782;Fr,31.01.;
2025;JAN.;1218;Spange Leopoldsdorf;G;0;Leopoldsdorfer Straß;LkwÄ;83;113;110;120;96;22;18;195;*Mi,08.01.;
2025;JAN.;1218;Spange Leopoldsdorf;G;0;Himberger Straße;Kfz;3644;4180;4330;4188;4069;2932;2243;4475;Mi,29.01.;
2025;JAN.;1218;Spange Leopoldsdorf;G;0;Himberger Straße;LkwÄ;87;120;125;127;99;20;16;195;*Mi,08.01.;
2025;JAN.;1218;Spange Leopoldsdorf;G;0;Gesamt;Kfz;7564;8667;8789;8667;8594;6162;4639;9198;Mi,29.01.;
2025;JAN.;1218;Spange Leopoldsdorf;G;0;Gesamt;LkwÄ;170;233;235;247;195;42;34;390;*Mi,08.01.;
2025;JAN.;1219;Barawitzkagasse;G;0;Heiligenstädter Str.;Kfz;10085;11097;11118;11077;11137;9330;7044;11835;Fr,31.01.;
2025;JAN.;1219;Barawitzkagasse;G;0;Heiligenstädter Str.;LkwÄ;445;527;555;536;488;303;254;615;Di,28.01.;
2025;JAN.;1219;Barawitzkagasse;G;0;Ruthgasse;Kfz;8273;9051;9152;9061;8965;7610;5994;9519;Fr,17.01.;
2025;JAN.;1219;Barawitzkagasse;G;0;Ruthgasse;LkwÄ;394;464;492;472;426;271;234;551;Do,30.01.;
2025;JAN.;1219;Barawitzkagasse;G;0;Gesamt;Kfz;18358;20148;20270;20138;20102;16939;13038;21313;Fr,31.01.;
2025;JAN.;1219;Barawitzkagasse;G;0;Gesamt;LkwÄ;840;991;1047;1008;914;574;487;1132;Do,30.01.;
2025;JAN.;1220;Am Heumarkt;B;1;Schwarzenbergplatz;Kfz;5830;6700;6840;6819;6304;4574;3626;7415;Do,30.01.;
2025;JAN.;1220;Am Heumarkt;B;1;Schwarzenbergplatz;LkwÄ;133;164;160;166;162;79;60;199;Mi,29.01.;
2025;JAN.;1220;Am Heumarkt;B;1;Urania;Kfz;13189;14756;14070;15262;13852;10062;9790;17845;*Di,28.01.;
2025;JAN.;1220;Am Heumarkt;B;1;Urania;LkwÄ;479;567;690;528;594;363;248;810;*Mo,27.01.;
2025;JAN.;1220;Am Heumarkt;B;1;Gesamt;Kfz;19019;21455;20910;22081;20157;14636;13416;25091;*Di,28.01.;
2025;JAN.;1220;Am Heumarkt;B;1;Gesamt;LkwÄ;612;732;850;695;756;442;308;963;*Mo,27.01.;
2025;JAN.;1221;Grenzackerstraße;B;225;Laxenburger Straße;Kfz;13588;14468;15101;14263;14620;13330;10680;16132;Fr,24.01.;
2025;JAN.;1221;Grenzackerstraße;B;225;Laxenburger Straße;LkwÄ;357;455;451;474;408;188;128;535;*Di,28.01.;
2025;JAN.;1221;Grenzackerstraße;B;225;Verteilerkreis;Kfz;12960;13907;14021;13708;14358;12494;9953;15481;Fr,31.01.;
2025;JAN.;1221;Grenzackerstraße;B;225;Verteilerkreis;LkwÄ;461;581;619;589;537;250;182;648;Do,23.01.;
2025;JAN.;1221;Grenzackerstraße;B;225;Gesamt;Kfz;26548;28375;29122;27971;28978;25824;20633;31170;Fr,24.01.;
2025;JAN.;1221;Grenzackerstraße;B;225;Gesamt;LkwÄ;818;1036;1070;1063;946;438;310;1160;*Di,28.01.;
2025;JAN.;1222;Universitätsring;G;0;Schottenring;Kfz;21238;22774;21866;22690;23540;20776;16168;25158;*Fr,31.01.;
2025;JAN.;1222;Universitätsring;G;0;Schottenring;LkwÄ;431;529;496;539;524;275;194;599;Di,21.01.;
2025;JAN.;1222;Universitätsring;G;0;Einbahnstraße;Kfz;-29;-29;-29;-29;-29;-29;-29;-29;0.00.;
2025;JAN.;1222;Universitätsring;G;0;Einbahnstraße;LkwÄ;-29;-29;-29;-29;-29;-29;-29;-29;0.00.;
2025;JAN.;1222;Universitätsring;G;0;Gesamt;Kfz;-29;-29;-29;-29;-29;-29;-29;-29;0.00.;
2025;JAN.;1222;Universitätsring;G;0;Gesamt;LkwÄ;-29;-29;-29;-29;-29;-29;-29;-29;0.00.;
2025;JAN.;1223;Adalbert-Stifter-Straße;B;226;Gürtelbrücke;Kfz;8183;8894;9148;9057;8320;7569;6105;9878;Mi,29.01.;
2025;JAN.;1223;Adalbert-Stifter-Straße;B;226;Gürtelbrücke;LkwÄ;543;655;718;678;558;395;248;1003;Mi,22.01.;
2025;JAN.;1223;Adalbert-Stifter-Straße;B;226;Floridsdorfer Brücke;Kfz;8585;9381;9157;9444;9350;8216;6044;9959;Do,30.01.;
2025;JAN.;1223;Adalbert-Stifter-Straße;B;226;Floridsdorfer Brücke;LkwÄ;225;283;218;298;281;124;88;358;*Mi,15.01.;
2025;JAN.;1223;Adalbert-Stifter-Straße;B;226;Gesamt;Kfz;16768;18275;18305;18501;17671;15785;12150;19531;*Mi,29.01.;
2025;JAN.;1223;Adalbert-Stifter-Straße;B;226;Gesamt;LkwÄ;767;938;935;976;839;519;336;1301;*Mi,22.01.;
2025;JAN.;1224;Wagramer Str. II;B;8;Reichsbrücke;Kfz;8875;10144;10298;10096;10177;8100;4950;10912;*Do,23.01.;
2025;JAN.;1224;Wagramer Str. II;B;8;Reichsbrücke;LkwÄ;337;461;512;484;370;96;66;617;Di,28.01.;
2025;JAN.;1224;Wagramer Str. II;B;8;Süßenbrunn;Kfz;7927;8822;8634;8663;9349;8090;4685;9839;Fr,31.01.;
2025;JAN.;1224;Wagramer Str. II;B;8;Süßenbrunn;LkwÄ;191;261;274;278;209;55;38;329;Do,16.01.;
2025;JAN.;1224;Wagramer Str. II;B;8;Gesamt;Kfz;16802;18966;18932;18759;19525;16190;9635;20737;Fr,31.01.;
2025;JAN.;1224;Wagramer Str. II;B;8;Gesamt;LkwÄ;528;722;786;762;579;151;104;920;Di,28.01.;
2025;JAN.;1600;Schönbrunner Straße;B;1;Zentrum;Kfz;15728;16681;16229;16575;17229;15483;12555;18257;Fr,24.01.;
2025;JAN.;1600;Schönbrunner Straße;B;1;Zentrum;LkwÄ;654;833;884;851;756;390;203;991;Do,30.01.;
2025;JAN.;1600;Schönbrunner Straße;B;1;Stadtauswärts;Kfz;-29;-29;-29;-29;-29;-29;-29;-29;0.00.;
2025;JAN.;1600;Schönbrunner Straße;B;1;Stadtauswärts;LkwÄ;-29;-29;-29;-29;-29;-29;-29;-29;0.00.;
2025;JAN.;1600;Schönbrunner Straße;B;1;Gesamt;Kfz;-29;-29;-29;-29;-29;-29;-29;-29;0.00.;
2025;JAN.;1600;Schönbrunner Straße;B;1;Gesamt;LkwÄ;-29;-29;-29;-29;-29;-29;-29;-29;0.00.;
2025;JAN.;1603;Hirschstettner Straße;G;0;Kagran;Kfz;6720;7248;7129;7110;7679;6931;4732;8079;Fr,17.01.;
2025;JAN.;1603;Hirschstettner Straße;G;0;Kagran;LkwÄ;319;387;408;392;360;216;152;472;Di,21.01.;
2025;JAN.;1603;Hirschstettner Straße;G;0;S2;Kfz;6908;7601;7605;7537;7767;7010;4412;8271;Fr,31.01.;
2025;JAN.;1603;Hirschstettner Straße;G;0;S2;LkwÄ;283;348;377;360;299;177;128;417;Do,23.01.;
2025;JAN.;1603;Hirschstettner Straße;G;0;Gesamt;Kfz;13628;14850;14734;14647;15446;13941;9144;16302;Fr,31.01.;
2025;JAN.;1603;Hirschstettner Straße;G;0;Gesamt;LkwÄ;602;734;785;752;658;394;280;864;Di,21.01.;
2025;JAN.;1607;Weißgerberlände;B;227;A4;Kfz;23713;26167;26341;26365;25549;20141;17502;28750;*Mi,29.01.;
2025;JAN.;1607;Weißgerberlände;B;227;A4;LkwÄ;500;645;697;681;520;202;192;782;*Do,30.01.;
2025;JAN.;1607;Weißgerberlände;B;227;Zentrum;Kfz;-29;-29;-29;-29;-29;-29;-29;-29;0.00.;
2025;JAN.;1607;Weißgerberlände;B;227;Zentrum;LkwÄ;-29;-29;-29;-29;-29;-29;-29;-29;0.00.;
2025;JAN.;1607;Weißgerberlände;B;227;Gesamt;Kfz;-29;-29;-29;-29;-29;-29;-29;-29;0.00.;
2025;JAN.;1607;Weißgerberlände;B;227;Gesamt;LkwÄ;-29;-29;-29;-29;-29;-29;-29;-29;0.00.;
2025;JAN.;1608;Margaretengürtel/Matzl.Pl;B;221;A23;Kfz;22217;23657;23670;23470;24135;21348;17756;25860;Fr,31.01.;
2025;JAN.;1608;Margaretengürtel/Matzl.Pl;B;221;A23;LkwÄ;3474;4194;4547;4238;3869;2334;1713;4613;Mo,20.01.;
2025;JAN.;1608;Margaretengürtel/Matzl.Pl;B;221;Wienzeile;Kfz;20982;22516;22312;22422;22883;19649;16504;24617;Do,30.01.;
2025;JAN.;1608;Margaretengürtel/Matzl.Pl;B;221;Wienzeile;LkwÄ;686;892;948;927;765;320;210;1093;Do,30.01.;
2025;JAN.;1608;Margaretengürtel/Matzl.Pl;B;221;Gesamt;Kfz;43199;46173;45982;45892;47018;40996;34260;50239;Fr,31.01.;
2025;JAN.;1608;Margaretengürtel/Matzl.Pl;B;221;Gesamt;LkwÄ;4160;5086;5495;5165;4634;2654;1923;5626;Do,30.01.;
2025;JAN.;1611;Simmeringer Hauptstr. II;B;225;Schwechat;Kfz;5953;6416;6248;6305;6805;5662;4526;7472;Fr,31.01.;
2025;JAN.;1611;Simmeringer Hauptstr. II;B;225;Schwechat;LkwÄ;198;265;279;265;258;85;38;354;Di,28.01.;
2025;JAN.;1611;Simmeringer Hauptstr. II;B;225;Zentrum;Kfz;6350;6877;6866;6737;7246;5967;4764;7826;Fr,31.01.;
2025;JAN.;1611;Simmeringer Hauptstr. II;B;225;Zentrum;LkwÄ;379;487;542;478;475;202;118;575;Mo,13.01.;
2025;JAN.;1611;Simmeringer Hauptstr. II;B;225;Gesamt;Kfz;12303;13293;13114;13042;14051;11628;9290;15298;Fr,31.01.;
2025;JAN.;1611;Simmeringer Hauptstr. II;B;225;Gesamt;LkwÄ;577;752;821;743;733;287;157;888;Di,28.01.;
2025;JAN.;1612;Längenfeldgasse;G;0;Eichenstraße;Kfz;10393;11542;11813;11526;11422;9513;6958;12509;Do,30.01.;
2025;JAN.;1612;Längenfeldgasse;G;0;Eichenstraße;LkwÄ;294;357;396;359;327;192;145;416;Mo,20.01.;
2025;JAN.;1612;Längenfeldgasse;G;0;Wienerbergstraße;Kfz;7499;8358;8455;8306;8435;6702;5022;9219;Fr,31.01.;
2025;JAN.;1612;Längenfeldgasse;G;0;Wienerbergstraße;LkwÄ;368;449;492;445;431;238;174;535;Mo,13.01.;
2025;JAN.;1612;Längenfeldgasse;G;0;Gesamt;Kfz;17892;19901;20268;19833;19857;16214;11980;21568;Fr,31.01.;
2025;JAN.;1612;Längenfeldgasse;G;0;Gesamt;LkwÄ;663;805;888;804;758;430;319;930;Mo,13.01.;
2025;JAN.;1613;Lainzer Straße;G;0;Zentrum;Kfz;4264;4871;4955;4878;4803;3464;2670;5262;Mi,29.01.;
2025;JAN.;1613;Lainzer Straße;G;0;Zentrum;LkwÄ;380;447;464;452;422;271;220;550;Di,21.01.;
2025;JAN.;1613;Lainzer Straße;G;0;Fasangartengasse;Kfz;5895;6696;6821;6715;6573;4951;3718;7155;Do,30.01.;
2025;JAN.;1613;Lainzer Straße;G;0;Fasangartengasse;LkwÄ;525;618;613;624;606;387;290;725;Mi,22.01.;
2025;JAN.;1613;Lainzer Straße;G;0;Gesamt;Kfz;10158;11567;11776;11592;11377;8415;6388;12384;Do,30.01.;
2025;JAN.;1613;Lainzer Straße;G;0;Gesamt;LkwÄ;905;1065;1078;1076;1028;658;509;1269;Di,21.01.;
2025;JAN.;1614;Maxingstraße;G;0;Montecuccoliplatz;Kfz;4189;4718;4812;4730;4633;3442;2836;4961;Mi,29.01.;
2025;JAN.;1614;Maxingstraße;G;0;Montecuccoliplatz;LkwÄ;331;383;391;386;371;232;215;412;Mi,15.01.;
2025;JAN.;1614;Maxingstraße;G;0;Zentrum;Kfz;6281;7197;7302;7264;6963;4937;3970;7828;Mi,29.01.;
2025;JAN.;1614;Maxingstraße;G;0;Zentrum;LkwÄ;535;645;644;652;627;334;286;738;Do,23.01.;
2025;JAN.;1614;Maxingstraße;G;0;Gesamt;Kfz;10470;11916;12114;11993;11596;8379;6806;12789;Mi,29.01.;
2025;JAN.;1614;Maxingstraße;G;0;Gesamt;LkwÄ;866;1028;1035;1037;998;567;502;1131;Do,23.01.;
2025;JAN.;1615;Gablenzgasse;B;223;Zentrum;Kfz;13383;14205;14015;14043;14739;13355;10527;15682;Fr,31.01.;
2025;JAN.;1615;Gablenzgasse;B;223;Zentrum;LkwÄ;301;369;372;378;343;183;139;424;Do,23.01.;
2025;JAN.;1615;Gablenzgasse;B;223;Stadtauswärts;Kfz;-29;-29;-29;-29;-29;-29;-29;-29;0.00.;
2025;JAN.;1615;Gablenzgasse;B;223;Stadtauswärts;LkwÄ;-29;-29;-29;-29;-29;-29;-29;-29;0.00.;
2025;JAN.;1615;Gablenzgasse;B;223;Gesamt;Kfz;-29;-29;-29;-29;-29;-29;-29;-29;0.00.;
2025;JAN.;1615;Gablenzgasse;B;223;Gesamt;LkwÄ;-29;-29;-29;-29;-29;-29;-29;-29;0.00.;
2025;JAN.;1616;Gersthofer Straße;G;0;Lidlgasse;Kfz;6869;7572;7727;7603;7398;6290;4797;8128;Do,30.01.;
2025;JAN.;1616;Gersthofer Straße;G;0;Lidlgasse;LkwÄ;679;788;792;845;636;370;505;934;*Di,07.01.;
2025;JAN.;1616;Gersthofer Straße;G;0;Türkenschanz-Park;Kfz;7536;8295;8304;8335;8184;6901;5302;8839;Mi,29.01.;
2025;JAN.;1616;Gersthofer Straße;G;0;Türkenschanz-Park;LkwÄ;758;915;951;927;862;514;369;1101;Mi,29.01.;
2025;JAN.;1616;Gersthofer Straße;G;0;Gesamt;Kfz;14405;15867;16031;15938;15582;13190;10099;16960;Do,30.01.;
2025;JAN.;1616;Gersthofer Straße;G;0;Gesamt;LkwÄ;1437;1703;1743;1773;1498;883;874;1959;*Di,14.01.;
2025;JAN.;1617;Angerer Straße;G;0;Brünner Straße;Kfz;-29;-29;-29;-29;-29;-29;-29;-29;0.00.;
2025;JAN.;1617;Angerer Straße;G;0;Brünner Straße;LkwÄ;-29;-29;-29;-29;-29;-29;-29;-29;0.00.;
2025;JAN.;1617;Angerer Straße;G;0;Donaufelder Str.;Kfz;-29;-29;-29;-29;-29;-29;-29;-29;0.00.;
2025;JAN.;1617;Angerer Straße;G;0;Donaufelder Str.;LkwÄ;-29;-29;-29;-29;-29;-29;-29;-29;0.00.;
2025;JAN.;1617;Angerer Straße;G;0;Gesamt;Kfz;-29;-29;-29;-29;-29;-29;-29;-29;0.00.;
2025;JAN.;1617;Angerer Straße;G;0;Gesamt;LkwÄ;-29;-29;-29;-29;-29;-29;-29;-29;0.00.;
2025;JAN.;1618;Siemensstraße;B;229;Leopoldauer Platz;Kfz;7318;8169;8217;8102;8315;6886;4625;8850;Fr,31.01.;
2025;JAN.;1618;Siemensstraße;B;229;Leopoldauer Platz;LkwÄ;718;914;966;938;820;382;256;1103;Di,28.01.;
2025;JAN.;1618;Siemensstraße;B;229;Siemensplatz;Kfz;7087;7941;7963;7884;8076;6624;4406;8551;Fr,31.01.;
2025;JAN.;1618;Siemensstraße;B;229;Siemensplatz;LkwÄ;815;1041;1048;1070;961;428;281;1133;Mo,27.01.;
2025;JAN.;1618;Siemensstraße;B;229;Gesamt;Kfz;14405;16110;16180;15986;16391;13511;9031;17401;Fr,31.01.;
2025;JAN.;1618;Siemensstraße;B;229;Gesamt;LkwÄ;1533;1955;2014;2008;1781;810;538;2199;Do,30.01.;
2025;JAN.;1619;Breitenfurter Straße II;B;13;Liesinger Platz;Kfz;7306;8250;8264;8162;8470;6655;4438;9034;Fr,31.01.;
2025;JAN.;1619;Breitenfurter Straße II;B;13;Liesinger Platz;LkwÄ;301;357;359;357;356;191;178;378;Do,23.01.;
2025;JAN.;1619;Breitenfurter Straße II;B;13;Zentrum;Kfz;7437;8373;8351;8318;8528;6619;4709;9098;Fr,31.01.;
2025;JAN.;1619;Breitenfurter Straße II;B;13;Zentrum;LkwÄ;359;430;429;430;431;228;198;456;Fr,10.01.;
2025;JAN.;1619;Breitenfurter Straße II;B;13;Gesamt;Kfz;14743;16622;16615;16480;16997;13274;9147;18132;Fr,31.01.;
2025;JAN.;1619;Breitenfurter Straße II;B;13;Gesamt;LkwÄ;660;787;788;787;787;418;377;822;Fr,31.01.;
2025;JAN.;1620;Endresstraße;G;0;Mauerer Hauptplatz;Kfz;2643;3028;2979;3010;3106;2219;1579;3357;Fr,31.01.;
2025;JAN.;1620;Endresstraße;G;0;Mauerer Hauptplatz;LkwÄ;156;196;195;198;189;80;67;215;Mo,20.01.;
2025;JAN.;1620;Endresstraße;G;0;Atzgersdorf;Kfz;1712;1976;1994;1953;2024;1370;1016;2167;Fr,24.01.;
2025;JAN.;1620;Endresstraße;G;0;Atzgersdorf;LkwÄ;244;300;310;303;286;139;116;345;Di,21.01.;
2025;JAN.;1620;Endresstraße;G;0;Gesamt;Kfz;4355;5004;4973;4963;5130;3589;2595;5508;Fr,31.01.;
2025;JAN.;1620;Endresstraße;G;0;Gesamt;LkwÄ;400;496;506;502;475;219;183;548;Di,21.01.;
2025;JAN.;1621;Währinger Gürtel;B;221;Liechtenwerder Platz;Kfz;31321;32030;31801;31653;33147;32955;27749;35130;Fr,17.01.;
2025;JAN.;1621;Währinger Gürtel;B;221;Liechtenwerder Platz;LkwÄ;1600;2067;2286;2114;1813;843;473;2409;Do,23.01.;
2025;JAN.;1621;Währinger Gürtel;B;221;Wienzeile;Kfz;35564;36902;36793;36473;38085;36144;30495;40662;Fr,31.01.;
2025;JAN.;1621;Währinger Gürtel;B;221;Wienzeile;LkwÄ;2133;2754;3081;2837;2340;1109;645;3176;Mi,22.01.;
2025;JAN.;1621;Währinger Gürtel;B;221;Gesamt;Kfz;66885;68933;68594;68126;71232;69098;58244;74992;Fr,31.01.;
2025;JAN.;1621;Währinger Gürtel;B;221;Gesamt;LkwÄ;3734;4820;5368;4951;4153;1952;1118;5497;Do,23.01.;
2025;JAN.;1622;Himberger Straße II;B;16;Zentrum;Kfz;3695;4388;4593;4399;4237;2806;1861;4929;Mi,29.01.;
2025;JAN.;1622;Himberger Straße II;B;16;Zentrum;LkwÄ;178;254;290;262;214;24;13;331;Di,28.01.;
2025;JAN.;1622;Himberger Straße II;B;16;Leopoldsdorfer Str.;Kfz;4611;5509;5616;5535;5379;3384;2286;5984;Do,30.01.;
2025;JAN.;1622;Himberger Straße II;B;16;Leopoldsdorfer Str.;LkwÄ;810;1059;1129;1071;983;402;210;1249;*Mi,29.01.;
2025;JAN.;1622;Himberger Straße II;B;16;Gesamt;Kfz;8306;9898;10209;9934;9616;6190;4147;10736;Mi,29.01.;
2025;JAN.;1622;Himberger Straße II;B;16;Gesamt;LkwÄ;988;1313;1419;1333;1197;426;223;1570;*Mi,29.01.;
2025;JAN.;1623;Breitenleer Straße II;G;0;Stadteinwärts;Kfz;5803;6547;6606;6512;6605;5266;3558;6897;Fr,31.01.;
2025;JAN.;1623;Breitenleer Straße II;G;0;Stadteinwärts;LkwÄ;534;701;757;725;607;232;151;814;Di,21.01.;
2025;JAN.;1623;Breitenleer Straße II;G;0;Stadtauswärts;Kfz;6677;7608;7670;7554;7709;5852;3968;8140;Fr,10.01.;
2025;JAN.;1623;Breitenleer Straße II;G;0;Stadtauswärts;LkwÄ;449;582;624;606;493;184;162;697;*Mi,29.01.;
2025;JAN.;1623;Breitenleer Straße II;G;0;Gesamt;Kfz;12480;14155;14276;14066;14313;11118;7526;15015;Fr,31.01.;
2025;JAN.;1623;Breitenleer Straße II;G;0;Gesamt;LkwÄ;983;1283;1380;1331;1100;416;313;1446;*Di,21.01.;
2025;JAN.;1624;Seyringer Straße;G;0;Wassermanngasse;Kfz;5910;6541;6487;6397;6949;6182;3520;7334;Fr,31.01.;
2025;JAN.;1624;Seyringer Straße;G;0;Wassermanngasse;LkwÄ;202;276;296;291;224;70;35;351;Mo,20.01.;
2025;JAN.;1624;Seyringer Straße;G;0;Ernst-Kein-Gasse;Kfz;5025;5621;5560;5510;5947;5081;2902;6294;Fr,31.01.;
2025;JAN.;1624;Seyringer Straße;G;0;Ernst-Kein-Gasse;LkwÄ;167;227;269;236;178;58;32;300;Do,23.01.;
2025;JAN.;1624;Seyringer Straße;G;0;Gesamt;Kfz;10935;12162;12047;11907;12896;11263;6422;13628;Fr,31.01.;
2025;JAN.;1624;Seyringer Straße;G;0;Gesamt;LkwÄ;370;502;565;526;402;128;67;634;Mo,20.01.;
2025;JAN.;1625;Favoritenstraße;G;0;Karlsplatz (Zentrum);Kfz;8985;9718;9389;9699;9966;8585;6687;10626;*Fr,31.01.;
2025;JAN.;1625;Favoritenstraße;G;0;Karlsplatz (Zentrum);LkwÄ;129;175;174;175;174;44;24;213;*Fr,31.01.;
2025;JAN.;1625;Favoritenstraße;G;0;Südtiroler Platz;Kfz;2804;3043;2978;3027;3123;2627;2084;3412;*Fr,31.01.;
2025;JAN.;1625;Favoritenstraße;G;0;Südtiroler Platz;LkwÄ;178;224;221;228;215;113;62;290;Do,23.01.;
2025;JAN.;1625;Favoritenstraße;G;0;Gesamt;Kfz;11789;12761;12367;12726;13089;11212;8771;14038;*Fr,31.01.;
2025;JAN.;1625;Favoritenstraße;G;0;Gesamt;LkwÄ;307;399;394;403;389;158;86;501;Do,23.01.;
2025;JAN.;1626;Ludwig-van-Höhnel-Gasse;B;225;Verteilerkreis;Kfz;7189;7832;7784;7758;8055;6822;5184;8646;Fr,31.01.;
2025;JAN.;1626;Ludwig-van-Höhnel-Gasse;B;225;Verteilerkreis;LkwÄ;289;371;387;384;328;132;104;427;Mi,22.01.;
2025;JAN.;1626;Ludwig-van-Höhnel-Gasse;B;225;Laaer-Berg-Str.;Kfz;9140;9675;9567;9590;9963;8995;7361;10507;Fr,31.01.;
2025;JAN.;1626;Ludwig-van-Höhnel-Gasse;B;225;Laaer-Berg-Str.;LkwÄ;629;806;843;840;694;325;213;1010;*Di,28.01.;
2025;JAN.;1626;Ludwig-van-Höhnel-Gasse;B;225;Gesamt;Kfz;16329;17508;17351;17348;18018;15816;12544;19153;Fr,31.01.;
2025;JAN.;1626;Ludwig-van-Höhnel-Gasse;B;225;Gesamt;LkwÄ;918;1177;1231;1225;1022;457;317;1406;*Di,28.01.;
2025;JAN.;1627;Felberstraße;B;224;Neubauguertel;Kfz;8408;8891;8971;8797;9086;8306;6786;9731;Fr,31.01.;
2025;JAN.;1627;Felberstraße;B;224;Neubauguertel;LkwÄ;393;502;543;513;451;230;117;627;*Mi,15.01.;
2025;JAN.;1627;Felberstraße;B;224;Schweglerstraße;Kfz;7306;7730;7606;7715;7843;7192;5898;8378;Fr,31.01.;
2025;JAN.;1627;Felberstraße;B;224;Schweglerstraße;LkwÄ;31;40;43;42;33;16;11;57;Di,28.01.;
2025;JAN.;1627;Felberstraße;B;224;Gesamt;Kfz;15714;16621;16577;16513;16929;15499;12684;18109;Fr,31.01.;
2025;JAN.;1627;Felberstraße;B;224;Gesamt;LkwÄ;424;542;586;555;484;246;128;669;*Mi,15.01.;426