Bevölkerung nach Geschlecht, 3 unregelmäßigen Altersgruppen und Nationalität seit 2008 - Zählbezirke Wien | Population by sex, 3 broad age groups and nationality since 2008 - subdistricts of Vienna
NUTS;DISTRICT_CODE;SUB_DISTRICT_CODE;REF_YEAR;REF_DATE;SEX;AGR3;AUT;FOR
AT13;90100;90101;2008;20080101;1;1;137;29
AT13;90100;90101;2008;20080101;1;2;1075;326
AT13;90100;90101;2008;20080101;1;3;339;39
AT13;90100;90101;2008;20080101;2;1;147;27
AT13;90100;90101;2008;20080101;2;2;1089;315
AT13;90100;90101;2008;20080101;2;3;508;34
AT13;90100;90102;2008;20080101;1;1;69;11
AT13;90100;90102;2008;20080101;1;2;406;116
AT13;90100;90102;2008;20080101;1;3;127;15
AT13;90100;90102;2008;20080101;2;1;68;23
AT13;90100;90102;2008;20080101;2;2;404;126
AT13;90100;90102;2008;20080101;2;3;203;10
AT13;90100;90103;2008;20080101;1;1;68;17
AT13;90100;90103;2008;20080101;1;2;530;187
AT13;90100;90103;2008;20080101;1;3;186;32
AT13;90100;90103;2008;20080101;2;1;80;29
AT13;90100;90103;2008;20080101;2;2;521;194
AT13;90100;90103;2008;20080101;2;3;252;26
AT13;90100;90104;2008;20080101;1;1;63;9
AT13;90100;90104;2008;20080101;1;2;430;127
AT13;90100;90104;2008;20080101;1;3;135;13
AT13;90100;90104;2008;20080101;2;1;61;14
AT13;90100;90104;2008;20080101;2;2;426;110
AT13;90100;90104;2008;20080101;2;3;178;14
AT13;90100;90105;2008;20080101;1;1;98;29
AT13;90100;90105;2008;20080101;1;2;601;171
AT13;90100;90105;2008;20080101;1;3;143;15
AT13;90100;90105;2008;20080101;2;1;99;21
AT13;90100;90105;2008;20080101;2;2;621;161
AT13;90100;90105;2008;20080101;2;3;229;9
AT13;90100;90106;2008;20080101;1;1;101;17
AT13;90100;90106;2008;20080101;1;2;761;156
AT13;90100;90106;2008;20080101;1;3;209;30
AT13;90100;90106;2008;20080101;2;1;114;10
AT13;90100;90106;2008;20080101;2;2;813;163
AT13;90100;90106;2008;20080101;2;3;340;21
AT13;90100;90107;2008;20080101;1;1;103;20
AT13;90100;90107;2008;20080101;1;2;715;206
AT13;90100;90107;2008;20080101;1;3;246;23
AT13;90100;90107;2008;20080101;2;1;83;32
AT13;90100;90107;2008;20080101;2;2;664;199
AT13;90100;90107;2008;20080101;2;3;370;31
AT13;90100;90199;2008;20080101;1;1;0;0
AT13;90100;90199;2008;20080101;1;2;3;0
AT13;90100;90199;2008;20080101;1;3;0;0
AT13;90100;90199;2008;20080101;2;1;0;0
AT13;90100;90199;2008;20080101;2;2;4;0
AT13;90100;90199;2008;20080101;2;3;0;0
AT13;90100;90101;2009;20090101;1;1;136;27
AT13;90100;90101;2009;20090101;1;2;1022;285
AT13;90100;90101;2009;20090101;1;3;356;42
AT13;90100;90101;2009;20090101;2;1;141;32
AT13;90100;90101;2009;20090101;2;2;1031;281
AT13;90100;90101;2009;20090101;2;3;520;39
AT13;90100;90102;2009;20090101;1;1;76;12
AT13;90100;90102;2009;20090101;1;2;402;118
AT13;90100;90102;2009;20090101;1;3;126;14
AT13;90100;90102;2009;20090101;2;1;68;21
AT13;90100;90102;2009;20090101;2;2;373;129
AT13;90100;90102;2009;20090101;2;3;204;12
AT13;90100;90103;2009;20090101;1;1;77;21
AT13;90100;90103;2009;20090101;1;2;513;177
AT13;90100;90103;2009;20090101;1;3;187;34
AT13;90100;90103;2009;20090101;2;1;79;27
AT13;90100;90103;2009;20090101;2;2;506;191
AT13;90100;90103;2009;20090101;2;3;256;29
AT13;90100;90104;2009;20090101;1;1;70;7
AT13;90100;90104;2009;20090101;1;2;414;126
AT13;90100;90104;2009;20090101;1;3;134;15
AT13;90100;90104;2009;20090101;2;1;54;14
AT13;90100;90104;2009;20090101;2;2;416;113
AT13;90100;90104;2009;20090101;2;3;181;14
AT13;90100;90105;2009;20090101;1;1;90;22
AT13;90100;90105;2009;20090101;1;2;583;156
AT13;90100;90105;2009;20090101;1;3;151;16
AT13;90100;90105;2009;20090101;2;1;91;18
AT13;90100;90105;2009;20090101;2;2;585;151
AT13;90100;90105;2009;20090101;2;3;227;9
AT13;90100;90106;2009;20090101;1;1;110;16
AT13;90100;90106;2009;20090101;1;2;739;161
AT13;90100;90106;2009;20090101;1;3;226;30
AT13;90100;90106;2009;20090101;2;1;104;14
AT13;90100;90106;2009;20090101;2;2;792;170
AT13;90100;90106;2009;20090101;2;3;345;22
AT13;90100;90107;2009;20090101;1;1;99;17
AT13;90100;90107;2009;20090101;1;2;697;206
AT13;90100;90107;2009;20090101;1;3;259;27
AT13;90100;90107;2009;20090101;2;1;69;35
AT13;90100;90107;2009;20090101;2;2;634;219
AT13;90100;90107;2009;20090101;2;3;369;35
AT13;90100;90199;2009;20090101;1;1;0;0
AT13;90100;90199;2009;20090101;1;2;4;0
AT13;90100;90199;2009;20090101;1;3;0;0
AT13;90100;90199;2009;20090101;2;1;0;0
AT13;90100;90199;2009;20090101;2;2;3;0
AT13;90100;90199;2009;20090101;2;3;0;0
AT13;90100;90101;2010;20100101;1;1;148;21
AT13;90100;90101;2010;20100101;1;2;976;278
AT13;90100;90101;2010;20100101;1;3;371;46
AT13;90100;90101;2010;20100101;2;1;141;35
AT13;90100;90101;2010;20100101;2;2;1019;279
AT13;90100;90101;2010;20100101;2;3;525;41
AT13;90100;90102;2010;20100101;1;1;80;12
AT13;90100;90102;2010;20100101;1;2;405;119
AT13;90100;90102;2010;20100101;1;3;125;13
AT13;90100;90102;2010;20100101;2;1;75;23
AT13;90100;90102;2010;20100101;2;2;375;138
AT13;90100;90102;2010;20100101;2;3;211;16
AT13;90100;90103;2010;20100101;1;1;77;23
AT13;90100;90103;2010;20100101;1;2;506;175
AT13;90100;90103;2010;20100101;1;3;197;34
AT13;90100;90103;2010;20100101;2;1;74;27
AT13;90100;90103;2010;20100101;2;2;485;207
AT13;90100;90103;2010;20100101;2;3;268;28
AT13;90100;90104;2010;20100101;1;1;69;8
AT13;90100;90104;2010;20100101;1;2;387;109
AT13;90100;90104;2010;20100101;1;3;141;14
AT13;90100;90104;2010;20100101;2;1;60;20
AT13;90100;90104;2010;20100101;2;2;399;119
AT13;90100;90104;2010;20100101;2;3;183;14
AT13;90100;90105;2010;20100101;1;1;97;23
AT13;90100;90105;2010;20100101;1;2;557;149
AT13;90100;90105;2010;20100101;1;3;159;20
AT13;90100;90105;2010;20100101;2;1;100;20
AT13;90100;90105;2010;20100101;2;2;563;140
AT13;90100;90105;2010;20100101;2;3;220;9
AT13;90100;90106;2010;20100101;1;1;112;17
AT13;90100;90106;2010;20100101;1;2;716;160
AT13;90100;90106;2010;20100101;1;3;232;27
AT13;90100;90106;2010;20100101;2;1;92;20
AT13;90100;90106;2010;20100101;2;2;756;181
AT13;90100;90106;2010;20100101;2;3;350;22
AT13;90100;90107;2010;20100101;1;1;107;19
AT13;90100;90107;2010;20100101;1;2;691;206
AT13;90100;90107;2010;20100101;1;3;269;28
AT13;90100;90107;2010;20100101;2;1;72;24
AT13;90100;90107;2010;20100101;2;2;621;239
AT13;90100;90107;2010;20100101;2;3;371;34
AT13;90100;90199;2010;20100101;1;1;0;0
AT13;90100;90199;2010;20100101;1;2;3;0
AT13;90100;90199;2010;20100101;1;3;0;0
AT13;90100;90199;2010;20100101;2;1;0;0
AT13;90100;90199;2010;20100101;2;2;3;0
AT13;90100;90199;2010;20100101;2;3;0;0
AT13;90100;90101;2011;20110101;1;1;152;29
AT13;90100;90101;2011;20110101;1;2;968;282
AT13;90100;90101;2011;20110101;1;3;374;50
AT13;90100;90101;2011;20110101;2;1;140;35
AT13;90100;90101;2011;20110101;2;2;1004;287
AT13;90100;90101;2011;20110101;2;3;520;40
AT13;90100;90102;2011;20110101;1;1;71;12
AT13;90100;90102;2011;20110101;1;2;386;124
AT13;90100;90102;2011;20110101;1;3;128;12
AT13;90100;90102;2011;20110101;2;1;64;32
AT13;90100;90102;2011;20110101;2;2;364;143
AT13;90100;90102;2011;20110101;2;3;204;11
AT13;90100;90103;2011;20110101;1;1;82;26
AT13;90100;90103;2011;20110101;1;2;488;159
AT13;90100;90103;2011;20110101;1;3;193;32
AT13;90100;90103;2011;20110101;2;1;73;33
AT13;90100;90103;2011;20110101;2;2;469;192
AT13;90100;90103;2011;20110101;2;3;271;25
AT13;90100;90104;2011;20110101;1;1;72;11
AT13;90100;90104;2011;20110101;1;2;373;106
AT13;90100;90104;2011;20110101;1;3;144;14
AT13;90100;90104;2011;20110101;2;1;53;25
AT13;90100;90104;2011;20110101;2;2;393;122
AT13;90100;90104;2011;20110101;2;3;190;16
AT13;90100;90105;2011;20110101;1;1;97;28
AT13;90100;90105;2011;20110101;1;2;562;151
AT13;90100;90105;2011;20110101;1;3;155;21
AT13;90100;90105;2011;20110101;2;1;103;24
AT13;90100;90105;2011;20110101;2;2;560;167
AT13;90100;90105;2011;20110101;2;3;218;12
AT13;90100;90106;2011;20110101;1;1;100;17
AT13;90100;90106;2011;20110101;1;2;705;161
AT13;90100;90106;2011;20110101;1;3;244;24
AT13;90100;90106;2011;20110101;2;1;104;26
AT13;90100;90106;2011;20110101;2;2;750;180
AT13;90100;90106;2011;20110101;2;3;341;26
AT13;90100;90107;2011;20110101;1;1;94;26
AT13;90100;90107;2011;20110101;1;2;673;199
AT13;90100;90107;2011;20110101;1;3;262;26
AT13;90100;90107;2011;20110101;2;1;75;22
AT13;90100;90107;2011;20110101;2;2;603;230
AT13;90100;90107;2011;20110101;2;3;367;34
AT13;90100;90199;2011;20110101;1;1;0;0
AT13;90100;90199;2011;20110101;1;2;2;0
AT13;90100;90199;2011;20110101;1;3;0;0
AT13;90100;90199;2011;20110101;2;1;0;0
AT13;90100;90199;2011;20110101;2;2;2;0
AT13;90100;90199;2011;20110101;2;3;0;0
AT13;90100;90101;2012;20120101;1;1;143;36
AT13;90100;90101;2012;20120101;1;2;934;294
AT13;90100;90101;2012;20120101;1;3;377;50
AT13;90100;90101;2012;20120101;2;1;145;36
AT13;90100;90101;2012;20120101;2;2;986;273
AT13;90100;90101;2012;20120101;2;3;520;44
AT13;90100;90102;2012;20120101;1;1;66;22
AT13;90100;90102;2012;20120101;1;2;377;130
AT13;90100;90102;2012;20120101;1;3;135;12
AT13;90100;90102;2012;20120101;2;1;69;37
AT13;90100;90102;2012;20120101;2;2;349;152
AT13;90100;90102;2012;20120101;2;3;206;13
AT13;90100;90103;2012;20120101;1;1;87;34
AT13;90100;90103;2012;20120101;1;2;486;160
AT13;90100;90103;2012;20120101;1;3;200;33
AT13;90100;90103;2012;20120101;2;1;69;38
AT13;90100;90103;2012;20120101;2;2;468;198
AT13;90100;90103;2012;20120101;2;3;263;26
AT13;90100;90104;2012;20120101;1;1;68;11
AT13;90100;90104;2012;20120101;1;2;375;106
AT13;90100;90104;2012;20120101;1;3;146;12
AT13;90100;90104;2012;20120101;2;1;56;28
AT13;90100;90104;2012;20120101;2;2;380;126
AT13;90100;90104;2012;20120101;2;3;195;19
AT13;90100;90105;2012;20120101;1;1;90;27
AT13;90100;90105;2012;20120101;1;2;551;159
AT13;90100;90105;2012;20120101;1;3;151;23
AT13;90100;90105;2012;20120101;2;1;106;24
AT13;90100;90105;2012;20120101;2;2;552;182
AT13;90100;90105;2012;20120101;2;3;223;8
AT13;90100;90106;2012;20120101;1;1;97;17
AT13;90100;90106;2012;20120101;1;2;687;151
AT13;90100;90106;2012;20120101;1;3;246;25
AT13;90100;90106;2012;20120101;2;1;97;26
AT13;90100;90106;2012;20120101;2;2;717;170
AT13;90100;90106;2012;20120101;2;3;334;28
AT13;90100;90107;2012;20120101;1;1;97;35
AT13;90100;90107;2012;20120101;1;2;652;198
AT13;90100;90107;2012;20120101;1;3;268;31
AT13;90100;90107;2012;20120101;2;1;68;33
AT13;90100;90107;2012;20120101;2;2;591;239
AT13;90100;90107;2012;20120101;2;3;359;38
AT13;90100;90199;2012;20120101;1;1;0;0
AT13;90100;90199;2012;20120101;1;2;0;0
AT13;90100;90199;2012;20120101;1;3;0;0
AT13;90100;90199;2012;20120101;2;1;0;0
AT13;90100;90199;2012;20120101;2;2;0;0
AT13;90100;90199;2012;20120101;2;3;0;0
AT13;90100;90101;2013;20130101;1;1;141;43
AT13;90100;90101;2013;20130101;1;2;899;322
AT13;90100;90101;2013;20130101;1;3;391;56
AT13;90100;90101;2013;20130101;2;1;136;42
AT13;90100;90101;2013;20130101;2;2;972;294
AT13;90100;90101;2013;20130101;2;3;525;50
AT13;90100;90102;2013;20130101;1;1;65;21
AT13;90100;90102;2013;20130101;1;2;366;114
AT13;90100;90102;2013;20130101;1;3;133;12
AT13;90100;90102;2013;20130101;2;1;67;41
AT13;90100;90102;2013;20130101;2;2;332;153
AT13;90100;90102;2013;20130101;2;3;210;12
AT13;90100;90103;2013;20130101;1;1;81;31
AT13;90100;90103;2013;20130101;1;2;477;172
AT13;90100;90103;2013;20130101;1;3;207;39
AT13;90100;90103;2013;20130101;2;1;67;32
AT13;90100;90103;2013;20130101;2;2;468;205
AT13;90100;90103;2013;20130101;2;3;266;26
AT13;90100;90104;2013;20130101;1;1;62;12
AT13;90100;90104;2013;20130101;1;2;366;120
AT13;90100;90104;2013;20130101;1;3;151;16
AT13;90100;90104;2013;20130101;2;1;51;30
AT13;90100;90104;2013;20130101;2;2;369;143
AT13;90100;90104;2013;20130101;2;3;200;21
AT13;90100;90105;2013;20130101;1;1;96;25
AT13;90100;90105;2013;20130101;1;2;549;144
AT13;90100;90105;2013;20130101;1;3;164;21
AT13;90100;90105;2013;20130101;2;1;104;23
AT13;90100;90105;2013;20130101;2;2;558;171
AT13;90100;90105;2013;20130101;2;3;228;11
AT13;90100;90106;2013;20130101;1;1;94;13
AT13;90100;90106;2013;20130101;1;2;664;149
AT13;90100;90106;2013;20130101;1;3;252;25
AT13;90100;90106;2013;20130101;2;1;92;25
AT13;90100;90106;2013;20130101;2;2;689;178
AT13;90100;90106;2013;20130101;2;3;338;27
AT13;90100;90107;2013;20130101;1;1;103;37
AT13;90100;90107;2013;20130101;1;2;638;208
AT13;90100;90107;2013;20130101;1;3;272;33
AT13;90100;90107;2013;20130101;2;1;74;35
AT13;90100;90107;2013;20130101;2;2;572;253
AT13;90100;90107;2013;20130101;2;3;354;40
AT13;90100;90199;2013;20130101;1;1;0;0
AT13;90100;90199;2013;20130101;1;2;0;0
AT13;90100;90199;2013;20130101;1;3;0;0
AT13;90100;90199;2013;20130101;2;1;0;0
AT13;90100;90199;2013;20130101;2;2;0;0
AT13;90100;90199;2013;20130101;2;3;0;0
AT13;90100;90101;2014;20140101;1;1;146;46
AT13;90100;90101;2014;20140101;1;2;884;291
AT13;90100;90101;2014;20140101;1;3;381;55
AT13;90100;90101;2014;20140101;2;1;135;36
AT13;90100;90101;2014;20140101;2;2;949;297
AT13;90100;90101;2014;20140101;2;3;526;50
AT13;90100;90102;2014;20140101;1;1;71;19
AT13;90100;90102;2014;20140101;1;2;358;115
AT13;90100;90102;2014;20140101;1;3;128;19
AT13;90100;90102;2014;20140101;2;1;72;38
AT13;90100;90102;2014;20140101;2;2;322;163
AT13;90100;90102;2014;20140101;2;3;204;12
AT13;90100;90103;2014;20140101;1;1;82;37
AT13;90100;90103;2014;20140101;1;2;463;178
AT13;90100;90103;2014;20140101;1;3;202;46
AT13;90100;90103;2014;20140101;2;1;64;36
AT13;90100;90103;2014;20140101;2;2;460;210
AT13;90100;90103;2014;20140101;2;3;267;28
AT13;90100;90104;2014;20140101;1;1;63;16
AT13;90100;90104;2014;20140101;1;2;361;132
AT13;90100;90104;2014;20140101;1;3;147;19
AT13;90100;90104;2014;20140101;2;1;56;29
AT13;90100;90104;2014;20140101;2;2;364;139
AT13;90100;90104;2014;20140101;2;3;197;19
AT13;90100;90105;2014;20140101;1;1;93;29
AT13;90100;90105;2014;20140101;1;2;536;150
AT13;90100;90105;2014;20140101;1;3;168;20
AT13;90100;90105;2014;20140101;2;1;91;29
AT13;90100;90105;2014;20140101;2;2;544;178
AT13;90100;90105;2014;20140101;2;3;226;14
AT13;90100;90106;2014;20140101;1;1;89;12
AT13;90100;90106;2014;20140101;1;2;654;150
AT13;90100;90106;2014;20140101;1;3;257;22
AT13;90100;90106;2014;20140101;2;1;94;23
AT13;90100;90106;2014;20140101;2;2;675;177
AT13;90100;90106;2014;20140101;2;3;343;30
AT13;90100;90107;2014;20140101;1;1;102;42
AT13;90100;90107;2014;20140101;1;2;637;197
AT13;90100;90107;2014;20140101;1;3;271;38
AT13;90100;90107;2014;20140101;2;1;72;23
AT13;90100;90107;2014;20140101;2;2;571;233
AT13;90100;90107;2014;20140101;2;3;361;48
AT13;90100;90199;2014;20140101;1;1;0;0
AT13;90100;90199;2014;20140101;1;2;0;0
AT13;90100;90199;2014;20140101;1;3;0;0
AT13;90100;90199;2014;20140101;2;1;0;0
AT13;90100;90199;2014;20140101;2;2;0;0
AT13;90100;90199;2014;20140101;2;3;0;0
AT13;90100;90101;2015;20150101;1;1;157;51
AT13;90100;90101;2015;20150101;1;2;889;349
AT13;90100;90101;2015;20150101;1;3;378;56
AT13;90100;90101;2015;20150101;2;1;146;49
AT13;90100;90101;2015;20150101;2;2;945;342
AT13;90100;90101;2015;20150101;2;3;531;55
AT13;90100;90102;2015;20150101;1;1;75;26
AT13;90100;90102;2015;20150101;1;2;345;118
AT13;90100;90102;2015;20150101;1;3;130;15
AT13;90100;90102;2015;20150101;2;1;68;39
AT13;90100;90102;2015;20150101;2;2;321;171
AT13;90100;90102;2015;20150101;2;3;202;16
AT13;90100;90103;2015;20150101;1;1;80;42
AT13;90100;90103;2015;20150101;1;2;439;185
AT13;90100;90103;2015;20150101;1;3;209;44
AT13;90100;90103;2015;20150101;2;1;63;41
AT13;90100;90103;2015;20150101;2;2;453;214
AT13;90100;90103;2015;20150101;2;3;260;34
AT13;90100;90104;2015;20150101;1;1;62;14
AT13;90100;90104;2015;20150101;1;2;357;128
AT13;90100;90104;2015;20150101;1;3;151;20
AT13;90100;90104;2015;20150101;2;1;57;30
AT13;90100;90104;2015;20150101;2;2;346;136
AT13;90100;90104;2015;20150101;2;3;197;23
AT13;90100;90105;2015;20150101;1;1;88;37
AT13;90100;90105;2015;20150101;1;2;527;166
AT13;90100;90105;2015;20150101;1;3;169;18
AT13;90100;90105;2015;20150101;2;1;106;33
AT13;90100;90105;2015;20150101;2;2;522;211
AT13;90100;90105;2015;20150101;2;3;235;17
AT13;90100;90106;2015;20150101;1;1;95;12
AT13;90100;90106;2015;20150101;1;2;640;165
AT13;90100;90106;2015;20150101;1;3;255;22
AT13;90100;90106;2015;20150101;2;1;109;24
AT13;90100;90106;2015;20150101;2;2;679;186
AT13;90100;90106;2015;20150101;2;3;341;32
AT13;90100;90107;2015;20150101;1;1;103;36
AT13;90100;90107;2015;20150101;1;2;626;190
AT13;90100;90107;2015;20150101;1;3;282;38
AT13;90100;90107;2015;20150101;2;1;67;22
AT13;90100;90107;2015;20150101;2;2;558;261
AT13;90100;90107;2015;20150101;2;3;361;47
AT13;90100;90199;2015;20150101;1;1;0;0
AT13;90100;90199;2015;20150101;1;2;0;0
AT13;90100;90199;2015;20150101;1;3;0;0
AT13;90100;90199;2015;20150101;2;1;0;0
AT13;90100;90199;2015;20150101;2;2;0;0
AT13;90100;90199;2015;20150101;2;3;0;0
AT13;90100;90101;2016;20160101;1;1;162;48
AT13;90100;90101;2016;20160101;1;2;888;395
AT13;90100;90101;2016;20160101;1;3;387;56
AT13;90100;90101;2016;20160101;2;1;149;45
AT13;90100;90101;2016;20160101;2;2;915;381
AT13;90100;90101;2016;20160101;2;3;521;55
AT13;90100;90102;2016;20160101;1;1;78;28
AT13;90100;90102;2016;20160101;1;2;335;121
AT13;90100;90102;2016;20160101;1;3;128;20
AT13;90100;90102;2016;20160101;2;1;70;29
AT13;90100;90102;2016;20160101;2;2;329;166
AT13;90100;90102;2016;20160101;2;3;209;20
AT13;90100;90103;2016;20160101;1;1;80;32
AT13;90100;90103;2016;20160101;1;2;427;188
AT13;90100;90103;2016;20160101;1;3;205;48
AT13;90100;90103;2016;20160101;2;1;60;38
AT13;90100;90103;2016;20160101;2;2;444;221
AT13;90100;90103;2016;20160101;2;3;254;34
AT13;90100;90104;2016;20160101;1;1;54;14
AT13;90100;90104;2016;20160101;1;2;349;132
AT13;90100;90104;2016;20160101;1;3;149;19
AT13;90100;90104;2016;20160101;2;1;57;31
AT13;90100;90104;2016;20160101;2;2;338;136
AT13;90100;90104;2016;20160101;2;3;196;22
AT13;90100;90105;2016;20160101;1;1;86;34
AT13;90100;90105;2016;20160101;1;2;532;171
AT13;90100;90105;2016;20160101;1;3;165;21
AT13;90100;90105;2016;20160101;2;1;106;32
AT13;90100;90105;2016;20160101;2;2;503;214
AT13;90100;90105;2016;20160101;2;3;231;18
AT13;90100;90106;2016;20160101;1;1;101;15
AT13;90100;90106;2016;20160101;1;2;636;196
AT13;90100;90106;2016;20160101;1;3;258;23
AT13;90100;90106;2016;20160101;2;1;115;25
AT13;90100;90106;2016;20160101;2;2;693;196
AT13;90100;90106;2016;20160101;2;3;338;33
AT13;90100;90107;2016;20160101;1;1;104;36
AT13;90100;90107;2016;20160101;1;2;614;205
AT13;90100;90107;2016;20160101;1;3;275;46
AT13;90100;90107;2016;20160101;2;1;72;26
AT13;90100;90107;2016;20160101;2;2;555;267
AT13;90100;90107;2016;20160101;2;3;355;51
AT13;90100;90199;2016;20160101;1;1;0;0
AT13;90100;90199;2016;20160101;1;2;0;0
AT13;90100;90199;2016;20160101;1;3;0;0
AT13;90100;90199;2016;20160101;2;1;0;0
AT13;90100;90199;2016;20160101;2;2;0;0
AT13;90100;90199;2016;20160101;2;3;0;0
AT13;90100;90101;2017;20170101;1;1;147;53
AT13;90100;90101;2017;20170101;1;2;872;389
AT13;90100;90101;2017;20170101;1;3;387;60
AT13;90100;90101;2017;20170101;2;1;146;41
AT13;90100;90101;2017;20170101;2;2;902;422
AT13;90100;90101;2017;20170101;2;3;521;62
AT13;90100;90102;2017;20170101;1;1;76;27
AT13;90100;90102;2017;20170101;1;2;325;122
AT13;90100;90102;2017;20170101;1;3;136;21
AT13;90100;90102;2017;20170101;2;1;64;32
AT13;90100;90102;2017;20170101;2;2;332;163
AT13;90100;90102;2017;20170101;2;3;206;19
AT13;90100;90103;2017;20170101;1;1;82;38
AT13;90100;90103;2017;20170101;1;2;423;199
AT13;90100;90103;2017;20170101;1;3;214;44
AT13;90100;90103;2017;20170101;2;1;69;51
AT13;90100;90103;2017;20170101;2;2;425;234
AT13;90100;90103;2017;20170101;2;3;259;33
AT13;90100;90104;2017;20170101;1;1;51;18
AT13;90100;90104;2017;20170101;1;2;361;134
AT13;90100;90104;2017;20170101;1;3;149;19
AT13;90100;90104;2017;20170101;2;1;54;27
AT13;90100;90104;2017;20170101;2;2;331;153
AT13;90100;90104;2017;20170101;2;3;194;22
AT13;90100;90105;2017;20170101;1;1;95;31
AT13;90100;90105;2017;20170101;1;2;528;174
AT13;90100;90105;2017;20170101;1;3;172;22
AT13;90100;90105;2017;20170101;2;1;110;31
AT13;90100;90105;2017;20170101;2;2;493;211
AT13;90100;90105;2017;20170101;2;3;226;26
AT13;90100;90106;2017;20170101;1;1;101;17
AT13;90100;90106;2017;20170101;1;2;646;204
AT13;90100;90106;2017;20170101;1;3;262;24
AT13;90100;90106;2017;20170101;2;1;116;25
AT13;90100;90106;2017;20170101;2;2;677;195
AT13;90100;90106;2017;20170101;2;3;328;34
AT13;90100;90107;2017;20170101;1;1;105;39
AT13;90100;90107;2017;20170101;1;2;617;205
AT13;90100;90107;2017;20170101;1;3;268;46
AT13;90100;90107;2017;20170101;2;1;71;34
AT13;90100;90107;2017;20170101;2;2;552;277
AT13;90100;90107;2017;20170101;2;3;346;48
AT13;90100;90199;2017;20170101;1;1;0;0
AT13;90100;90199;2017;20170101;1;2;0;0
AT13;90100;90199;2017;20170101;1;3;0;0
AT13;90100;90199;2017;20170101;2;1;0;0
AT13;90100;90199;2017;20170101;2;2;0;0
AT13;90100;90199;2017;20170101;2;3;0;0
AT13;90100;90101;2018;20180101;1;1;136;53
AT13;90100;90101;2018;20180101;1;2;875;363
AT13;90100;90101;2018;20180101;1;3;379;66
AT13;90100;90101;2018;20180101;2;1;133;36
AT13;90100;90101;2018;20180101;2;2;887;396
AT13;90100;90101;2018;20180101;2;3;528;65
AT13;90100;90102;2018;20180101;1;1;75;23
AT13;90100;90102;2018;20180101;1;2;329;137
AT13;90100;90102;2018;20180101;1;3;134;24
AT13;90100;90102;2018;20180101;2;1;64;30
AT13;90100;90102;2018;20180101;2;2;337;168
AT13;90100;90102;2018;20180101;2;3;200;23
AT13;90100;90103;2018;20180101;1;1;87;33
AT13;90100;90103;2018;20180101;1;2;430;203
AT13;90100;90103;2018;20180101;1;3;206;46
AT13;90100;90103;2018;20180101;2;1;79;44
AT13;90100;90103;2018;20180101;2;2;433;242
AT13;90100;90103;2018;20180101;2;3;252;32
AT13;90100;90104;2018;20180101;1;1;52;17
AT13;90100;90104;2018;20180101;1;2;352;140
AT13;90100;90104;2018;20180101;1;3;152;21
AT13;90100;90104;2018;20180101;2;1;60;26
AT13;90100;90104;2018;20180101;2;2;326;153
AT13;90100;90104;2018;20180101;2;3;194;23
AT13;90100;90105;2018;20180101;1;1;97;27
AT13;90100;90105;2018;20180101;1;2;525;170
AT13;90100;90105;2018;20180101;1;3;167;23
AT13;90100;90105;2018;20180101;2;1;101;30
AT13;90100;90105;2018;20180101;2;2;492;205
AT13;90100;90105;2018;20180101;2;3;220;28
AT13;90100;90106;2018;20180101;1;1;107;17
AT13;90100;90106;2018;20180101;1;2;634;196
AT13;90100;90106;2018;20180101;1;3;266;28
AT13;90100;90106;2018;20180101;2;1;116;25
AT13;90100;90106;2018;20180101;2;2;687;222
AT13;90100;90106;2018;20180101;2;3;332;40
AT13;90100;90107;2018;20180101;1;1;101;50
AT13;90100;90107;2018;20180101;1;2;615;222
AT13;90100;90107;2018;20180101;1;3;261;48
AT13;90100;90107;2018;20180101;2;1;72;32
AT13;90100;90107;2018;20180101;2;2;544;289
AT13;90100;90107;2018;20180101;2;3;349;48
AT13;90100;90199;2018;20180101;1;1;0;0
AT13;90100;90199;2018;20180101;1;2;0;0
AT13;90100;90199;2018;20180101;1;3;0;0
AT13;90100;90199;2018;20180101;2;1;0;0
AT13;90100;90199;2018;20180101;2;2;0;0
AT13;90100;90199;2018;20180101;2;3;0;0
AT13;90100;90101;2019;20190101;1;1;128;51
AT13;90100;90101;2019;20190101;1;2;872;384
AT13;90100;90101;2019;20190101;1;3;382;66
AT13;90100;90101;2019;20190101;2;1;131;37
AT13;90100;90101;2019;20190101;2;2;881;392
AT13;90100;90101;2019;20190101;2;3;519;62
AT13;90100;90102;2019;20190101;1;1;73;16
AT13;90100;90102;2019;20190101;1;2;346;128
AT13;90100;90102;2019;20190101;1;3;135;25
AT13;90100;90102;2019;20190101;2;1;67;31
AT13;90100;90102;2019;20190101;2;2;337;160
AT13;90100;90102;2019;20190101;2;3;190;23
AT13;90100;90103;2019;20190101;1;1;84;32
AT13;90100;90103;2019;20190101;1;2;423;195
AT13;90100;90103;2019;20190101;1;3;206;47
AT13;90100;90103;2019;20190101;2;1;78;49
AT13;90100;90103;2019;20190101;2;2;426;248
AT13;90100;90103;2019;20190101;2;3;256;31
AT13;90100;90104;2019;20190101;1;1;51;16
AT13;90100;90104;2019;20190101;1;2;343;136
AT13;90100;90104;2019;20190101;1;3;153;18
AT13;90100;90104;2019;20190101;2;1;51;30
AT13;90100;90104;2019;20190101;2;2;316;161
AT13;90100;90104;2019;20190101;2;3;191;21
AT13;90100;90105;2019;20190101;1;1;100;26
AT13;90100;90105;2019;20190101;1;2;528;167
AT13;90100;90105;2019;20190101;1;3;169;26
AT13;90100;90105;2019;20190101;2;1;100;24
AT13;90100;90105;2019;20190101;2;2;490;197
AT13;90100;90105;2019;20190101;2;3;223;30
AT13;90100;90106;2019;20190101;1;1;99;23
AT13;90100;90106;2019;20190101;1;2;627;192
AT13;90100;90106;2019;20190101;1;3;266;33
AT13;90100;90106;2019;20190101;2;1;105;23
AT13;90100;90106;2019;20190101;2;2;660;210
AT13;90100;90106;2019;20190101;2;3;328;43
AT13;90100;90107;2019;20190101;1;1;88;44
AT13;90100;90107;2019;20190101;1;2;618;231
AT13;90100;90107;2019;20190101;1;3;256;46
AT13;90100;90107;2019;20190101;2;1;72;36
AT13;90100;90107;2019;20190101;2;2;534;302
AT13;90100;90107;2019;20190101;2;3;337;55
AT13;90100;90199;2019;20190101;1;1;0;0
AT13;90100;90199;2019;20190101;1;2;0;0
AT13;90100;90199;2019;20190101;1;3;0;0
AT13;90100;90199;2019;20190101;2;1;0;0
AT13;90100;90199;2019;20190101;2;2;0;0
AT13;90100;90199;2019;20190101;2;3;0;0
AT13;90100;90101;2020;20200101;1;1;129;50
AT13;90100;90101;2020;20200101;1;2;858;384
AT13;90100;90101;2020;20200101;1;3;376;71
AT13;90100;90101;2020;20200101;2;1;123;36
AT13;90100;90101;2020;20200101;2;2;840;381
AT13;90100;90101;2020;20200101;2;3;508;66
AT13;90100;90102;2020;20200101;1;1;65;18
AT13;90100;90102;2020;20200101;1;2;328;135
AT13;90100;90102;2020;20200101;1;3;130;27
AT13;90100;90102;2020;20200101;2;1;66;29
AT13;90100;90102;2020;20200101;2;2;322;161
AT13;90100;90102;2020;20200101;2;3;194;21
AT13;90100;90103;2020;20200101;1;1;84;41
AT13;90100;90103;2020;20200101;1;2;417;197
AT13;90100;90103;2020;20200101;1;3;207;50
AT13;90100;90103;2020;20200101;2;1;75;45
AT13;90100;90103;2020;20200101;2;2;394;235
AT13;90100;90103;2020;20200101;2;3;259;39
AT13;90100;90104;2020;20200101;1;1;48;20
AT13;90100;90104;2020;20200101;1;2;348;146
AT13;90100;90104;2020;20200101;1;3;151;19
AT13;90100;90104;2020;20200101;2;1;49;32
AT13;90100;90104;2020;20200101;2;2;307;152
AT13;90100;90104;2020;20200101;2;3;192;20
AT13;90100;90105;2020;20200101;1;1;92;25
AT13;90100;90105;2020;20200101;1;2;515;180
AT13;90100;90105;2020;20200101;1;3;169;29
AT13;90100;90105;2020;20200101;2;1;98;32
AT13;90100;90105;2020;20200101;2;2;484;209
AT13;90100;90105;2020;20200101;2;3;221;31
AT13;90100;90106;2020;20200101;1;1;86;21
AT13;90100;90106;2020;20200101;1;2;602;192
AT13;90100;90106;2020;20200101;1;3;262;35
AT13;90100;90106;2020;20200101;2;1;105;25
AT13;90100;90106;2020;20200101;2;2;645;203
AT13;90100;90106;2020;20200101;2;3;329;43
AT13;90100;90107;2020;20200101;1;1;89;40
AT13;90100;90107;2020;20200101;1;2;607;222
AT13;90100;90107;2020;20200101;1;3;262;52
AT13;90100;90107;2020;20200101;2;1;74;33
AT13;90100;90107;2020;20200101;2;2;506;301
AT13;90100;90107;2020;20200101;2;3;326;57
AT13;90100;90199;2020;20200101;1;1;0;0
AT13;90100;90199;2020;20200101;1;2;0;0
AT13;90100;90199;2020;20200101;1;3;0;0
AT13;90100;90199;2020;20200101;2;1;0;0
AT13;90100;90199;2020;20200101;2;2;0;0
AT13;90100;90199;2020;20200101;2;3;0;0
AT13;90100;90101;2021;20210101;1;1;136;48
AT13;90100;90101;2021;20210101;1;2;863;382
AT13;90100;90101;2021;20210101;1;3;388;68
AT13;90100;90101;2021;20210101;2;1;129;38
AT13;90100;90101;2021;20210101;2;2;830;386
AT13;90100;90101;2021;20210101;2;3;507;60
AT13;90100;90102;2021;20210101;1;1;64;27
AT13;90100;90102;2021;20210101;1;2;331;132
AT13;90100;90102;2021;20210101;1;3;129;21
AT13;90100;90102;2021;20210101;2;1;63;33
AT13;90100;90102;2021;20210101;2;2;308;168
AT13;90100;90102;2021;20210101;2;3;197;20
AT13;90100;90103;2021;20210101;1;1;79;39
AT13;90100;90103;2021;20210101;1;2;413;205
AT13;90100;90103;2021;20210101;1;3;207;49
AT13;90100;90103;2021;20210101;2;1;78;38
AT13;90100;90103;2021;20210101;2;2;390;237
AT13;90100;90103;2021;20210101;2;3;252;41
AT13;90100;90104;2021;20210101;1;1;43;19
AT13;90100;90104;2021;20210101;1;2;337;135
AT13;90100;90104;2021;20210101;1;3;149;21
AT13;90100;90104;2021;20210101;2;1;47;24
AT13;90100;90104;2021;20210101;2;2;292;137
AT13;90100;90104;2021;20210101;2;3;192;19
AT13;90100;90105;2021;20210101;1;1;88;34
AT13;90100;90105;2021;20210101;1;2;499;170
AT13;90100;90105;2021;20210101;1;3;174;33
AT13;90100;90105;2021;20210101;2;1;93;27
AT13;90100;90105;2021;20210101;2;2;483;200
AT13;90100;90105;2021;20210101;2;3;210;36
AT13;90100;90106;2021;20210101;1;1;84;24
AT13;90100;90106;2021;20210101;1;2;590;204
AT13;90100;90106;2021;20210101;1;3;254;35
AT13;90100;90106;2021;20210101;2;1;104;26
AT13;90100;90106;2021;20210101;2;2;621;213
AT13;90100;90106;2021;20210101;2;3;325;45
AT13;90100;90107;2021;20210101;1;1;83;37
AT13;90100;90107;2021;20210101;1;2;604;232
AT13;90100;90107;2021;20210101;1;3;261;53
AT13;90100;90107;2021;20210101;2;1;77;29
AT13;90100;90107;2021;20210101;2;2;485;282
AT13;90100;90107;2021;20210101;2;3;321;60
AT13;90100;90199;2021;20210101;1;1;0;0
AT13;90100;90199;2021;20210101;1;2;0;0
AT13;90100;90199;2021;20210101;1;3;0;0
AT13;90100;90199;2021;20210101;2;1;0;0
AT13;90100;90199;2021;20210101;2;2;0;0
AT13;90100;90199;2021;20210101;2;3;0;0
AT13;90100;90101;2022;20220101;1;1;140;42
AT13;90100;90101;2022;20220101;1;2;862;356
AT13;90100;90101;2022;20220101;1;3;380;70
AT13;90100;90101;2022;20220101;2;1;128;36
AT13;90100;90101;2022;20220101;2;2;831;396
AT13;90100;90101;2022;20220101;2;3;520;68
AT13;90100;90102;2022;20220101;1;1;56;25
AT13;90100;90102;2022;20220101;1;2;324;138
AT13;90100;90102;2022;20220101;1;3;133;21
AT13;90100;90102;2022;20220101;2;1;56;27
AT13;90100;90102;2022;20220101;2;2;298;171
AT13;90100;90102;2022;20220101;2;3;197;22
AT13;90100;90103;2022;20220101;1;1;75;36
AT13;90100;90103;2022;20220101;1;2;419;200
AT13;90100;90103;2022;20220101;1;3;197;51
AT13;90100;90103;2022;20220101;2;1;81;39
AT13;90100;90103;2022;20220101;2;2;371;243
AT13;90100;90103;2022;20220101;2;3;257;40
AT13;90100;90104;2022;20220101;1;1;37;21
AT13;90100;90104;2022;20220101;1;2;314;133
AT13;90100;90104;2022;20220101;1;3;145;21
AT13;90100;90104;2022;20220101;2;1;47;20
AT13;90100;90104;2022;20220101;2;2;281;138
AT13;90100;90104;2022;20220101;2;3;192;18
AT13;90100;90105;2022;20220101;1;1;95;28
AT13;90100;90105;2022;20220101;1;2;509;175
AT13;90100;90105;2022;20220101;1;3;174;37
AT13;90100;90105;2022;20220101;2;1;86;27
AT13;90100;90105;2022;20220101;2;2;497;211
AT13;90100;90105;2022;20220101;2;3;209;39
AT13;90100;90106;2022;20220101;1;1;90;21
AT13;90100;90106;2022;20220101;1;2;577;196
AT13;90100;90106;2022;20220101;1;3;257;33
AT13;90100;90106;2022;20220101;2;1;99;25
AT13;90100;90106;2022;20220101;2;2;585;223
AT13;90100;90106;2022;20220101;2;3;325;43
AT13;90100;90107;2022;20220101;1;1;84;30
AT13;90100;90107;2022;20220101;1;2;601;221
AT13;90100;90107;2022;20220101;1;3;260;53
AT13;90100;90107;2022;20220101;2;1;73;21
AT13;90100;90107;2022;20220101;2;2;482;264
AT13;90100;90107;2022;20220101;2;3;317;60
AT13;90100;90199;2022;20220101;1;1;0;0
AT13;90100;90199;2022;20220101;1;2;0;0
AT13;90100;90199;2022;20220101;1;3;0;0
AT13;90100;90199;2022;20220101;2;1;0;0
AT13;90100;90199;2022;20220101;2;2;0;0
AT13;90100;90199;2022;20220101;2;3;0;0
AT13;90200;90201;2022;20220101;1;1;1233;451
AT13;90200;90201;2022;20220101;1;2;4088;2122
AT13;90200;90201;2022;20220101;1;3;637;121
AT13;90200;90201;2022;20220101;2;1;1148;384
AT13;90200;90201;2022;20220101;2;2;4033;2288
AT13;90200;90201;2022;20220101;2;3;868;167
AT13;90200;90202;2022;20220101;1;1;419;351
AT13;90200;90202;2022;20220101;1;2;2279;2004
AT13;90200;90202;2022;20220101;1;3;479;177
AT13;90200;90202;2022;20220101;2;1;414;324
AT13;90200;90202;2022;20220101;2;2;2217;1697
AT13;90200;90202;2022;20220101;2;3;671;172
AT13;90200;90203;2022;20220101;1;1;577;277
AT13;90200;90203;2022;20220101;1;2;2997;1637
AT13;90200;90203;2022;20220101;1;3;649;160
AT13;90200;90203;2022;20220101;2;1;578;235
AT13;90200;90203;2022;20220101;2;2;3148;1550
AT13;90200;90203;2022;20220101;2;3;993;140
AT13;90200;90204;2022;20220101;1;1;699;398
AT13;90200;90204;2022;20220101;1;2;3133;1897
AT13;90200;90204;2022;20220101;1;3;792;158
AT13;90200;90204;2022;20220101;2;1;664;349
AT13;90200;90204;2022;20220101;2;2;3217;1783
AT13;90200;90204;2022;20220101;2;3;1139;148
AT13;90200;90205;2022;20220101;1;1;332;235
AT13;90200;90205;2022;20220101;1;2;1821;1357
AT13;90200;90205;2022;20220101;1;3;565;116
AT13;90200;90205;2022;20220101;2;1;308;234
AT13;90200;90205;2022;20220101;2;2;1819;1252
AT13;90200;90205;2022;20220101;2;3;803;124
AT13;90200;90206;2022;20220101;1;1;372;191
AT13;90200;90206;2022;20220101;1;2;1792;1389
AT13;90200;90206;2022;20220101;1;3;508;84
AT13;90200;90206;2022;20220101;2;1;336;176
AT13;90200;90206;2022;20220101;2;2;1705;1294
AT13;90200;90206;2022;20220101;2;3;668;87
AT13;90200;90207;2022;20220101;1;1;349;349
AT13;90200;90207;2022;20220101;1;2;2407;2349
AT13;90200;90207;2022;20220101;1;3;579;187
AT13;90200;90207;2022;20220101;2;1;338;325
AT13;90200;90207;2022;20220101;2;2;2241;2111
AT13;90200;90207;2022;20220101;2;3;822;207
AT13;90200;90208;2022;20220101;1;1;147;87
AT13;90200;90208;2022;20220101;1;2;638;250
AT13;90200;90208;2022;20220101;1;3;231;22
AT13;90200;90208;2022;20220101;2;1;135;85
AT13;90200;90208;2022;20220101;2;2;635;268
AT13;90200;90208;2022;20220101;2;3;329;20
AT13;90200;90209;2022;20220101;1;1;801;448
AT13;90200;90209;2022;20220101;1;2;3402;1835
AT13;90200;90209;2022;20220101;1;3;962;200
AT13;90200;90209;2022;20220101;2;1;736;435
AT13;90200;90209;2022;20220101;2;2;3394;1943
AT13;90200;90209;2022;20220101;2;3;1619;172
AT13;90200;90210;2022;20220101;1;1;0;0
AT13;90200;90210;2022;20220101;1;2;0;0
AT13;90200;90210;2022;20220101;1;3;0;0
AT13;90200;90210;2022;20220101;2;1;0;0
AT13;90200;90210;2022;20220101;2;2;0;0
AT13;90200;90210;2022;20220101;2;3;0;0
AT13;90200;90299;2022;20220101;1;1;0;0
AT13;90200;90299;2022;20220101;1;2;0;0
AT13;90200;90299;2022;20220101;1;3;0;0
AT13;90200;90299;2022;20220101;2;1;0;0
AT13;90200;90299;2022;20220101;2;2;0;0
AT13;90200;90299;2022;20220101;2;3;0;0
AT13;90300;90301;2022;20220101;1;1;448;205
AT13;90300;90301;2022;20220101;1;2;2547;1382
AT13;90300;90301;2022;20220101;1;3;665;123
AT13;90300;90301;2022;20220101;2;1;439;187
AT13;90300;90301;2022;20220101;2;2;2737;1262
AT13;90300;90301;2022;20220101;2;3;926;134
AT13;90300;90302;2022;20220101;1;1;380;151
AT13;90300;90302;2022;20220101;1;2;2059;798
AT13;90300;90302;2022;20220101;1;3;673;70
AT13;90300;90302;2022;20220101;2;1;320;137
AT13;90300;90302;2022;20220101;2;2;2156;926
AT13;90300;90302;2022;20220101;2;3;927;105
AT13;90300;90303;2022;20220101;1;1;277;154
AT13;90300;90303;2022;20220101;1;2;1371;720
AT13;90300;90303;2022;20220101;1;3;451;82
AT13;90300;90303;2022;20220101;2;1;255;140
AT13;90300;90303;2022;20220101;2;2;1421;862
AT13;90300;90303;2022;20220101;2;3;635;116
AT13;90300;90304;2022;20220101;1;1;311;315
AT13;90300;90304;2022;20220101;1;2;2076;1914
AT13;90300;90304;2022;20220101;1;3;480;137
AT13;90300;90304;2022;20220101;2;1;302;352
AT13;90300;90304;2022;20220101;2;2;2043;1773
AT13;90300;90304;2022;20220101;2;3;770;163
AT13;90300;90305;2022;20220101;1;1;261;237
AT13;90300;90305;2022;20220101;1;2;1775;1197
AT13;90300;90305;2022;20220101;1;3;472;86
AT13;90300;90305;2022;20220101;2;1;250;228
AT13;90300;90305;2022;20220101;2;2;1924;1182
AT13;90300;90305;2022;20220101;2;3;755;95
AT13;90300;90306;2022;20220101;1;1;472;331
AT13;90300;90306;2022;20220101;1;2;3319;1855
AT13;90300;90306;2022;20220101;1;3;903;181
AT13;90300;90306;2022;20220101;2;1;472;302
AT13;90300;90306;2022;20220101;2;2;3453;1835
AT13;90300;90306;2022;20220101;2;3;1350;201
AT13;90300;90307;2022;20220101;1;1;359;171
AT13;90300;90307;2022;20220101;1;2;1601;1139
AT13;90300;90307;2022;20220101;1;3;312;56
AT13;90300;90307;2022;20220101;2;1;335;188
AT13;90300;90307;2022;20220101;2;2;1695;1115
AT13;90300;90307;2022;20220101;2;3;573;62
AT13;90300;90308;2022;20220101;1;1;96;42
AT13;90300;90308;2022;20220101;1;2;548;316
AT13;90300;90308;2022;20220101;1;3;175;11
AT13;90300;90308;2022;20220101;2;1;97;34
AT13;90300;90308;2022;20220101;2;2;520;295
AT13;90300;90308;2022;20220101;2;3;228;10
AT13;90300;90309;2022;20220101;1;1;441;158
AT13;90300;90309;2022;20220101;1;2;2002;842
AT13;90300;90309;2022;20220101;1;3;630;88
AT13;90300;90309;2022;20220101;2;1;411;160
AT13;90300;90309;2022;20220101;2;2;2174;983
AT13;90300;90309;2022;20220101;2;3;896;103
AT13;90300;90310;2022;20220101;1;1;388;356
AT13;90300;90310;2022;20220101;1;2;2098;1676
AT13;90300;90310;2022;20220101;1;3;373;109
AT13;90300;90310;2022;20220101;2;1;360;325
AT13;90300;90310;2022;20220101;2;2;2096;1630
AT13;90300;90310;2022;20220101;2;3;517;129
AT13;90300;90311;2022;20220101;1;1;293;153
AT13;90300;90311;2022;20220101;1;2;1074;571
AT13;90300;90311;2022;20220101;1;3;154;43
AT13;90300;90311;2022;20220101;2;1;292;128
AT13;90300;90311;2022;20220101;2;2;1132;652
AT13;90300;90311;2022;20220101;2;3;262;54
AT13;90300;90399;2022;20220101;1;1;0;0
AT13;90300;90399;2022;20220101;1;2;0;0
AT13;90300;90399;2022;20220101;1;3;0;0
AT13;90300;90399;2022;20220101;2;1;0;0
AT13;90300;90399;2022;20220101;2;2;0;0
AT13;90300;90399;2022;20220101;2;3;0;0
AT13;90400;90401;2022;20220101;1;1;92;52
AT13;90400;90401;2022;20220101;1;2;507;254
AT13;90400;90401;2022;20220101;1;3;162;40
AT13;90400;90401;2022;20220101;2;1;73;44
AT13;90400;90401;2022;20220101;2;2;481;309
AT13;90400;90401;2022;20220101;2;3;211;48
AT13;90400;90402;2022;20220101;1;1;433;275
AT13;90400;90402;2022;20220101;1;2;2524;1729
AT13;90400;90402;2022;20220101;1;3;613;148
AT13;90400;90402;2022;20220101;2;1;412;277
AT13;90400;90402;2022;20220101;2;2;2389;1586
AT13;90400;90402;2022;20220101;2;3;860;164
AT13;90400;90403;2022;20220101;1;1;483;216
AT13;90400;90403;2022;20220101;1;2;2751;1415
AT13;90400;90403;2022;20220101;1;3;866;142
AT13;90400;90403;2022;20220101;2;1;440;202
AT13;90400;90403;2022;20220101;2;2;2851;1626
AT13;90400;90403;2022;20220101;2;3;1250;151
AT13;90400;90404;2022;20220101;1;1;263;150
AT13;90400;90404;2022;20220101;1;2;1524;909
AT13;90400;90404;2022;20220101;1;3;436;67
AT13;90400;90404;2022;20220101;2;1;262;179
AT13;90400;90404;2022;20220101;2;2;1575;907
AT13;90400;90404;2022;20220101;2;3;593;66
AT13;90400;90499;2022;20220101;1;1;0;0
AT13;90400;90499;2022;20220101;1;2;0;0
AT13;90400;90499;2022;20220101;1;3;0;0
AT13;90400;90499;2022;20220101;2;1;0;0
AT13;90400;90499;2022;20220101;2;2;0;0
AT13;90400;90499;2022;20220101;2;3;0;0
AT13;90500;90501;2022;20220101;1;1;376;176
AT13;90500;90501;2022;20220101;1;2;2827;1398
AT13;90500;90501;2022;20220101;1;3;644;126
AT13;90500;90501;2022;20220101;2;1;351;185
AT13;90500;90501;2022;20220101;2;2;2837;1410
AT13;90500;90501;2022;20220101;2;3;989;114
AT13;90500;90502;2022;20220101;1;1;627;612
AT13;90500;90502;2022;20220101;1;2;4013;3220
AT13;90500;90502;2022;20220101;1;3;898;285
AT13;90500;90502;2022;20220101;2;1;623;654
AT13;90500;90502;2022;20220101;2;2;3905;2935
AT13;90500;90502;2022;20220101;2;3;1357;289
AT13;90500;90503;2022;20220101;1;1;488;466
AT13;90500;90503;2022;20220101;1;2;3337;3025
AT13;90500;90503;2022;20220101;1;3;782;232
AT13;90500;90503;2022;20220101;2;1;454;423
AT13;90500;90503;2022;20220101;2;2;3286;2769
AT13;90500;90503;2022;20220101;2;3;1053;256
AT13;90500;90504;2022;20220101;1;1;178;133
AT13;90500;90504;2022;20220101;1;2;1396;1049
AT13;90500;90504;2022;20220101;1;3;310;71
AT13;90500;90504;2022;20220101;2;1;163;114
AT13;90500;90504;2022;20220101;2;2;1450;988
AT13;90500;90504;2022;20220101;2;3;379;78
AT13;90500;90599;2022;20220101;1;1;0;0
AT13;90500;90599;2022;20220101;1;2;0;0
AT13;90500;90599;2022;20220101;1;3;0;0
AT13;90500;90599;2022;20220101;2;1;0;0
AT13;90500;90599;2022;20220101;2;2;0;0
AT13;90500;90599;2022;20220101;2;3;0;0
AT13;90600;90601;2022;20220101;1;1;269;88
AT13;90600;90601;2022;20220101;1;2;1888;865
AT13;90600;90601;2022;20220101;1;3;515;80
AT13;90600;90601;2022;20220101;2;1;292;80
AT13;90600;90601;2022;20220101;2;2;1825;895
AT13;90600;90601;2022;20220101;2;3;640;89
AT13;90600;90602;2022;20220101;1;1;318;182
AT13;90600;90602;2022;20220101;1;2;2346;1440
AT13;90600;90602;2022;20220101;1;3;458;102
AT13;90600;90602;2022;20220101;2;1;276;164
AT13;90600;90602;2022;20220101;2;2;2238;1405
AT13;90600;90602;2022;20220101;2;3;642;107
AT13;90600;90603;2022;20220101;1;1;493;194
AT13;90600;90603;2022;20220101;1;2;3148;1668
AT13;90600;90603;2022;20220101;1;3;851;139
AT13;90600;90603;2022;20220101;2;1;444;196
AT13;90600;90603;2022;20220101;2;2;3407;1758
AT13;90600;90603;2022;20220101;2;3;1284;172
AT13;90600;90699;2022;20220101;1;1;0;0
AT13;90600;90699;2022;20220101;1;2;0;0
AT13;90600;90699;2022;20220101;1;3;0;0
AT13;90600;90699;2022;20220101;2;1;0;0
AT13;90600;90699;2022;20220101;2;2;0;0
AT13;90600;90699;2022;20220101;2;3;0;0
AT13;90700;90701;2022;20220101;1;1;210;82
AT13;90700;90701;2022;20220101;1;2;1329;607
AT13;90700;90701;2022;20220101;1;3;324;66
AT13;90700;90701;2022;20220101;2;1;188;87
AT13;90700;90701;2022;20220101;2;2;1286;692
AT13;90700;90701;2022;20220101;2;3;446;63
AT13;90700;90702;2022;20220101;1;1;123;43
AT13;90700;90702;2022;20220101;1;2;718;319
AT13;90700;90702;2022;20220101;1;3;175;34
AT13;90700;90702;2022;20220101;2;1;133;31
AT13;90700;90702;2022;20220101;2;2;776;350
AT13;90700;90702;2022;20220101;2;3;208;38
AT13;90700;90703;2022;20220101;1;1;218;54
AT13;90700;90703;2022;20220101;1;2;1276;574
AT13;90700;90703;2022;20220101;1;3;273;57
AT13;90700;90703;2022;20220101;2;1;185;47
AT13;90700;90703;2022;20220101;2;2;1299;584
AT13;90700;90703;2022;20220101;2;3;391;54
AT13;90700;90704;2022;20220101;1;1;357;134
AT13;90700;90704;2022;20220101;1;2;2351;1274
AT13;90700;90704;2022;20220101;1;3;607;109
AT13;90700;90704;2022;20220101;2;1;351;135
AT13;90700;90704;2022;20220101;2;2;2459;1328
AT13;90700;90704;2022;20220101;2;3;867;107
AT13;90700;90705;2022;20220101;1;1;276;131
AT13;90700;90705;2022;20220101;1;2;1909;1152
AT13;90700;90705;2022;20220101;1;3;340;86
AT13;90700;90705;2022;20220101;2;1;276;118
AT13;90700;90705;2022;20220101;2;2;1981;1037
AT13;90700;90705;2022;20220101;2;3;515;86
AT13;90700;90799;2022;20220101;1;1;0;0
AT13;90700;90799;2022;20220101;1;2;0;0
AT13;90700;90799;2022;20220101;1;3;0;0
AT13;90700;90799;2022;20220101;2;1;0;0
AT13;90700;90799;2022;20220101;2;2;0;0
AT13;90700;90799;2022;20220101;2;3;0;0
AT13;90800;90801;2022;20220101;1;1;209;68
AT13;90800;90801;2022;20220101;1;2;1246;924
AT13;90800;90801;2022;20220101;1;3;289;63
AT13;90800;90801;2022;20220101;2;1;158;53
AT13;90800;90801;2022;20220101;2;2;1146;635
AT13;90800;90801;2022;20220101;2;3;438;61
AT13;90800;90802;2022;20220101;1;1;497;110
AT13;90800;90802;2022;20220101;1;2;2575;1196
AT13;90800;90802;2022;20220101;1;3;751;80
AT13;90800;90802;2022;20220101;2;1;440;114
AT13;90800;90802;2022;20220101;2;2;2701;1328
AT13;90800;90802;2022;20220101;2;3;1061;138
AT13;90800;90803;2022;20220101;1;1;238;145
AT13;90800;90803;2022;20220101;1;2;1795;1232
AT13;90800;90803;2022;20220101;1;3;444;83
AT13;90800;90803;2022;20220101;2;1;279;135
AT13;90800;90803;2022;20220101;2;2;1861;968
AT13;90800;90803;2022;20220101;2;3;646;82
AT13;90800;90899;2022;20220101;1;1;0;0
AT13;90800;90899;2022;20220101;1;2;0;0
AT13;90800;90899;2022;20220101;1;3;0;0
AT13;90800;90899;2022;20220101;2;1;0;0
AT13;90800;90899;2022;20220101;2;2;0;0
AT13;90800;90899;2022;20220101;2;3;0;0
AT13;90900;90901;2022;20220101;1;1;325;206
AT13;90900;90901;2022;20220101;1;2;2114;1216
AT13;90900;90901;2022;20220101;1;3;443;97
AT13;90900;90901;2022;20220101;2;1;271;187
AT13;90900;90901;2022;20220101;2;2;2226;1267
AT13;90900;90901;2022;20220101;2;3;650;107
AT13;90900;90902;2022;20220101;1;1;408;192
AT13;90900;90902;2022;20220101;1;2;2452;1253
AT13;90900;90902;2022;20220101;1;3;741;134
AT13;90900;90902;2022;20220101;2;1;376;169
AT13;90900;90902;2022;20220101;2;2;2588;1331
AT13;90900;90902;2022;20220101;2;3;1068;127
AT13;90900;90903;2022;20220101;1;1;150;65
AT13;90900;90903;2022;20220101;1;2;1013;615
AT13;90900;90903;2022;20220101;1;3;196;38
AT13;90900;90903;2022;20220101;2;1;144;63
AT13;90900;90903;2022;20220101;2;2;1037;651
AT13;90900;90903;2022;20220101;2;3;304;55
AT13;90900;90904;2022;20220101;1;1;292;187
AT13;90900;90904;2022;20220101;1;2;2100;1352
AT13;90900;90904;2022;20220101;1;3;467;96
AT13;90900;90904;2022;20220101;2;1;275;189
AT13;90900;90904;2022;20220101;2;2;2126;1505
AT13;90900;90904;2022;20220101;2;3;685;116
AT13;90900;90905;2022;20220101;1;1;237;121
AT13;90900;90905;2022;20220101;1;2;1211;613
AT13;90900;90905;2022;20220101;1;3;367;56
AT13;90900;90905;2022;20220101;2;1;220;116
AT13;90900;90905;2022;20220101;2;2;1319;756
AT13;90900;90905;2022;20220101;2;3;473;52
AT13;90900;90906;2022;20220101;1;1;94;39
AT13;90900;90906;2022;20220101;1;2;483;248
AT13;90900;90906;2022;20220101;1;3;127;19
AT13;90900;90906;2022;20220101;2;1;73;39
AT13;90900;90906;2022;20220101;2;2;513;331
AT13;90900;90906;2022;20220101;2;3;173;33
AT13;90900;90999;2022;20220101;1;1;0;0
AT13;90900;90999;2022;20220101;1;2;0;0
AT13;90900;90999;2022;20220101;1;3;0;0
AT13;90900;90999;2022;20220101;2;1;0;0
AT13;90900;90999;2022;20220101;2;2;0;0
AT13;90900;90999;2022;20220101;2;3;0;0
AT13;91000;91001;2022;20220101;1;1;836;402
AT13;91000;91001;2022;20220101;1;2;2239;1887
AT13;91000;91001;2022;20220101;1;3;130;74
AT13;91000;91001;2022;20220101;2;1;759;385
AT13;91000;91001;2022;20220101;2;2;2225;1858
AT13;91000;91001;2022;20220101;2;3;202;97
AT13;91000;91002;2022;20220101;1;1;697;981
AT13;91000;91002;2022;20220101;1;2;3375;4510
AT13;91000;91002;2022;20220101;1;3;885;277
AT13;91000;91002;2022;20220101;2;1;717;907
AT13;91000;91002;2022;20220101;2;2;3040;3518
AT13;91000;91002;2022;20220101;2;3;1109;341
AT13;91000;91003;2022;20220101;1;1;244;285
AT13;91000;91003;2022;20220101;1;2;1418;1332
AT13;91000;91003;2022;20220101;1;3;422;117
AT13;91000;91003;2022;20220101;2;1;306;263
AT13;91000;91003;2022;20220101;2;2;1365;1131
AT13;91000;91003;2022;20220101;2;3;586;128
AT13;91000;91004;2022;20220101;1;1;225;554
AT13;91000;91004;2022;20220101;1;2;1240;2677
AT13;91000;91004;2022;20220101;1;3;332;163
AT13;91000;91004;2022;20220101;2;1;201;530
AT13;91000;91004;2022;20220101;2;2;1081;1952
AT13;91000;91004;2022;20220101;2;3;457;177
AT13;91000;91005;2022;20220101;1;1;765;748
AT13;91000;91005;2022;20220101;1;2;3265;3658
AT13;91000;91005;2022;20220101;1;3;798;261
AT13;91000;91005;2022;20220101;2;1;656;700
AT13;91000;91005;2022;20220101;2;2;3185;2898
AT13;91000;91005;2022;20220101;2;3;1047;290
AT13;91000;91006;2022;20220101;1;1;439;653
AT13;91000;91006;2022;20220101;1;2;1958;3274
AT13;91000;91006;2022;20220101;1;3;473;209
AT13;91000;91006;2022;20220101;2;1;408;661
AT13;91000;91006;2022;20220101;2;2;1856;2483
AT13;91000;91006;2022;20220101;2;3;599;228
AT13;91000;91007;2022;20220101;1;1;452;546
AT13;91000;91007;2022;20220101;1;2;2264;2358
AT13;91000;91007;2022;20220101;1;3;825;167
AT13;91000;91007;2022;20220101;2;1;431;514
AT13;91000;91007;2022;20220101;2;2;2210;2037
AT13;91000;91007;2022;20220101;2;3;1325;194
AT13;91000;91008;2022;20220101;1;1;382;379
AT13;91000;91008;2022;20220101;1;2;1614;2088
AT13;91000;91008;2022;20220101;1;3;482;138
AT13;91000;91008;2022;20220101;2;1;370;361
AT13;91000;91008;2022;20220101;2;2;1522;1585
AT13;91000;91008;2022;20220101;2;3;704;152
AT13;91000;91009;2022;20220101;1;1;295;210
AT13;91000;91009;2022;20220101;1;2;1181;708
AT13;91000;91009;2022;20220101;1;3;253;48
AT13;91000;91009;2022;20220101;2;1;276;176
AT13;91000;91009;2022;20220101;2;2;1160;697
AT13;91000;91009;2022;20220101;2;3;338;68
AT13;91000;91010;2022;20220101;1;1;760;806
AT13;91000;91010;2022;20220101;1;2;3420;3029
AT13;91000;91010;2022;20220101;1;3;1123;242
AT13;91000;91010;2022;20220101;2;1;735;722
AT13;91000;91010;2022;20220101;2;2;3211;2571
AT13;91000;91010;2022;20220101;2;3;1700;282
AT13;91000;91011;2022;20220101;1;1;456;250
AT13;91000;91011;2022;20220101;1;2;2158;942
AT13;91000;91011;2022;20220101;1;3;694;81
AT13;91000;91011;2022;20220101;2;1;418;260
AT13;91000;91011;2022;20220101;2;2;1949;1019
AT13;91000;91011;2022;20220101;2;3;1001;100
AT13;91000;91012;2022;20220101;1;1;164;36
AT13;91000;91012;2022;20220101;1;2;731;227
AT13;91000;91012;2022;20220101;1;3;66;21
AT13;91000;91012;2022;20220101;2;1;167;49
AT13;91000;91012;2022;20220101;2;2;719;258
AT13;91000;91012;2022;20220101;2;3;89;10
AT13;91000;91013;2022;20220101;1;1;217;101
AT13;91000;91013;2022;20220101;1;2;1104;425
AT13;91000;91013;2022;20220101;1;3;458;43
AT13;91000;91013;2022;20220101;2;1;190;74
AT13;91000;91013;2022;20220101;2;2;1120;453
AT13;91000;91013;2022;20220101;2;3;703;58
AT13;91000;91014;2022;20220101;1;1;225;94
AT13;91000;91014;2022;20220101;1;2;1030;309
AT13;91000;91014;2022;20220101;1;3;385;37
AT13;91000;91014;2022;20220101;2;1;194;70
AT13;91000;91014;2022;20220101;2;2;1059;294
AT13;91000;91014;2022;20220101;2;3;528;36
AT13;91000;91015;2022;20220101;1;1;528;306
AT13;91000;91015;2022;20220101;1;2;1908;1003
AT13;91000;91015;2022;20220101;1;3;374;60
AT13;91000;91015;2022;20220101;2;1;497;273
AT13;91000;91015;2022;20220101;2;2;1980;1053
AT13;91000;91015;2022;20220101;2;3;500;54
AT13;91000;91016;2022;20220101;1;1;439;95
AT13;91000;91016;2022;20220101;1;2;1877;448
AT13;91000;91016;2022;20220101;1;3;748;41
AT13;91000;91016;2022;20220101;2;1;423;106
AT13;91000;91016;2022;20220101;2;2;1892;514
AT13;91000;91016;2022;20220101;2;3;901;56
AT13;91000;91017;2022;20220101;1;1;64;8
AT13;91000;91017;2022;20220101;1;2;269;25
AT13;91000;91017;2022;20220101;1;3;80;4
AT13;91000;91017;2022;20220101;2;1;54;6
AT13;91000;91017;2022;20220101;2;2;298;26
AT13;91000;91017;2022;20220101;2;3;84;3
AT13;91000;91018;2022;20220101;1;1;430;114
AT13;91000;91018;2022;20220101;1;2;1700;476
AT13;91000;91018;2022;20220101;1;3;268;24
AT13;91000;91018;2022;20220101;2;1;388;109
AT13;91000;91018;2022;20220101;2;2;1865;493
AT13;91000;91018;2022;20220101;2;3;368;23
AT13;91000;91019;2022;20220101;1;1;160;49
AT13;91000;91019;2022;20220101;1;2;859;306
AT13;91000;91019;2022;20220101;1;3;297;14
AT13;91000;91019;2022;20220101;2;1;165;44
AT13;91000;91019;2022;20220101;2;2;890;266
AT13;91000;91019;2022;20220101;2;3;357;21
AT13;91000;91020;2022;20220101;1;1;514;330
AT13;91000;91020;2022;20220101;1;2;2009;786
AT13;91000;91020;2022;20220101;1;3;983;63
AT13;91000;91020;2022;20220101;2;1;487;289
AT13;91000;91020;2022;20220101;2;2;1929;881
AT13;91000;91020;2022;20220101;2;3;1786;72
AT13;91000;91021;2022;20220101;1;1;542;202
AT13;91000;91021;2022;20220101;1;2;2145;609
AT13;91000;91021;2022;20220101;1;3;370;44
AT13;91000;91021;2022;20220101;2;1;435;180
AT13;91000;91021;2022;20220101;2;2;2398;670
AT13;91000;91021;2022;20220101;2;3;630;36
AT13;91000;91022;2022;20220101;1;1;195;359
AT13;91000;91022;2022;20220101;1;2;1085;1688
AT13;91000;91022;2022;20220101;1;3;320;96
AT13;91000;91022;2022;20220101;2;1;172;323
AT13;91000;91022;2022;20220101;2;2;1065;1294
AT13;91000;91022;2022;20220101;2;3;467;121
AT13;91000;91023;2022;20220101;1;1;595;466
AT13;91000;91023;2022;20220101;1;2;2220;1958
AT13;91000;91023;2022;20220101;1;3;471;125
AT13;91000;91023;2022;20220101;2;1;536;454
AT13;91000;91023;2022;20220101;2;2;2226;1745
AT13;91000;91023;2022;20220101;2;3;725;144
AT13;91000;91099;2022;20220101;1;1;0;0
AT13;91000;91099;2022;20220101;1;2;0;0
AT13;91000;91099;2022;20220101;1;3;0;0
AT13;91000;91099;2022;20220101;2;1;0;0
AT13;91000;91099;2022;20220101;2;2;0;0
AT13;91000;91099;2022;20220101;2;3;0;0
AT13;91100;91101;2022;20220101;1;1;225;78
AT13;91100;91101;2022;20220101;1;2;717;589
AT13;91100;91101;2022;20220101;1;3;64;10
AT13;91100;91101;2022;20220101;2;1;204;64
AT13;91100;91101;2022;20220101;2;2;694;597
AT13;91100;91101;2022;20220101;2;3;69;13
AT13;91100;91102;2022;20220101;1;1;1005;750
AT13;91100;91102;2022;20220101;1;2;3839;2794
AT13;91100;91102;2022;20220101;1;3;848;202
AT13;91100;91102;2022;20220101;2;1;1033;708
AT13;91100;91102;2022;20220101;2;2;3809;2628
AT13;91100;91102;2022;20220101;2;3;1329;238
AT13;91100;91103;2022;20220101;1;1;799;735
AT13;91100;91103;2022;20220101;1;2;3651;3057
AT13;91100;91103;2022;20220101;1;3;759;218
AT13;91100;91103;2022;20220101;2;1;706;665
AT13;91100;91103;2022;20220101;2;2;3411;2868
AT13;91100;91103;2022;20220101;2;3;1030;225
AT13;91100;91104;2022;20220101;1;1;211;175
AT13;91100;91104;2022;20220101;1;2;975;822
AT13;91100;91104;2022;20220101;1;3;316;71
AT13;91100;91104;2022;20220101;2;1;202;162
AT13;91100;91104;2022;20220101;2;2;925;704
AT13;91100;91104;2022;20220101;2;3;389;74
AT13;91100;91105;2022;20220101;1;1;773;377
AT13;91100;91105;2022;20220101;1;2;3098;1285
AT13;91100;91105;2022;20220101;1;3;695;89
AT13;91100;91105;2022;20220101;2;1;664;360
AT13;91100;91105;2022;20220101;2;2;3084;1334
AT13;91100;91105;2022;20220101;2;3;962;101
AT13;91100;91106;2022;20220101;1;1;14;9
AT13;91100;91106;2022;20220101;1;2;109;12
AT13;91100;91106;2022;20220101;1;3;11;2
AT13;91100;91106;2022;20220101;2;1;14;5
AT13;91100;91106;2022;20220101;2;2;95;15
AT13;91100;91106;2022;20220101;2;3;15;3
AT13;91100;91107;2022;20220101;1;1;390;172
AT13;91100;91107;2022;20220101;1;2;1499;623
AT13;91100;91107;2022;20220101;1;3;506;42
AT13;91100;91107;2022;20220101;2;1;369;185
AT13;91100;91107;2022;20220101;2;2;1515;689
AT13;91100;91107;2022;20220101;2;3;826;59
AT13;91100;91108;2022;20220101;1;1;34;3
AT13;91100;91108;2022;20220101;1;2;278;33
AT13;91100;91108;2022;20220101;1;3;43;3
AT13;91100;91108;2022;20220101;2;1;49;2
AT13;91100;91108;2022;20220101;2;2;302;31
AT13;91100;91108;2022;20220101;2;3;55;1
AT13;91100;91109;2022;20220101;1;1;190;44
AT13;91100;91109;2022;20220101;1;2;606;242
AT13;91100;91109;2022;20220101;1;3;161;13
AT13;91100;91109;2022;20220101;2;1;137;45
AT13;91100;91109;2022;20220101;2;2;619;195
AT13;91100;91109;2022;20220101;2;3;231;14
AT13;91100;91110;2022;20220101;1;1;1760;762
AT13;91100;91110;2022;20220101;1;2;6281;2484
AT13;91100;91110;2022;20220101;1;3;1409;165
AT13;91100;91110;2022;20220101;2;1;1682;661
AT13;91100;91110;2022;20220101;2;2;6761;2628
AT13;91100;91110;2022;20220101;2;3;1948;236
AT13;91100;91111;2022;20220101;1;1;213;297
AT13;91100;91111;2022;20220101;1;2;1041;708
AT13;91100;91111;2022;20220101;1;3;263;45
AT13;91100;91111;2022;20220101;2;1;203;270
AT13;91100;91111;2022;20220101;2;2;965;627
AT13;91100;91111;2022;20220101;2;3;391;43
AT13;91100;91112;2022;20220101;1;1;28;8
AT13;91100;91112;2022;20220101;1;2;101;97
AT13;91100;91112;2022;20220101;1;3;26;7
AT13;91100;91112;2022;20220101;2;1;29;2
AT13;91100;91112;2022;20220101;2;2;98;30
AT13;91100;91112;2022;20220101;2;3;27;4
AT13;91100;91113;2022;20220101;1;1;240;94
AT13;91100;91113;2022;20220101;1;2;1050;531
AT13;91100;91113;2022;20220101;1;3;429;28
AT13;91100;91113;2022;20220101;2;1;199;90
AT13;91100;91113;2022;20220101;2;2;1062;489
AT13;91100;91113;2022;20220101;2;3;549;28
AT13;91100;91199;2022;20220101;1;1;0;0
AT13;91100;91199;2022;20220101;1;2;0;0
AT13;91100;91199;2022;20220101;1;3;0;0
AT13;91100;91199;2022;20220101;2;1;0;0
AT13;91100;91199;2022;20220101;2;2;0;0
AT13;91100;91199;2022;20220101;2;3;0;0
AT13;91200;91201;2022;20220101;1;1;159;134
AT13;91200;91201;2022;20220101;1;2;979;806
AT13;91200;91201;2022;20220101;1;3;191;59
AT13;91200;91201;2022;20220101;2;1;166;128
AT13;91200;91201;2022;20220101;2;2;950;765
AT13;91200;91201;2022;20220101;2;3;254;60
AT13;91200;91202;2022;20220101;1;1;616;537
AT13;91200;91202;2022;20220101;1;2;3379;2902
AT13;91200;91202;2022;20220101;1;3;888;279
AT13;91200;91202;2022;20220101;2;1;600;513
AT13;91200;91202;2022;20220101;2;2;3317;2554
AT13;91200;91202;2022;20220101;2;3;1306;297
AT13;91200;91203;2022;20220101;1;1;202;140
AT13;91200;91203;2022;20220101;1;2;1160;604
AT13;91200;91203;2022;20220101;1;3;225;73
AT13;91200;91203;2022;20220101;2;1;209;148
AT13;91200;91203;2022;20220101;2;2;987;644
AT13;91200;91203;2022;20220101;2;3;368;77
AT13;91200;91204;2022;20220101;1;1;316;353
AT13;91200;91204;2022;20220101;1;2;1789;1903
AT13;91200;91204;2022;20220101;1;3;412;122
AT13;91200;91204;2022;20220101;2;1;287;325
AT13;91200;91204;2022;20220101;2;2;1754;1705
AT13;91200;91204;2022;20220101;2;3;577;121
AT13;91200;91205;2022;20220101;1;1;288;264
AT13;91200;91205;2022;20220101;1;2;1721;1371
AT13;91200;91205;2022;20220101;1;3;486;129
AT13;91200;91205;2022;20220101;2;1;260;233
AT13;91200;91205;2022;20220101;2;2;1653;1159
AT13;91200;91205;2022;20220101;2;3;749;116
AT13;91200;91206;2022;20220101;1;1;337;282
AT13;91200;91206;2022;20220101;1;2;1993;1788
AT13;91200;91206;2022;20220101;1;3;436;137
AT13;91200;91206;2022;20220101;2;1;341;265
AT13;91200;91206;2022;20220101;2;2;2016;1518
AT13;91200;91206;2022;20220101;2;3;708;140
AT13;91200;91207;2022;20220101;1;1;269;214
AT13;91200;91207;2022;20220101;1;2;1410;673
AT13;91200;91207;2022;20220101;1;3;473;63
AT13;91200;91207;2022;20220101;2;1;246;176
AT13;91200;91207;2022;20220101;2;2;1427;764
AT13;91200;91207;2022;20220101;2;3;744;74
AT13;91200;91208;2022;20220101;1;1;281;132
AT13;91200;91208;2022;20220101;1;2;1090;813
AT13;91200;91208;2022;20220101;1;3;256;59
AT13;91200;91208;2022;20220101;2;1;232;141
AT13;91200;91208;2022;20220101;2;2;1064;642
AT13;91200;91208;2022;20220101;2;3;343;69
AT13;91200;91209;2022;20220101;1;1;481;364
AT13;91200;91209;2022;20220101;1;2;1832;903
AT13;91200;91209;2022;20220101;1;3;429;55
AT13;91200;91209;2022;20220101;2;1;439;344
AT13;91200;91209;2022;20220101;2;2;1683;1022
AT13;91200;91209;2022;20220101;2;3;580;60
AT13;91200;91210;2022;20220101;1;1;602;313
AT13;91200;91210;2022;20220101;1;2;2496;1686
AT13;91200;91210;2022;20220101;1;3;649;81
AT13;91200;91210;2022;20220101;2;1;614;295
AT13;91200;91210;2022;20220101;2;2;2714;1531
AT13;91200;91210;2022;20220101;2;3;1039;91
AT13;91200;91211;2022;20220101;1;1;561;259
AT13;91200;91211;2022;20220101;1;2;2564;1038
AT13;91200;91211;2022;20220101;1;3;772;88
AT13;91200;91211;2022;20220101;2;1;554;265
AT13;91200;91211;2022;20220101;2;2;2688;1094
AT13;91200;91211;2022;20220101;2;3;1247;91
AT13;91200;91299;2022;20220101;1;1;0;0
AT13;91200;91299;2022;20220101;1;2;0;0
AT13;91200;91299;2022;20220101;1;3;0;0
AT13;91200;91299;2022;20220101;2;1;0;0
AT13;91200;91299;2022;20220101;2;2;0;0
AT13;91200;91299;2022;20220101;2;3;0;0
AT13;91300;91301;2022;20220101;1;1;30;14
AT13;91300;91301;2022;20220101;1;2;123;47
AT13;91300;91301;2022;20220101;1;3;43;5
AT13;91300;91301;2022;20220101;2;1;22;11
AT13;91300;91301;2022;20220101;2;2;122;42
AT13;91300;91301;2022;20220101;2;3;63;8
AT13;91300;91302;2022;20220101;1;1;359;116
AT13;91300;91302;2022;20220101;1;2;1415;462
AT13;91300;91302;2022;20220101;1;3;505;67
AT13;91300;91302;2022;20220101;2;1;375;136
AT13;91300;91302;2022;20220101;2;2;1501;560
AT13;91300;91302;2022;20220101;2;3;771;81
AT13;91300;91303;2022;20220101;1;1;404;224
AT13;91300;91303;2022;20220101;1;2;2038;1201
AT13;91300;91303;2022;20220101;1;3;676;81
AT13;91300;91303;2022;20220101;2;1;417;197
AT13;91300;91303;2022;20220101;2;2;2162;1151
AT13;91300;91303;2022;20220101;2;3;1033;91
AT13;91300;91304;2022;20220101;1;1;586;193
AT13;91300;91304;2022;20220101;1;2;2333;757
AT13;91300;91304;2022;20220101;1;3;881;78
AT13;91300;91304;2022;20220101;2;1;539;189
AT13;91300;91304;2022;20220101;2;2;2467;863
AT13;91300;91304;2022;20220101;2;3;1395;98
AT13;91300;91305;2022;20220101;1;1;280;96
AT13;91300;91305;2022;20220101;1;2;1074;265
AT13;91300;91305;2022;20220101;1;3;417;30
AT13;91300;91305;2022;20220101;2;1;257;82
AT13;91300;91305;2022;20220101;2;2;1144;350
AT13;91300;91305;2022;20220101;2;3;643;37
AT13;91300;91306;2022;20220101;1;1;133;54
AT13;91300;91306;2022;20220101;1;2;595;187
AT13;91300;91306;2022;20220101;1;3;223;13
AT13;91300;91306;2022;20220101;2;1;134;58
AT13;91300;91306;2022;20220101;2;2;652;225
AT13;91300;91306;2022;20220101;2;3;375;22
AT13;91300;91307;2022;20220101;1;1;172;110
AT13;91300;91307;2022;20220101;1;2;702;328
AT13;91300;91307;2022;20220101;1;3;251;29
AT13;91300;91307;2022;20220101;2;1;195;116
AT13;91300;91307;2022;20220101;2;2;755;336
AT13;91300;91307;2022;20220101;2;3;387;29
AT13;91300;91308;2022;20220101;1;1;355;142
AT13;91300;91308;2022;20220101;1;2;1652;491
AT13;91300;91308;2022;20220101;1;3;683;44
AT13;91300;91308;2022;20220101;2;1;335;114
AT13;91300;91308;2022;20220101;2;2;1610;548
AT13;91300;91308;2022;20220101;2;3;1181;63
AT13;91300;91309;2022;20220101;1;1;228;88
AT13;91300;91309;2022;20220101;1;2;1091;275
AT13;91300;91309;2022;20220101;1;3;448;30
AT13;91300;91309;2022;20220101;2;1;204;66
AT13;91300;91309;2022;20220101;2;2;1098;344
AT13;91300;91309;2022;20220101;2;3;697;26
AT13;91300;91310;2022;20220101;1;1;25;0
AT13;91300;91310;2022;20220101;1;2;86;19
AT13;91300;91310;2022;20220101;1;3;9;1
AT13;91300;91310;2022;20220101;2;1;32;1
AT13;91300;91310;2022;20220101;2;2;97;8
AT13;91300;91310;2022;20220101;2;3;7;3
AT13;91300;91311;2022;20220101;1;1;242;31
AT13;91300;91311;2022;20220101;1;2;1038;128
AT13;91300;91311;2022;20220101;1;3;541;21
AT13;91300;91311;2022;20220101;2;1;233;36
AT13;91300;91311;2022;20220101;2;2;1043;170
AT13;91300;91311;2022;20220101;2;3;657;30
AT13;91300;91399;2022;20220101;1;1;0;0
AT13;91300;91399;2022;20220101;1;2;0;0
AT13;91300;91399;2022;20220101;1;3;0;0
AT13;91300;91399;2022;20220101;2;1;0;0
AT13;91300;91399;2022;20220101;2;2;0;0
AT13;91300;91399;2022;20220101;2;3;0;0
AT13;91400;91401;2022;20220101;1;1;305;198
AT13;91400;91401;2022;20220101;1;2;1713;999
AT13;91400;91401;2022;20220101;1;3;450;98
AT13;91400;91401;2022;20220101;2;1;278;147
AT13;91400;91401;2022;20220101;2;2;1760;937
AT13;91400;91401;2022;20220101;2;3;617;99
AT13;91400;91402;2022;20220101;1;1;334;279
AT13;91400;91402;2022;20220101;1;2;1758;1615
AT13;91400;91402;2022;20220101;1;3;367;145
AT13;91400;91402;2022;20220101;2;1;309;257
AT13;91400;91402;2022;20220101;2;2;1731;1306
AT13;91400;91402;2022;20220101;2;3;473;146
AT13;91400;91403;2022;20220101;1;1;449;218
AT13;91400;91403;2022;20220101;1;2;2078;960
AT13;91400;91403;2022;20220101;1;3;561;89
AT13;91400;91403;2022;20220101;2;1;399;184
AT13;91400;91403;2022;20220101;2;2;2235;996
AT13;91400;91403;2022;20220101;2;3;906;101
AT13;91400;91404;2022;20220101;1;1;891;580
AT13;91400;91404;2022;20220101;1;2;4453;2769
AT13;91400;91404;2022;20220101;1;3;1240;242
AT13;91400;91404;2022;20220101;2;1;816;536
AT13;91400;91404;2022;20220101;2;2;4656;2519
AT13;91400;91404;2022;20220101;2;3;1933;294
AT13;91400;91405;2022;20220101;1;1;273;44
AT13;91400;91405;2022;20220101;1;2;1265;271
AT13;91400;91405;2022;20220101;1;3;404;35
AT13;91400;91405;2022;20220101;2;1;243;54
AT13;91400;91405;2022;20220101;2;2;1287;295
AT13;91400;91405;2022;20220101;2;3;500;37
AT13;91400;91406;2022;20220101;1;1;457;290
AT13;91400;91406;2022;20220101;1;2;2538;1437
AT13;91400;91406;2022;20220101;1;3;899;112
AT13;91400;91406;2022;20220101;2;1;437;262
AT13;91400;91406;2022;20220101;2;2;2669;1282
AT13;91400;91406;2022;20220101;2;3;1544;111
AT13;91400;91407;2022;20220101;1;1;142;147
AT13;91400;91407;2022;20220101;1;2;659;345
AT13;91400;91407;2022;20220101;1;3;165;35
AT13;91400;91407;2022;20220101;2;1;112;137
AT13;91400;91407;2022;20220101;2;2;625;374
AT13;91400;91407;2022;20220101;2;3;229;33
AT13;91400;91408;2022;20220101;1;1;251;102
AT13;91400;91408;2022;20220101;1;2;1008;342
AT13;91400;91408;2022;20220101;1;3;333;23
AT13;91400;91408;2022;20220101;2;1;221;92
AT13;91400;91408;2022;20220101;2;2;1076;326
AT13;91400;91408;2022;20220101;2;3;485;37
AT13;91400;91409;2022;20220101;1;1;22;1
AT13;91400;91409;2022;20220101;1;2;124;18
AT13;91400;91409;2022;20220101;1;3;17;3
AT13;91400;91409;2022;20220101;2;1;14;2
AT13;91400;91409;2022;20220101;2;2;105;14
AT13;91400;91409;2022;20220101;2;3;19;0
AT13;91400;91410;2022;20220101;1;1;533;165
AT13;91400;91410;2022;20220101;1;2;2000;685
AT13;91400;91410;2022;20220101;1;3;719;42
AT13;91400;91410;2022;20220101;2;1;505;133
AT13;91400;91410;2022;20220101;2;2;2199;695
AT13;91400;91410;2022;20220101;2;3;961;64
AT13;91400;91411;2022;20220101;1;1;461;42
AT13;91400;91411;2022;20220101;1;2;1708;231
AT13;91400;91411;2022;20220101;1;3;784;34
AT13;91400;91411;2022;20220101;2;1;392;47
AT13;91400;91411;2022;20220101;2;2;1782;233
AT13;91400;91411;2022;20220101;2;3;1004;34
AT13;91400;91412;2022;20220101;1;1;468;98
AT13;91400;91412;2022;20220101;1;2;1680;377
AT13;91400;91412;2022;20220101;1;3;643;33
AT13;91400;91412;2022;20220101;2;1;439;98
AT13;91400;91412;2022;20220101;2;2;1703;427
AT13;91400;91412;2022;20220101;2;3;723;37
AT13;91400;91499;2022;20220101;1;1;0;0
AT13;91400;91499;2022;20220101;1;2;0;0
AT13;91400;91499;2022;20220101;1;3;0;0
AT13;91400;91499;2022;20220101;2;1;0;0
AT13;91400;91499;2022;20220101;2;2;0;0
AT13;91400;91499;2022;20220101;2;3;0;0
AT13;91500;91501;2022;20220101;1;1;356;282
AT13;91500;91501;2022;20220101;1;2;2150;1626
AT13;91500;91501;2022;20220101;1;3;602;158
AT13;91500;91501;2022;20220101;2;1;341;274
AT13;91500;91501;2022;20220101;2;2;2195;1546
AT13;91500;91501;2022;20220101;2;3;800;164
AT13;91500;91502;2022;20220101;1;1;299;305
AT13;91500;91502;2022;20220101;1;2;2003;2109
AT13;91500;91502;2022;20220101;1;3;314;164
AT13;91500;91502;2022;20220101;2;1;282;286
AT13;91500;91502;2022;20220101;2;2;1811;1729
AT13;91500;91502;2022;20220101;2;3;424;187
AT13;91500;91503;2022;20220101;1;1;401;460
AT13;91500;91503;2022;20220101;1;2;2394;2684
AT13;91500;91503;2022;20220101;1;3;357;192
AT13;91500;91503;2022;20220101;2;1;368;399
AT13;91500;91503;2022;20220101;2;2;2378;2145
AT13;91500;91503;2022;20220101;2;3;512;182
AT13;91500;91504;2022;20220101;1;1;263;279
AT13;91500;91504;2022;20220101;1;2;1655;1922
AT13;91500;91504;2022;20220101;1;3;323;135
AT13;91500;91504;2022;20220101;2;1;235;238
AT13;91500;91504;2022;20220101;2;2;1603;1482
AT13;91500;91504;2022;20220101;2;3;431;125
AT13;91500;91505;2022;20220101;1;1;409;333
AT13;91500;91505;2022;20220101;1;2;2229;1811
AT13;91500;91505;2022;20220101;1;3;620;143
AT13;91500;91505;2022;20220101;2;1;399;335
AT13;91500;91505;2022;20220101;2;2;2222;1605
AT13;91500;91505;2022;20220101;2;3;986;162
AT13;91500;91506;2022;20220101;1;1;478;465
AT13;91500;91506;2022;20220101;1;2;2833;2813
AT13;91500;91506;2022;20220101;1;3;582;262
AT13;91500;91506;2022;20220101;2;1;426;424
AT13;91500;91506;2022;20220101;2;2;2798;2239
AT13;91500;91506;2022;20220101;2;3;902;237
AT13;91500;91507;2022;20220101;1;1;301;158
AT13;91500;91507;2022;20220101;1;2;1793;1134
AT13;91500;91507;2022;20220101;1;3;511;128
AT13;91500;91507;2022;20220101;2;1;282;169
AT13;91500;91507;2022;20220101;2;2;1836;1003
AT13;91500;91507;2022;20220101;2;3;912;125
AT13;91500;91599;2022;20220101;1;1;0;0
AT13;91500;91599;2022;20220101;1;2;0;0
AT13;91500;91599;2022;20220101;1;3;0;0
AT13;91500;91599;2022;20220101;2;1;0;0
AT13;91500;91599;2022;20220101;2;2;0;0
AT13;91500;91599;2022;20220101;2;3;0;0
AT13;91600;91601;2022;20220101;1;1;439;442
AT13;91600;91601;2022;20220101;1;2;2683;2679
AT13;91600;91601;2022;20220101;1;3;573;223
AT13;91600;91601;2022;20220101;2;1;438;416
AT13;91600;91601;2022;20220101;2;2;2759;2291
AT13;91600;91601;2022;20220101;2;3;887;219
AT13;91600;91602;2022;20220101;1;1;230;353
AT13;91600;91602;2022;20220101;1;2;1387;1946
AT13;91600;91602;2022;20220101;1;3;298;184
AT13;91600;91602;2022;20220101;2;1;201;275
AT13;91600;91602;2022;20220101;2;2;1326;1457
AT13;91600;91602;2022;20220101;2;3;344;156
AT13;91600;91603;2022;20220101;1;1;551;393
AT13;91600;91603;2022;20220101;1;2;2764;1669
AT13;91600;91603;2022;20220101;1;3;696;181
AT13;91600;91603;2022;20220101;2;1;536;363
AT13;91600;91603;2022;20220101;2;2;2793;1580
AT13;91600;91603;2022;20220101;2;3;1047;162
AT13;91600;91604;2022;20220101;1;1;366;207
AT13;91600;91604;2022;20220101;1;2;1794;1203
AT13;91600;91604;2022;20220101;1;3;437;112
AT13;91600;91604;2022;20220101;2;1;347;235
AT13;91600;91604;2022;20220101;2;2;1836;1092
AT13;91600;91604;2022;20220101;2;3;666;117
AT13;91600;91605;2022;20220101;1;1;549;471
AT13;91600;91605;2022;20220101;1;2;3325;2782
AT13;91600;91605;2022;20220101;1;3;803;250
AT13;91600;91605;2022;20220101;2;1;555;445
AT13;91600;91605;2022;20220101;2;2;3433;2174
AT13;91600;91605;2022;20220101;2;3;1223;231
AT13;91600;91606;2022;20220101;1;1;478;268
AT13;91600;91606;2022;20220101;1;2;2361;1239
AT13;91600;91606;2022;20220101;1;3;656;131
AT13;91600;91606;2022;20220101;2;1;423;245
AT13;91600;91606;2022;20220101;2;2;2342;1173
AT13;91600;91606;2022;20220101;2;3;960;140
AT13;91600;91607;2022;20220101;1;1;572;364
AT13;91600;91607;2022;20220101;1;2;2529;1690
AT13;91600;91607;2022;20220101;1;3;677;145
AT13;91600;91607;2022;20220101;2;1;527;331
AT13;91600;91607;2022;20220101;2;2;2711;1464
AT13;91600;91607;2022;20220101;2;3;897;158
AT13;91600;91608;2022;20220101;1;1;169;66
AT13;91600;91608;2022;20220101;1;2;907;290
AT13;91600;91608;2022;20220101;1;3;327;20
AT13;91600;91608;2022;20220101;2;1;142;70
AT13;91600;91608;2022;20220101;2;2;947;262
AT13;91600;91608;2022;20220101;2;3;452;17
AT13;91600;91609;2022;20220101;1;1;361;42
AT13;91600;91609;2022;20220101;1;2;1379;200
AT13;91600;91609;2022;20220101;1;3;639;29
AT13;91600;91609;2022;20220101;2;1;320;42
AT13;91600;91609;2022;20220101;2;2;1518;254
AT13;91600;91609;2022;20220101;2;3;947;34
AT13;91600;91610;2022;20220101;1;1;302;384
AT13;91600;91610;2022;20220101;1;2;1667;2441
AT13;91600;91610;2022;20220101;1;3;348;234
AT13;91600;91610;2022;20220101;2;1;303;387
AT13;91600;91610;2022;20220101;2;2;1599;1769
AT13;91600;91610;2022;20220101;2;3;444;251
AT13;91600;91699;2022;20220101;1;1;0;0
AT13;91600;91699;2022;20220101;1;2;0;0
AT13;91600;91699;2022;20220101;1;3;0;0
AT13;91600;91699;2022;20220101;2;1;0;0
AT13;91600;91699;2022;20220101;2;2;0;0
AT13;91600;91699;2022;20220101;2;3;0;0
AT13;91700;91701;2022;20220101;1;1;401;274
AT13;91700;91701;2022;20220101;1;2;2178;1835
AT13;91700;91701;2022;20220101;1;3;502;193
AT13;91700;91701;2022;20220101;2;1;403;279
AT13;91700;91701;2022;20220101;2;2;2415;1559
AT13;91700;91701;2022;20220101;2;3;699;145
AT13;91700;91702;2022;20220101;1;1;507;489
AT13;91700;91702;2022;20220101;1;2;2670;2756
AT13;91700;91702;2022;20220101;1;3;638;211
AT13;91700;91702;2022;20220101;2;1;451;461
AT13;91700;91702;2022;20220101;2;2;2933;2364
AT13;91700;91702;2022;20220101;2;3;916;207
AT13;91700;91703;2022;20220101;1;1;741;509
AT13;91700;91703;2022;20220101;1;2;3587;2757
AT13;91700;91703;2022;20220101;1;3;906;238
AT13;91700;91703;2022;20220101;2;1;663;451
AT13;91700;91703;2022;20220101;2;2;3742;2367
AT13;91700;91703;2022;20220101;2;3;1332;234
AT13;91700;91704;2022;20220101;1;1;246;39
AT13;91700;91704;2022;20220101;1;2;893;218
AT13;91700;91704;2022;20220101;1;3;352;25
AT13;91700;91704;2022;20220101;2;1;252;34
AT13;91700;91704;2022;20220101;2;2;989;248
AT13;91700;91704;2022;20220101;2;3;643;25
AT13;91700;91705;2022;20220101;1;1;442;123
AT13;91700;91705;2022;20220101;1;2;1543;408
AT13;91700;91705;2022;20220101;1;3;557;35
AT13;91700;91705;2022;20220101;2;1;380;108
AT13;91700;91705;2022;20220101;2;2;1631;456
AT13;91700;91705;2022;20220101;2;3;748;39
AT13;91700;91706;2022;20220101;1;1;178;60
AT13;91700;91706;2022;20220101;1;2;551;185
AT13;91700;91706;2022;20220101;1;3;230;15
AT13;91700;91706;2022;20220101;2;1;147;44
AT13;91700;91706;2022;20220101;2;2;560;244
AT13;91700;91706;2022;20220101;2;3;323;30
AT13;91700;91799;2022;20220101;1;1;0;0
AT13;91700;91799;2022;20220101;1;2;0;0
AT13;91700;91799;2022;20220101;1;3;0;0
AT13;91700;91799;2022;20220101;2;1;0;0
AT13;91700;91799;2022;20220101;2;2;0;0
AT13;91700;91799;2022;20220101;2;3;0;0
AT13;91800;91801;2022;20220101;1;1;169;43
AT13;91800;91801;2022;20220101;1;2;453;165
AT13;91800;91801;2022;20220101;1;3;156;26
AT13;91800;91801;2022;20220101;2;1;139;41
AT13;91800;91801;2022;20220101;2;2;541;231
AT13;91800;91801;2022;20220101;2;3;240;25
AT13;91800;91802;2022;20220101;1;1;647;253
AT13;91800;91802;2022;20220101;1;2;3150;1507
AT13;91800;91802;2022;20220101;1;3;812;144
AT13;91800;91802;2022;20220101;2;1;620;249
AT13;91800;91802;2022;20220101;2;2;3538;1650
AT13;91800;91802;2022;20220101;2;3;1249;167
AT13;91800;91803;2022;20220101;1;1;540;359
AT13;91800;91803;2022;20220101;1;2;3248;2247
AT13;91800;91803;2022;20220101;1;3;685;175
AT13;91800;91803;2022;20220101;2;1;554;337
AT13;91800;91803;2022;20220101;2;2;3638;2115
AT13;91800;91803;2022;20220101;2;3;1019;189
AT13;91800;91804;2022;20220101;1;1;443;178
AT13;91800;91804;2022;20220101;1;2;2238;839
AT13;91800;91804;2022;20220101;1;3;704;80
AT13;91800;91804;2022;20220101;2;1;469;159
AT13;91800;91804;2022;20220101;2;2;2384;875
AT13;91800;91804;2022;20220101;2;3;1019;103
AT13;91800;91805;2022;20220101;1;1;600;198
AT13;91800;91805;2022;20220101;1;2;2103;756
AT13;91800;91805;2022;20220101;1;3;769;74
AT13;91800;91805;2022;20220101;2;1;646;201
AT13;91800;91805;2022;20220101;2;2;2429;903
AT13;91800;91805;2022;20220101;2;3;1285;89
AT13;91800;91899;2022;20220101;1;1;0;0
AT13;91800;91899;2022;20220101;1;2;0;0
AT13;91800;91899;2022;20220101;1;3;0;0
AT13;91800;91899;2022;20220101;2;1;0;0
AT13;91800;91899;2022;20220101;2;2;0;0
AT13;91800;91899;2022;20220101;2;3;0;0
AT13;91900;91901;2022;20220101;1;1;340;114
AT13;91900;91901;2022;20220101;1;2;1383;482
AT13;91900;91901;2022;20220101;1;3;531;64
AT13;91900;91901;2022;20220101;2;1;326;121
AT13;91900;91901;2022;20220101;2;2;1501;551
AT13;91900;91901;2022;20220101;2;3;770;89
AT13;91900;91902;2022;20220101;1;1;328;297
AT13;91900;91902;2022;20220101;1;2;1989;1121
AT13;91900;91902;2022;20220101;1;3;753;102
AT13;91900;91902;2022;20220101;2;1;330;241
AT13;91900;91902;2022;20220101;2;2;1988;1152
AT13;91900;91902;2022;20220101;2;3;1304;109
AT13;91900;91903;2022;20220101;1;1;8;9
AT13;91900;91903;2022;20220101;1;2;119;254
AT13;91900;91903;2022;20220101;1;3;17;1
AT13;91900;91903;2022;20220101;2;1;5;7
AT13;91900;91903;2022;20220101;2;2;108;264
AT13;91900;91903;2022;20220101;2;3;29;2
AT13;91900;91904;2022;20220101;1;1;591;349
AT13;91900;91904;2022;20220101;1;2;3185;1608
AT13;91900;91904;2022;20220101;1;3;873;120
AT13;91900;91904;2022;20220101;2;1;558;308
AT13;91900;91904;2022;20220101;2;2;3296;1738
AT13;91900;91904;2022;20220101;2;3;1378;152
AT13;91900;91905;2022;20220101;1;1;347;236
AT13;91900;91905;2022;20220101;1;2;1604;677
AT13;91900;91905;2022;20220101;1;3;622;74
AT13;91900;91905;2022;20220101;2;1;358;191
AT13;91900;91905;2022;20220101;2;2;1643;804
AT13;91900;91905;2022;20220101;2;3;926;97
AT13;91900;91906;2022;20220101;1;1;333;120
AT13;91900;91906;2022;20220101;1;2;1211;421
AT13;91900;91906;2022;20220101;1;3;474;65
AT13;91900;91906;2022;20220101;2;1;307;116
AT13;91900;91906;2022;20220101;2;2;1158;507
AT13;91900;91906;2022;20220101;2;3;615;66
AT13;91900;91907;2022;20220101;1;1;175;67
AT13;91900;91907;2022;20220101;1;2;651;233
AT13;91900;91907;2022;20220101;1;3;248;26
AT13;91900;91907;2022;20220101;2;1;155;77
AT13;91900;91907;2022;20220101;2;2;726;257
AT13;91900;91907;2022;20220101;2;3;361;29
AT13;91900;91908;2022;20220101;1;1;542;305
AT13;91900;91908;2022;20220101;1;2;2846;1117
AT13;91900;91908;2022;20220101;1;3;1037;119
AT13;91900;91908;2022;20220101;2;1;587;284
AT13;91900;91908;2022;20220101;2;2;3028;1241
AT13;91900;91908;2022;20220101;2;3;1747;159
AT13;91900;91909;2022;20220101;1;1;247;95
AT13;91900;91909;2022;20220101;1;2;933;608
AT13;91900;91909;2022;20220101;1;3;272;43
AT13;91900;91909;2022;20220101;2;1;237;82
AT13;91900;91909;2022;20220101;2;2;1043;657
AT13;91900;91909;2022;20220101;2;3;387;62
AT13;91900;91910;2022;20220101;1;1;503;194
AT13;91900;91910;2022;20220101;1;2;2041;564
AT13;91900;91910;2022;20220101;1;3;873;75
AT13;91900;91910;2022;20220101;2;1;463;167
AT13;91900;91910;2022;20220101;2;2;2182;706
AT13;91900;91910;2022;20220101;2;3;1371;114
AT13;91900;91999;2022;20220101;1;1;0;0
AT13;91900;91999;2022;20220101;1;2;0;0
AT13;91900;91999;2022;20220101;1;3;0;0
AT13;91900;91999;2022;20220101;2;1;0;0
AT13;91900;91999;2022;20220101;2;2;0;0
AT13;91900;91999;2022;20220101;2;3;0;0
AT13;92000;92001;2022;20220101;1;1;449;254
AT13;92000;92001;2022;20220101;1;2;1947;927
AT13;92000;92001;2022;20220101;1;3;383;116
AT13;92000;92001;2022;20220101;2;1;416;263
AT13;92000;92001;2022;20220101;2;2;1895;1001
AT13;92000;92001;2022;20220101;2;3;583;134
AT13;92000;92002;2022;20220101;1;1;526;470
AT13;92000;92002;2022;20220101;1;2;3002;2540
AT13;92000;92002;2022;20220101;1;3;707;243
AT13;92000;92002;2022;20220101;2;1;509;488
AT13;92000;92002;2022;20220101;2;2;2738;2185
AT13;92000;92002;2022;20220101;2;3;1025;242
AT13;92000;92003;2022;20220101;1;1;503;451
AT13;92000;92003;2022;20220101;1;2;2655;2359
AT13;92000;92003;2022;20220101;1;3;670;182
AT13;92000;92003;2022;20220101;2;1;451;417
AT13;92000;92003;2022;20220101;2;2;2567;2057
AT13;92000;92003;2022;20220101;2;3;1055;194
AT13;92000;92004;2022;20220101;1;1;451;216
AT13;92000;92004;2022;20220101;1;2;1826;1474
AT13;92000;92004;2022;20220101;1;3;486;85
AT13;92000;92004;2022;20220101;2;1;336;187
AT13;92000;92004;2022;20220101;2;2;1864;1437
AT13;92000;92004;2022;20220101;2;3;718;112
AT13;92000;92005;2022;20220101;1;1;365;346
AT13;92000;92005;2022;20220101;1;2;1958;2140
AT13;92000;92005;2022;20220101;1;3;423;165
AT13;92000;92005;2022;20220101;2;1;311;302
AT13;92000;92005;2022;20220101;2;2;2096;1628
AT13;92000;92005;2022;20220101;2;3;619;172
AT13;92000;92006;2022;20220101;1;1;370;378
AT13;92000;92006;2022;20220101;1;2;1685;1315
AT13;92000;92006;2022;20220101;1;3;471;115
AT13;92000;92006;2022;20220101;2;1;376;338
AT13;92000;92006;2022;20220101;2;2;1618;1246
AT13;92000;92006;2022;20220101;2;3;790;141
AT13;92000;92007;2022;20220101;1;1;579;424
AT13;92000;92007;2022;20220101;1;2;2674;1841
AT13;92000;92007;2022;20220101;1;3;798;128
AT13;92000;92007;2022;20220101;2;1;571;411
AT13;92000;92007;2022;20220101;2;2;2662;1799
AT13;92000;92007;2022;20220101;2;3;1230;181
AT13;92000;92008;2022;20220101;1;1;152;189
AT13;92000;92008;2022;20220101;1;2;995;1211
AT13;92000;92008;2022;20220101;1;3;364;79
AT13;92000;92008;2022;20220101;2;1;153;215
AT13;92000;92008;2022;20220101;2;2;923;1116
AT13;92000;92008;2022;20220101;2;3;535;77
AT13;92000;92099;2022;20220101;1;1;0;0
AT13;92000;92099;2022;20220101;1;2;0;0
AT13;92000;92099;2022;20220101;1;3;0;0
AT13;92000;92099;2022;20220101;2;1;0;0
AT13;92000;92099;2022;20220101;2;2;0;0
AT13;92000;92099;2022;20220101;2;3;0;0
AT13;92100;92101;2022;20220101;1;1;90;18
AT13;92100;92101;2022;20220101;1;2;433;46
AT13;92100;92101;2022;20220101;1;3;147;6
AT13;92100;92101;2022;20220101;2;1;99;12
AT13;92100;92101;2022;20220101;2;2;484;61
AT13;92100;92101;2022;20220101;2;3;167;6
AT13;92100;92102;2022;20220101;1;1;611;166
AT13;92100;92102;2022;20220101;1;2;2458;601
AT13;92100;92102;2022;20220101;1;3;394;58
AT13;92100;92102;2022;20220101;2;1;533;211
AT13;92100;92102;2022;20220101;2;2;2587;679
AT13;92100;92102;2022;20220101;2;3;510;63
AT13;92100;92103;2022;20220101;1;1;582;152
AT13;92100;92103;2022;20220101;1;2;2050;387
AT13;92100;92103;2022;20220101;1;3;445;45
AT13;92100;92103;2022;20220101;2;1;490;141
AT13;92100;92103;2022;20220101;2;2;2283;473
AT13;92100;92103;2022;20220101;2;3;522;38
AT13;92100;92104;2022;20220101;1;1;259;123
AT13;92100;92104;2022;20220101;1;2;991;281
AT13;92100;92104;2022;20220101;1;3;442;15
AT13;92100;92104;2022;20220101;2;1;220;118
AT13;92100;92104;2022;20220101;2;2;1022;331
AT13;92100;92104;2022;20220101;2;3;578;26
AT13;92100;92105;2022;20220101;1;1;1076;697
AT13;92100;92105;2022;20220101;1;2;3980;1614
AT13;92100;92105;2022;20220101;1;3;1482;115
AT13;92100;92105;2022;20220101;2;1;884;669
AT13;92100;92105;2022;20220101;2;2;4033;1824
AT13;92100;92105;2022;20220101;2;3;2429;148
AT13;92100;92106;2022;20220101;1;1;153;134
AT13;92100;92106;2022;20220101;1;2;705;461
AT13;92100;92106;2022;20220101;1;3;116;35
AT13;92100;92106;2022;20220101;2;1;170;119
AT13;92100;92106;2022;20220101;2;2;677;520
AT13;92100;92106;2022;20220101;2;3;161;36
AT13;92100;92107;2022;20220101;1;1;501;316
AT13;92100;92107;2022;20220101;1;2;1863;1096
AT13;92100;92107;2022;20220101;1;3;282;41
AT13;92100;92107;2022;20220101;2;1;446;282
AT13;92100;92107;2022;20220101;2;2;1737;1034
AT13;92100;92107;2022;20220101;2;3;329;50
AT13;92100;92108;2022;20220101;1;1;354;162
AT13;92100;92108;2022;20220101;1;2;1145;492
AT13;92100;92108;2022;20220101;1;3;247;18
AT13;92100;92108;2022;20220101;2;1;291;151
AT13;92100;92108;2022;20220101;2;2;1223;518
AT13;92100;92108;2022;20220101;2;3;335;31
AT13;92100;92109;2022;20220101;1;1;370;154
AT13;92100;92109;2022;20220101;1;2;1618;474
AT13;92100;92109;2022;20220101;1;3;622;31
AT13;92100;92109;2022;20220101;2;1;384;153
AT13;92100;92109;2022;20220101;2;2;1713;560
AT13;92100;92109;2022;20220101;2;3;828;48
AT13;92100;92110;2022;20220101;1;1;213;162
AT13;92100;92110;2022;20220101;1;2;1514;684
AT13;92100;92110;2022;20220101;1;3;357;47
AT13;92100;92110;2022;20220101;2;1;214;172
AT13;92100;92110;2022;20220101;2;2;1176;639
AT13;92100;92110;2022;20220101;2;3;380;45
AT13;92100;92111;2022;20220101;1;1;259;132
AT13;92100;92111;2022;20220101;1;2;1214;521
AT13;92100;92111;2022;20220101;1;3;250;23
AT13;92100;92111;2022;20220101;2;1;191;110
AT13;92100;92111;2022;20220101;2;2;1339;464
AT13;92100;92111;2022;20220101;2;3;450;41
AT13;92100;92112;2022;20220101;1;1;739;367
AT13;92100;92112;2022;20220101;1;2;2084;823
AT13;92100;92112;2022;20220101;1;3;409;45
AT13;92100;92112;2022;20220101;2;1;685;318
AT13;92100;92112;2022;20220101;2;2;2261;955
AT13;92100;92112;2022;20220101;2;3;530;60
AT13;92100;92113;2022;20220101;1;1;487;98
AT13;92100;92113;2022;20220101;1;2;1593;372
AT13;92100;92113;2022;20220101;1;3;303;26
AT13;92100;92113;2022;20220101;2;1;387;112
AT13;92100;92113;2022;20220101;2;2;1761;371
AT13;92100;92113;2022;20220101;2;3;379;30
AT13;92100;92114;2022;20220101;1;1;268;177
AT13;92100;92114;2022;20220101;1;2;1249;471
AT13;92100;92114;2022;20220101;1;3;387;28
AT13;92100;92114;2022;20220101;2;1;254;175
AT13;92100;92114;2022;20220101;2;2;1058;536
AT13;92100;92114;2022;20220101;2;3;578;37
AT13;92100;92115;2022;20220101;1;1;313;173
AT13;92100;92115;2022;20220101;1;2;1209;499
AT13;92100;92115;2022;20220101;1;3;314;28
AT13;92100;92115;2022;20220101;2;1;284;139
AT13;92100;92115;2022;20220101;2;2;1274;500
AT13;92100;92115;2022;20220101;2;3;509;19
AT13;92100;92116;2022;20220101;1;1;112;27
AT13;92100;92116;2022;20220101;1;2;882;112
AT13;92100;92116;2022;20220101;1;3;427;14
AT13;92100;92116;2022;20220101;2;1;125;21
AT13;92100;92116;2022;20220101;2;2;917;131
AT13;92100;92116;2022;20220101;2;3;517;16
AT13;92100;92117;2022;20220101;1;1;321;241
AT13;92100;92117;2022;20220101;1;2;1591;737
AT13;92100;92117;2022;20220101;1;3;421;64
AT13;92100;92117;2022;20220101;2;1;311;238
AT13;92100;92117;2022;20220101;2;2;1488;783
AT13;92100;92117;2022;20220101;2;3;630;68
AT13;92100;92118;2022;20220101;1;1;347;273
AT13;92100;92118;2022;20220101;1;2;1553;1091
AT13;92100;92118;2022;20220101;1;3;511;80
AT13;92100;92118;2022;20220101;2;1;288;240
AT13;92100;92118;2022;20220101;2;2;1501;970
AT13;92100;92118;2022;20220101;2;3;628;78
AT13;92100;92119;2022;20220101;1;1;304;149
AT13;92100;92119;2022;20220101;1;2;1221;583
AT13;92100;92119;2022;20220101;1;3;251;48
AT13;92100;92119;2022;20220101;2;1;286;150
AT13;92100;92119;2022;20220101;2;2;1226;592
AT13;92100;92119;2022;20220101;2;3;298;46
AT13;92100;92120;2022;20220101;1;1;166;79
AT13;92100;92120;2022;20220101;1;2;541;357
AT13;92100;92120;2022;20220101;1;3;71;19
AT13;92100;92120;2022;20220101;2;1;135;79
AT13;92100;92120;2022;20220101;2;2;523;334
AT13;92100;92120;2022;20220101;2;3;104;30
AT13;92100;92121;2022;20220101;1;1;268;273
AT13;92100;92121;2022;20220101;1;2;1479;1112
AT13;92100;92121;2022;20220101;1;3;358;100
AT13;92100;92121;2022;20220101;2;1;248;240
AT13;92100;92121;2022;20220101;2;2;1251;927
AT13;92100;92121;2022;20220101;2;3;510;109
AT13;92100;92122;2022;20220101;1;1;383;295
AT13;92100;92122;2022;20220101;1;2;1912;1355
AT13;92100;92122;2022;20220101;1;3;638;102
AT13;92100;92122;2022;20220101;2;1;382;274
AT13;92100;92122;2022;20220101;2;2;1928;1264
AT13;92100;92122;2022;20220101;2;3;993;97
AT13;92100;92123;2022;20220101;1;1;403;413
AT13;92100;92123;2022;20220101;1;2;2006;1583
AT13;92100;92123;2022;20220101;1;3;766;118
AT13;92100;92123;2022;20220101;2;1;378;399
AT13;92100;92123;2022;20220101;2;2;1984;1478
AT13;92100;92123;2022;20220101;2;3;1104;145
AT13;92100;92124;2022;20220101;1;1;421;186
AT13;92100;92124;2022;20220101;1;2;1415;556
AT13;92100;92124;2022;20220101;1;3;330;43
AT13;92100;92124;2022;20220101;2;1;411;148
AT13;92100;92124;2022;20220101;2;2;1580;593
AT13;92100;92124;2022;20220101;2;3;542;51
AT13;92100;92125;2022;20220101;1;1;466;167
AT13;92100;92125;2022;20220101;1;2;1693;646
AT13;92100;92125;2022;20220101;1;3;255;37
AT13;92100;92125;2022;20220101;2;1;383;159
AT13;92100;92125;2022;20220101;2;2;1942;718
AT13;92100;92125;2022;20220101;2;3;295;44
AT13;92100;92126;2022;20220101;1;1;427;202
AT13;92100;92126;2022;20220101;1;2;1995;784
AT13;92100;92126;2022;20220101;1;3;477;68
AT13;92100;92126;2022;20220101;2;1;407;175
AT13;92100;92126;2022;20220101;2;2;2203;891
AT13;92100;92126;2022;20220101;2;3;733;68
AT13;92100;92127;2022;20220101;1;1;100;49
AT13;92100;92127;2022;20220101;1;2;436;125
AT13;92100;92127;2022;20220101;1;3;154;20
AT13;92100;92127;2022;20220101;2;1;93;44
AT13;92100;92127;2022;20220101;2;2;408;130
AT13;92100;92127;2022;20220101;2;3;190;19
AT13;92100;92128;2022;20220101;1;1;3;3
AT13;92100;92128;2022;20220101;1;2;53;44
AT13;92100;92128;2022;20220101;1;3;24;4
AT13;92100;92128;2022;20220101;2;1;1;8
AT13;92100;92128;2022;20220101;2;2;33;34
AT13;92100;92128;2022;20220101;2;3;32;3
AT13;92100;92129;2022;20220101;1;1;96;38
AT13;92100;92129;2022;20220101;1;2;271;132
AT13;92100;92129;2022;20220101;1;3;24;4
AT13;92100;92129;2022;20220101;2;1;80;51
AT13;92100;92129;2022;20220101;2;2;286;145
AT13;92100;92129;2022;20220101;2;3;25;9
AT13;92100;92130;2022;20220101;1;1;1;1
AT13;92100;92130;2022;20220101;1;2;6;2
AT13;92100;92130;2022;20220101;1;3;2;0
AT13;92100;92130;2022;20220101;2;1;1;1
AT13;92100;92130;2022;20220101;2;2;0;5
AT13;92100;92130;2022;20220101;2;3;1;0
AT13;92100;92199;2022;20220101;1;1;0;0
AT13;92100;92199;2022;20220101;1;2;0;0
AT13;92100;92199;2022;20220101;1;3;0;0
AT13;92100;92199;2022;20220101;2;1;0;0
AT13;92100;92199;2022;20220101;2;2;0;0
AT13;92100;92199;2022;20220101;2;3;0;0
AT13;92200;92201;2022;20220101;1;1;132;22
AT13;92200;92201;2022;20220101;1;2;617;133
AT13;92200;92201;2022;20220101;1;3;170;12
AT13;92200;92201;2022;20220101;2;1;133;33
AT13;92200;92201;2022;20220101;2;2;611;128
AT13;92200;92201;2022;20220101;2;3;195;13
AT13;92200;92202;2022;20220101;1;1;557;81
AT13;92200;92202;2022;20220101;1;2;1873;345
AT13;92200;92202;2022;20220101;1;3;193;35
AT13;92200;92202;2022;20220101;2;1;572;72
AT13;92200;92202;2022;20220101;2;2;1934;375
AT13;92200;92202;2022;20220101;2;3;259;43
AT13;92200;92203;2022;20220101;1;1;107;13
AT13;92200;92203;2022;20220101;1;2;450;75
AT13;92200;92203;2022;20220101;1;3;173;7
AT13;92200;92203;2022;20220101;2;1;79;13
AT13;92200;92203;2022;20220101;2;2;438;70
AT13;92200;92203;2022;20220101;2;3;196;9
AT13;92200;92204;2022;20220101;1;1;315;65
AT13;92200;92204;2022;20220101;1;2;1220;194
AT13;92200;92204;2022;20220101;1;3;325;20
AT13;92200;92204;2022;20220101;2;1;253;48
AT13;92200;92204;2022;20220101;2;2;1235;203
AT13;92200;92204;2022;20220101;2;3;375;30
AT13;92200;92205;2022;20220101;1;1;1006;473
AT13;92200;92205;2022;20220101;1;2;3732;1708
AT13;92200;92205;2022;20220101;1;3;445;64
AT13;92200;92205;2022;20220101;2;1;957;445
AT13;92200;92205;2022;20220101;2;2;3901;1883
AT13;92200;92205;2022;20220101;2;3;579;83
AT13;92200;92206;2022;20220101;1;1;820;361
AT13;92200;92206;2022;20220101;1;2;3001;855
AT13;92200;92206;2022;20220101;1;3;767;49
AT13;92200;92206;2022;20220101;2;1;754;355
AT13;92200;92206;2022;20220101;2;2;3124;1010
AT13;92200;92206;2022;20220101;2;3;1054;65
AT13;92200;92207;2022;20220101;1;1;292;75
AT13;92200;92207;2022;20220101;1;2;1291;269
AT13;92200;92207;2022;20220101;1;3;374;35
AT13;92200;92207;2022;20220101;2;1;275;85
AT13;92200;92207;2022;20220101;2;2;1394;306
AT13;92200;92207;2022;20220101;2;3;461;42
AT13;92200;92208;2022;20220101;1;1;1262;686
AT13;92200;92208;2022;20220101;1;2;4512;2073
AT13;92200;92208;2022;20220101;1;3;1007;129
AT13;92200;92208;2022;20220101;2;1;1179;571
AT13;92200;92208;2022;20220101;2;2;4761;2249
AT13;92200;92208;2022;20220101;2;3;1343;152
AT13;92200;92209;2022;20220101;1;1;866;578
AT13;92200;92209;2022;20220101;1;2;3308;1498
AT13;92200;92209;2022;20220101;1;3;998;93
AT13;92200;92209;2022;20220101;2;1;751;517
AT13;92200;92209;2022;20220101;2;2;3630;1735
AT13;92200;92209;2022;20220101;2;3;1362;116
AT13;92200;92210;2022;20220101;1;1;521;222
AT13;92200;92210;2022;20220101;1;2;2176;933
AT13;92200;92210;2022;20220101;1;3;392;70
AT13;92200;92210;2022;20220101;2;1;491;192
AT13;92200;92210;2022;20220101;2;2;2258;1099
AT13;92200;92210;2022;20220101;2;3;650;80
AT13;92200;92211;2022;20220101;1;1;414;351
AT13;92200;92211;2022;20220101;1;2;2587;1224
AT13;92200;92211;2022;20220101;1;3;893;138
AT13;92200;92211;2022;20220101;2;1;412;284
AT13;92200;92211;2022;20220101;2;2;2632;1301
AT13;92200;92211;2022;20220101;2;3;1311;155
AT13;92200;92212;2022;20220101;1;1;185;95
AT13;92200;92212;2022;20220101;1;2;931;358
AT13;92200;92212;2022;20220101;1;3;279;46
AT13;92200;92212;2022;20220101;2;1;163;84
AT13;92200;92212;2022;20220101;2;2;956;389
AT13;92200;92212;2022;20220101;2;3;391;38
AT13;92200;92213;2022;20220101;1;1;317;205
AT13;92200;92213;2022;20220101;1;2;1606;787
AT13;92200;92213;2022;20220101;1;3;477;55
AT13;92200;92213;2022;20220101;2;1;288;198
AT13;92200;92213;2022;20220101;2;2;1651;824
AT13;92200;92213;2022;20220101;2;3;774;63
AT13;92200;92214;2022;20220101;1;1;295;72
AT13;92200;92214;2022;20220101;1;2;1356;206
AT13;92200;92214;2022;20220101;1;3;384;14
AT13;92200;92214;2022;20220101;2;1;278;75
AT13;92200;92214;2022;20220101;2;2;1435;248
AT13;92200;92214;2022;20220101;2;3;550;17
AT13;92200;92215;2022;20220101;1;1;447;293
AT13;92200;92215;2022;20220101;1;2;1858;806
AT13;92200;92215;2022;20220101;1;3;651;48
AT13;92200;92215;2022;20220101;2;1;403;307
AT13;92200;92215;2022;20220101;2;2;1821;912
AT13;92200;92215;2022;20220101;2;3;1159;69
AT13;92200;92216;2022;20220101;1;1;169;57
AT13;92200;92216;2022;20220101;1;2;576;273
AT13;92200;92216;2022;20220101;1;3;130;11
AT13;92200;92216;2022;20220101;2;1;172;54
AT13;92200;92216;2022;20220101;2;2;603;195
AT13;92200;92216;2022;20220101;2;3;181;12
AT13;92200;92217;2022;20220101;1;1;131;26
AT13;92200;92217;2022;20220101;1;2;588;281
AT13;92200;92217;2022;20220101;1;3;197;17
AT13;92200;92217;2022;20220101;2;1;138;17
AT13;92200;92217;2022;20220101;2;2;596;313
AT13;92200;92217;2022;20220101;2;3;223;13
AT13;92200;92218;2022;20220101;1;1;484;153
AT13;92200;92218;2022;20220101;1;2;1996;454
AT13;92200;92218;2022;20220101;1;3;349;32
AT13;92200;92218;2022;20220101;2;1;452;152
AT13;92200;92218;2022;20220101;2;2;2181;514
AT13;92200;92218;2022;20220101;2;3;508;48
AT13;92200;92219;2022;20220101;1;1;305;218
AT13;92200;92219;2022;20220101;1;2;1478;902
AT13;92200;92219;2022;20220101;1;3;318;57
AT13;92200;92219;2022;20220101;2;1;294;205
AT13;92200;92219;2022;20220101;2;2;1498;735
AT13;92200;92219;2022;20220101;2;3;449;80
AT13;92200;92220;2022;20220101;1;1;220;122
AT13;92200;92220;2022;20220101;1;2;861;315
AT13;92200;92220;2022;20220101;1;3;199;31
AT13;92200;92220;2022;20220101;2;1;223;91
AT13;92200;92220;2022;20220101;2;2;886;355
AT13;92200;92220;2022;20220101;2;3;272;32
AT13;92200;92221;2022;20220101;1;1;214;73
AT13;92200;92221;2022;20220101;1;2;736;270
AT13;92200;92221;2022;20220101;1;3;136;16
AT13;92200;92221;2022;20220101;2;1;203;66
AT13;92200;92221;2022;20220101;2;2;796;276
AT13;92200;92221;2022;20220101;2;3;212;19
AT13;92200;92222;2022;20220101;1;1;343;87
AT13;92200;92222;2022;20220101;1;2;1700;383
AT13;92200;92222;2022;20220101;1;3;366;40
AT13;92200;92222;2022;20220101;2;1;274;94
AT13;92200;92222;2022;20220101;2;2;2061;409
AT13;92200;92222;2022;20220101;2;3;667;37
AT13;92200;92223;2022;20220101;1;1;420;150
AT13;92200;92223;2022;20220101;1;2;1709;500
AT13;92200;92223;2022;20220101;1;3;304;51
AT13;92200;92223;2022;20220101;2;1;415;149
AT13;92200;92223;2022;20220101;2;2;1811;562
AT13;92200;92223;2022;20220101;2;3;384;45
AT13;92200;92224;2022;20220101;1;1;360;81
AT13;92200;92224;2022;20220101;1;2;1602;286
AT13;92200;92224;2022;20220101;1;3;400;35
AT13;92200;92224;2022;20220101;2;1;341;82
AT13;92200;92224;2022;20220101;2;2;1715;337
AT13;92200;92224;2022;20220101;2;3;464;30
AT13;92200;92225;2022;20220101;1;1;184;23
AT13;92200;92225;2022;20220101;1;2;599;70
AT13;92200;92225;2022;20220101;1;3;188;11
AT13;92200;92225;2022;20220101;2;1;177;21
AT13;92200;92225;2022;20220101;2;2;657;98
AT13;92200;92225;2022;20220101;2;3;228;8
AT13;92200;92226;2022;20220101;1;1;300;71
AT13;92200;92226;2022;20220101;1;2;1220;220
AT13;92200;92226;2022;20220101;1;3;364;29
AT13;92200;92226;2022;20220101;2;1;298;75
AT13;92200;92226;2022;20220101;2;2;1235;274
AT13;92200;92226;2022;20220101;2;3;418;35
AT13;92200;92227;2022;20220101;1;1;638;130
AT13;92200;92227;2022;20220101;1;2;2360;401
AT13;92200;92227;2022;20220101;1;3;482;42
AT13;92200;92227;2022;20220101;2;1;625;111
AT13;92200;92227;2022;20220101;2;2;2499;457
AT13;92200;92227;2022;20220101;2;3;568;45
AT13;92200;92228;2022;20220101;1;1;388;86
AT13;92200;92228;2022;20220101;1;2;1401;306
AT13;92200;92228;2022;20220101;1;3;204;34
AT13;92200;92228;2022;20220101;2;1;379;79
AT13;92200;92228;2022;20220101;2;2;1466;319
AT13;92200;92228;2022;20220101;2;3;260;25
AT13;92200;92229;2022;20220101;1;1;247;53
AT13;92200;92229;2022;20220101;1;2;1021;204
AT13;92200;92229;2022;20220101;1;3;341;38
AT13;92200;92229;2022;20220101;2;1;233;67
AT13;92200;92229;2022;20220101;2;2;1041;233
AT13;92200;92229;2022;20220101;2;3;403;31
AT13;92200;92230;2022;20220101;1;1;0;0
AT13;92200;92230;2022;20220101;1;2;6;5
AT13;92200;92230;2022;20220101;1;3;0;0
AT13;92200;92230;2022;20220101;2;1;0;0
AT13;92200;92230;2022;20220101;2;2;4;0
AT13;92200;92230;2022;20220101;2;3;0;1
AT13;92200;92231;2022;20220101;1;1;232;110
AT13;92200;92231;2022;20220101;1;2;735;438
AT13;92200;92231;2022;20220101;1;3;78;13
AT13;92200;92231;2022;20220101;2;1;216;90
AT13;92200;92231;2022;20220101;2;2;773;488
AT13;92200;92231;2022;20220101;2;3;144;23
AT13;92200;92232;2022;20220101;1;1;179;110
AT13;92200;92232;2022;20220101;1;2;1179;407
AT13;92200;92232;2022;20220101;1;3;203;76
AT13;92200;92232;2022;20220101;2;1;164;102
AT13;92200;92232;2022;20220101;2;2;1132;544
AT13;92200;92232;2022;20220101;2;3;226;105
AT13;92200;92299;2022;20220101;1;1;0;0
AT13;92200;92299;2022;20220101;1;2;0;0
AT13;92200;92299;2022;20220101;1;3;0;0
AT13;92200;92299;2022;20220101;2;1;0;0
AT13;92200;92299;2022;20220101;2;2;0;0
AT13;92200;92299;2022;20220101;2;3;0;0
AT13;92300;92301;2022;20220101;1;1;181;97
AT13;92300;92301;2022;20220101;1;2;739;350
AT13;92300;92301;2022;20220101;1;3;148;26
AT13;92300;92301;2022;20220101;2;1;180;80
AT13;92300;92301;2022;20220101;2;2;779;290
AT13;92300;92301;2022;20220101;2;3;191;21
AT13;92300;92302;2022;20220101;1;1;376;130
AT13;92300;92302;2022;20220101;1;2;1352;821
AT13;92300;92302;2022;20220101;1;3;301;71
AT13;92300;92302;2022;20220101;2;1;339;119
AT13;92300;92302;2022;20220101;2;2;1357;559
AT13;92300;92302;2022;20220101;2;3;391;72
AT13;92300;92303;2022;20220101;1;1;222;47
AT13;92300;92303;2022;20220101;1;2;929;247
AT13;92300;92303;2022;20220101;1;3;412;26
AT13;92300;92303;2022;20220101;2;1;181;50
AT13;92300;92303;2022;20220101;2;2;879;211
AT13;92300;92303;2022;20220101;2;3;529;25
AT13;92300;92304;2022;20220101;1;1;1037;387
AT13;92300;92304;2022;20220101;1;2;3162;1392
AT13;92300;92304;2022;20220101;1;3;417;97
AT13;92300;92304;2022;20220101;2;1;994;389
AT13;92300;92304;2022;20220101;2;2;3498;1449
AT13;92300;92304;2022;20220101;2;3;763;81
AT13;92300;92305;2022;20220101;1;1;513;238
AT13;92300;92305;2022;20220101;1;2;2300;851
AT13;92300;92305;2022;20220101;1;3;684;59
AT13;92300;92305;2022;20220101;2;1;482;242
AT13;92300;92305;2022;20220101;2;2;2388;863
AT13;92300;92305;2022;20220101;2;3;898;74
AT13;92300;92306;2022;20220101;1;1;97;27
AT13;92300;92306;2022;20220101;1;2;425;134
AT13;92300;92306;2022;20220101;1;3;76;13
AT13;92300;92306;2022;20220101;2;1;91;37
AT13;92300;92306;2022;20220101;2;2;467;141
AT13;92300;92306;2022;20220101;2;3;101;9
AT13;92300;92307;2022;20220101;1;1;749;377
AT13;92300;92307;2022;20220101;1;2;2669;1185
AT13;92300;92307;2022;20220101;1;3;571;85
AT13;92300;92307;2022;20220101;2;1;708;330
AT13;92300;92307;2022;20220101;2;2;2833;1209
AT13;92300;92307;2022;20220101;2;3;864;81
AT13;92300;92308;2022;20220101;1;1;557;273
AT13;92300;92308;2022;20220101;1;2;1906;943
AT13;92300;92308;2022;20220101;1;3;406;47
AT13;92300;92308;2022;20220101;2;1;576;276
AT13;92300;92308;2022;20220101;2;2;2056;960
AT13;92300;92308;2022;20220101;2;3;691;42
AT13;92300;92309;2022;20220101;1;1;377;155
AT13;92300;92309;2022;20220101;1;2;1514;634
AT13;92300;92309;2022;20220101;1;3;755;34
AT13;92300;92309;2022;20220101;2;1;387;138
AT13;92300;92309;2022;20220101;2;2;1695;587
AT13;92300;92309;2022;20220101;2;3;1135;55
AT13;92300;92310;2022;20220101;1;1;316;160
AT13;92300;92310;2022;20220101;1;2;1118;410
AT13;92300;92310;2022;20220101;1;3;508;27
AT13;92300;92310;2022;20220101;2;1;267;169
AT13;92300;92310;2022;20220101;2;2;1124;471
AT13;92300;92310;2022;20220101;2;3;718;50
AT13;92300;92311;2022;20220101;1;1;441;194
AT13;92300;92311;2022;20220101;1;2;1886;797
AT13;92300;92311;2022;20220101;1;3;593;63
AT13;92300;92311;2022;20220101;2;1;426;172
AT13;92300;92311;2022;20220101;2;2;1970;824
AT13;92300;92311;2022;20220101;2;3;908;64
AT13;92300;92312;2022;20220101;1;1;322;171
AT13;92300;92312;2022;20220101;1;2;1299;465
AT13;92300;92312;2022;20220101;1;3;500;31
AT13;92300;92312;2022;20220101;2;1;279;164
AT13;92300;92312;2022;20220101;2;2;1412;506
AT13;92300;92312;2022;20220101;2;3;649;34
AT13;92300;92313;2022;20220101;1;1;226;40
AT13;92300;92313;2022;20220101;1;2;968;156
AT13;92300;92313;2022;20220101;1;3;515;20
AT13;92300;92313;2022;20220101;2;1;212;47
AT13;92300;92313;2022;20220101;2;2;997;205
AT13;92300;92313;2022;20220101;2;3;707;20
AT13;92300;92314;2022;20220101;1;1;289;109
AT13;92300;92314;2022;20220101;1;2;1193;281
AT13;92300;92314;2022;20220101;1;3;462;28
AT13;92300;92314;2022;20220101;2;1;305;80
AT13;92300;92314;2022;20220101;2;2;1277;333
AT13;92300;92314;2022;20220101;2;3;594;32
AT13;92300;92315;2022;20220101;1;1;138;14
AT13;92300;92315;2022;20220101;1;2;554;93
AT13;92300;92315;2022;20220101;1;3;268;12
AT13;92300;92315;2022;20220101;2;1;147;17
AT13;92300;92315;2022;20220101;2;2;577;119
AT13;92300;92315;2022;20220101;2;3;331;21
AT13;92300;92316;2022;20220101;1;1;251;84
AT13;92300;92316;2022;20220101;1;2;788;267
AT13;92300;92316;2022;20220101;1;3;261;25
AT13;92300;92316;2022;20220101;2;1;257;78
AT13;92300;92316;2022;20220101;2;2;854;286
AT13;92300;92316;2022;20220101;2;3;348;28
AT13;92300;92317;2022;20220101;1;1;19;5
AT13;92300;92317;2022;20220101;1;2;75;44
AT13;92300;92317;2022;20220101;1;3;30;3
AT13;92300;92317;2022;20220101;2;1;20;3
AT13;92300;92317;2022;20220101;2;2;67;21
AT13;92300;92317;2022;20220101;2;3;30;5
AT13;92300;92318;2022;20220101;1;1;305;126
AT13;92300;92318;2022;20220101;1;2;1434;375
AT13;92300;92318;2022;20220101;1;3;492;27
AT13;92300;92318;2022;20220101;2;1;291;123
AT13;92300;92318;2022;20220101;2;2;1566;390
AT13;92300;92318;2022;20220101;2;3;542;25
AT13;92300;92319;2022;20220101;1;1;471;113
AT13;92300;92319;2022;20220101;1;2;2098;414
AT13;92300;92319;2022;20220101;1;3;1089;58
AT13;92300;92319;2022;20220101;2;1;394;105
AT13;92300;92319;2022;20220101;2;2;2423;515
AT13;92300;92319;2022;20220101;2;3;1515;75
AT13;92300;92399;2022;20220101;1;1;0;0
AT13;92300;92399;2022;20220101;1;2;0;0
AT13;92300;92399;2022;20220101;1;3;0;0
AT13;92300;92399;2022;20220101;2;1;0;0
AT13;92300;92399;2022;20220101;2;2;0;0
AT13;92300;92399;2022;20220101;2;3;0;0
AT13;90100;90101;2023;20230101;1;1;142;58
AT13;90100;90101;2023;20230101;1;2;834;371
AT13;90100;90101;2023;20230101;1;3;383;70
AT13;90100;90101;2023;20230101;2;1;121;51
AT13;90100;90101;2023;20230101;2;2;811;465
AT13;90100;90101;2023;20230101;2;3;506;72
AT13;90100;90102;2023;20230101;1;1;56;29
AT13;90100;90102;2023;20230101;1;2;293;180
AT13;90100;90102;2023;20230101;1;3;142;35
AT13;90100;90102;2023;20230101;2;1;51;35
AT13;90100;90102;2023;20230101;2;2;295;226
AT13;90100;90102;2023;20230101;2;3;190;28
AT13;90100;90103;2023;20230101;1;1;81;36
AT13;90100;90103;2023;20230101;1;2;403;228
AT13;90100;90103;2023;20230101;1;3;198;58
AT13;90100;90103;2023;20230101;2;1;84;50
AT13;90100;90103;2023;20230101;2;2;382;309
AT13;90100;90103;2023;20230101;2;3;246;57
AT13;90100;90104;2023;20230101;1;1;36;24
AT13;90100;90104;2023;20230101;1;2;315;153
AT13;90100;90104;2023;20230101;1;3;139;21
AT13;90100;90104;2023;20230101;2;1;46;23
AT13;90100;90104;2023;20230101;2;2;275;188
AT13;90100;90104;2023;20230101;2;3;184;23
AT13;90100;90105;2023;20230101;1;1;99;61
AT13;90100;90105;2023;20230101;1;2;523;291
AT13;90100;90105;2023;20230101;1;3;176;48
AT13;90100;90105;2023;20230101;2;1;93;67
AT13;90100;90105;2023;20230101;2;2;495;401
AT13;90100;90105;2023;20230101;2;3;201;67
AT13;90100;90106;2023;20230101;1;1;87;40
AT13;90100;90106;2023;20230101;1;2;562;212
AT13;90100;90106;2023;20230101;1;3;252;43
AT13;90100;90106;2023;20230101;2;1;90;40
AT13;90100;90106;2023;20230101;2;2;543;295
AT13;90100;90106;2023;20230101;2;3;319;44
AT13;90100;90107;2023;20230101;1;1;84;33
AT13;90100;90107;2023;20230101;1;2;576;263
AT13;90100;90107;2023;20230101;1;3;257;59
AT13;90100;90107;2023;20230101;2;1;70;37
AT13;90100;90107;2023;20230101;2;2;470;358
AT13;90100;90107;2023;20230101;2;3;304;57
AT13;90100;90199;2023;20230101;1;1;0;0
AT13;90100;90199;2023;20230101;1;2;0;0
AT13;90100;90199;2023;20230101;1;3;0;0
AT13;90100;90199;2023;20230101;2;1;0;0
AT13;90100;90199;2023;20230101;2;2;0;0
AT13;90100;90199;2023;20230101;2;3;0;0
AT13;90200;90201;2023;20230101;1;1;1274;526
AT13;90200;90201;2023;20230101;1;2;4270;2358
AT13;90200;90201;2023;20230101;1;3;647;142
AT13;90200;90201;2023;20230101;2;1;1178;440
AT13;90200;90201;2023;20230101;2;2;4248;2541
AT13;90200;90201;2023;20230101;2;3;876;207
AT13;90200;90202;2023;20230101;1;1;401;388
AT13;90200;90202;2023;20230101;1;2;2216;2122
AT13;90200;90202;2023;20230101;1;3;481;165
AT13;90200;90202;2023;20230101;2;1;383;363
AT13;90200;90202;2023;20230101;2;2;2169;1799
AT13;90200;90202;2023;20230101;2;3;650;172
AT13;90200;90203;2023;20230101;1;1;554;274
AT13;90200;90203;2023;20230101;1;2;2947;1726
AT13;90200;90203;2023;20230101;1;3;659;170
AT13;90200;90203;2023;20230101;2;1;557;282
AT13;90200;90203;2023;20230101;2;2;3090;1717
AT13;90200;90203;2023;20230101;2;3;978;157
AT13;90200;90204;2023;20230101;1;1;687;417
AT13;90200;90204;2023;20230101;1;2;3060;1919
AT13;90200;90204;2023;20230101;1;3;787;165
AT13;90200;90204;2023;20230101;2;1;652;366
AT13;90200;90204;2023;20230101;2;2;3174;1956
AT13;90200;90204;2023;20230101;2;3;1130;164
AT13;90200;90205;2023;20230101;1;1;323;269
AT13;90200;90205;2023;20230101;1;2;1819;1412
AT13;90200;90205;2023;20230101;1;3;551;121
AT13;90200;90205;2023;20230101;2;1;297;263
AT13;90200;90205;2023;20230101;2;2;1783;1363
AT13;90200;90205;2023;20230101;2;3;780;145
AT13;90200;90206;2023;20230101;1;1;364;210
AT13;90200;90206;2023;20230101;1;2;1742;1516
AT13;90200;90206;2023;20230101;1;3;500;87
AT13;90200;90206;2023;20230101;2;1;338;192
AT13;90200;90206;2023;20230101;2;2;1688;1501
AT13;90200;90206;2023;20230101;2;3;672;95
AT13;90200;90207;2023;20230101;1;1;345;351
AT13;90200;90207;2023;20230101;1;2;2365;2373
AT13;90200;90207;2023;20230101;1;3;567;202
AT13;90200;90207;2023;20230101;2;1;330;332
AT13;90200;90207;2023;20230101;2;2;2196;2285
AT13;90200;90207;2023;20230101;2;3;798;234
AT13;90200;90208;2023;20230101;1;1;151;125
AT13;90200;90208;2023;20230101;1;2;794;492
AT13;90200;90208;2023;20230101;1;3;235;30
AT13;90200;90208;2023;20230101;2;1;142;122
AT13;90200;90208;2023;20230101;2;2;741;553
AT13;90200;90208;2023;20230101;2;3;340;39
AT13;90200;90209;2023;20230101;1;1;797;493
AT13;90200;90209;2023;20230101;1;2;3453;1952
AT13;90200;90209;2023;20230101;1;3;973;213
AT13;90200;90209;2023;20230101;2;1;741;477
AT13;90200;90209;2023;20230101;2;2;3451;2151
AT13;90200;90209;2023;20230101;2;3;1598;193
AT13;90200;90210;2023;20230101;1;1;0;0
AT13;90200;90210;2023;20230101;1;2;0;0
AT13;90200;90210;2023;20230101;1;3;0;0
AT13;90200;90210;2023;20230101;2;1;0;0
AT13;90200;90210;2023;20230101;2;2;0;0
AT13;90200;90210;2023;20230101;2;3;0;0
AT13;90200;90299;2023;20230101;1;1;0;0
AT13;90200;90299;2023;20230101;1;2;0;0
AT13;90200;90299;2023;20230101;1;3;0;0
AT13;90200;90299;2023;20230101;2;1;0;0
AT13;90200;90299;2023;20230101;2;2;0;0
AT13;90200;90299;2023;20230101;2;3;0;0
AT13;90300;90301;2023;20230101;1;1;439;216
AT13;90300;90301;2023;20230101;1;2;2522;1422
AT13;90300;90301;2023;20230101;1;3;659;136
AT13;90300;90301;2023;20230101;2;1;418;204
AT13;90300;90301;2023;20230101;2;2;2649;1404
AT13;90300;90301;2023;20230101;2;3;928;138
AT13;90300;90302;2023;20230101;1;1;379;152
AT13;90300;90302;2023;20230101;1;2;2022;869
AT13;90300;90302;2023;20230101;1;3;708;76
AT13;90300;90302;2023;20230101;2;1;337;145
AT13;90300;90302;2023;20230101;2;2;2076;1022
AT13;90300;90302;2023;20230101;2;3;939;115
AT13;90300;90303;2023;20230101;1;1;283;189
AT13;90300;90303;2023;20230101;1;2;1347;806
AT13;90300;90303;2023;20230101;1;3;438;85
AT13;90300;90303;2023;20230101;2;1;253;176
AT13;90300;90303;2023;20230101;2;2;1421;1012
AT13;90300;90303;2023;20230101;2;3;617;125
AT13;90300;90304;2023;20230101;1;1;286;332
AT13;90300;90304;2023;20230101;1;2;2063;1961
AT13;90300;90304;2023;20230101;1;3;492;152
AT13;90300;90304;2023;20230101;2;1;299;378
AT13;90300;90304;2023;20230101;2;2;2005;1936
AT13;90300;90304;2023;20230101;2;3;755;184
AT13;90300;90305;2023;20230101;1;1;258;247
AT13;90300;90305;2023;20230101;1;2;1774;1299
AT13;90300;90305;2023;20230101;1;3;484;88
AT13;90300;90305;2023;20230101;2;1;247;228
AT13;90300;90305;2023;20230101;2;2;1910;1340
AT13;90300;90305;2023;20230101;2;3;755;105
AT13;90300;90306;2023;20230101;1;1;445;357
AT13;90300;90306;2023;20230101;1;2;3251;2015
AT13;90300;90306;2023;20230101;1;3;900;197
AT13;90300;90306;2023;20230101;2;1;462;350
AT13;90300;90306;2023;20230101;2;2;3381;1969
AT13;90300;90306;2023;20230101;2;3;1343;230
AT13;90300;90307;2023;20230101;1;1;372;253
AT13;90300;90307;2023;20230101;1;2;1709;1575
AT13;90300;90307;2023;20230101;1;3;303;83
AT13;90300;90307;2023;20230101;2;1;342;261
AT13;90300;90307;2023;20230101;2;2;1754;1727
AT13;90300;90307;2023;20230101;2;3;561;115
AT13;90300;90308;2023;20230101;1;1;84;53
AT13;90300;90308;2023;20230101;1;2;535;348
AT13;90300;90308;2023;20230101;1;3;173;21
AT13;90300;90308;2023;20230101;2;1;98;43
AT13;90300;90308;2023;20230101;2;2;506;318
AT13;90300;90308;2023;20230101;2;3;225;15
AT13;90300;90309;2023;20230101;1;1;413;189
AT13;90300;90309;2023;20230101;1;2;1947;886
AT13;90300;90309;2023;20230101;1;3;644;90
AT13;90300;90309;2023;20230101;2;1;382;177
AT13;90300;90309;2023;20230101;2;2;2120;1072
AT13;90300;90309;2023;20230101;2;3;885;113
AT13;90300;90310;2023;20230101;1;1;371;382
AT13;90300;90310;2023;20230101;1;2;2014;1730
AT13;90300;90310;2023;20230101;1;3;387;111
AT13;90300;90310;2023;20230101;2;1;331;380
AT13;90300;90310;2023;20230101;2;2;2064;1738
AT13;90300;90310;2023;20230101;2;3;523;137
AT13;90300;90311;2023;20230101;1;1;287;159
AT13;90300;90311;2023;20230101;1;2;1090;628
AT13;90300;90311;2023;20230101;1;3;149;49
AT13;90300;90311;2023;20230101;2;1;287;133
AT13;90300;90311;2023;20230101;2;2;1155;726
AT13;90300;90311;2023;20230101;2;3;263;65
AT13;90300;90399;2023;20230101;1;1;0;0
AT13;90300;90399;2023;20230101;1;2;0;0
AT13;90300;90399;2023;20230101;1;3;0;0
AT13;90300;90399;2023;20230101;2;1;0;0
AT13;90300;90399;2023;20230101;2;2;0;0
AT13;90300;90399;2023;20230101;2;3;0;0
AT13;90400;90401;2023;20230101;1;1;85;59
AT13;90400;90401;2023;20230101;1;2;492;283
AT13;90400;90401;2023;20230101;1;3;164;38
AT13;90400;90401;2023;20230101;2;1;76;45
AT13;90400;90401;2023;20230101;2;2;477;340
AT13;90400;90401;2023;20230101;2;3;213;54
AT13;90400;90402;2023;20230101;1;1;431;304
AT13;90400;90402;2023;20230101;1;2;2535;1851
AT13;90400;90402;2023;20230101;1;3;598;158
AT13;90400;90402;2023;20230101;2;1;398;317
AT13;90400;90402;2023;20230101;2;2;2290;1765
AT13;90400;90402;2023;20230101;2;3;857;179
AT13;90400;90403;2023;20230101;1;1;460;254
AT13;90400;90403;2023;20230101;1;2;2708;1554
AT13;90400;90403;2023;20230101;1;3;839;160
AT13;90400;90403;2023;20230101;2;1;419;252
AT13;90400;90403;2023;20230101;2;2;2757;1846
AT13;90400;90403;2023;20230101;2;3;1255;163
AT13;90400;90404;2023;20230101;1;1;257;167
AT13;90400;90404;2023;20230101;1;2;1491;930
AT13;90400;90404;2023;20230101;1;3;434;74
AT13;90400;90404;2023;20230101;2;1;251;169
AT13;90400;90404;2023;20230101;2;2;1526;1014
AT13;90400;90404;2023;20230101;2;3;565;79
AT13;90400;90499;2023;20230101;1;1;0;0
AT13;90400;90499;2023;20230101;1;2;0;0
AT13;90400;90499;2023;20230101;1;3;0;0
AT13;90400;90499;2023;20230101;2;1;0;0
AT13;90400;90499;2023;20230101;2;2;0;0
AT13;90400;90499;2023;20230101;2;3;0;0
AT13;90500;90501;2023;20230101;1;1;371;186
AT13;90500;90501;2023;20230101;1;2;2759;1510
AT13;90500;90501;2023;20230101;1;3;662;136
AT13;90500;90501;2023;20230101;2;1;332;213
AT13;90500;90501;2023;20230101;2;2;2793;1505
AT13;90500;90501;2023;20230101;2;3;970;125
AT13;90500;90502;2023;20230101;1;1;594;673
AT13;90500;90502;2023;20230101;1;2;3873;3472
AT13;90500;90502;2023;20230101;1;3;907;305
AT13;90500;90502;2023;20230101;2;1;589;693
AT13;90500;90502;2023;20230101;2;2;3777;3140
AT13;90500;90502;2023;20230101;2;3;1319;306
AT13;90500;90503;2023;20230101;1;1;514;518
AT13;90500;90503;2023;20230101;1;2;3308;3364
AT13;90500;90503;2023;20230101;1;3;778;247
AT13;90500;90503;2023;20230101;2;1;484;503
AT13;90500;90503;2023;20230101;2;2;3246;2999
AT13;90500;90503;2023;20230101;2;3;1048;276
AT13;90500;90504;2023;20230101;1;1;186;141
AT13;90500;90504;2023;20230101;1;2;1370;1164
AT13;90500;90504;2023;20230101;1;3;316;74
AT13;90500;90504;2023;20230101;2;1;153;139
AT13;90500;90504;2023;20230101;2;2;1409;1111
AT13;90500;90504;2023;20230101;2;3;377;83
AT13;90500;90599;2023;20230101;1;1;0;0
AT13;90500;90599;2023;20230101;1;2;0;0
AT13;90500;90599;2023;20230101;1;3;0;0
AT13;90500;90599;2023;20230101;2;1;0;0
AT13;90500;90599;2023;20230101;2;2;0;0
AT13;90500;90599;2023;20230101;2;3;0;0
AT13;90600;90601;2023;20230101;1;1;258;108
AT13;90600;90601;2023;20230101;1;2;1844;931
AT13;90600;90601;2023;20230101;1;3;517;80
AT13;90600;90601;2023;20230101;2;1;273;93
AT13;90600;90601;2023;20230101;2;2;1792;1016
AT13;90600;90601;2023;20230101;2;3;649;110
AT13;90600;90602;2023;20230101;1;1;300;194
AT13;90600;90602;2023;20230101;1;2;2284;1487
AT13;90600;90602;2023;20230101;1;3;465;116
AT13;90600;90602;2023;20230101;2;1;275;173
AT13;90600;90602;2023;20230101;2;2;2170;1511
AT13;90600;90602;2023;20230101;2;3;636;113
AT13;90600;90603;2023;20230101;1;1;477;233
AT13;90600;90603;2023;20230101;1;2;3107;1758
AT13;90600;90603;2023;20230101;1;3;832;157
AT13;90600;90603;2023;20230101;2;1;432;251
AT13;90600;90603;2023;20230101;2;2;3291;2019
AT13;90600;90603;2023;20230101;2;3;1267;204
AT13;90600;90699;2023;20230101;1;1;0;0
AT13;90600;90699;2023;20230101;1;2;0;0
AT13;90600;90699;2023;20230101;1;3;0;0
AT13;90600;90699;2023;20230101;2;1;0;0
AT13;90600;90699;2023;20230101;2;2;0;0
AT13;90600;90699;2023;20230101;2;3;0;0
AT13;90700;90701;2023;20230101;1;1;222;91
AT13;90700;90701;2023;20230101;1;2;1289;644
AT13;90700;90701;2023;20230101;1;3;321;75
AT13;90700;90701;2023;20230101;2;1;185;100
AT13;90700;90701;2023;20230101;2;2;1242;742
AT13;90700;90701;2023;20230101;2;3;454;76
AT13;90700;90702;2023;20230101;1;1;120;44
AT13;90700;90702;2023;20230101;1;2;708;343
AT13;90700;90702;2023;20230101;1;3;171;38
AT13;90700;90702;2023;20230101;2;1;126;42
AT13;90700;90702;2023;20230101;2;2;742;374
AT13;90700;90702;2023;20230101;2;3;211;40
AT13;90700;90703;2023;20230101;1;1;202;57
AT13;90700;90703;2023;20230101;1;2;1261;586
AT13;90700;90703;2023;20230101;1;3;276;56
AT13;90700;90703;2023;20230101;2;1;178;43
AT13;90700;90703;2023;20230101;2;2;1243;624
AT13;90700;90703;2023;20230101;2;3;394;55
AT13;90700;90704;2023;20230101;1;1;360;161
AT13;90700;90704;2023;20230101;1;2;2272;1373
AT13;90700;90704;2023;20230101;1;3;605;115
AT13;90700;90704;2023;20230101;2;1;354;165
AT13;90700;90704;2023;20230101;2;2;2359;1481
AT13;90700;90704;2023;20230101;2;3;882;118
AT13;90700;90705;2023;20230101;1;1;284;128
AT13;90700;90705;2023;20230101;1;2;1845;1208
AT13;90700;90705;2023;20230101;1;3;337;85
AT13;90700;90705;2023;20230101;2;1;268;123
AT13;90700;90705;2023;20230101;2;2;1924;1139
AT13;90700;90705;2023;20230101;2;3;528;92
AT13;90700;90799;2023;20230101;1;1;0;0
AT13;90700;90799;2023;20230101;1;2;0;0
AT13;90700;90799;2023;20230101;1;3;0;0
AT13;90700;90799;2023;20230101;2;1;0;0
AT13;90700;90799;2023;20230101;2;2;0;0
AT13;90700;90799;2023;20230101;2;3;0;0
AT13;90800;90801;2023;20230101;1;1;204;75
AT13;90800;90801;2023;20230101;1;2;1222;953
AT13;90800;90801;2023;20230101;1;3;297;70
AT13;90800;90801;2023;20230101;2;1;161;61
AT13;90800;90801;2023;20230101;2;2;1105;664
AT13;90800;90801;2023;20230101;2;3;443;62
AT13;90800;90802;2023;20230101;1;1;470;131
AT13;90800;90802;2023;20230101;1;2;2469;1340
AT13;90800;90802;2023;20230101;1;3;741;92
AT13;90800;90802;2023;20230101;2;1;424;139
AT13;90800;90802;2023;20230101;2;2;2653;1567
AT13;90800;90802;2023;20230101;2;3;1065;155
AT13;90800;90803;2023;20230101;1;1;250;165
AT13;90800;90803;2023;20230101;1;2;1764;1292
AT13;90800;90803;2023;20230101;1;3;460;97
AT13;90800;90803;2023;20230101;2;1;265;144
AT13;90800;90803;2023;20230101;2;2;1884;1077
AT13;90800;90803;2023;20230101;2;3;630;83
AT13;90800;90899;2023;20230101;1;1;0;0
AT13;90800;90899;2023;20230101;1;2;0;0
AT13;90800;90899;2023;20230101;1;3;0;0
AT13;90800;90899;2023;20230101;2;1;0;0
AT13;90800;90899;2023;20230101;2;2;0;0
AT13;90800;90899;2023;20230101;2;3;0;0
AT13;90900;90901;2023;20230101;1;1;345;210
AT13;90900;90901;2023;20230101;1;2;2044;1386
AT13;90900;90901;2023;20230101;1;3;435;98
AT13;90900;90901;2023;20230101;2;1;251;198
AT13;90900;90901;2023;20230101;2;2;2187;1430
AT13;90900;90901;2023;20230101;2;3;647;109
AT13;90900;90902;2023;20230101;1;1;406;196
AT13;90900;90902;2023;20230101;1;2;2414;1251
AT13;90900;90902;2023;20230101;1;3;730;140
AT13;90900;90902;2023;20230101;2;1;376;173
AT13;90900;90902;2023;20230101;2;2;2530;1459
AT13;90900;90902;2023;20230101;2;3;1087;152
AT13;90900;90903;2023;20230101;1;1;156;76
AT13;90900;90903;2023;20230101;1;2;1014;666
AT13;90900;90903;2023;20230101;1;3;192;41
AT13;90900;90903;2023;20230101;2;1;153;78
AT13;90900;90903;2023;20230101;2;2;1034;740
AT13;90900;90903;2023;20230101;2;3;289;67
AT13;90900;90904;2023;20230101;1;1;307;216
AT13;90900;90904;2023;20230101;1;2;2027;1467
AT13;90900;90904;2023;20230101;1;3;478;107
AT13;90900;90904;2023;20230101;2;1;275;213
AT13;90900;90904;2023;20230101;2;2;2059;1632
AT13;90900;90904;2023;20230101;2;3;687;123
AT13;90900;90905;2023;20230101;1;1;229;138
AT13;90900;90905;2023;20230101;1;2;1184;649
AT13;90900;90905;2023;20230101;1;3;357;64
AT13;90900;90905;2023;20230101;2;1;218;120
AT13;90900;90905;2023;20230101;2;2;1268;847
AT13;90900;90905;2023;20230101;2;3;476;73
AT13;90900;90906;2023;20230101;1;1;88;45
AT13;90900;90906;2023;20230101;1;2;462;290
AT13;90900;90906;2023;20230101;1;3;127;21
AT13;90900;90906;2023;20230101;2;1;71;45
AT13;90900;90906;2023;20230101;2;2;478;398
AT13;90900;90906;2023;20230101;2;3;169;38
AT13;90900;90999;2023;20230101;1;1;0;0
AT13;90900;90999;2023;20230101;1;2;0;0
AT13;90900;90999;2023;20230101;1;3;0;0
AT13;90900;90999;2023;20230101;2;1;0;0
AT13;90900;90999;2023;20230101;2;2;0;0
AT13;90900;90999;2023;20230101;2;3;0;0
AT13;91000;91001;2023;20230101;1;1;859;478
AT13;91000;91001;2023;20230101;1;2;2294;2310
AT13;91000;91001;2023;20230101;1;3;150;90
AT13;91000;91001;2023;20230101;2;1;761;476
AT13;91000;91001;2023;20230101;2;2;2259;2418
AT13;91000;91001;2023;20230101;2;3;229;124
AT13;91000;91002;2023;20230101;1;1;651;1047
AT13;91000;91002;2023;20230101;1;2;3275;4810
AT13;91000;91002;2023;20230101;1;3;883;319
AT13;91000;91002;2023;20230101;2;1;676;959
AT13;91000;91002;2023;20230101;2;2;2917;3632
AT13;91000;91002;2023;20230101;2;3;1108;387
AT13;91000;91003;2023;20230101;1;1;252;300
AT13;91000;91003;2023;20230101;1;2;1352;1379
AT13;91000;91003;2023;20230101;1;3;403;129
AT13;91000;91003;2023;20230101;2;1;294;280
AT13;91000;91003;2023;20230101;2;2;1333;1164
AT13;91000;91003;2023;20230101;2;3;578;137
AT13;91000;91004;2023;20230101;1;1;220;599
AT13;91000;91004;2023;20230101;1;2;1197;2925
AT13;91000;91004;2023;20230101;1;3;315;161
AT13;91000;91004;2023;20230101;2;1;184;560
AT13;91000;91004;2023;20230101;2;2;1049;2038
AT13;91000;91004;2023;20230101;2;3;444;194
AT13;91000;91005;2023;20230101;1;1;710;762
AT13;91000;91005;2023;20230101;1;2;3199;4168
AT13;91000;91005;2023;20230101;1;3;805;273
AT13;91000;91005;2023;20230101;2;1;623;735
AT13;91000;91005;2023;20230101;2;2;3090;3108
AT13;91000;91005;2023;20230101;2;3;1057;312
AT13;91000;91006;2023;20230101;1;1;417;678
AT13;91000;91006;2023;20230101;1;2;1907;3504
AT13;91000;91006;2023;20230101;1;3;477;228
AT13;91000;91006;2023;20230101;2;1;396;667
AT13;91000;91006;2023;20230101;2;2;1797;2594
AT13;91000;91006;2023;20230101;2;3;603;247
AT13;91000;91007;2023;20230101;1;1;417;556
AT13;91000;91007;2023;20230101;1;2;2199;2543
AT13;91000;91007;2023;20230101;1;3;804;173
AT13;91000;91007;2023;20230101;2;1;438;531
AT13;91000;91007;2023;20230101;2;2;2119;2095
AT13;91000;91007;2023;20230101;2;3;1279;203
AT13;91000;91008;2023;20230101;1;1;363;437
AT13;91000;91008;2023;20230101;1;2;1599;2181
AT13;91000;91008;2023;20230101;1;3;478;146
AT13;91000;91008;2023;20230101;2;1;350;397
AT13;91000;91008;2023;20230101;2;2;1471;1692
AT13;91000;91008;2023;20230101;2;3;685;174
AT13;91000;91009;2023;20230101;1;1;292;214
AT13;91000;91009;2023;20230101;1;2;1140;809
AT13;91000;91009;2023;20230101;1;3;244;51
AT13;91000;91009;2023;20230101;2;1;283;173
AT13;91000;91009;2023;20230101;2;2;1100;744
AT13;91000;91009;2023;20230101;2;3;338;75
AT13;91000;91010;2023;20230101;1;1;793;873
AT13;91000;91010;2023;20230101;1;2;3543;3425
AT13;91000;91010;2023;20230101;1;3;1083;272
AT13;91000;91010;2023;20230101;2;1;786;786
AT13;91000;91010;2023;20230101;2;2;3333;2942
AT13;91000;91010;2023;20230101;2;3;1640;301
AT13;91000;91011;2023;20230101;1;1;450;280
AT13;91000;91011;2023;20230101;1;2;2178;1022
AT13;91000;91011;2023;20230101;1;3;693;81
AT13;91000;91011;2023;20230101;2;1;423;272
AT13;91000;91011;2023;20230101;2;2;1973;1089
AT13;91000;91011;2023;20230101;2;3;997;106
AT13;91000;91012;2023;20230101;1;1;153;44
AT13;91000;91012;2023;20230101;1;2;716;241
AT13;91000;91012;2023;20230101;1;3;78;21
AT13;91000;91012;2023;20230101;2;1;152;51
AT13;91000;91012;2023;20230101;2;2;707;270
AT13;91000;91012;2023;20230101;2;3;97;13
AT13;91000;91013;2023;20230101;1;1;207;111
AT13;91000;91013;2023;20230101;1;2;1085;446
AT13;91000;91013;2023;20230101;1;3;441;47
AT13;91000;91013;2023;20230101;2;1;196;76
AT13;91000;91013;2023;20230101;2;2;1082;458
AT13;91000;91013;2023;20230101;2;3;673;65
AT13;91000;91014;2023;20230101;1;1;221;104
AT13;91000;91014;2023;20230101;1;2;1000;339
AT13;91000;91014;2023;20230101;1;3;387;45
AT13;91000;91014;2023;20230101;2;1;184;82
AT13;91000;91014;2023;20230101;2;2;1052;339
AT13;91000;91014;2023;20230101;2;3;521;40
AT13;91000;91015;2023;20230101;1;1;562;372
AT13;91000;91015;2023;20230101;1;2;1992;1159
AT13;91000;91015;2023;20230101;1;3;390;67
AT13;91000;91015;2023;20230101;2;1;524;322
AT13;91000;91015;2023;20230101;2;2;2064;1272
AT13;91000;91015;2023;20230101;2;3;506;67
AT13;91000;91016;2023;20230101;1;1;447;128
AT13;91000;91016;2023;20230101;1;2;1880;509
AT13;91000;91016;2023;20230101;1;3;741;40
AT13;91000;91016;2023;20230101;2;1;448;118
AT13;91000;91016;2023;20230101;2;2;1910;616
AT13;91000;91016;2023;20230101;2;3;900;60
AT13;91000;91017;2023;20230101;1;1;68;6
AT13;91000;91017;2023;20230101;1;2;262;23
AT13;91000;91017;2023;20230101;1;3;78;3
AT13;91000;91017;2023;20230101;2;1;64;7
AT13;91000;91017;2023;20230101;2;2;295;25
AT13;91000;91017;2023;20230101;2;3;81;5
AT13;91000;91018;2023;20230101;1;1;422;128
AT13;91000;91018;2023;20230101;1;2;1696;517
AT13;91000;91018;2023;20230101;1;3;281;33
AT13;91000;91018;2023;20230101;2;1;402;130
AT13;91000;91018;2023;20230101;2;2;1834;536
AT13;91000;91018;2023;20230101;2;3;394;36
AT13;91000;91019;2023;20230101;1;1;153;59
AT13;91000;91019;2023;20230101;1;2;853;370
AT13;91000;91019;2023;20230101;1;3;291;16
AT13;91000;91019;2023;20230101;2;1;165;59
AT13;91000;91019;2023;20230101;2;2;882;328
AT13;91000;91019;2023;20230101;2;3;351;26
AT13;91000;91020;2023;20230101;1;1;527;357
AT13;91000;91020;2023;20230101;1;2;1955;853
AT13;91000;91020;2023;20230101;1;3;940;64
AT13;91000;91020;2023;20230101;2;1;484;310
AT13;91000;91020;2023;20230101;2;2;1944;973
AT13;91000;91020;2023;20230101;2;3;1732;83
AT13;91000;91021;2023;20230101;1;1;568;214
AT13;91000;91021;2023;20230101;1;2;2099;650
AT13;91000;91021;2023;20230101;1;3;398;46
AT13;91000;91021;2023;20230101;2;1;450;198
AT13;91000;91021;2023;20230101;2;2;2338;714
AT13;91000;91021;2023;20230101;2;3;668;44
AT13;91000;91022;2023;20230101;1;1;190;367
AT13;91000;91022;2023;20230101;1;2;1049;1722
AT13;91000;91022;2023;20230101;1;3;324;101
AT13;91000;91022;2023;20230101;2;1;156;308
AT13;91000;91022;2023;20230101;2;2;1042;1301
AT13;91000;91022;2023;20230101;2;3;451;129
AT13;91000;91023;2023;20230101;1;1;562;479
AT13;91000;91023;2023;20230101;1;2;2194;2110
AT13;91000;91023;2023;20230101;1;3;464;133
AT13;91000;91023;2023;20230101;2;1;518;473
AT13;91000;91023;2023;20230101;2;2;2191;1857
AT13;91000;91023;2023;20230101;2;3;720;158
AT13;91000;91099;2023;20230101;1;1;0;0
AT13;91000;91099;2023;20230101;1;2;0;0
AT13;91000;91099;2023;20230101;1;3;0;0
AT13;91000;91099;2023;20230101;2;1;0;0
AT13;91000;91099;2023;20230101;2;2;0;0
AT13;91000;91099;2023;20230101;2;3;0;0
AT13;91100;91101;2023;20230101;1;1;217;85
AT13;91100;91101;2023;20230101;1;2;707;579
AT13;91100;91101;2023;20230101;1;3;68;17
AT13;91100;91101;2023;20230101;2;1;197;72
AT13;91100;91101;2023;20230101;2;2;677;610
AT13;91100;91101;2023;20230101;2;3;66;13
AT13;91100;91102;2023;20230101;1;1;986;801
AT13;91100;91102;2023;20230101;1;2;3773;2994
AT13;91100;91102;2023;20230101;1;3;844;217
AT13;91100;91102;2023;20230101;2;1;1052;748
AT13;91100;91102;2023;20230101;2;2;3758;2786
AT13;91100;91102;2023;20230101;2;3;1287;259
AT13;91100;91103;2023;20230101;1;1;786;796
AT13;91100;91103;2023;20230101;1;2;3578;3338
AT13;91100;91103;2023;20230101;1;3;740;228
AT13;91100;91103;2023;20230101;2;1;713;707
AT13;91100;91103;2023;20230101;2;2;3380;3037
AT13;91100;91103;2023;20230101;2;3;1031;247
AT13;91100;91104;2023;20230101;1;1;249;313
AT13;91100;91104;2023;20230101;1;2;1099;1179
AT13;91100;91104;2023;20230101;1;3;324;74
AT13;91100;91104;2023;20230101;2;1;230;303
AT13;91100;91104;2023;20230101;2;2;1042;1070
AT13;91100;91104;2023;20230101;2;3;409;91
AT13;91100;91105;2023;20230101;1;1;779;367
AT13;91100;91105;2023;20230101;1;2;3065;1354
AT13;91100;91105;2023;20230101;1;3;705;93
AT13;91100;91105;2023;20230101;2;1;661;367
AT13;91100;91105;2023;20230101;2;2;3051;1425
AT13;91100;91105;2023;20230101;2;3;962;107
AT13;91100;91106;2023;20230101;1;1;13;6
AT13;91100;91106;2023;20230101;1;2;106;7
AT13;91100;91106;2023;20230101;1;3;11;3
AT13;91100;91106;2023;20230101;2;1;12;0
AT13;91100;91106;2023;20230101;2;2;96;10
AT13;91100;91106;2023;20230101;2;3;13;2
AT13;91100;91107;2023;20230101;1;1;382;193
AT13;91100;91107;2023;20230101;1;2;1496;684
AT13;91100;91107;2023;20230101;1;3;505;45
AT13;91100;91107;2023;20230101;2;1;369;197
AT13;91100;91107;2023;20230101;2;2;1495;727
AT13;91100;91107;2023;20230101;2;3;819;62
AT13;91100;91108;2023;20230101;1;1;38;2
AT13;91100;91108;2023;20230101;1;2;267;40
AT13;91100;91108;2023;20230101;1;3;52;3
AT13;91100;91108;2023;20230101;2;1;42;3
AT13;91100;91108;2023;20230101;2;2;296;33
AT13;91100;91108;2023;20230101;2;3;63;4
AT13;91100;91109;2023;20230101;1;1;183;64
AT13;91100;91109;2023;20230101;1;2;604;275
AT13;91100;91109;2023;20230101;1;3;170;15
AT13;91100;91109;2023;20230101;2;1;139;54
AT13;91100;91109;2023;20230101;2;2;607;221
AT13;91100;91109;2023;20230101;2;3;212;14
AT13;91100;91110;2023;20230101;1;1;1695;821
AT13;91100;91110;2023;20230101;1;2;6250;2606
AT13;91100;91110;2023;20230101;1;3;1427;206
AT13;91100;91110;2023;20230101;2;1;1609;730
AT13;91100;91110;2023;20230101;2;2;6677;2844
AT13;91100;91110;2023;20230101;2;3;1952;278
AT13;91100;91111;2023;20230101;1;1;209;312
AT13;91100;91111;2023;20230101;1;2;1054;809
AT13;91100;91111;2023;20230101;1;3;261;47
AT13;91100;91111;2023;20230101;2;1;207;270
AT13;91100;91111;2023;20230101;2;2;956;681
AT13;91100;91111;2023;20230101;2;3;396;45
AT13;91100;91112;2023;20230101;1;1;23;8
AT13;91100;91112;2023;20230101;1;2;95;93
AT13;91100;91112;2023;20230101;1;3;25;7
AT13;91100;91112;2023;20230101;2;1;31;4
AT13;91100;91112;2023;20230101;2;2;95;29
AT13;91100;91112;2023;20230101;2;3;28;4
AT13;91100;91113;2023;20230101;1;1;230;102
AT13;91100;91113;2023;20230101;1;2;1026;574
AT13;91100;91113;2023;20230101;1;3;430;36
AT13;91100;91113;2023;20230101;2;1;205;115
AT13;91100;91113;2023;20230101;2;2;1035;542
AT13;91100;91113;2023;20230101;2;3;555;37
AT13;91100;91199;2023;20230101;1;1;0;0
AT13;91100;91199;2023;20230101;1;2;0;0
AT13;91100;91199;2023;20230101;1;3;0;0
AT13;91100;91199;2023;20230101;2;1;0;0
AT13;91100;91199;2023;20230101;2;2;0;0
AT13;91100;91199;2023;20230101;2;3;0;0
AT13;91200;91201;2023;20230101;1;1;156;159
AT13;91200;91201;2023;20230101;1;2;955;881
AT13;91200;91201;2023;20230101;1;3;192;68
AT13;91200;91201;2023;20230101;2;1;156;145
AT13;91200;91201;2023;20230101;2;2;943;852
AT13;91200;91201;2023;20230101;2;3;259;67
AT13;91200;91202;2023;20230101;1;1;635;577
AT13;91200;91202;2023;20230101;1;2;3417;3147
AT13;91200;91202;2023;20230101;1;3;882;295
AT13;91200;91202;2023;20230101;2;1;587;546
AT13;91200;91202;2023;20230101;2;2;3352;2736
AT13;91200;91202;2023;20230101;2;3;1310;312
AT13;91200;91203;2023;20230101;1;1;198;141
AT13;91200;91203;2023;20230101;1;2;1115;655
AT13;91200;91203;2023;20230101;1;3;230;78
AT13;91200;91203;2023;20230101;2;1;203;159
AT13;91200;91203;2023;20230101;2;2;948;695
AT13;91200;91203;2023;20230101;2;3;370;84
AT13;91200;91204;2023;20230101;1;1;318;388
AT13;91200;91204;2023;20230101;1;2;1772;2008
AT13;91200;91204;2023;20230101;1;3;410;128
AT13;91200;91204;2023;20230101;2;1;287;355
AT13;91200;91204;2023;20230101;2;2;1771;1865
AT13;91200;91204;2023;20230101;2;3;579;141
AT13;91200;91205;2023;20230101;1;1;284;283
AT13;91200;91205;2023;20230101;1;2;1704;1482
AT13;91200;91205;2023;20230101;1;3;467;132
AT13;91200;91205;2023;20230101;2;1;249;286
AT13;91200;91205;2023;20230101;2;2;1630;1300
AT13;91200;91205;2023;20230101;2;3;737;124
AT13;91200;91206;2023;20230101;1;1;325;315
AT13;91200;91206;2023;20230101;1;2;1980;1851
AT13;91200;91206;2023;20230101;1;3;437;154
AT13;91200;91206;2023;20230101;2;1;324;284
AT13;91200;91206;2023;20230101;2;2;1987;1594
AT13;91200;91206;2023;20230101;2;3;709;158
AT13;91200;91207;2023;20230101;1;1;269;217
AT13;91200;91207;2023;20230101;1;2;1382;757
AT13;91200;91207;2023;20230101;1;3;452;64
AT13;91200;91207;2023;20230101;2;1;235;184
AT13;91200;91207;2023;20230101;2;2;1402;813
AT13;91200;91207;2023;20230101;2;3;703;80
AT13;91200;91208;2023;20230101;1;1;276;146
AT13;91200;91208;2023;20230101;1;2;1099;884
AT13;91200;91208;2023;20230101;1;3;244;66
AT13;91200;91208;2023;20230101;2;1;229;142
AT13;91200;91208;2023;20230101;2;2;1032;688
AT13;91200;91208;2023;20230101;2;3;354;77
AT13;91200;91209;2023;20230101;1;1;471;367
AT13;91200;91209;2023;20230101;1;2;1802;970
AT13;91200;91209;2023;20230101;1;3;428;57
AT13;91200;91209;2023;20230101;2;1;415;341
AT13;91200;91209;2023;20230101;2;2;1662;1080
AT13;91200;91209;2023;20230101;2;3;577;67
AT13;91200;91210;2023;20230101;1;1;578;364
AT13;91200;91210;2023;20230101;1;2;2487;1758
AT13;91200;91210;2023;20230101;1;3;657;89
AT13;91200;91210;2023;20230101;2;1;622;327
AT13;91200;91210;2023;20230101;2;2;2641;1656
AT13;91200;91210;2023;20230101;2;3;1041;113
AT13;91200;91211;2023;20230101;1;1;585;293
AT13;91200;91211;2023;20230101;1;2;2539;1167
AT13;91200;91211;2023;20230101;1;3;799;100
AT13;91200;91211;2023;20230101;2;1;579;275
AT13;91200;91211;2023;20230101;2;2;2680;1216
AT13;91200;91211;2023;20230101;2;3;1257;103
AT13;91200;91299;2023;20230101;1;1;0;0
AT13;91200;91299;2023;20230101;1;2;0;0
AT13;91200;91299;2023;20230101;1;3;0;0
AT13;91200;91299;2023;20230101;2;1;0;0
AT13;91200;91299;2023;20230101;2;2;0;0
AT13;91200;91299;2023;20230101;2;3;0;0
AT13;91300;91301;2023;20230101;1;1;31;11
AT13;91300;91301;2023;20230101;1;2;123;50
AT13;91300;91301;2023;20230101;1;3;43;6
AT13;91300;91301;2023;20230101;2;1;21;13
AT13;91300;91301;2023;20230101;2;2;123;50
AT13;91300;91301;2023;20230101;2;3;64;8
AT13;91300;91302;2023;20230101;1;1;361;148
AT13;91300;91302;2023;20230101;1;2;1424;515
AT13;91300;91302;2023;20230101;1;3;519;66
AT13;91300;91302;2023;20230101;2;1;378;145
AT13;91300;91302;2023;20230101;2;2;1522;633
AT13;91300;91302;2023;20230101;2;3;771;90
AT13;91300;91303;2023;20230101;1;1;409;256
AT13;91300;91303;2023;20230101;1;2;2071;1317
AT13;91300;91303;2023;20230101;1;3;667;89
AT13;91300;91303;2023;20230101;2;1;424;231
AT13;91300;91303;2023;20230101;2;2;2153;1298
AT13;91300;91303;2023;20230101;2;3;1016;93
AT13;91300;91304;2023;20230101;1;1;566;240
AT13;91300;91304;2023;20230101;1;2;2341;799
AT13;91300;91304;2023;20230101;1;3;881;90
AT13;91300;91304;2023;20230101;2;1;533;237
AT13;91300;91304;2023;20230101;2;2;2478;1000
AT13;91300;91304;2023;20230101;2;3;1393;113
AT13;91300;91305;2023;20230101;1;1;267;93
AT13;91300;91305;2023;20230101;1;2;1094;294
AT13;91300;91305;2023;20230101;1;3;420;35
AT13;91300;91305;2023;20230101;2;1;262;89
AT13;91300;91305;2023;20230101;2;2;1154;384
AT13;91300;91305;2023;20230101;2;3;641;42
AT13;91300;91306;2023;20230101;1;1;143;61
AT13;91300;91306;2023;20230101;1;2;606;210
AT13;91300;91306;2023;20230101;1;3;217;17
AT13;91300;91306;2023;20230101;2;1;137;66
AT13;91300;91306;2023;20230101;2;2;661;270
AT13;91300;91306;2023;20230101;2;3;378;28
AT13;91300;91307;2023;20230101;1;1;153;121
AT13;91300;91307;2023;20230101;1;2;717;349
AT13;91300;91307;2023;20230101;1;3;251;28
AT13;91300;91307;2023;20230101;2;1;180;130
AT13;91300;91307;2023;20230101;2;2;722;380
AT13;91300;91307;2023;20230101;2;3;384;30
AT13;91300;91308;2023;20230101;1;1;361;158
AT13;91300;91308;2023;20230101;1;2;1624;527
AT13;91300;91308;2023;20230101;1;3;676;47
AT13;91300;91308;2023;20230101;2;1;340;140
AT13;91300;91308;2023;20230101;2;2;1619;603
AT13;91300;91308;2023;20230101;2;3;1171;72
AT13;91300;91309;2023;20230101;1;1;251;104
AT13;91300;91309;2023;20230101;1;2;1163;317
AT13;91300;91309;2023;20230101;1;3;446;35
AT13;91300;91309;2023;20230101;2;1;218;75
AT13;91300;91309;2023;20230101;2;2;1178;397
AT13;91300;91309;2023;20230101;2;3;674;31
AT13;91300;91310;2023;20230101;1;1;22;0
AT13;91300;91310;2023;20230101;1;2;75;18
AT13;91300;91310;2023;20230101;1;3;12;1
AT13;91300;91310;2023;20230101;2;1;29;2
AT13;91300;91310;2023;20230101;2;2;91;7
AT13;91300;91310;2023;20230101;2;3;12;3
AT13;91300;91311;2023;20230101;1;1;230;35
AT13;91300;91311;2023;20230101;1;2;1036;144
AT13;91300;91311;2023;20230101;1;3;551;24
AT13;91300;91311;2023;20230101;2;1;234;43
AT13;91300;91311;2023;20230101;2;2;1053;207
AT13;91300;91311;2023;20230101;2;3;663;25
AT13;91300;91399;2023;20230101;1;1;0;0
AT13;91300;91399;2023;20230101;1;2;0;0
AT13;91300;91399;2023;20230101;1;3;0;0
AT13;91300;91399;2023;20230101;2;1;0;0
AT13;91300;91399;2023;20230101;2;2;0;0
AT13;91300;91399;2023;20230101;2;3;0;0
AT13;91400;91401;2023;20230101;1;1;427;247
AT13;91400;91401;2023;20230101;1;2;2019;1228
AT13;91400;91401;2023;20230101;1;3;479;122
AT13;91400;91401;2023;20230101;2;1;383;207
AT13;91400;91401;2023;20230101;2;2;2158;1225
AT13;91400;91401;2023;20230101;2;3;636;115
AT13;91400;91402;2023;20230101;1;1;312;315
AT13;91400;91402;2023;20230101;1;2;1742;1685
AT13;91400;91402;2023;20230101;1;3;368;158
AT13;91400;91402;2023;20230101;2;1;287;244
AT13;91400;91402;2023;20230101;2;2;1660;1360
AT13;91400;91402;2023;20230101;2;3;468;153
AT13;91400;91403;2023;20230101;1;1;445;229
AT13;91400;91403;2023;20230101;1;2;2132;998
AT13;91400;91403;2023;20230101;1;3;560;89
AT13;91400;91403;2023;20230101;2;1;399;220
AT13;91400;91403;2023;20230101;2;2;2281;1118
AT13;91400;91403;2023;20230101;2;3;905;115
AT13;91400;91404;2023;20230101;1;1;854;623
AT13;91400;91404;2023;20230101;1;2;4322;3021
AT13;91400;91404;2023;20230101;1;3;1256;260
AT13;91400;91404;2023;20230101;2;1;786;582
AT13;91400;91404;2023;20230101;2;2;4485;2605
AT13;91400;91404;2023;20230101;2;3;1933;304
AT13;91400;91405;2023;20230101;1;1;279;48
AT13;91400;91405;2023;20230101;1;2;1248;276
AT13;91400;91405;2023;20230101;1;3;414;39
AT13;91400;91405;2023;20230101;2;1;239;61
AT13;91400;91405;2023;20230101;2;2;1274;315
AT13;91400;91405;2023;20230101;2;3;502;43
AT13;91400;91406;2023;20230101;1;1;486;363
AT13;91400;91406;2023;20230101;1;2;2615;1608
AT13;91400;91406;2023;20230101;1;3;897;126
AT13;91400;91406;2023;20230101;2;1;478;314
AT13;91400;91406;2023;20230101;2;2;2767;1485
AT13;91400;91406;2023;20230101;2;3;1526;134
AT13;91400;91407;2023;20230101;1;1;120;144
AT13;91400;91407;2023;20230101;1;2;657;384
AT13;91400;91407;2023;20230101;1;3;162;36
AT13;91400;91407;2023;20230101;2;1;106;142
AT13;91400;91407;2023;20230101;2;2;613;389
AT13;91400;91407;2023;20230101;2;3;214;33
AT13;91400;91408;2023;20230101;1;1;235;119
AT13;91400;91408;2023;20230101;1;2;1000;345
AT13;91400;91408;2023;20230101;1;3;334;29
AT13;91400;91408;2023;20230101;2;1;222;106
AT13;91400;91408;2023;20230101;2;2;1054;375
AT13;91400;91408;2023;20230101;2;3;478;39
AT13;91400;91409;2023;20230101;1;1;27;3
AT13;91400;91409;2023;20230101;1;2;148;18
AT13;91400;91409;2023;20230101;1;3;22;3
AT13;91400;91409;2023;20230101;2;1;18;1
AT13;91400;91409;2023;20230101;2;2;119;19
AT13;91400;91409;2023;20230101;2;3;26;0
AT13;91400;91410;2023;20230101;1;1;543;182
AT13;91400;91410;2023;20230101;1;2;1998;738
AT13;91400;91410;2023;20230101;1;3;719;48
AT13;91400;91410;2023;20230101;2;1;492;150
AT13;91400;91410;2023;20230101;2;2;2137;783
AT13;91400;91410;2023;20230101;2;3;982;71
AT13;91400;91411;2023;20230101;1;1;456;56
AT13;91400;91411;2023;20230101;1;2;1750;244
AT13;91400;91411;2023;20230101;1;3;802;37
AT13;91400;91411;2023;20230101;2;1;396;62
AT13;91400;91411;2023;20230101;2;2;1775;278
AT13;91400;91411;2023;20230101;2;3;1026;37
AT13;91400;91412;2023;20230101;1;1;478;170
AT13;91400;91412;2023;20230101;1;2;1658;664
AT13;91400;91412;2023;20230101;1;3;653;40
AT13;91400;91412;2023;20230101;2;1;447;125
AT13;91400;91412;2023;20230101;2;2;1732;538
AT13;91400;91412;2023;20230101;2;3;716;48
AT13;91400;91499;2023;20230101;1;1;0;0
AT13;91400;91499;2023;20230101;1;2;0;0
AT13;91400;91499;2023;20230101;1;3;0;0
AT13;91400;91499;2023;20230101;2;1;0;0
AT13;91400;91499;2023;20230101;2;2;0;0
AT13;91400;91499;2023;20230101;2;3;0;0
AT13;91500;91501;2023;20230101;1;1;341;297
AT13;91500;91501;2023;20230101;1;2;2136;1681
AT13;91500;91501;2023;20230101;1;3;597;166
AT13;91500;91501;2023;20230101;2;1;329;307
AT13;91500;91501;2023;20230101;2;2;2166;1598
AT13;91500;91501;2023;20230101;2;3;787;175
AT13;91500;91502;2023;20230101;1;1;291;295
AT13;91500;91502;2023;20230101;1;2;1986;2133
AT13;91500;91502;2023;20230101;1;3;303;168
AT13;91500;91502;2023;20230101;2;1;268;281
AT13;91500;91502;2023;20230101;2;2;1776;1769
AT13;91500;91502;2023;20230101;2;3;436;199
AT13;91500;91503;2023;20230101;1;1;383;485
AT13;91500;91503;2023;20230101;1;2;2383;2784
AT13;91500;91503;2023;20230101;1;3;363;201
AT13;91500;91503;2023;20230101;2;1;362;415
AT13;91500;91503;2023;20230101;2;2;2366;2236
AT13;91500;91503;2023;20230101;2;3;518;189
AT13;91500;91504;2023;20230101;1;1;265;277
AT13;91500;91504;2023;20230101;1;2;1587;2082
AT13;91500;91504;2023;20230101;1;3;324;138
AT13;91500;91504;2023;20230101;2;1;233;266
AT13;91500;91504;2023;20230101;2;2;1555;1631
AT13;91500;91504;2023;20230101;2;3;435;133
AT13;91500;91505;2023;20230101;1;1;396;337
AT13;91500;91505;2023;20230101;1;2;2169;1842
AT13;91500;91505;2023;20230101;1;3;624;154
AT13;91500;91505;2023;20230101;2;1;363;352
AT13;91500;91505;2023;20230101;2;2;2140;1663
AT13;91500;91505;2023;20230101;2;3;965;185
AT13;91500;91506;2023;20230101;1;1;458;493
AT13;91500;91506;2023;20230101;1;2;2738;2891
AT13;91500;91506;2023;20230101;1;3;574;273
AT13;91500;91506;2023;20230101;2;1;397;418
AT13;91500;91506;2023;20230101;2;2;2767;2305
AT13;91500;91506;2023;20230101;2;3;905;255
AT13;91500;91507;2023;20230101;1;1;282;171
AT13;91500;91507;2023;20230101;1;2;1766;1171
AT13;91500;91507;2023;20230101;1;3;518;140
AT13;91500;91507;2023;20230101;2;1;275;164
AT13;91500;91507;2023;20230101;2;2;1779;1032
AT13;91500;91507;2023;20230101;2;3;918;133
AT13;91500;91599;2023;20230101;1;1;0;0
AT13;91500;91599;2023;20230101;1;2;0;0
AT13;91500;91599;2023;20230101;1;3;0;0
AT13;91500;91599;2023;20230101;2;1;0;0
AT13;91500;91599;2023;20230101;2;2;0;0
AT13;91500;91599;2023;20230101;2;3;0;0
AT13;91600;91601;2023;20230101;1;1;432;481
AT13;91600;91601;2023;20230101;1;2;2596;2862
AT13;91600;91601;2023;20230101;1;3;577;231
AT13;91600;91601;2023;20230101;2;1;441;466
AT13;91600;91601;2023;20230101;2;2;2685;2402
AT13;91600;91601;2023;20230101;2;3;854;237
AT13;91600;91602;2023;20230101;1;1;231;342
AT13;91600;91602;2023;20230101;1;2;1348;2107
AT13;91600;91602;2023;20230101;1;3;294;192
AT13;91600;91602;2023;20230101;2;1;196;274
AT13;91600;91602;2023;20230101;2;2;1298;1449
AT13;91600;91602;2023;20230101;2;3;343;168
AT13;91600;91603;2023;20230101;1;1;523;418
AT13;91600;91603;2023;20230101;1;2;2692;1794
AT13;91600;91603;2023;20230101;1;3;681;181
AT13;91600;91603;2023;20230101;2;1;506;405
AT13;91600;91603;2023;20230101;2;2;2719;1705
AT13;91600;91603;2023;20230101;2;3;1033;190
AT13;91600;91604;2023;20230101;1;1;348;229
AT13;91600;91604;2023;20230101;1;2;1764;1276
AT13;91600;91604;2023;20230101;1;3;439;116
AT13;91600;91604;2023;20230101;2;1;316;234
AT13;91600;91604;2023;20230101;2;2;1790;1161
AT13;91600;91604;2023;20230101;2;3;675;130
AT13;91600;91605;2023;20230101;1;1;523;443
AT13;91600;91605;2023;20230101;1;2;3209;2815
AT13;91600;91605;2023;20230101;1;3;798;258
AT13;91600;91605;2023;20230101;2;1;539;467
AT13;91600;91605;2023;20230101;2;2;3379;2283
AT13;91600;91605;2023;20230101;2;3;1235;255
AT13;91600;91606;2023;20230101;1;1;452;286
AT13;91600;91606;2023;20230101;1;2;2322;1281
AT13;91600;91606;2023;20230101;1;3;650;141
AT13;91600;91606;2023;20230101;2;1;378;256
AT13;91600;91606;2023;20230101;2;2;2269;1263
AT13;91600;91606;2023;20230101;2;3;954;150
AT13;91600;91607;2023;20230101;1;1;556;372
AT13;91600;91607;2023;20230101;1;2;2494;1881
AT13;91600;91607;2023;20230101;1;3;656;156
AT13;91600;91607;2023;20230101;2;1;519;352
AT13;91600;91607;2023;20230101;2;2;2679;1594
AT13;91600;91607;2023;20230101;2;3;874;162
AT13;91600;91608;2023;20230101;1;1;161;83
AT13;91600;91608;2023;20230101;1;2;903;305
AT13;91600;91608;2023;20230101;1;3;325;21
AT13;91600;91608;2023;20230101;2;1;143;85
AT13;91600;91608;2023;20230101;2;2;921;312
AT13;91600;91608;2023;20230101;2;3;444;23
AT13;91600;91609;2023;20230101;1;1;366;50
AT13;91600;91609;2023;20230101;1;2;1375;203
AT13;91600;91609;2023;20230101;1;3;646;32
AT13;91600;91609;2023;20230101;2;1;312;46
AT13;91600;91609;2023;20230101;2;2;1482;283
AT13;91600;91609;2023;20230101;2;3;953;39
AT13;91600;91610;2023;20230101;1;1;278;393
AT13;91600;91610;2023;20230101;1;2;1631;2515
AT13;91600;91610;2023;20230101;1;3;344;241
AT13;91600;91610;2023;20230101;2;1;289;399
AT13;91600;91610;2023;20230101;2;2;1543;1869
AT13;91600;91610;2023;20230101;2;3;450;247
AT13;91600;91699;2023;20230101;1;1;0;0
AT13;91600;91699;2023;20230101;1;2;0;0
AT13;91600;91699;2023;20230101;1;3;0;0
AT13;91600;91699;2023;20230101;2;1;0;0
AT13;91600;91699;2023;20230101;2;2;0;0
AT13;91600;91699;2023;20230101;2;3;0;0
AT13;91700;91701;2023;20230101;1;1;391;306
AT13;91700;91701;2023;20230101;1;2;2162;1863
AT13;91700;91701;2023;20230101;1;3;505;179
AT13;91700;91701;2023;20230101;2;1;374;308
AT13;91700;91701;2023;20230101;2;2;2325;1627
AT13;91700;91701;2023;20230101;2;3;715;155
AT13;91700;91702;2023;20230101;1;1;494;530
AT13;91700;91702;2023;20230101;1;2;2608;2834
AT13;91700;91702;2023;20230101;1;3;637;209
AT13;91700;91702;2023;20230101;2;1;454;471
AT13;91700;91702;2023;20230101;2;2;2857;2459
AT13;91700;91702;2023;20230101;2;3;903;218
AT13;91700;91703;2023;20230101;1;1;695;534
AT13;91700;91703;2023;20230101;1;2;3487;2759
AT13;91700;91703;2023;20230101;1;3;902;256
AT13;91700;91703;2023;20230101;2;1;651;434
AT13;91700;91703;2023;20230101;2;2;3657;2407
AT13;91700;91703;2023;20230101;2;3;1314;246
AT13;91700;91704;2023;20230101;1;1;246;41
AT13;91700;91704;2023;20230101;1;2;886;229
AT13;91700;91704;2023;20230101;1;3;365;28
AT13;91700;91704;2023;20230101;2;1;255;36
AT13;91700;91704;2023;20230101;2;2;989;254
AT13;91700;91704;2023;20230101;2;3;634;30
AT13;91700;91705;2023;20230101;1;1;424;134
AT13;91700;91705;2023;20230101;1;2;1514;454
AT13;91700;91705;2023;20230101;1;3;561;46
AT13;91700;91705;2023;20230101;2;1;376;122
AT13;91700;91705;2023;20230101;2;2;1623;508
AT13;91700;91705;2023;20230101;2;3;746;47
AT13;91700;91706;2023;20230101;1;1;175;52
AT13;91700;91706;2023;20230101;1;2;552;184
AT13;91700;91706;2023;20230101;1;3;231;17
AT13;91700;91706;2023;20230101;2;1;145;48
AT13;91700;91706;2023;20230101;2;2;571;235
AT13;91700;91706;2023;20230101;2;3;316;33
AT13;91700;91799;2023;20230101;1;1;0;0
AT13;91700;91799;2023;20230101;1;2;0;0
AT13;91700;91799;2023;20230101;1;3;0;0
AT13;91700;91799;2023;20230101;2;1;0;0
AT13;91700;91799;2023;20230101;2;2;0;0
AT13;91700;91799;2023;20230101;2;3;0;0
AT13;91800;91801;2023;20230101;1;1;167;52
AT13;91800;91801;2023;20230101;1;2;448;187
AT13;91800;91801;2023;20230101;1;3;150;32
AT13;91800;91801;2023;20230101;2;1;129;54
AT13;91800;91801;2023;20230101;2;2;542;268
AT13;91800;91801;2023;20230101;2;3;242;28
AT13;91800;91802;2023;20230101;1;1;655;249
AT13;91800;91802;2023;20230101;1;2;3071;1513
AT13;91800;91802;2023;20230101;1;3;811;153
AT13;91800;91802;2023;20230101;2;1;618;259
AT13;91800;91802;2023;20230101;2;2;3459;1734
AT13;91800;91802;2023;20230101;2;3;1236;172
AT13;91800;91803;2023;20230101;1;1;531;360
AT13;91800;91803;2023;20230101;1;2;3164;2295
AT13;91800;91803;2023;20230101;1;3;679;182
AT13;91800;91803;2023;20230101;2;1;555;354
AT13;91800;91803;2023;20230101;2;2;3550;2285
AT13;91800;91803;2023;20230101;2;3;1017;197
AT13;91800;91804;2023;20230101;1;1;433;222
AT13;91800;91804;2023;20230101;1;2;2237;876
AT13;91800;91804;2023;20230101;1;3;688;86
AT13;91800;91804;2023;20230101;2;1;447;186
AT13;91800;91804;2023;20230101;2;2;2366;959
AT13;91800;91804;2023;20230101;2;3;1005;109
AT13;91800;91805;2023;20230101;1;1;614;238
AT13;91800;91805;2023;20230101;1;2;2115;861
AT13;91800;91805;2023;20230101;1;3;782;84
AT13;91800;91805;2023;20230101;2;1;661;245
AT13;91800;91805;2023;20230101;2;2;2458;1068
AT13;91800;91805;2023;20230101;2;3;1307;114
AT13;91800;91899;2023;20230101;1;1;0;0
AT13;91800;91899;2023;20230101;1;2;0;0
AT13;91800;91899;2023;20230101;1;3;0;0
AT13;91800;91899;2023;20230101;2;1;0;0
AT13;91800;91899;2023;20230101;2;2;0;0
AT13;91800;91899;2023;20230101;2;3;0;0
AT13;91900;91901;2023;20230101;1;1;336;138
AT13;91900;91901;2023;20230101;1;2;1367;529
AT13;91900;91901;2023;20230101;1;3;537;64
AT13;91900;91901;2023;20230101;2;1;329;135
AT13;91900;91901;2023;20230101;2;2;1463;619
AT13;91900;91901;2023;20230101;2;3;766;95
AT13;91900;91902;2023;20230101;1;1;324;320
AT13;91900;91902;2023;20230101;1;2;1950;1210
AT13;91900;91902;2023;20230101;1;3;753;106
AT13;91900;91902;2023;20230101;2;1;329;245
AT13;91900;91902;2023;20230101;2;2;1956;1255
AT13;91900;91902;2023;20230101;2;3;1286;120
AT13;91900;91903;2023;20230101;1;1;5;16
AT13;91900;91903;2023;20230101;1;2;120;320
AT13;91900;91903;2023;20230101;1;3;19;3
AT13;91900;91903;2023;20230101;2;1;6;21
AT13;91900;91903;2023;20230101;2;2;92;324
AT13;91900;91903;2023;20230101;2;3;32;6
AT13;91900;91904;2023;20230101;1;1;598;378
AT13;91900;91904;2023;20230101;1;2;3114;1671
AT13;91900;91904;2023;20230101;1;3;891;137
AT13;91900;91904;2023;20230101;2;1;564;345
AT13;91900;91904;2023;20230101;2;2;3223;1940
AT13;91900;91904;2023;20230101;2;3;1357;183
AT13;91900;91905;2023;20230101;1;1;348;250
AT13;91900;91905;2023;20230101;1;2;1595;719
AT13;91900;91905;2023;20230101;1;3;618;79
AT13;91900;91905;2023;20230101;2;1;345;207
AT13;91900;91905;2023;20230101;2;2;1674;883
AT13;91900;91905;2023;20230101;2;3;897;104
AT13;91900;91906;2023;20230101;1;1;328;159
AT13;91900;91906;2023;20230101;1;2;1199;492
AT13;91900;91906;2023;20230101;1;3;457;63
AT13;91900;91906;2023;20230101;2;1;299;159
AT13;91900;91906;2023;20230101;2;2;1160;628
AT13;91900;91906;2023;20230101;2;3;599;75
AT13;91900;91907;2023;20230101;1;1;164;88
AT13;91900;91907;2023;20230101;1;2;652;267
AT13;91900;91907;2023;20230101;1;3;237;35
AT13;91900;91907;2023;20230101;2;1;152;86
AT13;91900;91907;2023;20230101;2;2;704;341
AT13;91900;91907;2023;20230101;2;3;351;40
AT13;91900;91908;2023;20230101;1;1;535;342
AT13;91900;91908;2023;20230101;1;2;2772;1262
AT13;91900;91908;2023;20230101;1;3;1036;137
AT13;91900;91908;2023;20230101;2;1;553;318
AT13;91900;91908;2023;20230101;2;2;2927;1430
AT13;91900;91908;2023;20230101;2;3;1749;173
AT13;91900;91909;2023;20230101;1;1;248;88
AT13;91900;91909;2023;20230101;1;2;912;649
AT13;91900;91909;2023;20230101;1;3;272;53
AT13;91900;91909;2023;20230101;2;1;232;98
AT13;91900;91909;2023;20230101;2;2;1026;708
AT13;91900;91909;2023;20230101;2;3;390;63
AT13;91900;91910;2023;20230101;1;1;508;218
AT13;91900;91910;2023;20230101;1;2;2033;625
AT13;91900;91910;2023;20230101;1;3;870;85
AT13;91900;91910;2023;20230101;2;1;471;189
AT13;91900;91910;2023;20230101;2;2;2196;809
AT13;91900;91910;2023;20230101;2;3;1356;133
AT13;91900;91999;2023;20230101;1;1;0;0
AT13;91900;91999;2023;20230101;1;2;0;0
AT13;91900;91999;2023;20230101;1;3;0;0
AT13;91900;91999;2023;20230101;2;1;0;0
AT13;91900;91999;2023;20230101;2;2;0;0
AT13;91900;91999;2023;20230101;2;3;0;0
AT13;92000;92001;2023;20230101;1;1;425;270
AT13;92000;92001;2023;20230101;1;2;1912;974
AT13;92000;92001;2023;20230101;1;3;383;116
AT13;92000;92001;2023;20230101;2;1;377;263
AT13;92000;92001;2023;20230101;2;2;1851;1068
AT13;92000;92001;2023;20230101;2;3;579;137
AT13;92000;92002;2023;20230101;1;1;502;520
AT13;92000;92002;2023;20230101;1;2;2970;2898
AT13;92000;92002;2023;20230101;1;3;705;242
AT13;92000;92002;2023;20230101;2;1;476;509
AT13;92000;92002;2023;20230101;2;2;2699;2480
AT13;92000;92002;2023;20230101;2;3;1017;273
AT13;92000;92003;2023;20230101;1;1;482;486
AT13;92000;92003;2023;20230101;1;2;2586;2460
AT13;92000;92003;2023;20230101;1;3;670;188
AT13;92000;92003;2023;20230101;2;1;423;416
AT13;92000;92003;2023;20230101;2;2;2524;2193
AT13;92000;92003;2023;20230101;2;3;1041;213
AT13;92000;92004;2023;20230101;1;1;418;241
AT13;92000;92004;2023;20230101;1;2;1813;1548
AT13;92000;92004;2023;20230101;1;3;491;86
AT13;92000;92004;2023;20230101;2;1;327;219
AT13;92000;92004;2023;20230101;2;2;1812;1542
AT13;92000;92004;2023;20230101;2;3;716;114
AT13;92000;92005;2023;20230101;1;1;347;325
AT13;92000;92005;2023;20230101;1;2;1926;2228
AT13;92000;92005;2023;20230101;1;3;414;166
AT13;92000;92005;2023;20230101;2;1;284;338
AT13;92000;92005;2023;20230101;2;2;2042;1690
AT13;92000;92005;2023;20230101;2;3;601;194
AT13;92000;92006;2023;20230101;1;1;346;439
AT13;92000;92006;2023;20230101;1;2;1611;1426
AT13;92000;92006;2023;20230101;1;3;472;117
AT13;92000;92006;2023;20230101;2;1;365;367
AT13;92000;92006;2023;20230101;2;2;1556;1324
AT13;92000;92006;2023;20230101;2;3;762;148
AT13;92000;92007;2023;20230101;1;1;560;444
AT13;92000;92007;2023;20230101;1;2;2623;1921
AT13;92000;92007;2023;20230101;1;3;785;140
AT13;92000;92007;2023;20230101;2;1;556;430
AT13;92000;92007;2023;20230101;2;2;2605;1857
AT13;92000;92007;2023;20230101;2;3;1222;198
AT13;92000;92008;2023;20230101;1;1;155;225
AT13;92000;92008;2023;20230101;1;2;947;1298
AT13;92000;92008;2023;20230101;1;3;359;69
AT13;92000;92008;2023;20230101;2;1;156;238
AT13;92000;92008;2023;20230101;2;2;900;1252
AT13;92000;92008;2023;20230101;2;3;523;84
AT13;92000;92099;2023;20230101;1;1;0;0
AT13;92000;92099;2023;20230101;1;2;0;0
AT13;92000;92099;2023;20230101;1;3;0;0
AT13;92000;92099;2023;20230101;2;1;0;0
AT13;92000;92099;2023;20230101;2;2;0;0
AT13;92000;92099;2023;20230101;2;3;0;0
AT13;92100;92101;2023;20230101;1;1;94;22
AT13;92100;92101;2023;20230101;1;2;434;51
AT13;92100;92101;2023;20230101;1;3;151;7
AT13;92100;92101;2023;20230101;2;1;101;12
AT13;92100;92101;2023;20230101;2;2;480;68
AT13;92100;92101;2023;20230101;2;3;175;6
AT13;92100;92102;2023;20230101;1;1;592;187
AT13;92100;92102;2023;20230101;1;2;2456;635
AT13;92100;92102;2023;20230101;1;3;414;65
AT13;92100;92102;2023;20230101;2;1;536;224
AT13;92100;92102;2023;20230101;2;2;2581;732
AT13;92100;92102;2023;20230101;2;3;546;73
AT13;92100;92103;2023;20230101;1;1;640;188
AT13;92100;92103;2023;20230101;1;2;2161;497
AT13;92100;92103;2023;20230101;1;3;488;54
AT13;92100;92103;2023;20230101;2;1;524;164
AT13;92100;92103;2023;20230101;2;2;2419;600
AT13;92100;92103;2023;20230101;2;3;561;37
AT13;92100;92104;2023;20230101;1;1;260;128
AT13;92100;92104;2023;20230101;1;2;998;309
AT13;92100;92104;2023;20230101;1;3;455;21
AT13;92100;92104;2023;20230101;2;1;219;125
AT13;92100;92104;2023;20230101;2;2;1021;352
AT13;92100;92104;2023;20230101;2;3;588;25
AT13;92100;92105;2023;20230101;1;1;1054;738
AT13;92100;92105;2023;20230101;1;2;3952;1744
AT13;92100;92105;2023;20230101;1;3;1470;120
AT13;92100;92105;2023;20230101;2;1;860;692
AT13;92100;92105;2023;20230101;2;2;3986;1991
AT13;92100;92105;2023;20230101;2;3;2391;160
AT13;92100;92106;2023;20230101;1;1;160;141
AT13;92100;92106;2023;20230101;1;2;734;519
AT13;92100;92106;2023;20230101;1;3;112;35
AT13;92100;92106;2023;20230101;2;1;171;139
AT13;92100;92106;2023;20230101;2;2;696;569
AT13;92100;92106;2023;20230101;2;3;164;41
AT13;92100;92107;2023;20230101;1;1;525;373
AT13;92100;92107;2023;20230101;1;2;1906;1275
AT13;92100;92107;2023;20230101;1;3;289;54
AT13;92100;92107;2023;20230101;2;1;453;329
AT13;92100;92107;2023;20230101;2;2;1812;1212
AT13;92100;92107;2023;20230101;2;3;329;59
AT13;92100;92108;2023;20230101;1;1;399;182
AT13;92100;92108;2023;20230101;1;2;1217;591
AT13;92100;92108;2023;20230101;1;3;254;21
AT13;92100;92108;2023;20230101;2;1;322;193
AT13;92100;92108;2023;20230101;2;2;1318;626
AT13;92100;92108;2023;20230101;2;3;342;40
AT13;92100;92109;2023;20230101;1;1;370;182
AT13;92100;92109;2023;20230101;1;2;1570;561
AT13;92100;92109;2023;20230101;1;3;635;33
AT13;92100;92109;2023;20230101;2;1;389;182
AT13;92100;92109;2023;20230101;2;2;1663;616
AT13;92100;92109;2023;20230101;2;3;847;50
AT13;92100;92110;2023;20230101;1;1;228;183
AT13;92100;92110;2023;20230101;1;2;1501;754
AT13;92100;92110;2023;20230101;1;3;358;44
AT13;92100;92110;2023;20230101;2;1;212;194
AT13;92100;92110;2023;20230101;2;2;1166;689
AT13;92100;92110;2023;20230101;2;3;384;43
AT13;92100;92111;2023;20230101;1;1;247;144
AT13;92100;92111;2023;20230101;1;2;1216;570
AT13;92100;92111;2023;20230101;1;3;259;30
AT13;92100;92111;2023;20230101;2;1;196;123
AT13;92100;92111;2023;20230101;2;2;1330;517
AT13;92100;92111;2023;20230101;2;3;469;52
AT13;92100;92112;2023;20230101;1;1;706;385
AT13;92100;92112;2023;20230101;1;2;2075;867
AT13;92100;92112;2023;20230101;1;3;421;53
AT13;92100;92112;2023;20230101;2;1;659;331
AT13;92100;92112;2023;20230101;2;2;2217;1000
AT13;92100;92112;2023;20230101;2;3;550;65
AT13;92100;92113;2023;20230101;1;1;484;104
AT13;92100;92113;2023;20230101;1;2;1599;398
AT13;92100;92113;2023;20230101;1;3;307;30
AT13;92100;92113;2023;20230101;2;1;379;122
AT13;92100;92113;2023;20230101;2;2;1764;412
AT13;92100;92113;2023;20230101;2;3;396;38
AT13;92100;92114;2023;20230101;1;1;266;203
AT13;92100;92114;2023;20230101;1;2;1213;537
AT13;92100;92114;2023;20230101;1;3;399;30
AT13;92100;92114;2023;20230101;2;1;257;189
AT13;92100;92114;2023;20230101;2;2;1043;593
AT13;92100;92114;2023;20230101;2;3;570;45
AT13;92100;92115;2023;20230101;1;1;313;185
AT13;92100;92115;2023;20230101;1;2;1200;519
AT13;92100;92115;2023;20230101;1;3;309;29
AT13;92100;92115;2023;20230101;2;1;286;158
AT13;92100;92115;2023;20230101;2;2;1260;557
AT13;92100;92115;2023;20230101;2;3;497;25
AT13;92100;92116;2023;20230101;1;1;123;27
AT13;92100;92116;2023;20230101;1;2;856;112
AT13;92100;92116;2023;20230101;1;3;447;15
AT13;92100;92116;2023;20230101;2;1;130;16
AT13;92100;92116;2023;20230101;2;2;899;134
AT13;92100;92116;2023;20230101;2;3;542;16
AT13;92100;92117;2023;20230101;1;1;321;241
AT13;92100;92117;2023;20230101;1;2;1599;787
AT13;92100;92117;2023;20230101;1;3;410;66
AT13;92100;92117;2023;20230101;2;1;292;241
AT13;92100;92117;2023;20230101;2;2;1493;844
AT13;92100;92117;2023;20230101;2;3;615;75
AT13;92100;92118;2023;20230101;1;1;332;312
AT13;92100;92118;2023;20230101;1;2;1535;1194
AT13;92100;92118;2023;20230101;1;3;516;84
AT13;92100;92118;2023;20230101;2;1;281;276
AT13;92100;92118;2023;20230101;2;2;1508;1022
AT13;92100;92118;2023;20230101;2;3;627;85
AT13;92100;92119;2023;20230101;1;1;330;186
AT13;92100;92119;2023;20230101;1;2;1294;680
AT13;92100;92119;2023;20230101;1;3;272;59
AT13;92100;92119;2023;20230101;2;1;297;187
AT13;92100;92119;2023;20230101;2;2;1285;727
AT13;92100;92119;2023;20230101;2;3;306;69
AT13;92100;92120;2023;20230101;1;1;163;80
AT13;92100;92120;2023;20230101;1;2;550;368
AT13;92100;92120;2023;20230101;1;3;76;20
AT13;92100;92120;2023;20230101;2;1;129;88
AT13;92100;92120;2023;20230101;2;2;512;360
AT13;92100;92120;2023;20230101;2;3;101;34
AT13;92100;92121;2023;20230101;1;1;269;300
AT13;92100;92121;2023;20230101;1;2;1448;1172
AT13;92100;92121;2023;20230101;1;3;352;100
AT13;92100;92121;2023;20230101;2;1;235;251
AT13;92100;92121;2023;20230101;2;2;1217;985
AT13;92100;92121;2023;20230101;2;3;506;109
AT13;92100;92122;2023;20230101;1;1;398;330
AT13;92100;92122;2023;20230101;1;2;1843;1468
AT13;92100;92122;2023;20230101;1;3;647;106
AT13;92100;92122;2023;20230101;2;1;370;302
AT13;92100;92122;2023;20230101;2;2;1903;1403
AT13;92100;92122;2023;20230101;2;3;971;113
AT13;92100;92123;2023;20230101;1;1;396;454
AT13;92100;92123;2023;20230101;1;2;2020;1716
AT13;92100;92123;2023;20230101;1;3;757;130
AT13;92100;92123;2023;20230101;2;1;360;422
AT13;92100;92123;2023;20230101;2;2;1973;1615
AT13;92100;92123;2023;20230101;2;3;1095;158
AT13;92100;92124;2023;20230101;1;1;424;187
AT13;92100;92124;2023;20230101;1;2;1397;635
AT13;92100;92124;2023;20230101;1;3;348;48
AT13;92100;92124;2023;20230101;2;1;419;158
AT13;92100;92124;2023;20230101;2;2;1565;656
AT13;92100;92124;2023;20230101;2;3;561;61
AT13;92100;92125;2023;20230101;1;1;494;178
AT13;92100;92125;2023;20230101;1;2;1757;718
AT13;92100;92125;2023;20230101;1;3;256;47
AT13;92100;92125;2023;20230101;2;1;407;181
AT13;92100;92125;2023;20230101;2;2;1956;801
AT13;92100;92125;2023;20230101;2;3;305;51
AT13;92100;92126;2023;20230101;1;1;403;211
AT13;92100;92126;2023;20230101;1;2;2014;819
AT13;92100;92126;2023;20230101;1;3;479;73
AT13;92100;92126;2023;20230101;2;1;408;201
AT13;92100;92126;2023;20230101;2;2;2184;953
AT13;92100;92126;2023;20230101;2;3;734;75
AT13;92100;92127;2023;20230101;1;1;109;47
AT13;92100;92127;2023;20230101;1;2;437;148
AT13;92100;92127;2023;20230101;1;3;158;21
AT13;92100;92127;2023;20230101;2;1;104;49
AT13;92100;92127;2023;20230101;2;2;409;168
AT13;92100;92127;2023;20230101;2;3;181;23
AT13;92100;92128;2023;20230101;1;1;0;2
AT13;92100;92128;2023;20230101;1;2;54;45
AT13;92100;92128;2023;20230101;1;3;24;4
AT13;92100;92128;2023;20230101;2;1;1;7
AT13;92100;92128;2023;20230101;2;2;32;34
AT13;92100;92128;2023;20230101;2;3;35;3
AT13;92100;92129;2023;20230101;1;1;100;41
AT13;92100;92129;2023;20230101;1;2;270;135
AT13;92100;92129;2023;20230101;1;3;30;5
AT13;92100;92129;2023;20230101;2;1;90;49
AT13;92100;92129;2023;20230101;2;2;292;139
AT13;92100;92129;2023;20230101;2;3;26;11
AT13;92100;92130;2023;20230101;1;1;1;2
AT13;92100;92130;2023;20230101;1;2;4;3
AT13;92100;92130;2023;20230101;1;3;2;0
AT13;92100;92130;2023;20230101;2;1;1;2
AT13;92100;92130;2023;20230101;2;2;0;4
AT13;92100;92130;2023;20230101;2;3;1;0
AT13;92100;92199;2023;20230101;1;1;0;0
AT13;92100;92199;2023;20230101;1;2;0;0
AT13;92100;92199;2023;20230101;1;3;0;0
AT13;92100;92199;2023;20230101;2;1;0;0
AT13;92100;92199;2023;20230101;2;2;0;0
AT13;92100;92199;2023;20230101;2;3;0;0
AT13;92200;92201;2023;20230101;1;1;130;25
AT13;92200;92201;2023;20230101;1;2;638;152
AT13;92200;92201;2023;20230101;1;3;179;12
AT13;92200;92201;2023;20230101;2;1;143;38
AT13;92200;92201;2023;20230101;2;2;613;148
AT13;92200;92201;2023;20230101;2;3;202;14
AT13;92200;92202;2023;20230101;1;1;547;107
AT13;92200;92202;2023;20230101;1;2;1989;411
AT13;92200;92202;2023;20230101;1;3;209;38
AT13;92200;92202;2023;20230101;2;1;580;84
AT13;92200;92202;2023;20230101;2;2;2034;481
AT13;92200;92202;2023;20230101;2;3;276;48
AT13;92200;92203;2023;20230101;1;1;117;13
AT13;92200;92203;2023;20230101;1;2;459;77
AT13;92200;92203;2023;20230101;1;3;179;7
AT13;92200;92203;2023;20230101;2;1;83;18
AT13;92200;92203;2023;20230101;2;2;436;77
AT13;92200;92203;2023;20230101;2;3;200;9
AT13;92200;92204;2023;20230101;1;1;324;70
AT13;92200;92204;2023;20230101;1;2;1223;225
AT13;92200;92204;2023;20230101;1;3;342;21
AT13;92200;92204;2023;20230101;2;1;261;50
AT13;92200;92204;2023;20230101;2;2;1252;239
AT13;92200;92204;2023;20230101;2;3;391;33
AT13;92200;92205;2023;20230101;1;1;1059;570
AT13;92200;92205;2023;20230101;1;2;3922;1973
AT13;92200;92205;2023;20230101;1;3;495;73
AT13;92200;92205;2023;20230101;2;1;1026;512
AT13;92200;92205;2023;20230101;2;2;4038;2220
AT13;92200;92205;2023;20230101;2;3;630;111
AT13;92200;92206;2023;20230101;1;1;808;396
AT13;92200;92206;2023;20230101;1;2;3031;953
AT13;92200;92206;2023;20230101;1;3;775;57
AT13;92200;92206;2023;20230101;2;1;755;376
AT13;92200;92206;2023;20230101;2;2;3134;1125
AT13;92200;92206;2023;20230101;2;3;1085;76
AT13;92200;92207;2023;20230101;1;1;306;64
AT13;92200;92207;2023;20230101;1;2;1267;297
AT13;92200;92207;2023;20230101;1;3;386;38
AT13;92200;92207;2023;20230101;2;1;253;87
AT13;92200;92207;2023;20230101;2;2;1372;326
AT13;92200;92207;2023;20230101;2;3;474;45
AT13;92200;92208;2023;20230101;1;1;1305;775
AT13;92200;92208;2023;20230101;1;2;4644;2407
AT13;92200;92208;2023;20230101;1;3;1050;155
AT13;92200;92208;2023;20230101;2;1;1193;656
AT13;92200;92208;2023;20230101;2;2;4963;2629
AT13;92200;92208;2023;20230101;2;3;1417;190
AT13;92200;92209;2023;20230101;1;1;833;596
AT13;92200;92209;2023;20230101;1;2;3241;1611
AT13;92200;92209;2023;20230101;1;3;1003;103
AT13;92200;92209;2023;20230101;2;1;716;558
AT13;92200;92209;2023;20230101;2;2;3564;1873
AT13;92200;92209;2023;20230101;2;3;1384;120
AT13;92200;92210;2023;20230101;1;1;539;250
AT13;92200;92210;2023;20230101;1;2;2183;1073
AT13;92200;92210;2023;20230101;1;3;407;72
AT13;92200;92210;2023;20230101;2;1;488;218
AT13;92200;92210;2023;20230101;2;2;2290;1235
AT13;92200;92210;2023;20230101;2;3;650;91
AT13;92200;92211;2023;20230101;1;1;415;365
AT13;92200;92211;2023;20230101;1;2;2582;1303
AT13;92200;92211;2023;20230101;1;3;895;151
AT13;92200;92211;2023;20230101;2;1;408;326
AT13;92200;92211;2023;20230101;2;2;2642;1444
AT13;92200;92211;2023;20230101;2;3;1298;180
AT13;92200;92212;2023;20230101;1;1;172;106
AT13;92200;92212;2023;20230101;1;2;923;384
AT13;92200;92212;2023;20230101;1;3;278;60
AT13;92200;92212;2023;20230101;2;1;157;94
AT13;92200;92212;2023;20230101;2;2;954;433
AT13;92200;92212;2023;20230101;2;3;389;46
AT13;92200;92213;2023;20230101;1;1;302;236
AT13;92200;92213;2023;20230101;1;2;1601;873
AT13;92200;92213;2023;20230101;1;3;476;63
AT13;92200;92213;2023;20230101;2;1;284;247
AT13;92200;92213;2023;20230101;2;2;1601;943
AT13;92200;92213;2023;20230101;2;3;787;69
AT13;92200;92214;2023;20230101;1;1;297;74
AT13;92200;92214;2023;20230101;1;2;1362;216
AT13;92200;92214;2023;20230101;1;3;389;19
AT13;92200;92214;2023;20230101;2;1;281;75
AT13;92200;92214;2023;20230101;2;2;1403;260
AT13;92200;92214;2023;20230101;2;3;543;17
AT13;92200;92215;2023;20230101;1;1;432;307
AT13;92200;92215;2023;20230101;1;2;1859;871
AT13;92200;92215;2023;20230101;1;3;628;62
AT13;92200;92215;2023;20230101;2;1;415;339
AT13;92200;92215;2023;20230101;2;2;1799;984
AT13;92200;92215;2023;20230101;2;3;1118;81
AT13;92200;92216;2023;20230101;1;1;166;64
AT13;92200;92216;2023;20230101;1;2;579;294
AT13;92200;92216;2023;20230101;1;3;131;15
AT13;92200;92216;2023;20230101;2;1;182;60
AT13;92200;92216;2023;20230101;2;2;603;213
AT13;92200;92216;2023;20230101;2;3;183;13
AT13;92200;92217;2023;20230101;1;1;130;29
AT13;92200;92217;2023;20230101;1;2;619;302
AT13;92200;92217;2023;20230101;1;3;215;17
AT13;92200;92217;2023;20230101;2;1;139;23
AT13;92200;92217;2023;20230101;2;2;612;377
AT13;92200;92217;2023;20230101;2;3;242;15
AT13;92200;92218;2023;20230101;1;1;478;174
AT13;92200;92218;2023;20230101;1;2;1974;518
AT13;92200;92218;2023;20230101;1;3;367;39
AT13;92200;92218;2023;20230101;2;1;452;170
AT13;92200;92218;2023;20230101;2;2;2158;583
AT13;92200;92218;2023;20230101;2;3;527;60
AT13;92200;92219;2023;20230101;1;1;302;254
AT13;92200;92219;2023;20230101;1;2;1499;1077
AT13;92200;92219;2023;20230101;1;3;312;67
AT13;92200;92219;2023;20230101;2;1;305;254
AT13;92200;92219;2023;20230101;2;2;1535;897
AT13;92200;92219;2023;20230101;2;3;443;80
AT13;92200;92220;2023;20230101;1;1;219;119
AT13;92200;92220;2023;20230101;1;2;861;341
AT13;92200;92220;2023;20230101;1;3;204;33
AT13;92200;92220;2023;20230101;2;1;224;96
AT13;92200;92220;2023;20230101;2;2;878;362
AT13;92200;92220;2023;20230101;2;3;258;32
AT13;92200;92221;2023;20230101;1;1;239;100
AT13;92200;92221;2023;20230101;1;2;824;371
AT13;92200;92221;2023;20230101;1;3;138;18
AT13;92200;92221;2023;20230101;2;1;221;88
AT13;92200;92221;2023;20230101;2;2;878;403
AT13;92200;92221;2023;20230101;2;3;217;23
AT13;92200;92222;2023;20230101;1;1;327;85
AT13;92200;92222;2023;20230101;1;2;1670;392
AT13;92200;92222;2023;20230101;1;3;373;41
AT13;92200;92222;2023;20230101;2;1;263;92
AT13;92200;92222;2023;20230101;2;2;2031;412
AT13;92200;92222;2023;20230101;2;3;685;39
AT13;92200;92223;2023;20230101;1;1;443;170
AT13;92200;92223;2023;20230101;1;2;1699;579
AT13;92200;92223;2023;20230101;1;3;320;54
AT13;92200;92223;2023;20230101;2;1;415;169
AT13;92200;92223;2023;20230101;2;2;1822;631
AT13;92200;92223;2023;20230101;2;3;404;56
AT13;92200;92224;2023;20230101;1;1;347;75
AT13;92200;92224;2023;20230101;1;2;1584;308
AT13;92200;92224;2023;20230101;1;3;418;42
AT13;92200;92224;2023;20230101;2;1;333;76
AT13;92200;92224;2023;20230101;2;2;1692;353
AT13;92200;92224;2023;20230101;2;3;478;41
AT13;92200;92225;2023;20230101;1;1;180;21
AT13;92200;92225;2023;20230101;1;2;597;78
AT13;92200;92225;2023;20230101;1;3;193;9
AT13;92200;92225;2023;20230101;2;1;169;20
AT13;92200;92225;2023;20230101;2;2;658;94
AT13;92200;92225;2023;20230101;2;3;233;14
AT13;92200;92226;2023;20230101;1;1;304;67
AT13;92200;92226;2023;20230101;1;2;1234;227
AT13;92200;92226;2023;20230101;1;3;377;34
AT13;92200;92226;2023;20230101;2;1;296;66
AT13;92200;92226;2023;20230101;2;2;1249;281
AT13;92200;92226;2023;20230101;2;3;426;33
AT13;92200;92227;2023;20230101;1;1;683;197
AT13;92200;92227;2023;20230101;1;2;2511;536
AT13;92200;92227;2023;20230101;1;3;509;55
AT13;92200;92227;2023;20230101;2;1;687;163
AT13;92200;92227;2023;20230101;2;2;2649;619
AT13;92200;92227;2023;20230101;2;3;596;55
AT13;92200;92228;2023;20230101;1;1;416;98
AT13;92200;92228;2023;20230101;1;2;1410;319
AT13;92200;92228;2023;20230101;1;3;226;35
AT13;92200;92228;2023;20230101;2;1;375;85
AT13;92200;92228;2023;20230101;2;2;1484;364
AT13;92200;92228;2023;20230101;2;3;270;29
AT13;92200;92229;2023;20230101;1;1;256;47
AT13;92200;92229;2023;20230101;1;2;992;207
AT13;92200;92229;2023;20230101;1;3;343;40
AT13;92200;92229;2023;20230101;2;1;234;61
AT13;92200;92229;2023;20230101;2;2;1012;243
AT13;92200;92229;2023;20230101;2;3;412;37
AT13;92200;92230;2023;20230101;1;1;0;0
AT13;92200;92230;2023;20230101;1;2;6;5
AT13;92200;92230;2023;20230101;1;3;0;1
AT13;92200;92230;2023;20230101;2;1;0;0
AT13;92200;92230;2023;20230101;2;2;4;0
AT13;92200;92230;2023;20230101;2;3;0;1
AT13;92200;92231;2023;20230101;1;1;240;130
AT13;92200;92231;2023;20230101;1;2;823;533
AT13;92200;92231;2023;20230101;1;3;84;20
AT13;92200;92231;2023;20230101;2;1;241;113
AT13;92200;92231;2023;20230101;2;2;841;576
AT13;92200;92231;2023;20230101;2;3;140;25
AT13;92200;92232;2023;20230101;1;1;169;111
AT13;92200;92232;2023;20230101;1;2;1163;607
AT13;92200;92232;2023;20230101;1;3;215;89
AT13;92200;92232;2023;20230101;2;1;157;113
AT13;92200;92232;2023;20230101;2;2;1101;747
AT13;92200;92232;2023;20230101;2;3;249;106
AT13;92200;92299;2023;20230101;1;1;0;0
AT13;92200;92299;2023;20230101;1;2;0;0
AT13;92200;92299;2023;20230101;1;3;0;0
AT13;92200;92299;2023;20230101;2;1;0;0
AT13;92200;92299;2023;20230101;2;2;0;0
AT13;92200;92299;2023;20230101;2;3;0;0
AT13;92300;92301;2023;20230101;1;1;183;102
AT13;92300;92301;2023;20230101;1;2;736;393
AT13;92300;92301;2023;20230101;1;3;152;26
AT13;92300;92301;2023;20230101;2;1;177;77
AT13;92300;92301;2023;20230101;2;2;767;295
AT13;92300;92301;2023;20230101;2;3;198;28
AT13;92300;92302;2023;20230101;1;1;366;132
AT13;92300;92302;2023;20230101;1;2;1386;907
AT13;92300;92302;2023;20230101;1;3;307;75
AT13;92300;92302;2023;20230101;2;1;328;127
AT13;92300;92302;2023;20230101;2;2;1378;635
AT13;92300;92302;2023;20230101;2;3;385;73
AT13;92300;92303;2023;20230101;1;1;231;52
AT13;92300;92303;2023;20230101;1;2;934;263
AT13;92300;92303;2023;20230101;1;3;409;30
AT13;92300;92303;2023;20230101;2;1;187;46
AT13;92300;92303;2023;20230101;2;2;864;250
AT13;92300;92303;2023;20230101;2;3;534;30
AT13;92300;92304;2023;20230101;1;1;1061;428
AT13;92300;92304;2023;20230101;1;2;3230;1483
AT13;92300;92304;2023;20230101;1;3;423;108
AT13;92300;92304;2023;20230101;2;1;1034;426
AT13;92300;92304;2023;20230101;2;2;3590;1551
AT13;92300;92304;2023;20230101;2;3;793;86
AT13;92300;92305;2023;20230101;1;1;502;257
AT13;92300;92305;2023;20230101;1;2;2266;955
AT13;92300;92305;2023;20230101;1;3;706;65
AT13;92300;92305;2023;20230101;2;1;475;273
AT13;92300;92305;2023;20230101;2;2;2337;922
AT13;92300;92305;2023;20230101;2;3;925;86
AT13;92300;92306;2023;20230101;1;1;102;33
AT13;92300;92306;2023;20230101;1;2;426;139
AT13;92300;92306;2023;20230101;1;3;79;15
AT13;92300;92306;2023;20230101;2;1;94;38
AT13;92300;92306;2023;20230101;2;2;464;150
AT13;92300;92306;2023;20230101;2;3;105;11
AT13;92300;92307;2023;20230101;1;1;746;407
AT13;92300;92307;2023;20230101;1;2;2681;1374
AT13;92300;92307;2023;20230101;1;3;583;108
AT13;92300;92307;2023;20230101;2;1;713;350
AT13;92300;92307;2023;20230101;2;2;2849;1360
AT13;92300;92307;2023;20230101;2;3;882;99
AT13;92300;92308;2023;20230101;1;1;590;309
AT13;92300;92308;2023;20230101;1;2;1924;1007
AT13;92300;92308;2023;20230101;1;3;429;47
AT13;92300;92308;2023;20230101;2;1;603;297
AT13;92300;92308;2023;20230101;2;2;2118;1026
AT13;92300;92308;2023;20230101;2;3;696;57
AT13;92300;92309;2023;20230101;1;1;378;167
AT13;92300;92309;2023;20230101;1;2;1522;687
AT13;92300;92309;2023;20230101;1;3;763;39
AT13;92300;92309;2023;20230101;2;1;376;144
AT13;92300;92309;2023;20230101;2;2;1668;643
AT13;92300;92309;2023;20230101;2;3;1124;65
AT13;92300;92310;2023;20230101;1;1;313;185
AT13;92300;92310;2023;20230101;1;2;1095;433
AT13;92300;92310;2023;20230101;1;3;505;26
AT13;92300;92310;2023;20230101;2;1;263;176
AT13;92300;92310;2023;20230101;2;2;1113;521
AT13;92300;92310;2023;20230101;2;3;707;52
AT13;92300;92311;2023;20230101;1;1;451;225
AT13;92300;92311;2023;20230101;1;2;1897;862
AT13;92300;92311;2023;20230101;1;3;585;74
AT13;92300;92311;2023;20230101;2;1;423;191
AT13;92300;92311;2023;20230101;2;2;2001;891
AT13;92300;92311;2023;20230101;2;3;916;87
AT13;92300;92312;2023;20230101;1;1;306;188
AT13;92300;92312;2023;20230101;1;2;1288;506
AT13;92300;92312;2023;20230101;1;3;511;39
AT13;92300;92312;2023;20230101;2;1;256;166
AT13;92300;92312;2023;20230101;2;2;1389;556
AT13;92300;92312;2023;20230101;2;3;655;40
AT13;92300;92313;2023;20230101;1;1;224;38
AT13;92300;92313;2023;20230101;1;2;982;180
AT13;92300;92313;2023;20230101;1;3;506;21
AT13;92300;92313;2023;20230101;2;1;209;45
AT13;92300;92313;2023;20230101;2;2;993;219
AT13;92300;92313;2023;20230101;2;3;710;25
AT13;92300;92314;2023;20230101;1;1;275;128
AT13;92300;92314;2023;20230101;1;2;1196;298
AT13;92300;92314;2023;20230101;1;3;476;30
AT13;92300;92314;2023;20230101;2;1;308;99
AT13;92300;92314;2023;20230101;2;2;1277;367
AT13;92300;92314;2023;20230101;2;3;606;34
AT13;92300;92315;2023;20230101;1;1;137;21
AT13;92300;92315;2023;20230101;1;2;556;104
AT13;92300;92315;2023;20230101;1;3;261;14
AT13;92300;92315;2023;20230101;2;1;142;17
AT13;92300;92315;2023;20230101;2;2;570;123
AT13;92300;92315;2023;20230101;2;3;329;20
AT13;92300;92316;2023;20230101;1;1;246;87
AT13;92300;92316;2023;20230101;1;2;778;283
AT13;92300;92316;2023;20230101;1;3;255;27
AT13;92300;92316;2023;20230101;2;1;262;79
AT13;92300;92316;2023;20230101;2;2;847;313
AT13;92300;92316;2023;20230101;2;3;344;30
AT13;92300;92317;2023;20230101;1;1;19;4
AT13;92300;92317;2023;20230101;1;2;71;48
AT13;92300;92317;2023;20230101;1;3;31;4
AT13;92300;92317;2023;20230101;2;1;18;3
AT13;92300;92317;2023;20230101;2;2;68;26
AT13;92300;92317;2023;20230101;2;3;31;8
AT13;92300;92318;2023;20230101;1;1;298;136
AT13;92300;92318;2023;20230101;1;2;1400;410
AT13;92300;92318;2023;20230101;1;3;511;34
AT13;92300;92318;2023;20230101;2;1;289;116
AT13;92300;92318;2023;20230101;2;2;1513;426
AT13;92300;92318;2023;20230101;2;3;562;29
AT13;92300;92319;2023;20230101;1;1;453;120
AT13;92300;92319;2023;20230101;1;2;2074;459
AT13;92300;92319;2023;20230101;1;3;1091;61
AT13;92300;92319;2023;20230101;2;1;392;110
AT13;92300;92319;2023;20230101;2;2;2386;560
AT13;92300;92319;2023;20230101;2;3;1521;85
AT13;92300;92399;2023;20230101;1;1;0;0
AT13;92300;92399;2023;20230101;1;2;0;0
AT13;92300;92399;2023;20230101;1;3;0;0
AT13;92300;92399;2023;20230101;2;1;0;0
AT13;92300;92399;2023;20230101;2;2;0;0
AT13;92300;92399;2023;20230101;2;3;0;0
AT13;90100;90101;2024;20240101;1;1;132;52
AT13;90100;90101;2024;20240101;1;2;824;382
AT13;90100;90101;2024;20240101;1;3;385;65
AT13;90100;90101;2024;20240101;2;1;122;53
AT13;90100;90101;2024;20240101;2;2;808;469
AT13;90100;90101;2024;20240101;2;3;491;74
AT13;90100;90102;2024;20240101;1;1;57;32
AT13;90100;90102;2024;20240101;1;2;280;176
AT13;90100;90102;2024;20240101;1;3;143;37
AT13;90100;90102;2024;20240101;2;1;51;37
AT13;90100;90102;2024;20240101;2;2;296;222
AT13;90100;90102;2024;20240101;2;3;187;32
AT13;90100;90103;2024;20240101;1;1;78;36
AT13;90100;90103;2024;20240101;1;2;388;228
AT13;90100;90103;2024;20240101;1;3;196;61
AT13;90100;90103;2024;20240101;2;1;75;42
AT13;90100;90103;2024;20240101;2;2;377;295
AT13;90100;90103;2024;20240101;2;3;242;59
AT13;90100;90104;2024;20240101;1;1;43;22
AT13;90100;90104;2024;20240101;1;2;294;148
AT13;90100;90104;2024;20240101;1;3;137;26
AT13;90100;90104;2024;20240101;2;1;47;24
AT13;90100;90104;2024;20240101;2;2;275;175
AT13;90100;90104;2024;20240101;2;3;182;22
AT13;90100;90105;2024;20240101;1;1;101;78
AT13;90100;90105;2024;20240101;1;2;509;332
AT13;90100;90105;2024;20240101;1;3;184;56
AT13;90100;90105;2024;20240101;2;1;90;82
AT13;90100;90105;2024;20240101;2;2;492;484
AT13;90100;90105;2024;20240101;2;3;207;105
AT13;90100;90106;2024;20240101;1;1;87;35
AT13;90100;90106;2024;20240101;1;2;557;199
AT13;90100;90106;2024;20240101;1;3;259;48
AT13;90100;90106;2024;20240101;2;1;94;46
AT13;90100;90106;2024;20240101;2;2;529;281
AT13;90100;90106;2024;20240101;2;3;308;51
AT13;90100;90107;2024;20240101;1;1;73;25
AT13;90100;90107;2024;20240101;1;2;554;249
AT13;90100;90107;2024;20240101;1;3;262;58
AT13;90100;90107;2024;20240101;2;1;67;27
AT13;90100;90107;2024;20240101;2;2;446;319
AT13;90100;90107;2024;20240101;2;3;301;64
AT13;90100;90199;2024;20240101;1;1;0;0
AT13;90100;90199;2024;20240101;1;2;0;0
AT13;90100;90199;2024;20240101;1;3;0;0
AT13;90100;90199;2024;20240101;2;1;0;0
AT13;90100;90199;2024;20240101;2;2;0;0
AT13;90100;90199;2024;20240101;2;3;0;0
AT13;90200;90201;2024;20240101;1;1;1351;564
AT13;90200;90201;2024;20240101;1;2;4716;2673
AT13;90200;90201;2024;20240101;1;3;649;148
AT13;90200;90201;2024;20240101;2;1;1244;497
AT13;90200;90201;2024;20240101;2;2;4659;2982
AT13;90200;90201;2024;20240101;2;3;908;217
AT13;90200;90202;2024;20240101;1;1;396;385
AT13;90200;90202;2024;20240101;1;2;2107;2110
AT13;90200;90202;2024;20240101;1;3;484;174
AT13;90200;90202;2024;20240101;2;1;384;368
AT13;90200;90202;2024;20240101;2;2;2122;1749
AT13;90200;90202;2024;20240101;2;3;635;176
AT13;90200;90203;2024;20240101;1;1;576;285
AT13;90200;90203;2024;20240101;1;2;2887;1775
AT13;90200;90203;2024;20240101;1;3;667;174
AT13;90200;90203;2024;20240101;2;1;536;260
AT13;90200;90203;2024;20240101;2;2;3059;1763
AT13;90200;90203;2024;20240101;2;3;1009;177
AT13;90200;90204;2024;20240101;1;1;682;423
AT13;90200;90204;2024;20240101;1;2;2992;1927
AT13;90200;90204;2024;20240101;1;3;775;180
AT13;90200;90204;2024;20240101;2;1;652;366
AT13;90200;90204;2024;20240101;2;2;3113;1982
AT13;90200;90204;2024;20240101;2;3;1120;188
AT13;90200;90205;2024;20240101;1;1;315;256
AT13;90200;90205;2024;20240101;1;2;1790;1424
AT13;90200;90205;2024;20240101;1;3;554;124
AT13;90200;90205;2024;20240101;2;1;291;259
AT13;90200;90205;2024;20240101;2;2;1740;1335
AT13;90200;90205;2024;20240101;2;3;781;152
AT13;90200;90206;2024;20240101;1;1;351;208
AT13;90200;90206;2024;20240101;1;2;1739;1556
AT13;90200;90206;2024;20240101;1;3;494;89
AT13;90200;90206;2024;20240101;2;1;354;196
AT13;90200;90206;2024;20240101;2;2;1699;1590
AT13;90200;90206;2024;20240101;2;3;686;94
AT13;90200;90207;2024;20240101;1;1;344;354
AT13;90200;90207;2024;20240101;1;2;2300;2423
AT13;90200;90207;2024;20240101;1;3;564;213
AT13;90200;90207;2024;20240101;2;1;318;345
AT13;90200;90207;2024;20240101;2;2;2161;2284
AT13;90200;90207;2024;20240101;2;3;778;247
AT13;90200;90208;2024;20240101;1;1;153;135
AT13;90200;90208;2024;20240101;1;2;801;527
AT13;90200;90208;2024;20240101;1;3;244;30
AT13;90200;90208;2024;20240101;2;1;151;124
AT13;90200;90208;2024;20240101;2;2;750;597
AT13;90200;90208;2024;20240101;2;3;360;41
AT13;90200;90209;2024;20240101;1;1;754;466
AT13;90200;90209;2024;20240101;1;2;3437;2010
AT13;90200;90209;2024;20240101;1;3;991;228
AT13;90200;90209;2024;20240101;2;1;700;460
AT13;90200;90209;2024;20240101;2;2;3409;2228
AT13;90200;90209;2024;20240101;2;3;1630;200
AT13;90200;90210;2024;20240101;1;1;0;0
AT13;90200;90210;2024;20240101;1;2;0;0
AT13;90200;90210;2024;20240101;1;3;0;0
AT13;90200;90210;2024;20240101;2;1;0;0
AT13;90200;90210;2024;20240101;2;2;0;0
AT13;90200;90210;2024;20240101;2;3;0;0
AT13;90200;90299;2024;20240101;1;1;0;0
AT13;90200;90299;2024;20240101;1;2;0;0
AT13;90200;90299;2024;20240101;1;3;0;0
AT13;90200;90299;2024;20240101;2;1;0;0
AT13;90200;90299;2024;20240101;2;2;0;0
AT13;90200;90299;2024;20240101;2;3;0;0
AT13;90300;90301;2024;20240101;1;1;436;214
AT13;90300;90301;2024;20240101;1;2;2493;1427
AT13;90300;90301;2024;20240101;1;3;669;136
AT13;90300;90301;2024;20240101;2;1;414;205
AT13;90300;90301;2024;20240101;2;2;2575;1445
AT13;90300;90301;2024;20240101;2;3;929;151
AT13;90300;90302;2024;20240101;1;1;368;136
AT13;90300;90302;2024;20240101;1;2;1969;905
AT13;90300;90302;2024;20240101;1;3;727;83
AT13;90300;90302;2024;20240101;2;1;334;142
AT13;90300;90302;2024;20240101;2;2;2023;1012
AT13;90300;90302;2024;20240101;2;3;967;115
AT13;90300;90303;2024;20240101;1;1;279;204
AT13;90300;90303;2024;20240101;1;2;1318;850
AT13;90300;90303;2024;20240101;1;3;435;101
AT13;90300;90303;2024;20240101;2;1;238;182
AT13;90300;90303;2024;20240101;2;2;1397;1026
AT13;90300;90303;2024;20240101;2;3;631;138
AT13;90300;90304;2024;20240101;1;1;289;314
AT13;90300;90304;2024;20240101;1;2;2005;2082
AT13;90300;90304;2024;20240101;1;3;496;170
AT13;90300;90304;2024;20240101;2;1;302;334
AT13;90300;90304;2024;20240101;2;2;1959;1963
AT13;90300;90304;2024;20240101;2;3;756;198
AT13;90300;90305;2024;20240101;1;1;264;269
AT13;90300;90305;2024;20240101;1;2;1722;1365
AT13;90300;90305;2024;20240101;1;3;490;87
AT13;90300;90305;2024;20240101;2;1;247;253
AT13;90300;90305;2024;20240101;2;2;1862;1342
AT13;90300;90305;2024;20240101;2;3;746;105
AT13;90300;90306;2024;20240101;1;1;443;368
AT13;90300;90306;2024;20240101;1;2;3161;2099
AT13;90300;90306;2024;20240101;1;3;900;211
AT13;90300;90306;2024;20240101;2;1;427;366
AT13;90300;90306;2024;20240101;2;2;3338;1994
AT13;90300;90306;2024;20240101;2;3;1327;234
AT13;90300;90307;2024;20240101;1;1;412;310
AT13;90300;90307;2024;20240101;1;2;2139;1936
AT13;90300;90307;2024;20240101;1;3;331;108
AT13;90300;90307;2024;20240101;2;1;391;284
AT13;90300;90307;2024;20240101;2;2;2059;2123
AT13;90300;90307;2024;20240101;2;3;575;141
AT13;90300;90308;2024;20240101;1;1;90;61
AT13;90300;90308;2024;20240101;1;2;621;376
AT13;90300;90308;2024;20240101;1;3;179;16
AT13;90300;90308;2024;20240101;2;1;104;44
AT13;90300;90308;2024;20240101;2;2;505;327
AT13;90300;90308;2024;20240101;2;3;217;14
AT13;90300;90309;2024;20240101;1;1;391;174
AT13;90300;90309;2024;20240101;1;2;1889;866
AT13;90300;90309;2024;20240101;1;3;653;90
AT13;90300;90309;2024;20240101;2;1;385;181
AT13;90300;90309;2024;20240101;2;2;2069;1068
AT13;90300;90309;2024;20240101;2;3;902;122
AT13;90300;90310;2024;20240101;1;1;344;399
AT13;90300;90310;2024;20240101;1;2;1947;1808
AT13;90300;90310;2024;20240101;1;3;380;112
AT13;90300;90310;2024;20240101;2;1;303;382
AT13;90300;90310;2024;20240101;2;2;1967;1781
AT13;90300;90310;2024;20240101;2;3;518;147
AT13;90300;90311;2024;20240101;1;1;265;173
AT13;90300;90311;2024;20240101;1;2;1069;648
AT13;90300;90311;2024;20240101;1;3;162;54
AT13;90300;90311;2024;20240101;2;1;271;135
AT13;90300;90311;2024;20240101;2;2;1134;743
AT13;90300;90311;2024;20240101;2;3;266;75
AT13;90300;90399;2024;20240101;1;1;0;0
AT13;90300;90399;2024;20240101;1;2;0;0
AT13;90300;90399;2024;20240101;1;3;0;0
AT13;90300;90399;2024;20240101;2;1;0;0
AT13;90300;90399;2024;20240101;2;2;0;0
AT13;90300;90399;2024;20240101;2;3;0;0
AT13;90400;90401;2024;20240101;1;1;82;53
AT13;90400;90401;2024;20240101;1;2;484;296
AT13;90400;90401;2024;20240101;1;3;154;45
AT13;90400;90401;2024;20240101;2;1;72;45
AT13;90400;90401;2024;20240101;2;2;454;339
AT13;90400;90401;2024;20240101;2;3;206;64
AT13;90400;90402;2024;20240101;1;1;419;284
AT13;90400;90402;2024;20240101;1;2;2460;1931
AT13;90400;90402;2024;20240101;1;3;620;174
AT13;90400;90402;2024;20240101;2;1;386;304
AT13;90400;90402;2024;20240101;2;2;2231;1772
AT13;90400;90402;2024;20240101;2;3;855;189
AT13;90400;90403;2024;20240101;1;1;448;233
AT13;90400;90403;2024;20240101;1;2;2649;1575
AT13;90400;90403;2024;20240101;1;3;826;161
AT13;90400;90403;2024;20240101;2;1;403;230
AT13;90400;90403;2024;20240101;2;2;2730;1828
AT13;90400;90403;2024;20240101;2;3;1248;165
AT13;90400;90404;2024;20240101;1;1;251;181
AT13;90400;90404;2024;20240101;1;2;1441;889
AT13;90400;90404;2024;20240101;1;3;432;77
AT13;90400;90404;2024;20240101;2;1;245;174
AT13;90400;90404;2024;20240101;2;2;1475;926
AT13;90400;90404;2024;20240101;2;3;570;79
AT13;90400;90499;2024;20240101;1;1;0;0
AT13;90400;90499;2024;20240101;1;2;0;0
AT13;90400;90499;2024;20240101;1;3;0;0
AT13;90400;90499;2024;20240101;2;1;0;0
AT13;90400;90499;2024;20240101;2;2;0;0
AT13;90400;90499;2024;20240101;2;3;0;0
AT13;90500;90501;2024;20240101;1;1;362;180
AT13;90500;90501;2024;20240101;1;2;2711;1450
AT13;90500;90501;2024;20240101;1;3;665;146
AT13;90500;90501;2024;20240101;2;1;302;194
AT13;90500;90501;2024;20240101;2;2;2676;1514
AT13;90500;90501;2024;20240101;2;3;978;134
AT13;90500;90502;2024;20240101;1;1;566;687
AT13;90500;90502;2024;20240101;1;2;3734;3487
AT13;90500;90502;2024;20240101;1;3;924;317
AT13;90500;90502;2024;20240101;2;1;555;692
AT13;90500;90502;2024;20240101;2;2;3628;3155
AT13;90500;90502;2024;20240101;2;3;1297;331
AT13;90500;90503;2024;20240101;1;1;491;539
AT13;90500;90503;2024;20240101;1;2;3185;3445
AT13;90500;90503;2024;20240101;1;3;789;267
AT13;90500;90503;2024;20240101;2;1;439;521
AT13;90500;90503;2024;20240101;2;2;3185;3030
AT13;90500;90503;2024;20240101;2;3;1038;288
AT13;90500;90504;2024;20240101;1;1;166;158
AT13;90500;90504;2024;20240101;1;2;1334;1222
AT13;90500;90504;2024;20240101;1;3;307;78
AT13;90500;90504;2024;20240101;2;1;152;161
AT13;90500;90504;2024;20240101;2;2;1346;1103
AT13;90500;90504;2024;20240101;2;3;384;87
AT13;90500;90599;2024;20240101;1;1;0;0
AT13;90500;90599;2024;20240101;1;2;0;0
AT13;90500;90599;2024;20240101;1;3;0;0
AT13;90500;90599;2024;20240101;2;1;0;0
AT13;90500;90599;2024;20240101;2;2;0;0
AT13;90500;90599;2024;20240101;2;3;0;0
AT13;90600;90601;2024;20240101;1;1;256;100
AT13;90600;90601;2024;20240101;1;2;1826;962
AT13;90600;90601;2024;20240101;1;3;518;85
AT13;90600;90601;2024;20240101;2;1;268;97
AT13;90600;90601;2024;20240101;2;2;1750;990
AT13;90600;90601;2024;20240101;2;3;657;116
AT13;90600;90602;2024;20240101;1;1;306;206
AT13;90600;90602;2024;20240101;1;2;2251;1602
AT13;90600;90602;2024;20240101;1;3;461;118
AT13;90600;90602;2024;20240101;2;1;261;180
AT13;90600;90602;2024;20240101;2;2;2093;1535
AT13;90600;90602;2024;20240101;2;3;641;123
AT13;90600;90603;2024;20240101;1;1;458;235
AT13;90600;90603;2024;20240101;1;2;3045;1828
AT13;90600;90603;2024;20240101;1;3;821;158
AT13;90600;90603;2024;20240101;2;1;440;241
AT13;90600;90603;2024;20240101;2;2;3213;2048
AT13;90600;90603;2024;20240101;2;3;1273;224
AT13;90600;90699;2024;20240101;1;1;0;0
AT13;90600;90699;2024;20240101;1;2;0;0
AT13;90600;90699;2024;20240101;1;3;0;0
AT13;90600;90699;2024;20240101;2;1;0;0
AT13;90600;90699;2024;20240101;2;2;0;0
AT13;90600;90699;2024;20240101;2;3;0;0
AT13;90700;90701;2024;20240101;1;1;215;83
AT13;90700;90701;2024;20240101;1;2;1284;661
AT13;90700;90701;2024;20240101;1;3;317;79
AT13;90700;90701;2024;20240101;2;1;190;94
AT13;90700;90701;2024;20240101;2;2;1224;753
AT13;90700;90701;2024;20240101;2;3;456;71
AT13;90700;90702;2024;20240101;1;1;123;43
AT13;90700;90702;2024;20240101;1;2;691;354
AT13;90700;90702;2024;20240101;1;3;173;40
AT13;90700;90702;2024;20240101;2;1;122;41
AT13;90700;90702;2024;20240101;2;2;717;383
AT13;90700;90702;2024;20240101;2;3;228;44
AT13;90700;90703;2024;20240101;1;1;189;62
AT13;90700;90703;2024;20240101;1;2;1240;600
AT13;90700;90703;2024;20240101;1;3;283;56
AT13;90700;90703;2024;20240101;2;1;167;48
AT13;90700;90703;2024;20240101;2;2;1223;642
AT13;90700;90703;2024;20240101;2;3;396;59
AT13;90700;90704;2024;20240101;1;1;354;158
AT13;90700;90704;2024;20240101;1;2;2206;1407
AT13;90700;90704;2024;20240101;1;3;611;116
AT13;90700;90704;2024;20240101;2;1;350;154
AT13;90700;90704;2024;20240101;2;2;2315;1488
AT13;90700;90704;2024;20240101;2;3;893;129
AT13;90700;90705;2024;20240101;1;1;276;138
AT13;90700;90705;2024;20240101;1;2;1797;1267
AT13;90700;90705;2024;20240101;1;3;341;91
AT13;90700;90705;2024;20240101;2;1;269;134
AT13;90700;90705;2024;20240101;2;2;1881;1163
AT13;90700;90705;2024;20240101;2;3;537;87
AT13;90700;90799;2024;20240101;1;1;0;0
AT13;90700;90799;2024;20240101;1;2;0;0
AT13;90700;90799;2024;20240101;1;3;0;0
AT13;90700;90799;2024;20240101;2;1;0;0
AT13;90700;90799;2024;20240101;2;2;0;0
AT13;90700;90799;2024;20240101;2;3;0;0
AT13;90800;90801;2024;20240101;1;1;209;66
AT13;90800;90801;2024;20240101;1;2;1174;996
AT13;90800;90801;2024;20240101;1;3;304;64
AT13;90800;90801;2024;20240101;2;1;165;50
AT13;90800;90801;2024;20240101;2;2;1085;682
AT13;90800;90801;2024;20240101;2;3;449;65
AT13;90800;90802;2024;20240101;1;1;461;124
AT13;90800;90802;2024;20240101;1;2;2438;1290
AT13;90800;90802;2024;20240101;1;3;747;95
AT13;90800;90802;2024;20240101;2;1;410;126
AT13;90800;90802;2024;20240101;2;2;2599;1553
AT13;90800;90802;2024;20240101;2;3;1084;158
AT13;90800;90803;2024;20240101;1;1;262;149
AT13;90800;90803;2024;20240101;1;2;1747;1311
AT13;90800;90803;2024;20240101;1;3;476;100
AT13;90800;90803;2024;20240101;2;1;263;120
AT13;90800;90803;2024;20240101;2;2;1813;1134
AT13;90800;90803;2024;20240101;2;3;636;94
AT13;90800;90899;2024;20240101;1;1;0;0
AT13;90800;90899;2024;20240101;1;2;0;0
AT13;90800;90899;2024;20240101;1;3;0;0
AT13;90800;90899;2024;20240101;2;1;0;0
AT13;90800;90899;2024;20240101;2;2;0;0
AT13;90800;90899;2024;20240101;2;3;0;0
AT13;90900;90901;2024;20240101;1;1;311;236
AT13;90900;90901;2024;20240101;1;2;2010;1361
AT13;90900;90901;2024;20240101;1;3;440;113
AT13;90900;90901;2024;20240101;2;1;247;209
AT13;90900;90901;2024;20240101;2;2;2173;1441
AT13;90900;90901;2024;20240101;2;3;641;115
AT13;90900;90902;2024;20240101;1;1;402;186
AT13;90900;90902;2024;20240101;1;2;2360;1283
AT13;90900;90902;2024;20240101;1;3;731;139
AT13;90900;90902;2024;20240101;2;1;366;174
AT13;90900;90902;2024;20240101;2;2;2442;1454
AT13;90900;90902;2024;20240101;2;3;1101;166
AT13;90900;90903;2024;20240101;1;1;156;79
AT13;90900;90903;2024;20240101;1;2;977;700
AT13;90900;90903;2024;20240101;1;3;181;46
AT13;90900;90903;2024;20240101;2;1;136;82
AT13;90900;90903;2024;20240101;2;2;988;776
AT13;90900;90903;2024;20240101;2;3;276;70
AT13;90900;90904;2024;20240101;1;1;296;223
AT13;90900;90904;2024;20240101;1;2;1962;1416
AT13;90900;90904;2024;20240101;1;3;484;115
AT13;90900;90904;2024;20240101;2;1;254;208
AT13;90900;90904;2024;20240101;2;2;1980;1647
AT13;90900;90904;2024;20240101;2;3;689;126
AT13;90900;90905;2024;20240101;1;1;225;114
AT13;90900;90905;2024;20240101;1;2;1141;683
AT13;90900;90905;2024;20240101;1;3;364;69
AT13;90900;90905;2024;20240101;2;1;213;111
AT13;90900;90905;2024;20240101;2;2;1225;812
AT13;90900;90905;2024;20240101;2;3;473;77
AT13;90900;90906;2024;20240101;1;1;90;30
AT13;90900;90906;2024;20240101;1;2;437;276
AT13;90900;90906;2024;20240101;1;3;129;22
AT13;90900;90906;2024;20240101;2;1;77;35
AT13;90900;90906;2024;20240101;2;2;476;379
AT13;90900;90906;2024;20240101;2;3;168;37
AT13;90900;90999;2024;20240101;1;1;0;0
AT13;90900;90999;2024;20240101;1;2;0;0
AT13;90900;90999;2024;20240101;1;3;0;0
AT13;90900;90999;2024;20240101;2;1;0;0
AT13;90900;90999;2024;20240101;2;2;0;0
AT13;90900;90999;2024;20240101;2;3;0;0
AT13;91000;91001;2024;20240101;1;1;853;496
AT13;91000;91001;2024;20240101;1;2;2292;2425
AT13;91000;91001;2024;20240101;1;3;165;102
AT13;91000;91001;2024;20240101;2;1;772;475
AT13;91000;91001;2024;20240101;2;2;2210;2556
AT13;91000;91001;2024;20240101;2;3;237;138
AT13;91000;91002;2024;20240101;1;1;598;1114
AT13;91000;91002;2024;20240101;1;2;3216;5100
AT13;91000;91002;2024;20240101;1;3;881;339
AT13;91000;91002;2024;20240101;2;1;629;1061
AT13;91000;91002;2024;20240101;2;2;2846;3733
AT13;91000;91002;2024;20240101;2;3;1082;392
AT13;91000;91003;2024;20240101;1;1;264;337
AT13;91000;91003;2024;20240101;1;2;1305;1470
AT13;91000;91003;2024;20240101;1;3;404;137
AT13;91000;91003;2024;20240101;2;1;274;297
AT13;91000;91003;2024;20240101;2;2;1301;1241
AT13;91000;91003;2024;20240101;2;3;584;157
AT13;91000;91004;2024;20240101;1;1;220;617
AT13;91000;91004;2024;20240101;1;2;1152;2994
AT13;91000;91004;2024;20240101;1;3;306;172
AT13;91000;91004;2024;20240101;2;1;183;599
AT13;91000;91004;2024;20240101;2;2;1002;2161
AT13;91000;91004;2024;20240101;2;3;416;193
AT13;91000;91005;2024;20240101;1;1;681;809
AT13;91000;91005;2024;20240101;1;2;3108;4279
AT13;91000;91005;2024;20240101;1;3;801;280
AT13;91000;91005;2024;20240101;2;1;593;768
AT13;91000;91005;2024;20240101;2;2;2973;3152
AT13;91000;91005;2024;20240101;2;3;1083;323
AT13;91000;91006;2024;20240101;1;1;397;759
AT13;91000;91006;2024;20240101;1;2;1823;3791
AT13;91000;91006;2024;20240101;1;3;481;242
AT13;91000;91006;2024;20240101;2;1;368;717
AT13;91000;91006;2024;20240101;2;2;1723;2640
AT13;91000;91006;2024;20240101;2;3;601;259
AT13;91000;91007;2024;20240101;1;1;412;624
AT13;91000;91007;2024;20240101;1;2;2074;2556
AT13;91000;91007;2024;20240101;1;3;814;186
AT13;91000;91007;2024;20240101;2;1;404;564
AT13;91000;91007;2024;20240101;2;2;1999;2159
AT13;91000;91007;2024;20240101;2;3;1292;217
AT13;91000;91008;2024;20240101;1;1;351;450
AT13;91000;91008;2024;20240101;1;2;1628;2285
AT13;91000;91008;2024;20240101;1;3;485;168
AT13;91000;91008;2024;20240101;2;1;314;389
AT13;91000;91008;2024;20240101;2;2;1453;1734
AT13;91000;91008;2024;20240101;2;3;681;181
AT13;91000;91009;2024;20240101;1;1;290;222
AT13;91000;91009;2024;20240101;1;2;1108;843
AT13;91000;91009;2024;20240101;1;3;235;54
AT13;91000;91009;2024;20240101;2;1;264;178
AT13;91000;91009;2024;20240101;2;2;1056;792
AT13;91000;91009;2024;20240101;2;3;337;78
AT13;91000;91010;2024;20240101;1;1;795;897
AT13;91000;91010;2024;20240101;1;2;3457;3521
AT13;91000;91010;2024;20240101;1;3;1091;286
AT13;91000;91010;2024;20240101;2;1;801;832
AT13;91000;91010;2024;20240101;2;2;3251;3038
AT13;91000;91010;2024;20240101;2;3;1604;331
AT13;91000;91011;2024;20240101;1;1;416;314
AT13;91000;91011;2024;20240101;1;2;2171;1087
AT13;91000;91011;2024;20240101;1;3;703;89
AT13;91000;91011;2024;20240101;2;1;391;277
AT13;91000;91011;2024;20240101;2;2;1963;1154
AT13;91000;91011;2024;20240101;2;3;1006;122
AT13;91000;91012;2024;20240101;1;1;144;42
AT13;91000;91012;2024;20240101;1;2;732;256
AT13;91000;91012;2024;20240101;1;3;82;20
AT13;91000;91012;2024;20240101;2;1;140;51
AT13;91000;91012;2024;20240101;2;2;694;281
AT13;91000;91012;2024;20240101;2;3;107;12
AT13;91000;91013;2024;20240101;1;1;214;112
AT13;91000;91013;2024;20240101;1;2;1077;434
AT13;91000;91013;2024;20240101;1;3;452;48
AT13;91000;91013;2024;20240101;2;1;186;79
AT13;91000;91013;2024;20240101;2;2;1082;461
AT13;91000;91013;2024;20240101;2;3;661;73
AT13;91000;91014;2024;20240101;1;1;199;110
AT13;91000;91014;2024;20240101;1;2;968;332
AT13;91000;91014;2024;20240101;1;3;362;44
AT13;91000;91014;2024;20240101;2;1;172;79
AT13;91000;91014;2024;20240101;2;2;985;365
AT13;91000;91014;2024;20240101;2;3;483;39
AT13;91000;91015;2024;20240101;1;1;565;377
AT13;91000;91015;2024;20240101;1;2;2000;1227
AT13;91000;91015;2024;20240101;1;3;394;73
AT13;91000;91015;2024;20240101;2;1;537;323
AT13;91000;91015;2024;20240101;2;2;2063;1334
AT13;91000;91015;2024;20240101;2;3;522;74
AT13;91000;91016;2024;20240101;1;1;440;126
AT13;91000;91016;2024;20240101;1;2;1874;534
AT13;91000;91016;2024;20240101;1;3;766;51
AT13;91000;91016;2024;20240101;2;1;459;110
AT13;91000;91016;2024;20240101;2;2;1894;616
AT13;91000;91016;2024;20240101;2;3;928;71
AT13;91000;91017;2024;20240101;1;1;67;6
AT13;91000;91017;2024;20240101;1;2;266;29
AT13;91000;91017;2024;20240101;1;3;80;2
AT13;91000;91017;2024;20240101;2;1;70;8
AT13;91000;91017;2024;20240101;2;2;308;31
AT13;91000;91017;2024;20240101;2;3;77;3
AT13;91000;91018;2024;20240101;1;1;416;136
AT13;91000;91018;2024;20240101;1;2;1691;551
AT13;91000;91018;2024;20240101;1;3;289;35
AT13;91000;91018;2024;20240101;2;1;377;143
AT13;91000;91018;2024;20240101;2;2;1817;576
AT13;91000;91018;2024;20240101;2;3;409;40
AT13;91000;91019;2024;20240101;1;1;153;65
AT13;91000;91019;2024;20240101;1;2;838;384
AT13;91000;91019;2024;20240101;1;3;295;16
AT13;91000;91019;2024;20240101;2;1;156;62
AT13;91000;91019;2024;20240101;2;2;850;359
AT13;91000;91019;2024;20240101;2;3;363;26
AT13;91000;91020;2024;20240101;1;1;528;387
AT13;91000;91020;2024;20240101;1;2;1947;932
AT13;91000;91020;2024;20240101;1;3;903;73
AT13;91000;91020;2024;20240101;2;1;501;304
AT13;91000;91020;2024;20240101;2;2;1907;1045
AT13;91000;91020;2024;20240101;2;3;1682;95
AT13;91000;91021;2024;20240101;1;1;562;219
AT13;91000;91021;2024;20240101;1;2;2054;671
AT13;91000;91021;2024;20240101;1;3;426;47
AT13;91000;91021;2024;20240101;2;1;456;199
AT13;91000;91021;2024;20240101;2;2;2278;743
AT13;91000;91021;2024;20240101;2;3;677;47
AT13;91000;91022;2024;20240101;1;1;177;383
AT13;91000;91022;2024;20240101;1;2;1022;1752
AT13;91000;91022;2024;20240101;1;3;321;102
AT13;91000;91022;2024;20240101;2;1;144;335
AT13;91000;91022;2024;20240101;2;2;1014;1316
AT13;91000;91022;2024;20240101;2;3;437;124
AT13;91000;91023;2024;20240101;1;1;548;507
AT13;91000;91023;2024;20240101;1;2;2161;2216
AT13;91000;91023;2024;20240101;1;3;465;140
AT13;91000;91023;2024;20240101;2;1;496;481
AT13;91000;91023;2024;20240101;2;2;2146;1924
AT13;91000;91023;2024;20240101;2;3;708;169
AT13;91000;91099;2024;20240101;1;1;0;0
AT13;91000;91099;2024;20240101;1;2;0;0
AT13;91000;91099;2024;20240101;1;3;0;0
AT13;91000;91099;2024;20240101;2;1;0;0
AT13;91000;91099;2024;20240101;2;2;0;0
AT13;91000;91099;2024;20240101;2;3;0;0
AT13;91100;91101;2024;20240101;1;1;211;78
AT13;91100;91101;2024;20240101;1;2;683;591
AT13;91100;91101;2024;20240101;1;3;77;23
AT13;91100;91101;2024;20240101;2;1;195;70
AT13;91100;91101;2024;20240101;2;2;658;600
AT13;91100;91101;2024;20240101;2;3;72;18
AT13;91100;91102;2024;20240101;1;1;970;811
AT13;91100;91102;2024;20240101;1;2;3779;3239
AT13;91100;91102;2024;20240101;1;3;873;227
AT13;91100;91102;2024;20240101;2;1;1024;772
AT13;91100;91102;2024;20240101;2;2;3788;2941
AT13;91100;91102;2024;20240101;2;3;1288;301
AT13;91100;91103;2024;20240101;1;1;741;793
AT13;91100;91103;2024;20240101;1;2;3586;3688
AT13;91100;91103;2024;20240101;1;3;755;237
AT13;91100;91103;2024;20240101;2;1;714;761
AT13;91100;91103;2024;20240101;2;2;3310;3236
AT13;91100;91103;2024;20240101;2;3;1043;270
AT13;91100;91104;2024;20240101;1;1;254;286
AT13;91100;91104;2024;20240101;1;2;1079;1405
AT13;91100;91104;2024;20240101;1;3;345;72
AT13;91100;91104;2024;20240101;2;1;245;286
AT13;91100;91104;2024;20240101;2;2;1010;1182
AT13;91100;91104;2024;20240101;2;3;428;82
AT13;91100;91105;2024;20240101;1;1;759;387
AT13;91100;91105;2024;20240101;1;2;2998;1446
AT13;91100;91105;2024;20240101;1;3;681;108
AT13;91100;91105;2024;20240101;2;1;627;379
AT13;91100;91105;2024;20240101;2;2;3024;1491
AT13;91100;91105;2024;20240101;2;3;959;116
AT13;91100;91106;2024;20240101;1;1;13;6
AT13;91100;91106;2024;20240101;1;2;102;8
AT13;91100;91106;2024;20240101;1;3;14;3
AT13;91100;91106;2024;20240101;2;1;7;0
AT13;91100;91106;2024;20240101;2;2;99;8
AT13;91100;91106;2024;20240101;2;3;12;4
AT13;91100;91107;2024;20240101;1;1;365;212
AT13;91100;91107;2024;20240101;1;2;1461;769
AT13;91100;91107;2024;20240101;1;3;473;46
AT13;91100;91107;2024;20240101;2;1;336;225
AT13;91100;91107;2024;20240101;2;2;1442;770
AT13;91100;91107;2024;20240101;2;3;767;70
AT13;91100;91108;2024;20240101;1;1;45;1
AT13;91100;91108;2024;20240101;1;2;286;40
AT13;91100;91108;2024;20240101;1;3;79;5
AT13;91100;91108;2024;20240101;2;1;45;5
AT13;91100;91108;2024;20240101;2;2;322;34
AT13;91100;91108;2024;20240101;2;3;94;2
AT13;91100;91109;2024;20240101;1;1;189;60
AT13;91100;91109;2024;20240101;1;2;610;286
AT13;91100;91109;2024;20240101;1;3;180;14
AT13;91100;91109;2024;20240101;2;1;137;58
AT13;91100;91109;2024;20240101;2;2;603;232
AT13;91100;91109;2024;20240101;2;3;216;16
AT13;91100;91110;2024;20240101;1;1;1635;856
AT13;91100;91110;2024;20240101;1;2;6125;2781
AT13;91100;91110;2024;20240101;1;3;1462;218
AT13;91100;91110;2024;20240101;2;1;1525;728
AT13;91100;91110;2024;20240101;2;2;6611;2905
AT13;91100;91110;2024;20240101;2;3;1968;275
AT13;91100;91111;2024;20240101;1;1;206;309
AT13;91100;91111;2024;20240101;1;2;1034;786
AT13;91100;91111;2024;20240101;1;3;267;47
AT13;91100;91111;2024;20240101;2;1;196;255
AT13;91100;91111;2024;20240101;2;2;934;716
AT13;91100;91111;2024;20240101;2;3;391;46
AT13;91100;91112;2024;20240101;1;1;23;6
AT13;91100;91112;2024;20240101;1;2;93;92
AT13;91100;91112;2024;20240101;1;3;27;7
AT13;91100;91112;2024;20240101;2;1;27;4
AT13;91100;91112;2024;20240101;2;2;91;37
AT13;91100;91112;2024;20240101;2;3;31;3
AT13;91100;91113;2024;20240101;1;1;223;112
AT13;91100;91113;2024;20240101;1;2;1030;634
AT13;91100;91113;2024;20240101;1;3;420;37
AT13;91100;91113;2024;20240101;2;1;220;128
AT13;91100;91113;2024;20240101;2;2;1018;575
AT13;91100;91113;2024;20240101;2;3;558;44
AT13;91100;91199;2024;20240101;1;1;0;0
AT13;91100;91199;2024;20240101;1;2;0;0
AT13;91100;91199;2024;20240101;1;3;0;0
AT13;91100;91199;2024;20240101;2;1;0;0
AT13;91100;91199;2024;20240101;2;2;0;0
AT13;91100;91199;2024;20240101;2;3;0;0
AT13;91200;91201;2024;20240101;1;1;153;142
AT13;91200;91201;2024;20240101;1;2;933;895
AT13;91200;91201;2024;20240101;1;3;187;71
AT13;91200;91201;2024;20240101;2;1;144;139
AT13;91200;91201;2024;20240101;2;2;957;821
AT13;91200;91201;2024;20240101;2;3;258;73
AT13;91200;91202;2024;20240101;1;1;641;674
AT13;91200;91202;2024;20240101;1;2;3548;3376
AT13;91200;91202;2024;20240101;1;3;890;302
AT13;91200;91202;2024;20240101;2;1;590;634
AT13;91200;91202;2024;20240101;2;2;3469;2957
AT13;91200;91202;2024;20240101;2;3;1332;343
AT13;91200;91203;2024;20240101;1;1;179;147
AT13;91200;91203;2024;20240101;1;2;1071;680
AT13;91200;91203;2024;20240101;1;3;235;77
AT13;91200;91203;2024;20240101;2;1;200;173
AT13;91200;91203;2024;20240101;2;2;902;697
AT13;91200;91203;2024;20240101;2;3;354;89
AT13;91200;91204;2024;20240101;1;1;290;408
AT13;91200;91204;2024;20240101;1;2;1755;2091
AT13;91200;91204;2024;20240101;1;3;414;123
AT13;91200;91204;2024;20240101;2;1;290;361
AT13;91200;91204;2024;20240101;2;2;1726;1956
AT13;91200;91204;2024;20240101;2;3;572;136
AT13;91200;91205;2024;20240101;1;1;260;294
AT13;91200;91205;2024;20240101;1;2;1642;1584
AT13;91200;91205;2024;20240101;1;3;471;133
AT13;91200;91205;2024;20240101;2;1;245;329
AT13;91200;91205;2024;20240101;2;2;1603;1392
AT13;91200;91205;2024;20240101;2;3;741;129
AT13;91200;91206;2024;20240101;1;1;315;333
AT13;91200;91206;2024;20240101;1;2;1933;1875
AT13;91200;91206;2024;20240101;1;3;445;156
AT13;91200;91206;2024;20240101;2;1;295;263
AT13;91200;91206;2024;20240101;2;2;1942;1593
AT13;91200;91206;2024;20240101;2;3;712;169
AT13;91200;91207;2024;20240101;1;1;247;215
AT13;91200;91207;2024;20240101;1;2;1330;769
AT13;91200;91207;2024;20240101;1;3;456;78
AT13;91200;91207;2024;20240101;2;1;221;199
AT13;91200;91207;2024;20240101;2;2;1336;851
AT13;91200;91207;2024;20240101;2;3;713;88
AT13;91200;91208;2024;20240101;1;1;258;140
AT13;91200;91208;2024;20240101;1;2;1107;986
AT13;91200;91208;2024;20240101;1;3;247;68
AT13;91200;91208;2024;20240101;2;1;209;138
AT13;91200;91208;2024;20240101;2;2;1037;708
AT13;91200;91208;2024;20240101;2;3;351;81
AT13;91200;91209;2024;20240101;1;1;454;374
AT13;91200;91209;2024;20240101;1;2;1750;1013
AT13;91200;91209;2024;20240101;1;3;419;63
AT13;91200;91209;2024;20240101;2;1;407;333
AT13;91200;91209;2024;20240101;2;2;1622;1131
AT13;91200;91209;2024;20240101;2;3;579;75
AT13;91200;91210;2024;20240101;1;1;559;367
AT13;91200;91210;2024;20240101;1;2;2441;1875
AT13;91200;91210;2024;20240101;1;3;661;104
AT13;91200;91210;2024;20240101;2;1;603;352
AT13;91200;91210;2024;20240101;2;2;2555;1773
AT13;91200;91210;2024;20240101;2;3;1055;124
AT13;91200;91211;2024;20240101;1;1;585;285
AT13;91200;91211;2024;20240101;1;2;2570;1236
AT13;91200;91211;2024;20240101;1;3;812;105
AT13;91200;91211;2024;20240101;2;1;595;289
AT13;91200;91211;2024;20240101;2;2;2709;1319
AT13;91200;91211;2024;20240101;2;3;1265;113
AT13;91200;91299;2024;20240101;1;1;0;0
AT13;91200;91299;2024;20240101;1;2;0;0
AT13;91200;91299;2024;20240101;1;3;0;0
AT13;91200;91299;2024;20240101;2;1;0;0
AT13;91200;91299;2024;20240101;2;2;0;0
AT13;91200;91299;2024;20240101;2;3;0;0
AT13;91300;91301;2024;20240101;1;1;33;12
AT13;91300;91301;2024;20240101;1;2;116;49
AT13;91300;91301;2024;20240101;1;3;45;5
AT13;91300;91301;2024;20240101;2;1;23;10
AT13;91300;91301;2024;20240101;2;2;112;54
AT13;91300;91301;2024;20240101;2;3;67;7
AT13;91300;91302;2024;20240101;1;1;363;130
AT13;91300;91302;2024;20240101;1;2;1410;535
AT13;91300;91302;2024;20240101;1;3;529;74
AT13;91300;91302;2024;20240101;2;1;391;135
AT13;91300;91302;2024;20240101;2;2;1510;643
AT13;91300;91302;2024;20240101;2;3;767;81
AT13;91300;91303;2024;20240101;1;1;391;273
AT13;91300;91303;2024;20240101;1;2;2073;1458
AT13;91300;91303;2024;20240101;1;3;660;85
AT13;91300;91303;2024;20240101;2;1;401;254
AT13;91300;91303;2024;20240101;2;2;2101;1378
AT13;91300;91303;2024;20240101;2;3;1004;100
AT13;91300;91304;2024;20240101;1;1;544;225
AT13;91300;91304;2024;20240101;1;2;2319;824
AT13;91300;91304;2024;20240101;1;3;880;95
AT13;91300;91304;2024;20240101;2;1;510;236
AT13;91300;91304;2024;20240101;2;2;2488;1019
AT13;91300;91304;2024;20240101;2;3;1375;118
AT13;91300;91305;2024;20240101;1;1;260;92
AT13;91300;91305;2024;20240101;1;2;1097;317
AT13;91300;91305;2024;20240101;1;3;405;35
AT13;91300;91305;2024;20240101;2;1;262;97
AT13;91300;91305;2024;20240101;2;2;1138;399
AT13;91300;91305;2024;20240101;2;3;606;43
AT13;91300;91306;2024;20240101;1;1;129;66
AT13;91300;91306;2024;20240101;1;2;599;226
AT13;91300;91306;2024;20240101;1;3;222;13
AT13;91300;91306;2024;20240101;2;1;130;57
AT13;91300;91306;2024;20240101;2;2;636;275
AT13;91300;91306;2024;20240101;2;3;388;26
AT13;91300;91307;2024;20240101;1;1;148;121
AT13;91300;91307;2024;20240101;1;2;693;367
AT13;91300;91307;2024;20240101;1;3;230;27
AT13;91300;91307;2024;20240101;2;1;168;128
AT13;91300;91307;2024;20240101;2;2;680;384
AT13;91300;91307;2024;20240101;2;3;366;34
AT13;91300;91308;2024;20240101;1;1;354;168
AT13;91300;91308;2024;20240101;1;2;1600;545
AT13;91300;91308;2024;20240101;1;3;695;51
AT13;91300;91308;2024;20240101;2;1;341;140
AT13;91300;91308;2024;20240101;2;2;1593;622
AT13;91300;91308;2024;20240101;2;3;1163;83
AT13;91300;91309;2024;20240101;1;1;262;110
AT13;91300;91309;2024;20240101;1;2;1136;325
AT13;91300;91309;2024;20240101;1;3;437;33
AT13;91300;91309;2024;20240101;2;1;226;78
AT13;91300;91309;2024;20240101;2;2;1164;408
AT13;91300;91309;2024;20240101;2;3;657;34
AT13;91300;91310;2024;20240101;1;1;21;0
AT13;91300;91310;2024;20240101;1;2;76;19
AT13;91300;91310;2024;20240101;1;3;15;1
AT13;91300;91310;2024;20240101;2;1;28;1
AT13;91300;91310;2024;20240101;2;2;94;10
AT13;91300;91310;2024;20240101;2;3;15;3
AT13;91300;91311;2024;20240101;1;1;231;27
AT13;91300;91311;2024;20240101;1;2;1051;154
AT13;91300;91311;2024;20240101;1;3;528;27
AT13;91300;91311;2024;20240101;2;1;230;44
AT13;91300;91311;2024;20240101;2;2;1045;195
AT13;91300;91311;2024;20240101;2;3;660;29
AT13;91300;91399;2024;20240101;1;1;0;0
AT13;91300;91399;2024;20240101;1;2;0;0
AT13;91300;91399;2024;20240101;1;3;0;0
AT13;91300;91399;2024;20240101;2;1;0;0
AT13;91300;91399;2024;20240101;2;2;0;0
AT13;91300;91399;2024;20240101;2;3;0;0
AT13;91400;91401;2024;20240101;1;1;422;240
AT13;91400;91401;2024;20240101;1;2;2121;1381
AT13;91400;91401;2024;20240101;1;3;499;127
AT13;91400;91401;2024;20240101;2;1;384;200
AT13;91400;91401;2024;20240101;2;2;2229;1352
AT13;91400;91401;2024;20240101;2;3;654;122
AT13;91400;91402;2024;20240101;1;1;294;327
AT13;91400;91402;2024;20240101;1;2;1720;1693
AT13;91400;91402;2024;20240101;1;3;372;165
AT13;91400;91402;2024;20240101;2;1;267;258
AT13;91400;91402;2024;20240101;2;2;1621;1390
AT13;91400;91402;2024;20240101;2;3;481;159
AT13;91400;91403;2024;20240101;1;1;461;259
AT13;91400;91403;2024;20240101;1;2;2267;1158
AT13;91400;91403;2024;20240101;1;3;573;97
AT13;91400;91403;2024;20240101;2;1;423;230
AT13;91400;91403;2024;20240101;2;2;2421;1260
AT13;91400;91403;2024;20240101;2;3;906;136
AT13;91400;91404;2024;20240101;1;1;805;649
AT13;91400;91404;2024;20240101;1;2;4194;3093
AT13;91400;91404;2024;20240101;1;3;1279;277
AT13;91400;91404;2024;20240101;2;1;747;607
AT13;91400;91404;2024;20240101;2;2;4376;2719
AT13;91400;91404;2024;20240101;2;3;1961;305
AT13;91400;91405;2024;20240101;1;1;267;52
AT13;91400;91405;2024;20240101;1;2;1236;295
AT13;91400;91405;2024;20240101;1;3;418;37
AT13;91400;91405;2024;20240101;2;1;249;62
AT13;91400;91405;2024;20240101;2;2;1262;325
AT13;91400;91405;2024;20240101;2;3;503;47
AT13;91400;91406;2024;20240101;1;1;511;418
AT13;91400;91406;2024;20240101;1;2;2641;1711
AT13;91400;91406;2024;20240101;1;3;898;156
AT13;91400;91406;2024;20240101;2;1;462;338
AT13;91400;91406;2024;20240101;2;2;2766;1555
AT13;91400;91406;2024;20240101;2;3;1534;151
AT13;91400;91407;2024;20240101;1;1;106;140
AT13;91400;91407;2024;20240101;1;2;626;379
AT13;91400;91407;2024;20240101;1;3;170;37
AT13;91400;91407;2024;20240101;2;1;113;139
AT13;91400;91407;2024;20240101;2;2;607;395
AT13;91400;91407;2024;20240101;2;3;201;38
AT13;91400;91408;2024;20240101;1;1;240;124
AT13;91400;91408;2024;20240101;1;2;996;373
AT13;91400;91408;2024;20240101;1;3;335;33
AT13;91400;91408;2024;20240101;2;1;218;105
AT13;91400;91408;2024;20240101;2;2;1043;402
AT13;91400;91408;2024;20240101;2;3;475;33
AT13;91400;91409;2024;20240101;1;1;28;4
AT13;91400;91409;2024;20240101;1;2;156;24
AT13;91400;91409;2024;20240101;1;3;23;3
AT13;91400;91409;2024;20240101;2;1;17;2
AT13;91400;91409;2024;20240101;2;2;118;22
AT13;91400;91409;2024;20240101;2;3;30;0
AT13;91400;91410;2024;20240101;1;1;536;188
AT13;91400;91410;2024;20240101;1;2;1964;761
AT13;91400;91410;2024;20240101;1;3;713;42
AT13;91400;91410;2024;20240101;2;1;473;164
AT13;91400;91410;2024;20240101;2;2;2122;827
AT13;91400;91410;2024;20240101;2;3;973;72
AT13;91400;91411;2024;20240101;1;1;436;53
AT13;91400;91411;2024;20240101;1;2;1758;241
AT13;91400;91411;2024;20240101;1;3;800;42
AT13;91400;91411;2024;20240101;2;1;394;54
AT13;91400;91411;2024;20240101;2;2;1784;272
AT13;91400;91411;2024;20240101;2;3;1028;42
AT13;91400;91412;2024;20240101;1;1;502;119
AT13;91400;91412;2024;20240101;1;2;1678;450
AT13;91400;91412;2024;20240101;1;3;666;44
AT13;91400;91412;2024;20240101;2;1;443;129
AT13;91400;91412;2024;20240101;2;2;1739;545
AT13;91400;91412;2024;20240101;2;3;723;54
AT13;91400;91499;2024;20240101;1;1;0;0
AT13;91400;91499;2024;20240101;1;2;0;0
AT13;91400;91499;2024;20240101;1;3;0;0
AT13;91400;91499;2024;20240101;2;1;0;0
AT13;91400;91499;2024;20240101;2;2;0;0
AT13;91400;91499;2024;20240101;2;3;0;0
AT13;91500;91501;2024;20240101;1;1;330;310
AT13;91500;91501;2024;20240101;1;2;2069;1776
AT13;91500;91501;2024;20240101;1;3;607;181
AT13;91500;91501;2024;20240101;2;1;315;304
AT13;91500;91501;2024;20240101;2;2;2112;1658
AT13;91500;91501;2024;20240101;2;3;779;185
AT13;91500;91502;2024;20240101;1;1;280;289
AT13;91500;91502;2024;20240101;1;2;1907;2164
AT13;91500;91502;2024;20240101;1;3;322;180
AT13;91500;91502;2024;20240101;2;1;258;290
AT13;91500;91502;2024;20240101;2;2;1767;1773
AT13;91500;91502;2024;20240101;2;3;446;204
AT13;91500;91503;2024;20240101;1;1;363;476
AT13;91500;91503;2024;20240101;1;2;2351;2849
AT13;91500;91503;2024;20240101;1;3;367;219
AT13;91500;91503;2024;20240101;2;1;346;406
AT13;91500;91503;2024;20240101;2;2;2325;2293
AT13;91500;91503;2024;20240101;2;3;516;195
AT13;91500;91504;2024;20240101;1;1;246;307
AT13;91500;91504;2024;20240101;1;2;1557;2223
AT13;91500;91504;2024;20240101;1;3;314;133
AT13;91500;91504;2024;20240101;2;1;215;273
AT13;91500;91504;2024;20240101;2;2;1517;1642
AT13;91500;91504;2024;20240101;2;3;430;129
AT13;91500;91505;2024;20240101;1;1;378;365
AT13;91500;91505;2024;20240101;1;2;2108;1926
AT13;91500;91505;2024;20240101;1;3;629;165
AT13;91500;91505;2024;20240101;2;1;361;348
AT13;91500;91505;2024;20240101;2;2;2067;1667
AT13;91500;91505;2024;20240101;2;3;952;189
AT13;91500;91506;2024;20240101;1;1;425;490
AT13;91500;91506;2024;20240101;1;2;2711;3013
AT13;91500;91506;2024;20240101;1;3;597;267
AT13;91500;91506;2024;20240101;2;1;407;435
AT13;91500;91506;2024;20240101;2;2;2732;2392
AT13;91500;91506;2024;20240101;2;3;899;267
AT13;91500;91507;2024;20240101;1;1;269;188
AT13;91500;91507;2024;20240101;1;2;1722;1235
AT13;91500;91507;2024;20240101;1;3;541;136
AT13;91500;91507;2024;20240101;2;1;266;162
AT13;91500;91507;2024;20240101;2;2;1718;1097
AT13;91500;91507;2024;20240101;2;3;924;135
AT13;91500;91599;2024;20240101;1;1;0;0
AT13;91500;91599;2024;20240101;1;2;0;0
AT13;91500;91599;2024;20240101;1;3;0;0
AT13;91500;91599;2024;20240101;2;1;0;0
AT13;91500;91599;2024;20240101;2;2;0;0
AT13;91500;91599;2024;20240101;2;3;0;0
AT13;91600;91601;2024;20240101;1;1;425;478
AT13;91600;91601;2024;20240101;1;2;2586;2897
AT13;91600;91601;2024;20240101;1;3;570;230
AT13;91600;91601;2024;20240101;2;1;408;464
AT13;91600;91601;2024;20240101;2;2;2634;2376
AT13;91600;91601;2024;20240101;2;3;860;246
AT13;91600;91602;2024;20240101;1;1;232;363
AT13;91600;91602;2024;20240101;1;2;1326;2141
AT13;91600;91602;2024;20240101;1;3;290;194
AT13;91600;91602;2024;20240101;2;1;205;289
AT13;91600;91602;2024;20240101;2;2;1263;1480
AT13;91600;91602;2024;20240101;2;3;345;175
AT13;91600;91603;2024;20240101;1;1;505;459
AT13;91600;91603;2024;20240101;1;2;2631;1910
AT13;91600;91603;2024;20240101;1;3;674;204
AT13;91600;91603;2024;20240101;2;1;484;406
AT13;91600;91603;2024;20240101;2;2;2686;1800
AT13;91600;91603;2024;20240101;2;3;1011;188
AT13;91600;91604;2024;20240101;1;1;326;219
AT13;91600;91604;2024;20240101;1;2;1721;1326
AT13;91600;91604;2024;20240101;1;3;439;115
AT13;91600;91604;2024;20240101;2;1;314;234
AT13;91600;91604;2024;20240101;2;2;1732;1194
AT13;91600;91604;2024;20240101;2;3;675;133
AT13;91600;91605;2024;20240101;1;1;515;416
AT13;91600;91605;2024;20240101;1;2;3166;2896
AT13;91600;91605;2024;20240101;1;3;807;250
AT13;91600;91605;2024;20240101;2;1;519;491
AT13;91600;91605;2024;20240101;2;2;3332;2351
AT13;91600;91605;2024;20240101;2;3;1266;265
AT13;91600;91606;2024;20240101;1;1;441;307
AT13;91600;91606;2024;20240101;1;2;2264;1370
AT13;91600;91606;2024;20240101;1;3;659;153
AT13;91600;91606;2024;20240101;2;1;370;268
AT13;91600;91606;2024;20240101;2;2;2198;1296
AT13;91600;91606;2024;20240101;2;3;968;158
AT13;91600;91607;2024;20240101;1;1;525;398
AT13;91600;91607;2024;20240101;1;2;2444;1951
AT13;91600;91607;2024;20240101;1;3;649;154
AT13;91600;91607;2024;20240101;2;1;500;363
AT13;91600;91607;2024;20240101;2;2;2668;1644
AT13;91600;91607;2024;20240101;2;3;885;165
AT13;91600;91608;2024;20240101;1;1;171;94
AT13;91600;91608;2024;20240101;1;2;910;284
AT13;91600;91608;2024;20240101;1;3;340;25
AT13;91600;91608;2024;20240101;2;1;149;95
AT13;91600;91608;2024;20240101;2;2;946;341
AT13;91600;91608;2024;20240101;2;3;442;33
AT13;91600;91609;2024;20240101;1;1;360;53
AT13;91600;91609;2024;20240101;1;2;1368;218
AT13;91600;91609;2024;20240101;1;3;651;31
AT13;91600;91609;2024;20240101;2;1;302;55
AT13;91600;91609;2024;20240101;2;2;1457;293
AT13;91600;91609;2024;20240101;2;3;958;41
AT13;91600;91610;2024;20240101;1;1;257;415
AT13;91600;91610;2024;20240101;1;2;1627;2500
AT13;91600;91610;2024;20240101;1;3;333;254
AT13;91600;91610;2024;20240101;2;1;274;406
AT13;91600;91610;2024;20240101;2;2;1517;1945
AT13;91600;91610;2024;20240101;2;3;433;257
AT13;91600;91699;2024;20240101;1;1;0;0
AT13;91600;91699;2024;20240101;1;2;0;0
AT13;91600;91699;2024;20240101;1;3;0;0
AT13;91600;91699;2024;20240101;2;1;0;0
AT13;91600;91699;2024;20240101;2;2;0;0
AT13;91600;91699;2024;20240101;2;3;0;0
AT13;91700;91701;2024;20240101;1;1;384;313
AT13;91700;91701;2024;20240101;1;2;2094;1980
AT13;91700;91701;2024;20240101;1;3;499;180
AT13;91700;91701;2024;20240101;2;1;360;299
AT13;91700;91701;2024;20240101;2;2;2241;1634
AT13;91700;91701;2024;20240101;2;3;714;171
AT13;91700;91702;2024;20240101;1;1;476;551
AT13;91700;91702;2024;20240101;1;2;2589;2940
AT13;91700;91702;2024;20240101;1;3;628;228
AT13;91700;91702;2024;20240101;2;1;434;497
AT13;91700;91702;2024;20240101;2;2;2839;2529
AT13;91700;91702;2024;20240101;2;3;866;223
AT13;91700;91703;2024;20240101;1;1;689;556
AT13;91700;91703;2024;20240101;1;2;3481;3000
AT13;91700;91703;2024;20240101;1;3;888;270
AT13;91700;91703;2024;20240101;2;1;632;468
AT13;91700;91703;2024;20240101;2;2;3612;2511
AT13;91700;91703;2024;20240101;2;3;1289;253
AT13;91700;91704;2024;20240101;1;1;245;35
AT13;91700;91704;2024;20240101;1;2;912;253
AT13;91700;91704;2024;20240101;1;3;401;26
AT13;91700;91704;2024;20240101;2;1;266;43
AT13;91700;91704;2024;20240101;2;2;1041;264
AT13;91700;91704;2024;20240101;2;3;692;27
AT13;91700;91705;2024;20240101;1;1;433;136
AT13;91700;91705;2024;20240101;1;2;1523;447
AT13;91700;91705;2024;20240101;1;3;561;50
AT13;91700;91705;2024;20240101;2;1;369;122
AT13;91700;91705;2024;20240101;2;2;1651;515
AT13;91700;91705;2024;20240101;2;3;750;48
AT13;91700;91706;2024;20240101;1;1;180;52
AT13;91700;91706;2024;20240101;1;2;547;186
AT13;91700;91706;2024;20240101;1;3;228;15
AT13;91700;91706;2024;20240101;2;1;139;49
AT13;91700;91706;2024;20240101;2;2;569;232
AT13;91700;91706;2024;20240101;2;3;314;32
AT13;91700;91799;2024;20240101;1;1;0;0
AT13;91700;91799;2024;20240101;1;2;0;0
AT13;91700;91799;2024;20240101;1;3;0;0
AT13;91700;91799;2024;20240101;2;1;0;0
AT13;91700;91799;2024;20240101;2;2;0;0
AT13;91700;91799;2024;20240101;2;3;0;0
AT13;91800;91801;2024;20240101;1;1;159;51
AT13;91800;91801;2024;20240101;1;2;449;210
AT13;91800;91801;2024;20240101;1;3;149;30
AT13;91800;91801;2024;20240101;2;1;128;53
AT13;91800;91801;2024;20240101;2;2;538;277
AT13;91800;91801;2024;20240101;2;3;243;29
AT13;91800;91802;2024;20240101;1;1;650;246
AT13;91800;91802;2024;20240101;1;2;3014;1531
AT13;91800;91802;2024;20240101;1;3;818;160
AT13;91800;91802;2024;20240101;2;1;584;256
AT13;91800;91802;2024;20240101;2;2;3362;1818
AT13;91800;91802;2024;20240101;2;3;1256;177
AT13;91800;91803;2024;20240101;1;1;533;371
AT13;91800;91803;2024;20240101;1;2;3103;2337
AT13;91800;91803;2024;20240101;1;3;686;181
AT13;91800;91803;2024;20240101;2;1;554;340
AT13;91800;91803;2024;20240101;2;2;3478;2311
AT13;91800;91803;2024;20240101;2;3;1025;212
AT13;91800;91804;2024;20240101;1;1;446;216
AT13;91800;91804;2024;20240101;1;2;2173;902
AT13;91800;91804;2024;20240101;1;3;678;91
AT13;91800;91804;2024;20240101;2;1;415;197
AT13;91800;91804;2024;20240101;2;2;2346;990
AT13;91800;91804;2024;20240101;2;3;997;127
AT13;91800;91805;2024;20240101;1;1;623;234
AT13;91800;91805;2024;20240101;1;2;2104;874
AT13;91800;91805;2024;20240101;1;3;778;96
AT13;91800;91805;2024;20240101;2;1;643;247
AT13;91800;91805;2024;20240101;2;2;2436;1077
AT13;91800;91805;2024;20240101;2;3;1268;118
AT13;91800;91899;2024;20240101;1;1;0;0
AT13;91800;91899;2024;20240101;1;2;0;0
AT13;91800;91899;2024;20240101;1;3;0;0
AT13;91800;91899;2024;20240101;2;1;0;0
AT13;91800;91899;2024;20240101;2;2;0;0
AT13;91800;91899;2024;20240101;2;3;0;0
AT13;91900;91901;2024;20240101;1;1;346;153
AT13;91900;91901;2024;20240101;1;2;1411;550
AT13;91900;91901;2024;20240101;1;3;537;65
AT13;91900;91901;2024;20240101;2;1;335;157
AT13;91900;91901;2024;20240101;2;2;1482;683
AT13;91900;91901;2024;20240101;2;3;759;101
AT13;91900;91902;2024;20240101;1;1;309;336
AT13;91900;91902;2024;20240101;1;2;1851;1265
AT13;91900;91902;2024;20240101;1;3;747;113
AT13;91900;91902;2024;20240101;2;1;312;247
AT13;91900;91902;2024;20240101;2;2;1891;1266
AT13;91900;91902;2024;20240101;2;3;1282;129
AT13;91900;91903;2024;20240101;1;1;6;9
AT13;91900;91903;2024;20240101;1;2;107;293
AT13;91900;91903;2024;20240101;1;3;22;4
AT13;91900;91903;2024;20240101;2;1;4;7
AT13;91900;91903;2024;20240101;2;2;88;294
AT13;91900;91903;2024;20240101;2;3;33;7
AT13;91900;91904;2024;20240101;1;1;568;390
AT13;91900;91904;2024;20240101;1;2;3095;1730
AT13;91900;91904;2024;20240101;1;3;888;140
AT13;91900;91904;2024;20240101;2;1;535;326
AT13;91900;91904;2024;20240101;2;2;3160;1990
AT13;91900;91904;2024;20240101;2;3;1354;191
AT13;91900;91905;2024;20240101;1;1;345;271
AT13;91900;91905;2024;20240101;1;2;1572;718
AT13;91900;91905;2024;20240101;1;3;634;77
AT13;91900;91905;2024;20240101;2;1;356;224
AT13;91900;91905;2024;20240101;2;2;1655;891
AT13;91900;91905;2024;20240101;2;3;873;106
AT13;91900;91906;2024;20240101;1;1;314;168
AT13;91900;91906;2024;20240101;1;2;1207;477
AT13;91900;91906;2024;20240101;1;3;449;66
AT13;91900;91906;2024;20240101;2;1;285;151
AT13;91900;91906;2024;20240101;2;2;1151;630
AT13;91900;91906;2024;20240101;2;3;596;76
AT13;91900;91907;2024;20240101;1;1;166;82
AT13;91900;91907;2024;20240101;1;2;660;278
AT13;91900;91907;2024;20240101;1;3;232;37
AT13;91900;91907;2024;20240101;2;1;149;80
AT13;91900;91907;2024;20240101;2;2;695;355
AT13;91900;91907;2024;20240101;2;3;353;45
AT13;91900;91908;2024;20240101;1;1;498;333
AT13;91900;91908;2024;20240101;1;2;2717;1254
AT13;91900;91908;2024;20240101;1;3;1049;146
AT13;91900;91908;2024;20240101;2;1;517;314
AT13;91900;91908;2024;20240101;2;2;2889;1457
AT13;91900;91908;2024;20240101;2;3;1741;181
AT13;91900;91909;2024;20240101;1;1;251;93
AT13;91900;91909;2024;20240101;1;2;904;675
AT13;91900;91909;2024;20240101;1;3;279;54
AT13;91900;91909;2024;20240101;2;1;226;92
AT13;91900;91909;2024;20240101;2;2;1028;720
AT13;91900;91909;2024;20240101;2;3;382;68
AT13;91900;91910;2024;20240101;1;1;495;220
AT13;91900;91910;2024;20240101;1;2;2075;652
AT13;91900;91910;2024;20240101;1;3;863;86
AT13;91900;91910;2024;20240101;2;1;480;185
AT13;91900;91910;2024;20240101;2;2;2197;820
AT13;91900;91910;2024;20240101;2;3;1332;135
AT13;91900;91999;2024;20240101;1;1;0;0
AT13;91900;91999;2024;20240101;1;2;0;0
AT13;91900;91999;2024;20240101;1;3;0;0
AT13;91900;91999;2024;20240101;2;1;0;0
AT13;91900;91999;2024;20240101;2;2;0;0
AT13;91900;91999;2024;20240101;2;3;0;0
AT13;92000;92001;2024;20240101;1;1;412;272
AT13;92000;92001;2024;20240101;1;2;1892;1001
AT13;92000;92001;2024;20240101;1;3;381;121
AT13;92000;92001;2024;20240101;2;1;360;256
AT13;92000;92001;2024;20240101;2;2;1833;1094
AT13;92000;92001;2024;20240101;2;3;574;143
AT13;92000;92002;2024;20240101;1;1;472;560
AT13;92000;92002;2024;20240101;1;2;2944;3174
AT13;92000;92002;2024;20240101;1;3;719;247
AT13;92000;92002;2024;20240101;2;1;458;547
AT13;92000;92002;2024;20240101;2;2;2632;2649
AT13;92000;92002;2024;20240101;2;3;1015;292
AT13;92000;92003;2024;20240101;1;1;444;472
AT13;92000;92003;2024;20240101;1;2;2505;2602
AT13;92000;92003;2024;20240101;1;3;681;188
AT13;92000;92003;2024;20240101;2;1;425;412
AT13;92000;92003;2024;20240101;2;2;2445;2201
AT13;92000;92003;2024;20240101;2;3;1057;221
AT13;92000;92004;2024;20240101;1;1;400;252
AT13;92000;92004;2024;20240101;1;2;1819;1581
AT13;92000;92004;2024;20240101;1;3;484;88
AT13;92000;92004;2024;20240101;2;1;310;240
AT13;92000;92004;2024;20240101;2;2;1764;1526
AT13;92000;92004;2024;20240101;2;3;707;119
AT13;92000;92005;2024;20240101;1;1;318;385
AT13;92000;92005;2024;20240101;1;2;1898;2399
AT13;92000;92005;2024;20240101;1;3;419;165
AT13;92000;92005;2024;20240101;2;1;289;361
AT13;92000;92005;2024;20240101;2;2;1998;1700
AT13;92000;92005;2024;20240101;2;3;595;198
AT13;92000;92006;2024;20240101;1;1;360;434
AT13;92000;92006;2024;20240101;1;2;1578;1493
AT13;92000;92006;2024;20240101;1;3;454;121
AT13;92000;92006;2024;20240101;2;1;359;373
AT13;92000;92006;2024;20240101;2;2;1527;1403
AT13;92000;92006;2024;20240101;2;3;725;151
AT13;92000;92007;2024;20240101;1;1;541;478
AT13;92000;92007;2024;20240101;1;2;2628;2176
AT13;92000;92007;2024;20240101;1;3;804;150
AT13;92000;92007;2024;20240101;2;1;555;481
AT13;92000;92007;2024;20240101;2;2;2651;2078
AT13;92000;92007;2024;20240101;2;3;1184;225
AT13;92000;92008;2024;20240101;1;1;166;204
AT13;92000;92008;2024;20240101;1;2;985;1335
AT13;92000;92008;2024;20240101;1;3;354;81
AT13;92000;92008;2024;20240101;2;1;166;209
AT13;92000;92008;2024;20240101;2;2;924;1246
AT13;92000;92008;2024;20240101;2;3;512;103
AT13;92000;92099;2024;20240101;1;1;0;0
AT13;92000;92099;2024;20240101;1;2;0;0
AT13;92000;92099;2024;20240101;1;3;0;0
AT13;92000;92099;2024;20240101;2;1;0;0
AT13;92000;92099;2024;20240101;2;2;0;0
AT13;92000;92099;2024;20240101;2;3;0;0
AT13;92100;92101;2024;20240101;1;1;93;19
AT13;92100;92101;2024;20240101;1;2;437;58
AT13;92100;92101;2024;20240101;1;3;152;6
AT13;92100;92101;2024;20240101;2;1;95;11
AT13;92100;92101;2024;20240101;2;2;471;68
AT13;92100;92101;2024;20240101;2;3;184;7
AT13;92100;92102;2024;20240101;1;1;581;187
AT13;92100;92102;2024;20240101;1;2;2422;662
AT13;92100;92102;2024;20240101;1;3;438;62
AT13;92100;92102;2024;20240101;2;1;515;220
AT13;92100;92102;2024;20240101;2;2;2540;787
AT13;92100;92102;2024;20240101;2;3;564;72
AT13;92100;92103;2024;20240101;1;1;638;191
AT13;92100;92103;2024;20240101;1;2;2155;525
AT13;92100;92103;2024;20240101;1;3;529;53
AT13;92100;92103;2024;20240101;2;1;541;156
AT13;92100;92103;2024;20240101;2;2;2372;648
AT13;92100;92103;2024;20240101;2;3;610;40
AT13;92100;92104;2024;20240101;1;1;249;121
AT13;92100;92104;2024;20240101;1;2;981;311
AT13;92100;92104;2024;20240101;1;3;454;21
AT13;92100;92104;2024;20240101;2;1;222;128
AT13;92100;92104;2024;20240101;2;2;1013;359
AT13;92100;92104;2024;20240101;2;3;591;28
AT13;92100;92105;2024;20240101;1;1;993;793
AT13;92100;92105;2024;20240101;1;2;3855;1917
AT13;92100;92105;2024;20240101;1;3;1467;131
AT13;92100;92105;2024;20240101;2;1;819;755
AT13;92100;92105;2024;20240101;2;2;3944;2178
AT13;92100;92105;2024;20240101;2;3;2345;169
AT13;92100;92106;2024;20240101;1;1;173;153
AT13;92100;92106;2024;20240101;1;2;731;560
AT13;92100;92106;2024;20240101;1;3;105;35
AT13;92100;92106;2024;20240101;2;1;179;136
AT13;92100;92106;2024;20240101;2;2;699;609
AT13;92100;92106;2024;20240101;2;3;167;46
AT13;92100;92107;2024;20240101;1;1;530;377
AT13;92100;92107;2024;20240101;1;2;1757;1301
AT13;92100;92107;2024;20240101;1;3;280;62
AT13;92100;92107;2024;20240101;2;1;476;348
AT13;92100;92107;2024;20240101;2;2;1792;1312
AT13;92100;92107;2024;20240101;2;3;352;72
AT13;92100;92108;2024;20240101;1;1;409;189
AT13;92100;92108;2024;20240101;1;2;1227;596
AT13;92100;92108;2024;20240101;1;3;258;20
AT13;92100;92108;2024;20240101;2;1;359;198
AT13;92100;92108;2024;20240101;2;2;1296;646
AT13;92100;92108;2024;20240101;2;3;349;38
AT13;92100;92109;2024;20240101;1;1;362;202
AT13;92100;92109;2024;20240101;1;2;1543;610
AT13;92100;92109;2024;20240101;1;3;664;35
AT13;92100;92109;2024;20240101;2;1;392;205
AT13;92100;92109;2024;20240101;2;2;1613;658
AT13;92100;92109;2024;20240101;2;3;880;51
AT13;92100;92110;2024;20240101;1;1;229;171
AT13;92100;92110;2024;20240101;1;2;1433;791
AT13;92100;92110;2024;20240101;1;3;359;47
AT13;92100;92110;2024;20240101;2;1;212;187
AT13;92100;92110;2024;20240101;2;2;1127;719
AT13;92100;92110;2024;20240101;2;3;379;47
AT13;92100;92111;2024;20240101;1;1;242;154
AT13;92100;92111;2024;20240101;1;2;1198;680
AT13;92100;92111;2024;20240101;1;3;274;31
AT13;92100;92111;2024;20240101;2;1;205;130
AT13;92100;92111;2024;20240101;2;2;1320;550
AT13;92100;92111;2024;20240101;2;3;491;55
AT13;92100;92112;2024;20240101;1;1;685;398
AT13;92100;92112;2024;20240101;1;2;2062;912
AT13;92100;92112;2024;20240101;1;3;437;50
AT13;92100;92112;2024;20240101;2;1;633;370
AT13;92100;92112;2024;20240101;2;2;2172;1062
AT13;92100;92112;2024;20240101;2;3;579;65
AT13;92100;92113;2024;20240101;1;1;500;106
AT13;92100;92113;2024;20240101;1;2;1675;436
AT13;92100;92113;2024;20240101;1;3;318;36
AT13;92100;92113;2024;20240101;2;1;394;116
AT13;92100;92113;2024;20240101;2;2;1854;458
AT13;92100;92113;2024;20240101;2;3;430;48
AT13;92100;92114;2024;20240101;1;1;240;216
AT13;92100;92114;2024;20240101;1;2;1177;565
AT13;92100;92114;2024;20240101;1;3;388;34
AT13;92100;92114;2024;20240101;2;1;236;194
AT13;92100;92114;2024;20240101;2;2;1021;628
AT13;92100;92114;2024;20240101;2;3;548;49
AT13;92100;92115;2024;20240101;1;1;302;183
AT13;92100;92115;2024;20240101;1;2;1189;506
AT13;92100;92115;2024;20240101;1;3;308;34
AT13;92100;92115;2024;20240101;2;1;290;155
AT13;92100;92115;2024;20240101;2;2;1235;555
AT13;92100;92115;2024;20240101;2;3;501;28
AT13;92100;92116;2024;20240101;1;1;113;25
AT13;92100;92116;2024;20240101;1;2;832;116
AT13;92100;92116;2024;20240101;1;3;445;17
AT13;92100;92116;2024;20240101;2;1;120;20
AT13;92100;92116;2024;20240101;2;2;897;128
AT13;92100;92116;2024;20240101;2;3;542;17
AT13;92100;92117;2024;20240101;1;1;308;274
AT13;92100;92117;2024;20240101;1;2;1539;830
AT13;92100;92117;2024;20240101;1;3;419;66
AT13;92100;92117;2024;20240101;2;1;266;258
AT13;92100;92117;2024;20240101;2;2;1438;915
AT13;92100;92117;2024;20240101;2;3;596;75
AT13;92100;92118;2024;20240101;1;1;320;321
AT13;92100;92118;2024;20240101;1;2;1500;1286
AT13;92100;92118;2024;20240101;1;3;510;88
AT13;92100;92118;2024;20240101;2;1;273;295
AT13;92100;92118;2024;20240101;2;2;1466;1046
AT13;92100;92118;2024;20240101;2;3;633;94
AT13;92100;92119;2024;20240101;1;1;341;197
AT13;92100;92119;2024;20240101;1;2;1318;760
AT13;92100;92119;2024;20240101;1;3;269;58
AT13;92100;92119;2024;20240101;2;1;311;199
AT13;92100;92119;2024;20240101;2;2;1306;796
AT13;92100;92119;2024;20240101;2;3;313;69
AT13;92100;92120;2024;20240101;1;1;155;89
AT13;92100;92120;2024;20240101;1;2;525;372
AT13;92100;92120;2024;20240101;1;3;71;25
AT13;92100;92120;2024;20240101;2;1;139;89
AT13;92100;92120;2024;20240101;2;2;499;379
AT13;92100;92120;2024;20240101;2;3;100;33
AT13;92100;92121;2024;20240101;1;1;253;322
AT13;92100;92121;2024;20240101;1;2;1427;1257
AT13;92100;92121;2024;20240101;1;3;354;101
AT13;92100;92121;2024;20240101;2;1;229;254
AT13;92100;92121;2024;20240101;2;2;1185;1039
AT13;92100;92121;2024;20240101;2;3;488;116
AT13;92100;92122;2024;20240101;1;1;375;371
AT13;92100;92122;2024;20240101;1;2;1862;1634
AT13;92100;92122;2024;20240101;1;3;642;117
AT13;92100;92122;2024;20240101;2;1;368;336
AT13;92100;92122;2024;20240101;2;2;1891;1529
AT13;92100;92122;2024;20240101;2;3;970;128
AT13;92100;92123;2024;20240101;1;1;383;519
AT13;92100;92123;2024;20240101;1;2;1945;1837
AT13;92100;92123;2024;20240101;1;3;734;138
AT13;92100;92123;2024;20240101;2;1;355;477
AT13;92100;92123;2024;20240101;2;2;1912;1706
AT13;92100;92123;2024;20240101;2;3;1080;153
AT13;92100;92124;2024;20240101;1;1;411;199
AT13;92100;92124;2024;20240101;1;2;1356;681
AT13;92100;92124;2024;20240101;1;3;352;49
AT13;92100;92124;2024;20240101;2;1;421;179
AT13;92100;92124;2024;20240101;2;2;1531;698
AT13;92100;92124;2024;20240101;2;3;587;67
AT13;92100;92125;2024;20240101;1;1;497;182
AT13;92100;92125;2024;20240101;1;2;1738;724
AT13;92100;92125;2024;20240101;1;3;275;44
AT13;92100;92125;2024;20240101;2;1;404;188
AT13;92100;92125;2024;20240101;2;2;1963;830
AT13;92100;92125;2024;20240101;2;3;320;56
AT13;92100;92126;2024;20240101;1;1;399;213
AT13;92100;92126;2024;20240101;1;2;1968;864
AT13;92100;92126;2024;20240101;1;3;484;69
AT13;92100;92126;2024;20240101;2;1;408;222
AT13;92100;92126;2024;20240101;2;2;2137;975
AT13;92100;92126;2024;20240101;2;3;738;92
AT13;92100;92127;2024;20240101;1;1;107;40
AT13;92100;92127;2024;20240101;1;2;443;156
AT13;92100;92127;2024;20240101;1;3;156;23
AT13;92100;92127;2024;20240101;2;1;103;51
AT13;92100;92127;2024;20240101;2;2;408;163
AT13;92100;92127;2024;20240101;2;3;186;23
AT13;92100;92128;2024;20240101;1;1;0;15
AT13;92100;92128;2024;20240101;1;2;48;93
AT13;92100;92128;2024;20240101;1;3;24;5
AT13;92100;92128;2024;20240101;2;1;1;11
AT13;92100;92128;2024;20240101;2;2;36;39
AT13;92100;92128;2024;20240101;2;3;37;4
AT13;92100;92129;2024;20240101;1;1;101;55
AT13;92100;92129;2024;20240101;1;2;285;168
AT13;92100;92129;2024;20240101;1;3;36;5
AT13;92100;92129;2024;20240101;2;1;97;58
AT13;92100;92129;2024;20240101;2;2;315;160
AT13;92100;92129;2024;20240101;2;3;27;12
AT13;92100;92130;2024;20240101;1;1;1;2
AT13;92100;92130;2024;20240101;1;2;5;2
AT13;92100;92130;2024;20240101;1;3;2;0
AT13;92100;92130;2024;20240101;2;1;1;1
AT13;92100;92130;2024;20240101;2;2;0;4
AT13;92100;92130;2024;20240101;2;3;1;0
AT13;92100;92199;2024;20240101;1;1;0;0
AT13;92100;92199;2024;20240101;1;2;0;0
AT13;92100;92199;2024;20240101;1;3;0;0
AT13;92100;92199;2024;20240101;2;1;0;0
AT13;92100;92199;2024;20240101;2;2;0;0
AT13;92100;92199;2024;20240101;2;3;0;0
AT13;92200;92201;2024;20240101;1;1;130;27
AT13;92200;92201;2024;20240101;1;2;631;170
AT13;92200;92201;2024;20240101;1;3;181;13
AT13;92200;92201;2024;20240101;2;1;145;34
AT13;92200;92201;2024;20240101;2;2;607;164
AT13;92200;92201;2024;20240101;2;3;206;13
AT13;92200;92202;2024;20240101;1;1;565;120
AT13;92200;92202;2024;20240101;1;2;2110;490
AT13;92200;92202;2024;20240101;1;3;231;42
AT13;92200;92202;2024;20240101;2;1;611;117
AT13;92200;92202;2024;20240101;2;2;2159;564
AT13;92200;92202;2024;20240101;2;3;312;50
AT13;92200;92203;2024;20240101;1;1;116;14
AT13;92200;92203;2024;20240101;1;2;445;83
AT13;92200;92203;2024;20240101;1;3;180;11
AT13;92200;92203;2024;20240101;2;1;82;16
AT13;92200;92203;2024;20240101;2;2;421;90
AT13;92200;92203;2024;20240101;2;3;206;10
AT13;92200;92204;2024;20240101;1;1;324;81
AT13;92200;92204;2024;20240101;1;2;1190;236
AT13;92200;92204;2024;20240101;1;3;357;20
AT13;92200;92204;2024;20240101;2;1;257;56
AT13;92200;92204;2024;20240101;2;2;1233;252
AT13;92200;92204;2024;20240101;2;3;390;33
AT13;92200;92205;2024;20240101;1;1;1073;601
AT13;92200;92205;2024;20240101;1;2;3905;2119
AT13;92200;92205;2024;20240101;1;3;539;86
AT13;92200;92205;2024;20240101;2;1;1059;543
AT13;92200;92205;2024;20240101;2;2;4048;2360
AT13;92200;92205;2024;20240101;2;3;681;126
AT13;92200;92206;2024;20240101;1;1;777;427
AT13;92200;92206;2024;20240101;1;2;2981;1045
AT13;92200;92206;2024;20240101;1;3;796;61
AT13;92200;92206;2024;20240101;2;1;720;420
AT13;92200;92206;2024;20240101;2;2;3048;1204
AT13;92200;92206;2024;20240101;2;3;1104;79
AT13;92200;92207;2024;20240101;1;1;304;67
AT13;92200;92207;2024;20240101;1;2;1240;310
AT13;92200;92207;2024;20240101;1;3;399;42
AT13;92200;92207;2024;20240101;2;1;254;81
AT13;92200;92207;2024;20240101;2;2;1337;347
AT13;92200;92207;2024;20240101;2;3;482;45
AT13;92200;92208;2024;20240101;1;1;1448;931
AT13;92200;92208;2024;20240101;1;2;5249;3113
AT13;92200;92208;2024;20240101;1;3;1081;180
AT13;92200;92208;2024;20240101;2;1;1327;801
AT13;92200;92208;2024;20240101;2;2;5518;3406
AT13;92200;92208;2024;20240101;2;3;1491;227
AT13;92200;92209;2024;20240101;1;1;773;596
AT13;92200;92209;2024;20240101;1;2;3072;1708
AT13;92200;92209;2024;20240101;1;3;984;114
AT13;92200;92209;2024;20240101;2;1;674;575
AT13;92200;92209;2024;20240101;2;2;3375;1936
AT13;92200;92209;2024;20240101;2;3;1375;123
AT13;92200;92210;2024;20240101;1;1;586;271
AT13;92200;92210;2024;20240101;1;2;2390;1284
AT13;92200;92210;2024;20240101;1;3;446;82
AT13;92200;92210;2024;20240101;2;1;518;248
AT13;92200;92210;2024;20240101;2;2;2514;1437
AT13;92200;92210;2024;20240101;2;3;697;118
AT13;92200;92211;2024;20240101;1;1;382;370
AT13;92200;92211;2024;20240101;1;2;2578;1390
AT13;92200;92211;2024;20240101;1;3;899;154
AT13;92200;92211;2024;20240101;2;1;390;350
AT13;92200;92211;2024;20240101;2;2;2619;1456
AT13;92200;92211;2024;20240101;2;3;1303;196
AT13;92200;92212;2024;20240101;1;1;168;104
AT13;92200;92212;2024;20240101;1;2;903;406
AT13;92200;92212;2024;20240101;1;3;286;65
AT13;92200;92212;2024;20240101;2;1;151;111
AT13;92200;92212;2024;20240101;2;2;952;455
AT13;92200;92212;2024;20240101;2;3;387;47
AT13;92200;92213;2024;20240101;1;1;289;250
AT13;92200;92213;2024;20240101;1;2;1554;900
AT13;92200;92213;2024;20240101;1;3;478;68
AT13;92200;92213;2024;20240101;2;1;256;267
AT13;92200;92213;2024;20240101;2;2;1553;992
AT13;92200;92213;2024;20240101;2;3;775;75
AT13;92200;92214;2024;20240101;1;1;284;67
AT13;92200;92214;2024;20240101;1;2;1344;215
AT13;92200;92214;2024;20240101;1;3;401;22
AT13;92200;92214;2024;20240101;2;1;272;74
AT13;92200;92214;2024;20240101;2;2;1379;271
AT13;92200;92214;2024;20240101;2;3;551;20
AT13;92200;92215;2024;20240101;1;1;410;327
AT13;92200;92215;2024;20240101;1;2;1821;952
AT13;92200;92215;2024;20240101;1;3;603;64
AT13;92200;92215;2024;20240101;2;1;402;374
AT13;92200;92215;2024;20240101;2;2;1780;1057
AT13;92200;92215;2024;20240101;2;3;1065;74
AT13;92200;92216;2024;20240101;1;1;152;69
AT13;92200;92216;2024;20240101;1;2;563;318
AT13;92200;92216;2024;20240101;1;3;135;19
AT13;92200;92216;2024;20240101;2;1;177;57
AT13;92200;92216;2024;20240101;2;2;580;221
AT13;92200;92216;2024;20240101;2;3;189;15
AT13;92200;92217;2024;20240101;1;1;141;28
AT13;92200;92217;2024;20240101;1;2;624;344
AT13;92200;92217;2024;20240101;1;3;230;13
AT13;92200;92217;2024;20240101;2;1;137;19
AT13;92200;92217;2024;20240101;2;2;647;423
AT13;92200;92217;2024;20240101;2;3;251;15
AT13;92200;92218;2024;20240101;1;1;448;185
AT13;92200;92218;2024;20240101;1;2;1963;559
AT13;92200;92218;2024;20240101;1;3;375;43
AT13;92200;92218;2024;20240101;2;1;441;184
AT13;92200;92218;2024;20240101;2;2;2105;624
AT13;92200;92218;2024;20240101;2;3;542;64
AT13;92200;92219;2024;20240101;1;1;295;272
AT13;92200;92219;2024;20240101;1;2;1454;1158
AT13;92200;92219;2024;20240101;1;3;326;73
AT13;92200;92219;2024;20240101;2;1;309;256
AT13;92200;92219;2024;20240101;2;2;1527;938
AT13;92200;92219;2024;20240101;2;3;446;80
AT13;92200;92220;2024;20240101;1;1;212;140
AT13;92200;92220;2024;20240101;1;2;894;454
AT13;92200;92220;2024;20240101;1;3;211;37
AT13;92200;92220;2024;20240101;2;1;230;98
AT13;92200;92220;2024;20240101;2;2;950;439
AT13;92200;92220;2024;20240101;2;3;245;36
AT13;92200;92221;2024;20240101;1;1;247;108
AT13;92200;92221;2024;20240101;1;2;836;396
AT13;92200;92221;2024;20240101;1;3;137;20
AT13;92200;92221;2024;20240101;2;1;231;80
AT13;92200;92221;2024;20240101;2;2;889;424
AT13;92200;92221;2024;20240101;2;3;207;24
AT13;92200;92222;2024;20240101;1;1;304;84
AT13;92200;92222;2024;20240101;1;2;1663;391
AT13;92200;92222;2024;20240101;1;3;406;53
AT13;92200;92222;2024;20240101;2;1;250;94
AT13;92200;92222;2024;20240101;2;2;1995;417
AT13;92200;92222;2024;20240101;2;3;703;45
AT13;92200;92223;2024;20240101;1;1;471;175
AT13;92200;92223;2024;20240101;1;2;1779;640
AT13;92200;92223;2024;20240101;1;3;333;64
AT13;92200;92223;2024;20240101;2;1;430;174
AT13;92200;92223;2024;20240101;2;2;1920;680
AT13;92200;92223;2024;20240101;2;3;412;57
AT13;92200;92224;2024;20240101;1;1;344;80
AT13;92200;92224;2024;20240101;1;2;1567;324
AT13;92200;92224;2024;20240101;1;3;419;47
AT13;92200;92224;2024;20240101;2;1;317;74
AT13;92200;92224;2024;20240101;2;2;1679;365
AT13;92200;92224;2024;20240101;2;3;499;43
AT13;92200;92225;2024;20240101;1;1;175;22
AT13;92200;92225;2024;20240101;1;2;613;82
AT13;92200;92225;2024;20240101;1;3;192;13
AT13;92200;92225;2024;20240101;2;1;167;23
AT13;92200;92225;2024;20240101;2;2;655;98
AT13;92200;92225;2024;20240101;2;3;240;13
AT13;92200;92226;2024;20240101;1;1;303;64
AT13;92200;92226;2024;20240101;1;2;1220;239
AT13;92200;92226;2024;20240101;1;3;401;31
AT13;92200;92226;2024;20240101;2;1;304;70
AT13;92200;92226;2024;20240101;2;2;1235;311
AT13;92200;92226;2024;20240101;2;3;441;36
AT13;92200;92227;2024;20240101;1;1;740;240
AT13;92200;92227;2024;20240101;1;2;2613;697
AT13;92200;92227;2024;20240101;1;3;526;60
AT13;92200;92227;2024;20240101;2;1;737;218
AT13;92200;92227;2024;20240101;2;2;2730;793
AT13;92200;92227;2024;20240101;2;3;620;65
AT13;92200;92228;2024;20240101;1;1;419;107
AT13;92200;92228;2024;20240101;1;2;1461;371
AT13;92200;92228;2024;20240101;1;3;238;34
AT13;92200;92228;2024;20240101;2;1;373;109
AT13;92200;92228;2024;20240101;2;2;1520;419
AT13;92200;92228;2024;20240101;2;3;285;31
AT13;92200;92229;2024;20240101;1;1;253;55
AT13;92200;92229;2024;20240101;1;2;972;226
AT13;92200;92229;2024;20240101;1;3;347;44
AT13;92200;92229;2024;20240101;2;1;236;73
AT13;92200;92229;2024;20240101;2;2;983;267
AT13;92200;92229;2024;20240101;2;3;416;40
AT13;92200;92230;2024;20240101;1;1;0;0
AT13;92200;92230;2024;20240101;1;2;6;5
AT13;92200;92230;2024;20240101;1;3;0;1
AT13;92200;92230;2024;20240101;2;1;0;0
AT13;92200;92230;2024;20240101;2;2;4;0
AT13;92200;92230;2024;20240101;2;3;0;1
AT13;92200;92231;2024;20240101;1;1;238;137
AT13;92200;92231;2024;20240101;1;2;825;574
AT13;92200;92231;2024;20240101;1;3;105;17
AT13;92200;92231;2024;20240101;2;1;245;131
AT13;92200;92231;2024;20240101;2;2;844;636
AT13;92200;92231;2024;20240101;2;3;155;26
AT13;92200;92232;2024;20240101;1;1;145;113
AT13;92200;92232;2024;20240101;1;2;1156;731
AT13;92200;92232;2024;20240101;1;3;226;93
AT13;92200;92232;2024;20240101;2;1;160;114
AT13;92200;92232;2024;20240101;2;2;1075;922
AT13;92200;92232;2024;20240101;2;3;266;119
AT13;92200;92299;2024;20240101;1;1;0;0
AT13;92200;92299;2024;20240101;1;2;0;0
AT13;92200;92299;2024;20240101;1;3;0;0
AT13;92200;92299;2024;20240101;2;1;0;0
AT13;92200;92299;2024;20240101;2;2;0;0
AT13;92200;92299;2024;20240101;2;3;0;0
AT13;92300;92301;2024;20240101;1;1;178;103
AT13;92300;92301;2024;20240101;1;2;723;431
AT13;92300;92301;2024;20240101;1;3;152;27
AT13;92300;92301;2024;20240101;2;1;177;89
AT13;92300;92301;2024;20240101;2;2;749;304
AT13;92300;92301;2024;20240101;2;3;198;28
AT13;92300;92302;2024;20240101;1;1;359;169
AT13;92300;92302;2024;20240101;1;2;1398;900
AT13;92300;92302;2024;20240101;1;3;317;72
AT13;92300;92302;2024;20240101;2;1;316;141
AT13;92300;92302;2024;20240101;2;2;1374;638
AT13;92300;92302;2024;20240101;2;3;402;78
AT13;92300;92303;2024;20240101;1;1;220;58
AT13;92300;92303;2024;20240101;1;2;913;274
AT13;92300;92303;2024;20240101;1;3;406;36
AT13;92300;92303;2024;20240101;2;1;185;50
AT13;92300;92303;2024;20240101;2;2;851;263
AT13;92300;92303;2024;20240101;2;3;546;32
AT13;92300;92304;2024;20240101;1;1;1061;466
AT13;92300;92304;2024;20240101;1;2;3283;1573
AT13;92300;92304;2024;20240101;1;3;432;111
AT13;92300;92304;2024;20240101;2;1;1017;429
AT13;92300;92304;2024;20240101;2;2;3600;1633
AT13;92300;92304;2024;20240101;2;3;802;102
AT13;92300;92305;2024;20240101;1;1;510;261
AT13;92300;92305;2024;20240101;1;2;2227;976
AT13;92300;92305;2024;20240101;1;3;710;72
AT13;92300;92305;2024;20240101;2;1;467;258
AT13;92300;92305;2024;20240101;2;2;2289;955
AT13;92300;92305;2024;20240101;2;3;956;87
AT13;92300;92306;2024;20240101;1;1;109;30
AT13;92300;92306;2024;20240101;1;2;432;135
AT13;92300;92306;2024;20240101;1;3;80;16
AT13;92300;92306;2024;20240101;2;1;99;38
AT13;92300;92306;2024;20240101;2;2;465;158
AT13;92300;92306;2024;20240101;2;3;106;14
AT13;92300;92307;2024;20240101;1;1;711;400
AT13;92300;92307;2024;20240101;1;2;2635;1402
AT13;92300;92307;2024;20240101;1;3;590;109
AT13;92300;92307;2024;20240101;2;1;659;364
AT13;92300;92307;2024;20240101;2;2;2771;1368
AT13;92300;92307;2024;20240101;2;3;887;118
AT13;92300;92308;2024;20240101;1;1;797;419
AT13;92300;92308;2024;20240101;1;2;2484;1462
AT13;92300;92308;2024;20240101;1;3;461;58
AT13;92300;92308;2024;20240101;2;1;812;409
AT13;92300;92308;2024;20240101;2;2;2774;1491
AT13;92300;92308;2024;20240101;2;3;741;76
AT13;92300;92309;2024;20240101;1;1;375;165
AT13;92300;92309;2024;20240101;1;2;1520;735
AT13;92300;92309;2024;20240101;1;3;745;42
AT13;92300;92309;2024;20240101;2;1;369;143
AT13;92300;92309;2024;20240101;2;2;1640;701
AT13;92300;92309;2024;20240101;2;3;1123;66
AT13;92300;92310;2024;20240101;1;1;299;194
AT13;92300;92310;2024;20240101;1;2;1089;477
AT13;92300;92310;2024;20240101;1;3;484;31
AT13;92300;92310;2024;20240101;2;1;249;170
AT13;92300;92310;2024;20240101;2;2;1094;544
AT13;92300;92310;2024;20240101;2;3;707;56
AT13;92300;92311;2024;20240101;1;1;453;228
AT13;92300;92311;2024;20240101;1;2;1904;929
AT13;92300;92311;2024;20240101;1;3;583;87
AT13;92300;92311;2024;20240101;2;1;424;197
AT13;92300;92311;2024;20240101;2;2;1978;980
AT13;92300;92311;2024;20240101;2;3;930;88
AT13;92300;92312;2024;20240101;1;1;301;206
AT13;92300;92312;2024;20240101;1;2;1254;541
AT13;92300;92312;2024;20240101;1;3;517;43
AT13;92300;92312;2024;20240101;2;1;251;182
AT13;92300;92312;2024;20240101;2;2;1352;563
AT13;92300;92312;2024;20240101;2;3;658;47
AT13;92300;92313;2024;20240101;1;1;221;41
AT13;92300;92313;2024;20240101;1;2;996;197
AT13;92300;92313;2024;20240101;1;3;507;22
AT13;92300;92313;2024;20240101;2;1;211;61
AT13;92300;92313;2024;20240101;2;2;966;230
AT13;92300;92313;2024;20240101;2;3;696;22
AT13;92300;92314;2024;20240101;1;1;262;119
AT13;92300;92314;2024;20240101;1;2;1165;324
AT13;92300;92314;2024;20240101;1;3;494;34
AT13;92300;92314;2024;20240101;2;1;288;90
AT13;92300;92314;2024;20240101;2;2;1251;370
AT13;92300;92314;2024;20240101;2;3;620;43
AT13;92300;92315;2024;20240101;1;1;126;23
AT13;92300;92315;2024;20240101;1;2;570;106
AT13;92300;92315;2024;20240101;1;3;263;16
AT13;92300;92315;2024;20240101;2;1;133;28
AT13;92300;92315;2024;20240101;2;2;563;132
AT13;92300;92315;2024;20240101;2;3;329;23
AT13;92300;92316;2024;20240101;1;1;240;93
AT13;92300;92316;2024;20240101;1;2;797;288
AT13;92300;92316;2024;20240101;1;3;279;24
AT13;92300;92316;2024;20240101;2;1;252;82
AT13;92300;92316;2024;20240101;2;2;846;328
AT13;92300;92316;2024;20240101;2;3;399;30
AT13;92300;92317;2024;20240101;1;1;18;3
AT13;92300;92317;2024;20240101;1;2;66;52
AT13;92300;92317;2024;20240101;1;3;30;3
AT13;92300;92317;2024;20240101;2;1;20;1
AT13;92300;92317;2024;20240101;2;2;70;23
AT13;92300;92317;2024;20240101;2;3;32;7
AT13;92300;92318;2024;20240101;1;1;298;142
AT13;92300;92318;2024;20240101;1;2;1372;429
AT13;92300;92318;2024;20240101;1;3;510;39
AT13;92300;92318;2024;20240101;2;1;280;129
AT13;92300;92318;2024;20240101;2;2;1465;438
AT13;92300;92318;2024;20240101;2;3;578;31
AT13;92300;92319;2024;20240101;1;1;445;136
AT13;92300;92319;2024;20240101;1;2;2033;479
AT13;92300;92319;2024;20240101;1;3;1086;61
AT13;92300;92319;2024;20240101;2;1;385;114
AT13;92300;92319;2024;20240101;2;2;2305;564
AT13;92300;92319;2024;20240101;2;3;1543;88
AT13;92300;92399;2024;20240101;1;1;0;0
AT13;92300;92399;2024;20240101;1;2;0;0
AT13;92300;92399;2024;20240101;1;3;0;0
AT13;92300;92399;2024;20240101;2;1;0;0
AT13;92300;92399;2024;20240101;2;2;0;0
AT13;92300;92399;2024;20240101;2;3;0;0
AT13;90100;90101;2025;20250101;1;1;125;47
AT13;90100;90101;2025;20250101;1;2;830;382
AT13;90100;90101;2025;20250101;1;3;386;65
AT13;90100;90101;2025;20250101;2;1;111;40
AT13;90100;90101;2025;20250101;2;2;764;488
AT13;90100;90101;2025;20250101;2;3;491;78
AT13;90100;90102;2025;20250101;1;1;57;30
AT13;90100;90102;2025;20250101;1;2;287;168
AT13;90100;90102;2025;20250101;1;3;140;38
AT13;90100;90102;2025;20250101;2;1;56;32
AT13;90100;90102;2025;20250101;2;2;287;217
AT13;90100;90102;2025;20250101;2;3;185;34
AT13;90100;90103;2025;20250101;1;1;74;33
AT13;90100;90103;2025;20250101;1;2;387;229
AT13;90100;90103;2025;20250101;1;3;186;59
AT13;90100;90103;2025;20250101;2;1;75;35
AT13;90100;90103;2025;20250101;2;2;363;298
AT13;90100;90103;2025;20250101;2;3;244;56
AT13;90100;90104;2025;20250101;1;1;50;18
AT13;90100;90104;2025;20250101;1;2;286;137
AT13;90100;90104;2025;20250101;1;3;141;24
AT13;90100;90104;2025;20250101;2;1;51;21
AT13;90100;90104;2025;20250101;2;2;276;170
AT13;90100;90104;2025;20250101;2;3;182;25
AT13;90100;90105;2025;20250101;1;1;112;47
AT13;90100;90105;2025;20250101;1;2;507;305
AT13;90100;90105;2025;20250101;1;3;176;56
AT13;90100;90105;2025;20250101;2;1;84;33
AT13;90100;90105;2025;20250101;2;2;484;424
AT13;90100;90105;2025;20250101;2;3;211;109
AT13;90100;90106;2025;20250101;1;1;93;36
AT13;90100;90106;2025;20250101;1;2;543;212
AT13;90100;90106;2025;20250101;1;3;261;44
AT13;90100;90106;2025;20250101;2;1;90;38
AT13;90100;90106;2025;20250101;2;2;536;278
AT13;90100;90106;2025;20250101;2;3;301;55
AT13;90100;90107;2025;20250101;1;1;72;24
AT13;90100;90107;2025;20250101;1;2;548;268
AT13;90100;90107;2025;20250101;1;3;275;62
AT13;90100;90107;2025;20250101;2;1;79;20
AT13;90100;90107;2025;20250101;2;2;454;323
AT13;90100;90107;2025;20250101;2;3;302;61
AT13;90100;90199;2025;20250101;1;1;0;0
AT13;90100;90199;2025;20250101;1;2;0;0
AT13;90100;90199;2025;20250101;1;3;0;0
AT13;90100;90199;2025;20250101;2;1;0;0
AT13;90100;90199;2025;20250101;2;2;0;0
AT13;90100;90199;2025;20250101;2;3;0;0
AT13;90200;90201;2025;20250101;1;1;1524;645
AT13;90200;90201;2025;20250101;1;2;5329;3062
AT13;90200;90201;2025;20250101;1;3;676;166
AT13;90200;90201;2025;20250101;2;1;1388;594
AT13;90200;90201;2025;20250101;2;2;5273;3364
AT13;90200;90201;2025;20250101;2;3;945;237
AT13;90200;90202;2025;20250101;1;1;375;400
AT13;90200;90202;2025;20250101;1;2;2063;2167
AT13;90200;90202;2025;20250101;1;3;485;174
AT13;90200;90202;2025;20250101;2;1;359;370
AT13;90200;90202;2025;20250101;2;2;2019;1778
AT13;90200;90202;2025;20250101;2;3;641;192
AT13;90200;90203;2025;20250101;1;1;559;256
AT13;90200;90203;2025;20250101;1;2;2848;1750
AT13;90200;90203;2025;20250101;1;3;668;183
AT13;90200;90203;2025;20250101;2;1;527;254
AT13;90200;90203;2025;20250101;2;2;2977;1737
AT13;90200;90203;2025;20250101;2;3;1025;174
AT13;90200;90204;2025;20250101;1;1;697;413
AT13;90200;90204;2025;20250101;1;2;2940;1992
AT13;90200;90204;2025;20250101;1;3;788;179
AT13;90200;90204;2025;20250101;2;1;646;385
AT13;90200;90204;2025;20250101;2;2;3068;1956
AT13;90200;90204;2025;20250101;2;3;1116;199
AT13;90200;90205;2025;20250101;1;1;308;265
AT13;90200;90205;2025;20250101;1;2;1777;1409
AT13;90200;90205;2025;20250101;1;3;558;135
AT13;90200;90205;2025;20250101;2;1;300;268
AT13;90200;90205;2025;20250101;2;2;1701;1329
AT13;90200;90205;2025;20250101;2;3;763;154
AT13;90200;90206;2025;20250101;1;1;350;198
AT13;90200;90206;2025;20250101;1;2;1700;1618
AT13;90200;90206;2025;20250101;1;3;502;93
AT13;90200;90206;2025;20250101;2;1;357;194
AT13;90200;90206;2025;20250101;2;2;1655;1679
AT13;90200;90206;2025;20250101;2;3;697;101
AT13;90200;90207;2025;20250101;1;1;326;372
AT13;90200;90207;2025;20250101;1;2;2275;2356
AT13;90200;90207;2025;20250101;1;3;558;216
AT13;90200;90207;2025;20250101;2;1;302;354
AT13;90200;90207;2025;20250101;2;2;2100;2326
AT13;90200;90207;2025;20250101;2;3;785;249
AT13;90200;90208;2025;20250101;1;1;150;130
AT13;90200;90208;2025;20250101;1;2;790;579
AT13;90200;90208;2025;20250101;1;3;254;38
AT13;90200;90208;2025;20250101;2;1;158;111
AT13;90200;90208;2025;20250101;2;2;770;614
AT13;90200;90208;2025;20250101;2;3;359;52
AT13;90200;90209;2025;20250101;1;1;749;473
AT13;90200;90209;2025;20250101;1;2;3402;2180
AT13;90200;90209;2025;20250101;1;3;1013;243
AT13;90200;90209;2025;20250101;2;1;685;469
AT13;90200;90209;2025;20250101;2;2;3396;2307
AT13;90200;90209;2025;20250101;2;3;1620;240
AT13;90200;90210;2025;20250101;1;1;0;0
AT13;90200;90210;2025;20250101;1;2;0;0
AT13;90200;90210;2025;20250101;1;3;0;0
AT13;90200;90210;2025;20250101;2;1;0;0
AT13;90200;90210;2025;20250101;2;2;0;0
AT13;90200;90210;2025;20250101;2;3;0;0
AT13;90200;90299;2025;20250101;1;1;0;0
AT13;90200;90299;2025;20250101;1;2;0;0
AT13;90200;90299;2025;20250101;1;3;0;0
AT13;90200;90299;2025;20250101;2;1;0;0
AT13;90200;90299;2025;20250101;2;2;0;0
AT13;90200;90299;2025;20250101;2;3;0;0
AT13;90300;90301;2025;20250101;1;1;444;219
AT13;90300;90301;2025;20250101;1;2;2401;1403
AT13;90300;90301;2025;20250101;1;3;680;150
AT13;90300;90301;2025;20250101;2;1;414;176
AT13;90300;90301;2025;20250101;2;2;2542;1402
AT13;90300;90301;2025;20250101;2;3;924;150
AT13;90300;90302;2025;20250101;1;1;358;148
AT13;90300;90302;2025;20250101;1;2;1941;906
AT13;90300;90302;2025;20250101;1;3;732;96
AT13;90300;90302;2025;20250101;2;1;335;148
AT13;90300;90302;2025;20250101;2;2;1965;1067
AT13;90300;90302;2025;20250101;2;3;964;120
AT13;90300;90303;2025;20250101;1;1;282;186
AT13;90300;90303;2025;20250101;1;2;1287;858
AT13;90300;90303;2025;20250101;1;3;434;116
AT13;90300;90303;2025;20250101;2;1;237;180
AT13;90300;90303;2025;20250101;2;2;1375;1016
AT13;90300;90303;2025;20250101;2;3;633;143
AT13;90300;90304;2025;20250101;1;1;296;299
AT13;90300;90304;2025;20250101;1;2;1982;2046
AT13;90300;90304;2025;20250101;1;3;511;171
AT13;90300;90304;2025;20250101;2;1;285;313
AT13;90300;90304;2025;20250101;2;2;1938;1972
AT13;90300;90304;2025;20250101;2;3;754;202
AT13;90300;90305;2025;20250101;1;1;252;296
AT13;90300;90305;2025;20250101;1;2;1704;1345
AT13;90300;90305;2025;20250101;1;3;502;88
AT13;90300;90305;2025;20250101;2;1;253;256
AT13;90300;90305;2025;20250101;2;2;1821;1379
AT13;90300;90305;2025;20250101;2;3;747;115
AT13;90300;90306;2025;20250101;1;1;422;396
AT13;90300;90306;2025;20250101;1;2;3107;2110
AT13;90300;90306;2025;20250101;1;3;901;223
AT13;90300;90306;2025;20250101;2;1;412;373
AT13;90300;90306;2025;20250101;2;2;3236;2079
AT13;90300;90306;2025;20250101;2;3;1345;246
AT13;90300;90307;2025;20250101;1;1;421;297
AT13;90300;90307;2025;20250101;1;2;2219;2121
AT13;90300;90307;2025;20250101;1;3;338;112
AT13;90300;90307;2025;20250101;2;1;406;287
AT13;90300;90307;2025;20250101;2;2;2091;2326
AT13;90300;90307;2025;20250101;2;3;575;163
AT13;90300;90308;2025;20250101;1;1;101;63
AT13;90300;90308;2025;20250101;1;2;654;518
AT13;90300;90308;2025;20250101;1;3;172;17
AT13;90300;90308;2025;20250101;2;1;107;51
AT13;90300;90308;2025;20250101;2;2;514;450
AT13;90300;90308;2025;20250101;2;3;211;21
AT13;90300;90309;2025;20250101;1;1;385;163
AT13;90300;90309;2025;20250101;1;2;1886;911
AT13;90300;90309;2025;20250101;1;3;656;93
AT13;90300;90309;2025;20250101;2;1;382;176
AT13;90300;90309;2025;20250101;2;2;2063;1104
AT13;90300;90309;2025;20250101;2;3;912;123
AT13;90300;90310;2025;20250101;1;1;323;393
AT13;90300;90310;2025;20250101;1;2;1936;1761
AT13;90300;90310;2025;20250101;1;3;385;119
AT13;90300;90310;2025;20250101;2;1;292;371
AT13;90300;90310;2025;20250101;2;2;1909;1800
AT13;90300;90310;2025;20250101;2;3;516;158
AT13;90300;90311;2025;20250101;1;1;253;163
AT13;90300;90311;2025;20250101;1;2;1046;705
AT13;90300;90311;2025;20250101;1;3;171;64
AT13;90300;90311;2025;20250101;2;1;250;136
AT13;90300;90311;2025;20250101;2;2;1101;794
AT13;90300;90311;2025;20250101;2;3;263;74
AT13;90300;90399;2025;20250101;1;1;0;0
AT13;90300;90399;2025;20250101;1;2;0;0
AT13;90300;90399;2025;20250101;1;3;0;0
AT13;90300;90399;2025;20250101;2;1;0;0
AT13;90300;90399;2025;20250101;2;2;0;0
AT13;90300;90399;2025;20250101;2;3;0;0
AT13;90400;90401;2025;20250101;1;1;82;50
AT13;90400;90401;2025;20250101;1;2;470;320
AT13;90400;90401;2025;20250101;1;3;155;45
AT13;90400;90401;2025;20250101;2;1;66;42
AT13;90400;90401;2025;20250101;2;2;440;389
AT13;90400;90401;2025;20250101;2;3;202;66
AT13;90400;90402;2025;20250101;1;1;427;295
AT13;90400;90402;2025;20250101;1;2;2522;2050
AT13;90400;90402;2025;20250101;1;3;627;190
AT13;90400;90402;2025;20250101;2;1;381;304
AT13;90400;90402;2025;20250101;2;2;2229;1837
AT13;90400;90402;2025;20250101;2;3;860;201
AT13;90400;90403;2025;20250101;1;1;455;217
AT13;90400;90403;2025;20250101;1;2;2615;1603
AT13;90400;90403;2025;20250101;1;3;850;178
AT13;90400;90403;2025;20250101;2;1;421;211
AT13;90400;90403;2025;20250101;2;2;2677;1805
AT13;90400;90403;2025;20250101;2;3;1257;173
AT13;90400;90404;2025;20250101;1;1;233;202
AT13;90400;90404;2025;20250101;1;2;1401;915
AT13;90400;90404;2025;20250101;1;3;446;78
AT13;90400;90404;2025;20250101;2;1;230;181
AT13;90400;90404;2025;20250101;2;2;1410;975
AT13;90400;90404;2025;20250101;2;3;578;83
AT13;90400;90499;2025;20250101;1;1;0;0
AT13;90400;90499;2025;20250101;1;2;0;0
AT13;90400;90499;2025;20250101;1;3;0;0
AT13;90400;90499;2025;20250101;2;1;0;0
AT13;90400;90499;2025;20250101;2;2;0;0
AT13;90400;90499;2025;20250101;2;3;0;0
AT13;90500;90501;2025;20250101;1;1;364;193
AT13;90500;90501;2025;20250101;1;2;2675;1461
AT13;90500;90501;2025;20250101;1;3;687;154
AT13;90500;90501;2025;20250101;2;1;315;196
AT13;90500;90501;2025;20250101;2;2;2643;1534
AT13;90500;90501;2025;20250101;2;3;993;157
AT13;90500;90502;2025;20250101;1;1;538;721
AT13;90500;90502;2025;20250101;1;2;3681;3576
AT13;90500;90502;2025;20250101;1;3;943;331
AT13;90500;90502;2025;20250101;2;1;543;686
AT13;90500;90502;2025;20250101;2;2;3568;3266
AT13;90500;90502;2025;20250101;2;3;1292;340
AT13;90500;90503;2025;20250101;1;1;446;562
AT13;90500;90503;2025;20250101;1;2;3186;3475
AT13;90500;90503;2025;20250101;1;3;801;288
AT13;90500;90503;2025;20250101;2;1;419;538
AT13;90500;90503;2025;20250101;2;2;3088;3041
AT13;90500;90503;2025;20250101;2;3;1048;307
AT13;90500;90504;2025;20250101;1;1;164;170
AT13;90500;90504;2025;20250101;1;2;1267;1300
AT13;90500;90504;2025;20250101;1;3;310;78
AT13;90500;90504;2025;20250101;2;1;146;167
AT13;90500;90504;2025;20250101;2;2;1311;1137
AT13;90500;90504;2025;20250101;2;3;389;86
AT13;90500;90599;2025;20250101;1;1;0;0
AT13;90500;90599;2025;20250101;1;2;0;0
AT13;90500;90599;2025;20250101;1;3;0;0
AT13;90500;90599;2025;20250101;2;1;0;0
AT13;90500;90599;2025;20250101;2;2;0;0
AT13;90500;90599;2025;20250101;2;3;0;0
AT13;90600;90601;2025;20250101;1;1;254;104
AT13;90600;90601;2025;20250101;1;2;1759;924
AT13;90600;90601;2025;20250101;1;3;526;92
AT13;90600;90601;2025;20250101;2;1;257;84
AT13;90600;90601;2025;20250101;2;2;1703;985
AT13;90600;90601;2025;20250101;2;3;656;112
AT13;90600;90602;2025;20250101;1;1;297;208
AT13;90600;90602;2025;20250101;1;2;2223;1587
AT13;90600;90602;2025;20250101;1;3;464;121
AT13;90600;90602;2025;20250101;2;1;247;179
AT13;90600;90602;2025;20250101;2;2;2048;1528
AT13;90600;90602;2025;20250101;2;3;640;122
AT13;90600;90603;2025;20250101;1;1;431;232
AT13;90600;90603;2025;20250101;1;2;2963;1876
AT13;90600;90603;2025;20250101;1;3;856;159
AT13;90600;90603;2025;20250101;2;1;423;248
AT13;90600;90603;2025;20250101;2;2;3092;2153
AT13;90600;90603;2025;20250101;2;3;1304;226
AT13;90600;90699;2025;20250101;1;1;0;0
AT13;90600;90699;2025;20250101;1;2;0;0
AT13;90600;90699;2025;20250101;1;3;0;0
AT13;90600;90699;2025;20250101;2;1;0;0
AT13;90600;90699;2025;20250101;2;2;0;0
AT13;90600;90699;2025;20250101;2;3;0;0
AT13;90700;90701;2025;20250101;1;1;204;83
AT13;90700;90701;2025;20250101;1;2;1280;677
AT13;90700;90701;2025;20250101;1;3;312;76
AT13;90700;90701;2025;20250101;2;1;172;92
AT13;90700;90701;2025;20250101;2;2;1203;757
AT13;90700;90701;2025;20250101;2;3;457;76
AT13;90700;90702;2025;20250101;1;1;107;41
AT13;90700;90702;2025;20250101;1;2;694;353
AT13;90700;90702;2025;20250101;1;3;174;40
AT13;90700;90702;2025;20250101;2;1;123;37
AT13;90700;90702;2025;20250101;2;2;722;383
AT13;90700;90702;2025;20250101;2;3;228;50
AT13;90700;90703;2025;20250101;1;1;184;62
AT13;90700;90703;2025;20250101;1;2;1236;611
AT13;90700;90703;2025;20250101;1;3;298;61
AT13;90700;90703;2025;20250101;2;1;170;54
AT13;90700;90703;2025;20250101;2;2;1235;678
AT13;90700;90703;2025;20250101;2;3;403;64
AT13;90700;90704;2025;20250101;1;1;361;134
AT13;90700;90704;2025;20250101;1;2;2146;1410
AT13;90700;90704;2025;20250101;1;3;632;121
AT13;90700;90704;2025;20250101;2;1;351;150
AT13;90700;90704;2025;20250101;2;2;2265;1463
AT13;90700;90704;2025;20250101;2;3;917;130
AT13;90700;90705;2025;20250101;1;1;272;141
AT13;90700;90705;2025;20250101;1;2;1760;1204
AT13;90700;90705;2025;20250101;1;3;355;96
AT13;90700;90705;2025;20250101;2;1;265;122
AT13;90700;90705;2025;20250101;2;2;1809;1188
AT13;90700;90705;2025;20250101;2;3;542;99
AT13;90700;90799;2025;20250101;1;1;0;0
AT13;90700;90799;2025;20250101;1;2;0;0
AT13;90700;90799;2025;20250101;1;3;0;0
AT13;90700;90799;2025;20250101;2;1;0;0
AT13;90700;90799;2025;20250101;2;2;0;0
AT13;90700;90799;2025;20250101;2;3;0;0
AT13;90800;90801;2025;20250101;1;1;202;59
AT13;90800;90801;2025;20250101;1;2;1164;977
AT13;90800;90801;2025;20250101;1;3;295;69
AT13;90800;90801;2025;20250101;2;1;163;52
AT13;90800;90801;2025;20250101;2;2;1056;699
AT13;90800;90801;2025;20250101;2;3;457;67
AT13;90800;90802;2025;20250101;1;1;449;128
AT13;90800;90802;2025;20250101;1;2;2369;1311
AT13;90800;90802;2025;20250101;1;3;745;107
AT13;90800;90802;2025;20250101;2;1;403;128
AT13;90800;90802;2025;20250101;2;2;2554;1589
AT13;90800;90802;2025;20250101;2;3;1071;173
AT13;90800;90803;2025;20250101;1;1;265;159
AT13;90800;90803;2025;20250101;1;2;1688;1206
AT13;90800;90803;2025;20250101;1;3;485;98
AT13;90800;90803;2025;20250101;2;1;249;124
AT13;90800;90803;2025;20250101;2;2;1793;1133
AT13;90800;90803;2025;20250101;2;3;645;110
AT13;90800;90899;2025;20250101;1;1;0;0
AT13;90800;90899;2025;20250101;1;2;0;0
AT13;90800;90899;2025;20250101;1;3;0;0
AT13;90800;90899;2025;20250101;2;1;0;0
AT13;90800;90899;2025;20250101;2;2;0;0
AT13;90800;90899;2025;20250101;2;3;0;0
AT13;90900;90901;2025;20250101;1;1;303;240
AT13;90900;90901;2025;20250101;1;2;1994;1451
AT13;90900;90901;2025;20250101;1;3;452;112
AT13;90900;90901;2025;20250101;2;1;250;207
AT13;90900;90901;2025;20250101;2;2;2124;1518
AT13;90900;90901;2025;20250101;2;3;642;113
AT13;90900;90902;2025;20250101;1;1;403;164
AT13;90900;90902;2025;20250101;1;2;2293;1308
AT13;90900;90902;2025;20250101;1;3;764;142
AT13;90900;90902;2025;20250101;2;1;368;182
AT13;90900;90902;2025;20250101;2;2;2415;1466
AT13;90900;90902;2025;20250101;2;3;1112;173
AT13;90900;90903;2025;20250101;1;1;149;79
AT13;90900;90903;2025;20250101;1;2;968;757
AT13;90900;90903;2025;20250101;1;3;178;46
AT13;90900;90903;2025;20250101;2;1;140;79
AT13;90900;90903;2025;20250101;2;2;974;785
AT13;90900;90903;2025;20250101;2;3;285;58
AT13;90900;90904;2025;20250101;1;1;304;191
AT13;90900;90904;2025;20250101;1;2;1917;1423
AT13;90900;90904;2025;20250101;1;3;482;107
AT13;90900;90904;2025;20250101;2;1;265;206
AT13;90900;90904;2025;20250101;2;2;1915;1637
AT13;90900;90904;2025;20250101;2;3;690;140
AT13;90900;90905;2025;20250101;1;1;230;112
AT13;90900;90905;2025;20250101;1;2;1136;690
AT13;90900;90905;2025;20250101;1;3;354;78
AT13;90900;90905;2025;20250101;2;1;215;106
AT13;90900;90905;2025;20250101;2;2;1200;851
AT13;90900;90905;2025;20250101;2;3;483;80
AT13;90900;90906;2025;20250101;1;1;86;34
AT13;90900;90906;2025;20250101;1;2;436;262
AT13;90900;90906;2025;20250101;1;3;132;23
AT13;90900;90906;2025;20250101;2;1;74;30
AT13;90900;90906;2025;20250101;2;2;492;380
AT13;90900;90906;2025;20250101;2;3;175;34
AT13;90900;90999;2025;20250101;1;1;0;0
AT13;90900;90999;2025;20250101;1;2;0;0
AT13;90900;90999;2025;20250101;1;3;0;0
AT13;90900;90999;2025;20250101;2;1;0;0
AT13;90900;90999;2025;20250101;2;2;0;0
AT13;90900;90999;2025;20250101;2;3;0;0
AT13;91000;91001;2025;20250101;1;1;900;516
AT13;91000;91001;2025;20250101;1;2;2340;2558
AT13;91000;91001;2025;20250101;1;3;190;119
AT13;91000;91001;2025;20250101;2;1;816;486
AT13;91000;91001;2025;20250101;2;2;2274;2647
AT13;91000;91001;2025;20250101;2;3;267;161
AT13;91000;91002;2025;20250101;1;1;580;1209
AT13;91000;91002;2025;20250101;1;2;3129;5378
AT13;91000;91002;2025;20250101;1;3;884;358
AT13;91000;91002;2025;20250101;2;1;623;1155
AT13;91000;91002;2025;20250101;2;2;2756;3975
AT13;91000;91002;2025;20250101;2;3;1089;417
AT13;91000;91003;2025;20250101;1;1;253;344
AT13;91000;91003;2025;20250101;1;2;1277;1479
AT13;91000;91003;2025;20250101;1;3;414;146
AT13;91000;91003;2025;20250101;2;1;262;314
AT13;91000;91003;2025;20250101;2;2;1249;1255
AT13;91000;91003;2025;20250101;2;3;584;167
AT13;91000;91004;2025;20250101;1;1;198;674
AT13;91000;91004;2025;20250101;1;2;1098;3091
AT13;91000;91004;2025;20250101;1;3;305;180
AT13;91000;91004;2025;20250101;2;1;173;611
AT13;91000;91004;2025;20250101;2;2;992;2245
AT13;91000;91004;2025;20250101;2;3;406;206
AT13;91000;91005;2025;20250101;1;1;640;891
AT13;91000;91005;2025;20250101;1;2;3020;4110
AT13;91000;91005;2025;20250101;1;3;818;307
AT13;91000;91005;2025;20250101;2;1;566;798
AT13;91000;91005;2025;20250101;2;2;2902;3273
AT13;91000;91005;2025;20250101;2;3;1090;347
AT13;91000;91006;2025;20250101;1;1;372;832
AT13;91000;91006;2025;20250101;1;2;1762;3760
AT13;91000;91006;2025;20250101;1;3;489;253
AT13;91000;91006;2025;20250101;2;1;341;812
AT13;91000;91006;2025;20250101;2;2;1668;2675
AT13;91000;91006;2025;20250101;2;3;607;264
AT13;91000;91007;2025;20250101;1;1;398;631
AT13;91000;91007;2025;20250101;1;2;1994;2758
AT13;91000;91007;2025;20250101;1;3;797;190
AT13;91000;91007;2025;20250101;2;1;380;603
AT13;91000;91007;2025;20250101;2;2;1939;2246
AT13;91000;91007;2025;20250101;2;3;1264;231
AT13;91000;91008;2025;20250101;1;1;343;522
AT13;91000;91008;2025;20250101;1;2;1578;2361
AT13;91000;91008;2025;20250101;1;3;493;181
AT13;91000;91008;2025;20250101;2;1;304;448
AT13;91000;91008;2025;20250101;2;2;1425;1814
AT13;91000;91008;2025;20250101;2;3;666;188
AT13;91000;91009;2025;20250101;1;1;290;232
AT13;91000;91009;2025;20250101;1;2;1076;865
AT13;91000;91009;2025;20250101;1;3;242;59
AT13;91000;91009;2025;20250101;2;1;257;182
AT13;91000;91009;2025;20250101;2;2;1028;837
AT13;91000;91009;2025;20250101;2;3;338;74
AT13;91000;91010;2025;20250101;1;1;758;977
AT13;91000;91010;2025;20250101;1;2;3375;3635
AT13;91000;91010;2025;20250101;1;3;1083;288
AT13;91000;91010;2025;20250101;2;1;774;919
AT13;91000;91010;2025;20250101;2;2;3129;3243
AT13;91000;91010;2025;20250101;2;3;1582;354
AT13;91000;91011;2025;20250101;1;1;426;316
AT13;91000;91011;2025;20250101;1;2;2162;1129
AT13;91000;91011;2025;20250101;1;3;699;93
AT13;91000;91011;2025;20250101;2;1;382;290
AT13;91000;91011;2025;20250101;2;2;1921;1213
AT13;91000;91011;2025;20250101;2;3;1020;121
AT13;91000;91012;2025;20250101;1;1;132;48
AT13;91000;91012;2025;20250101;1;2;721;266
AT13;91000;91012;2025;20250101;1;3;85;20
AT13;91000;91012;2025;20250101;2;1;132;50
AT13;91000;91012;2025;20250101;2;2;688;293
AT13;91000;91012;2025;20250101;2;3;115;16
AT13;91000;91013;2025;20250101;1;1;212;107
AT13;91000;91013;2025;20250101;1;2;1055;464
AT13;91000;91013;2025;20250101;1;3;435;52
AT13;91000;91013;2025;20250101;2;1;188;94
AT13;91000;91013;2025;20250101;2;2;1049;472
AT13;91000;91013;2025;20250101;2;3;637;78
AT13;91000;91014;2025;20250101;1;1;179;113
AT13;91000;91014;2025;20250101;1;2;949;481
AT13;91000;91014;2025;20250101;1;3;357;43
AT13;91000;91014;2025;20250101;2;1;166;81
AT13;91000;91014;2025;20250101;2;2;982;508
AT13;91000;91014;2025;20250101;2;3;469;42
AT13;91000;91015;2025;20250101;1;1;546;354
AT13;91000;91015;2025;20250101;1;2;1976;1238
AT13;91000;91015;2025;20250101;1;3;391;75
AT13;91000;91015;2025;20250101;2;1;538;309
AT13;91000;91015;2025;20250101;2;2;2039;1314
AT13;91000;91015;2025;20250101;2;3;533;91
AT13;91000;91016;2025;20250101;1;1;439;111
AT13;91000;91016;2025;20250101;1;2;1852;534
AT13;91000;91016;2025;20250101;1;3;756;51
AT13;91000;91016;2025;20250101;2;1;454;114
AT13;91000;91016;2025;20250101;2;2;1877;588
AT13;91000;91016;2025;20250101;2;3;948;70
AT13;91000;91017;2025;20250101;1;1;65;6
AT13;91000;91017;2025;20250101;1;2;272;38
AT13;91000;91017;2025;20250101;1;3;79;2
AT13;91000;91017;2025;20250101;2;1;63;9
AT13;91000;91017;2025;20250101;2;2;306;47
AT13;91000;91017;2025;20250101;2;3;78;4
AT13;91000;91018;2025;20250101;1;1;421;151
AT13;91000;91018;2025;20250101;1;2;1663;578
AT13;91000;91018;2025;20250101;1;3;311;35
AT13;91000;91018;2025;20250101;2;1;368;140
AT13;91000;91018;2025;20250101;2;2;1779;615
AT13;91000;91018;2025;20250101;2;3;430;41
AT13;91000;91019;2025;20250101;1;1;148;62
AT13;91000;91019;2025;20250101;1;2;843;424
AT13;91000;91019;2025;20250101;1;3;301;22
AT13;91000;91019;2025;20250101;2;1;164;71
AT13;91000;91019;2025;20250101;2;2;838;387
AT13;91000;91019;2025;20250101;2;3;366;33
AT13;91000;91020;2025;20250101;1;1;520;428
AT13;91000;91020;2025;20250101;1;2;1943;1010
AT13;91000;91020;2025;20250101;1;3;888;81
AT13;91000;91020;2025;20250101;2;1;511;329
AT13;91000;91020;2025;20250101;2;2;1906;1127
AT13;91000;91020;2025;20250101;2;3;1626;100
AT13;91000;91021;2025;20250101;1;1;573;210
AT13;91000;91021;2025;20250101;1;2;2003;688
AT13;91000;91021;2025;20250101;1;3;452;58
AT13;91000;91021;2025;20250101;2;1;460;200
AT13;91000;91021;2025;20250101;2;2;2230;773
AT13;91000;91021;2025;20250101;2;3;705;49
AT13;91000;91022;2025;20250101;1;1;173;413
AT13;91000;91022;2025;20250101;1;2;977;1943
AT13;91000;91022;2025;20250101;1;3;312;109
AT13;91000;91022;2025;20250101;2;1;136;393
AT13;91000;91022;2025;20250101;2;2;955;1410
AT13;91000;91022;2025;20250101;2;3;429;128
AT13;91000;91023;2025;20250101;1;1;520;607
AT13;91000;91023;2025;20250101;1;2;2089;2413
AT13;91000;91023;2025;20250101;1;3;464;146
AT13;91000;91023;2025;20250101;2;1;482;585
AT13;91000;91023;2025;20250101;2;2;2070;2080
AT13;91000;91023;2025;20250101;2;3;693;186
AT13;91000;91099;2025;20250101;1;1;0;0
AT13;91000;91099;2025;20250101;1;2;0;0
AT13;91000;91099;2025;20250101;1;3;0;0
AT13;91000;91099;2025;20250101;2;1;0;0
AT13;91000;91099;2025;20250101;2;2;0;0
AT13;91000;91099;2025;20250101;2;3;0;0
AT13;91100;91101;2025;20250101;1;1;208;78
AT13;91100;91101;2025;20250101;1;2;664;621
AT13;91100;91101;2025;20250101;1;3;86;21
AT13;91100;91101;2025;20250101;2;1;199;72
AT13;91100;91101;2025;20250101;2;2;657;576
AT13;91100;91101;2025;20250101;2;3;76;21
AT13;91100;91102;2025;20250101;1;1;969;836
AT13;91100;91102;2025;20250101;1;2;3748;3364
AT13;91100;91102;2025;20250101;1;3;872;233
AT13;91100;91102;2025;20250101;2;1;1001;804
AT13;91100;91102;2025;20250101;2;2;3759;3092
AT13;91100;91102;2025;20250101;2;3;1305;310
AT13;91100;91103;2025;20250101;1;1;721;823
AT13;91100;91103;2025;20250101;1;2;3526;3847
AT13;91100;91103;2025;20250101;1;3;775;244
AT13;91100;91103;2025;20250101;2;1;703;806
AT13;91100;91103;2025;20250101;2;2;3265;3375
AT13;91100;91103;2025;20250101;2;3;1058;283
AT13;91100;91104;2025;20250101;1;1;257;322
AT13;91100;91104;2025;20250101;1;2;1056;1461
AT13;91100;91104;2025;20250101;1;3;351;77
AT13;91100;91104;2025;20250101;2;1;235;300
AT13;91100;91104;2025;20250101;2;2;973;1193
AT13;91100;91104;2025;20250101;2;3;435;86
AT13;91100;91105;2025;20250101;1;1;766;419
AT13;91100;91105;2025;20250101;1;2;2925;1583
AT13;91100;91105;2025;20250101;1;3;705;121
AT13;91100;91105;2025;20250101;2;1;621;417
AT13;91100;91105;2025;20250101;2;2;3040;1589
AT13;91100;91105;2025;20250101;2;3;971;127
AT13;91100;91106;2025;20250101;1;1;13;7
AT13;91100;91106;2025;20250101;1;2;92;8
AT13;91100;91106;2025;20250101;1;3;16;1
AT13;91100;91106;2025;20250101;2;1;6;0
AT13;91100;91106;2025;20250101;2;2;99;8
AT13;91100;91106;2025;20250101;2;3;11;3
AT13;91100;91107;2025;20250101;1;1;368;239
AT13;91100;91107;2025;20250101;1;2;1441;819
AT13;91100;91107;2025;20250101;1;3;488;51
AT13;91100;91107;2025;20250101;2;1;328;245
AT13;91100;91107;2025;20250101;2;2;1442;810
AT13;91100;91107;2025;20250101;2;3;745;79
AT13;91100;91108;2025;20250101;1;1;37;1
AT13;91100;91108;2025;20250101;1;2;282;45
AT13;91100;91108;2025;20250101;1;3;79;4
AT13;91100;91108;2025;20250101;2;1;35;8
AT13;91100;91108;2025;20250101;2;2;321;35
AT13;91100;91108;2025;20250101;2;3;100;2
AT13;91100;91109;2025;20250101;1;1;185;60
AT13;91100;91109;2025;20250101;1;2;598;281
AT13;91100;91109;2025;20250101;1;3;180;20
AT13;91100;91109;2025;20250101;2;1;139;63
AT13;91100;91109;2025;20250101;2;2;590;233
AT13;91100;91109;2025;20250101;2;3;216;18
AT13;91100;91110;2025;20250101;1;1;1624;873
AT13;91100;91110;2025;20250101;1;2;6109;3035
AT13;91100;91110;2025;20250101;1;3;1469;232
AT13;91100;91110;2025;20250101;2;1;1510;798
AT13;91100;91110;2025;20250101;2;2;6628;3071
AT13;91100;91110;2025;20250101;2;3;2028;285
AT13;91100;91111;2025;20250101;1;1;204;262
AT13;91100;91111;2025;20250101;1;2;1013;841
AT13;91100;91111;2025;20250101;1;3;257;47
AT13;91100;91111;2025;20250101;2;1;204;236
AT13;91100;91111;2025;20250101;2;2;936;698
AT13;91100;91111;2025;20250101;2;3;381;47
AT13;91100;91112;2025;20250101;1;1;24;6
AT13;91100;91112;2025;20250101;1;2;96;83
AT13;91100;91112;2025;20250101;1;3;25;8
AT13;91100;91112;2025;20250101;2;1;26;5
AT13;91100;91112;2025;20250101;2;2;88;39
AT13;91100;91112;2025;20250101;2;3;34;4
AT13;91100;91113;2025;20250101;1;1;226;113
AT13;91100;91113;2025;20250101;1;2;1024;672
AT13;91100;91113;2025;20250101;1;3;416;39
AT13;91100;91113;2025;20250101;2;1;214;129
AT13;91100;91113;2025;20250101;2;2;1024;591
AT13;91100;91113;2025;20250101;2;3;550;46
AT13;91100;91199;2025;20250101;1;1;0;0
AT13;91100;91199;2025;20250101;1;2;0;0
AT13;91100;91199;2025;20250101;1;3;0;0
AT13;91100;91199;2025;20250101;2;1;0;0
AT13;91100;91199;2025;20250101;2;2;0;0
AT13;91100;91199;2025;20250101;2;3;0;0
AT13;91200;91201;2025;20250101;1;1;148;132
AT13;91200;91201;2025;20250101;1;2;933;926
AT13;91200;91201;2025;20250101;1;3;182;68
AT13;91200;91201;2025;20250101;2;1;143;133
AT13;91200;91201;2025;20250101;2;2;969;843
AT13;91200;91201;2025;20250101;2;3;252;72
AT13;91200;91202;2025;20250101;1;1;628;671
AT13;91200;91202;2025;20250101;1;2;3472;3377
AT13;91200;91202;2025;20250101;1;3;895;311
AT13;91200;91202;2025;20250101;2;1;567;641
AT13;91200;91202;2025;20250101;2;2;3429;2999
AT13;91200;91202;2025;20250101;2;3;1356;355
AT13;91200;91203;2025;20250101;1;1;176;168
AT13;91200;91203;2025;20250101;1;2;1047;722
AT13;91200;91203;2025;20250101;1;3;238;75
AT13;91200;91203;2025;20250101;2;1;189;189
AT13;91200;91203;2025;20250101;2;2;887;736
AT13;91200;91203;2025;20250101;2;3;349;89
AT13;91200;91204;2025;20250101;1;1;291;429
AT13;91200;91204;2025;20250101;1;2;1750;2152
AT13;91200;91204;2025;20250101;1;3;425;126
AT13;91200;91204;2025;20250101;2;1;260;399
AT13;91200;91204;2025;20250101;2;2;1753;1954
AT13;91200;91204;2025;20250101;2;3;563;143
AT13;91200;91205;2025;20250101;1;1;259;315
AT13;91200;91205;2025;20250101;1;2;1605;1610
AT13;91200;91205;2025;20250101;1;3;482;145
AT13;91200;91205;2025;20250101;2;1;225;341
AT13;91200;91205;2025;20250101;2;2;1569;1451
AT13;91200;91205;2025;20250101;2;3;736;138
AT13;91200;91206;2025;20250101;1;1;287;334
AT13;91200;91206;2025;20250101;1;2;1926;1900
AT13;91200;91206;2025;20250101;1;3;450;168
AT13;91200;91206;2025;20250101;2;1;279;301
AT13;91200;91206;2025;20250101;2;2;1967;1705
AT13;91200;91206;2025;20250101;2;3;719;177
AT13;91200;91207;2025;20250101;1;1;227;222
AT13;91200;91207;2025;20250101;1;2;1306;783
AT13;91200;91207;2025;20250101;1;3;441;88
AT13;91200;91207;2025;20250101;2;1;210;214
AT13;91200;91207;2025;20250101;2;2;1304;878
AT13;91200;91207;2025;20250101;2;3;695;98
AT13;91200;91208;2025;20250101;1;1;244;146
AT13;91200;91208;2025;20250101;1;2;1083;1024
AT13;91200;91208;2025;20250101;1;3;248;76
AT13;91200;91208;2025;20250101;2;1;206;153
AT13;91200;91208;2025;20250101;2;2;1036;770
AT13;91200;91208;2025;20250101;2;3;358;81
AT13;91200;91209;2025;20250101;1;1;415;373
AT13;91200;91209;2025;20250101;1;2;1711;1057
AT13;91200;91209;2025;20250101;1;3;420;66
AT13;91200;91209;2025;20250101;2;1;388;336
AT13;91200;91209;2025;20250101;2;2;1589;1195
AT13;91200;91209;2025;20250101;2;3;589;79
AT13;91200;91210;2025;20250101;1;1;556;385
AT13;91200;91210;2025;20250101;1;2;2446;1929
AT13;91200;91210;2025;20250101;1;3;655;108
AT13;91200;91210;2025;20250101;2;1;602;373
AT13;91200;91210;2025;20250101;2;2;2537;1825
AT13;91200;91210;2025;20250101;2;3;1052;133
AT13;91200;91211;2025;20250101;1;1;591;315
AT13;91200;91211;2025;20250101;1;2;2555;1288
AT13;91200;91211;2025;20250101;1;3;838;107
AT13;91200;91211;2025;20250101;2;1;590;307
AT13;91200;91211;2025;20250101;2;2;2689;1313
AT13;91200;91211;2025;20250101;2;3;1269;120
AT13;91200;91299;2025;20250101;1;1;0;0
AT13;91200;91299;2025;20250101;1;2;0;0
AT13;91200;91299;2025;20250101;1;3;0;0
AT13;91200;91299;2025;20250101;2;1;0;0
AT13;91200;91299;2025;20250101;2;2;0;0
AT13;91200;91299;2025;20250101;2;3;0;0
AT13;91300;91301;2025;20250101;1;1;32;10
AT13;91300;91301;2025;20250101;1;2;117;52
AT13;91300;91301;2025;20250101;1;3;44;6
AT13;91300;91301;2025;20250101;2;1;24;9
AT13;91300;91301;2025;20250101;2;2;113;58
AT13;91300;91301;2025;20250101;2;3;65;7
AT13;91300;91302;2025;20250101;1;1;375;122
AT13;91300;91302;2025;20250101;1;2;1409;548
AT13;91300;91302;2025;20250101;1;3;540;70
AT13;91300;91302;2025;20250101;2;1;395;120
AT13;91300;91302;2025;20250101;2;2;1519;635
AT13;91300;91302;2025;20250101;2;3;770;89
AT13;91300;91303;2025;20250101;1;1;392;271
AT13;91300;91303;2025;20250101;1;2;2066;1434
AT13;91300;91303;2025;20250101;1;3;663;92
AT13;91300;91303;2025;20250101;2;1;395;266
AT13;91300;91303;2025;20250101;2;2;2075;1380
AT13;91300;91303;2025;20250101;2;3;999;110
AT13;91300;91304;2025;20250101;1;1;530;223
AT13;91300;91304;2025;20250101;1;2;2304;857
AT13;91300;91304;2025;20250101;1;3;877;106
AT13;91300;91304;2025;20250101;2;1;541;241
AT13;91300;91304;2025;20250101;2;2;2478;1074
AT13;91300;91304;2025;20250101;2;3;1378;119
AT13;91300;91305;2025;20250101;1;1;246;101
AT13;91300;91305;2025;20250101;1;2;1067;323
AT13;91300;91305;2025;20250101;1;3;420;41
AT13;91300;91305;2025;20250101;2;1;247;89
AT13;91300;91305;2025;20250101;2;2;1126;421
AT13;91300;91305;2025;20250101;2;3;633;49
AT13;91300;91306;2025;20250101;1;1;143;83
AT13;91300;91306;2025;20250101;1;2;625;258
AT13;91300;91306;2025;20250101;1;3;223;14
AT13;91300;91306;2025;20250101;2;1;142;63
AT13;91300;91306;2025;20250101;2;2;669;330
AT13;91300;91306;2025;20250101;2;3;393;31
AT13;91300;91307;2025;20250101;1;1;150;123
AT13;91300;91307;2025;20250101;1;2;691;395
AT13;91300;91307;2025;20250101;1;3;233;26
AT13;91300;91307;2025;20250101;2;1;166;132
AT13;91300;91307;2025;20250101;2;2;682;410
AT13;91300;91307;2025;20250101;2;3;362;33
AT13;91300;91308;2025;20250101;1;1;343;180
AT13;91300;91308;2025;20250101;1;2;1582;575
AT13;91300;91308;2025;20250101;1;3;710;61
AT13;91300;91308;2025;20250101;2;1;341;165
AT13;91300;91308;2025;20250101;2;2;1562;671
AT13;91300;91308;2025;20250101;2;3;1169;90
AT13;91300;91309;2025;20250101;1;1;258;104
AT13;91300;91309;2025;20250101;1;2;1139;325
AT13;91300;91309;2025;20250101;1;3;464;37
AT13;91300;91309;2025;20250101;2;1;224;78
AT13;91300;91309;2025;20250101;2;2;1186;413
AT13;91300;91309;2025;20250101;2;3;679;48
AT13;91300;91310;2025;20250101;1;1;20;0
AT13;91300;91310;2025;20250101;1;2;75;20
AT13;91300;91310;2025;20250101;1;3;17;1
AT13;91300;91310;2025;20250101;2;1;26;1
AT13;91300;91310;2025;20250101;2;2;95;11
AT13;91300;91310;2025;20250101;2;3;15;2
AT13;91300;91311;2025;20250101;1;1;235;30
AT13;91300;91311;2025;20250101;1;2;1054;162
AT13;91300;91311;2025;20250101;1;3;552;30
AT13;91300;91311;2025;20250101;2;1;221;38
AT13;91300;91311;2025;20250101;2;2;1060;194
AT13;91300;91311;2025;20250101;2;3;670;35
AT13;91300;91399;2025;20250101;1;1;0;0
AT13;91300;91399;2025;20250101;1;2;0;0
AT13;91300;91399;2025;20250101;1;3;0;0
AT13;91300;91399;2025;20250101;2;1;0;0
AT13;91300;91399;2025;20250101;2;2;0;0
AT13;91300;91399;2025;20250101;2;3;0;0
AT13;91400;91401;2025;20250101;1;1;422;252
AT13;91400;91401;2025;20250101;1;2;2145;1479
AT13;91400;91401;2025;20250101;1;3;504;140
AT13;91400;91401;2025;20250101;2;1;396;203
AT13;91400;91401;2025;20250101;2;2;2252;1454
AT13;91400;91401;2025;20250101;2;3;672;129
AT13;91400;91402;2025;20250101;1;1;279;333
AT13;91400;91402;2025;20250101;1;2;1691;1725
AT13;91400;91402;2025;20250101;1;3;384;168
AT13;91400;91402;2025;20250101;2;1;257;259
AT13;91400;91402;2025;20250101;2;2;1595;1434
AT13;91400;91402;2025;20250101;2;3;489;166
AT13;91400;91403;2025;20250101;1;1;440;274
AT13;91400;91403;2025;20250101;1;2;2293;1193
AT13;91400;91403;2025;20250101;1;3;576;106
AT13;91400;91403;2025;20250101;2;1;423;242
AT13;91400;91403;2025;20250101;2;2;2392;1328
AT13;91400;91403;2025;20250101;2;3;911;139
AT13;91400;91404;2025;20250101;1;1;839;682
AT13;91400;91404;2025;20250101;1;2;4132;3100
AT13;91400;91404;2025;20250101;1;3;1343;284
AT13;91400;91404;2025;20250101;2;1;750;608
AT13;91400;91404;2025;20250101;2;2;4388;2826
AT13;91400;91404;2025;20250101;2;3;1983;315
AT13;91400;91405;2025;20250101;1;1;267;58
AT13;91400;91405;2025;20250101;1;2;1211;321
AT13;91400;91405;2025;20250101;1;3;423;38
AT13;91400;91405;2025;20250101;2;1;245;62
AT13;91400;91405;2025;20250101;2;2;1262;347
AT13;91400;91405;2025;20250101;2;3;496;49
AT13;91400;91406;2025;20250101;1;1;510;442
AT13;91400;91406;2025;20250101;1;2;2597;1778
AT13;91400;91406;2025;20250101;1;3;924;140
AT13;91400;91406;2025;20250101;2;1;473;378
AT13;91400;91406;2025;20250101;2;2;2728;1629
AT13;91400;91406;2025;20250101;2;3;1542;163
AT13;91400;91407;2025;20250101;1;1;103;135
AT13;91400;91407;2025;20250101;1;2;598;361
AT13;91400;91407;2025;20250101;1;3;166;33
AT13;91400;91407;2025;20250101;2;1;111;126
AT13;91400;91407;2025;20250101;2;2;584;413
AT13;91400;91407;2025;20250101;2;3;202;35
AT13;91400;91408;2025;20250101;1;1;231;132
AT13;91400;91408;2025;20250101;1;2;980;408
AT13;91400;91408;2025;20250101;1;3;338;33
AT13;91400;91408;2025;20250101;2;1;209;126
AT13;91400;91408;2025;20250101;2;2;1045;417
AT13;91400;91408;2025;20250101;2;3;463;39
AT13;91400;91409;2025;20250101;1;1;28;1
AT13;91400;91409;2025;20250101;1;2;156;40
AT13;91400;91409;2025;20250101;1;3;24;10
AT13;91400;91409;2025;20250101;2;1;20;2
AT13;91400;91409;2025;20250101;2;2;117;22
AT13;91400;91409;2025;20250101;2;3;33;0
AT13;91400;91410;2025;20250101;1;1;531;179
AT13;91400;91410;2025;20250101;1;2;1970;791
AT13;91400;91410;2025;20250101;1;3;734;44
AT13;91400;91410;2025;20250101;2;1;462;174
AT13;91400;91410;2025;20250101;2;2;2093;872
AT13;91400;91410;2025;20250101;2;3;975;77
AT13;91400;91411;2025;20250101;1;1;462;47
AT13;91400;91411;2025;20250101;1;2;1730;253
AT13;91400;91411;2025;20250101;1;3;795;46
AT13;91400;91411;2025;20250101;2;1;381;54
AT13;91400;91411;2025;20250101;2;2;1766;260
AT13;91400;91411;2025;20250101;2;3;990;46
AT13;91400;91412;2025;20250101;1;1;475;123
AT13;91400;91412;2025;20250101;1;2;1689;458
AT13;91400;91412;2025;20250101;1;3;670;48
AT13;91400;91412;2025;20250101;2;1;429;129
AT13;91400;91412;2025;20250101;2;2;1744;529
AT13;91400;91412;2025;20250101;2;3;740;64
AT13;91400;91499;2025;20250101;1;1;0;0
AT13;91400;91499;2025;20250101;1;2;0;0
AT13;91400;91499;2025;20250101;1;3;0;0
AT13;91400;91499;2025;20250101;2;1;0;0
AT13;91400;91499;2025;20250101;2;2;0;0
AT13;91400;91499;2025;20250101;2;3;0;0
AT13;91500;91501;2025;20250101;1;1;304;289
AT13;91500;91501;2025;20250101;1;2;2036;1780
AT13;91500;91501;2025;20250101;1;3;597;180
AT13;91500;91501;2025;20250101;2;1;317;295
AT13;91500;91501;2025;20250101;2;2;2057;1665
AT13;91500;91501;2025;20250101;2;3;784;201
AT13;91500;91502;2025;20250101;1;1;272;267
AT13;91500;91502;2025;20250101;1;2;1802;2138
AT13;91500;91502;2025;20250101;1;3;335;191
AT13;91500;91502;2025;20250101;2;1;239;246
AT13;91500;91502;2025;20250101;2;2;1759;1819
AT13;91500;91502;2025;20250101;2;3;444;206
AT13;91500;91503;2025;20250101;1;1;363;432
AT13;91500;91503;2025;20250101;1;2;2272;2788
AT13;91500;91503;2025;20250101;1;3;385;219
AT13;91500;91503;2025;20250101;2;1;346;395
AT13;91500;91503;2025;20250101;2;2;2335;2203
AT13;91500;91503;2025;20250101;2;3;522;204
AT13;91500;91504;2025;20250101;1;1;238;341
AT13;91500;91504;2025;20250101;1;2;1513;2110
AT13;91500;91504;2025;20250101;1;3;313;127
AT13;91500;91504;2025;20250101;2;1;196;325
AT13;91500;91504;2025;20250101;2;2;1464;1646
AT13;91500;91504;2025;20250101;2;3;431;126
AT13;91500;91505;2025;20250101;1;1;387;344
AT13;91500;91505;2025;20250101;1;2;2088;1975
AT13;91500;91505;2025;20250101;1;3;638;170
AT13;91500;91505;2025;20250101;2;1;346;366
AT13;91500;91505;2025;20250101;2;2;2041;1749
AT13;91500;91505;2025;20250101;2;3;943;195
AT13;91500;91506;2025;20250101;1;1;401;487
AT13;91500;91506;2025;20250101;1;2;2646;2868
AT13;91500;91506;2025;20250101;1;3;609;277
AT13;91500;91506;2025;20250101;2;1;377;450
AT13;91500;91506;2025;20250101;2;2;2671;2358
AT13;91500;91506;2025;20250101;2;3;884;286
AT13;91500;91507;2025;20250101;1;1;270;204
AT13;91500;91507;2025;20250101;1;2;1780;1349
AT13;91500;91507;2025;20250101;1;3;549;139
AT13;91500;91507;2025;20250101;2;1;257;216
AT13;91500;91507;2025;20250101;2;2;1763;1234
AT13;91500;91507;2025;20250101;2;3;933;135
AT13;91500;91599;2025;20250101;1;1;0;0
AT13;91500;91599;2025;20250101;1;2;0;0
AT13;91500;91599;2025;20250101;1;3;0;0
AT13;91500;91599;2025;20250101;2;1;0;0
AT13;91500;91599;2025;20250101;2;2;0;0
AT13;91500;91599;2025;20250101;2;3;0;0
AT13;91600;91601;2025;20250101;1;1;404;501
AT13;91600;91601;2025;20250101;1;2;2501;2878
AT13;91600;91601;2025;20250101;1;3;571;236
AT13;91600;91601;2025;20250101;2;1;385;499
AT13;91600;91601;2025;20250101;2;2;2528;2359
AT13;91600;91601;2025;20250101;2;3;858;250
AT13;91600;91602;2025;20250101;1;1;222;385
AT13;91600;91602;2025;20250101;1;2;1308;2113
AT13;91600;91602;2025;20250101;1;3;286;206
AT13;91600;91602;2025;20250101;2;1;206;288
AT13;91600;91602;2025;20250101;2;2;1270;1490
AT13;91600;91602;2025;20250101;2;3;333;171
AT13;91600;91603;2025;20250101;1;1;487;500
AT13;91600;91603;2025;20250101;1;2;2539;1939
AT13;91600;91603;2025;20250101;1;3;693;204
AT13;91600;91603;2025;20250101;2;1;475;439
AT13;91600;91603;2025;20250101;2;2;2614;1866
AT13;91600;91603;2025;20250101;2;3;1001;198
AT13;91600;91604;2025;20250101;1;1;320;243
AT13;91600;91604;2025;20250101;1;2;1709;1403
AT13;91600;91604;2025;20250101;1;3;424;118
AT13;91600;91604;2025;20250101;2;1;294;251
AT13;91600;91604;2025;20250101;2;2;1707;1222
AT13;91600;91604;2025;20250101;2;3;669;136
AT13;91600;91605;2025;20250101;1;1;500;491
AT13;91600;91605;2025;20250101;1;2;3081;3001
AT13;91600;91605;2025;20250101;1;3;835;260
AT13;91600;91605;2025;20250101;2;1;507;494
AT13;91600;91605;2025;20250101;2;2;3204;2403
AT13;91600;91605;2025;20250101;2;3;1269;274
AT13;91600;91606;2025;20250101;1;1;426;324
AT13;91600;91606;2025;20250101;1;2;2181;1407
AT13;91600;91606;2025;20250101;1;3;685;151
AT13;91600;91606;2025;20250101;2;1;356;312
AT13;91600;91606;2025;20250101;2;2;2121;1305
AT13;91600;91606;2025;20250101;2;3;981;163
AT13;91600;91607;2025;20250101;1;1;519;428
AT13;91600;91607;2025;20250101;1;2;2423;1985
AT13;91600;91607;2025;20250101;1;3;654;157
AT13;91600;91607;2025;20250101;2;1;501;370
AT13;91600;91607;2025;20250101;2;2;2611;1784
AT13;91600;91607;2025;20250101;2;3;914;173
AT13;91600;91608;2025;20250101;1;1;168;73
AT13;91600;91608;2025;20250101;1;2;894;282
AT13;91600;91608;2025;20250101;1;3;327;26
AT13;91600;91608;2025;20250101;2;1;157;70
AT13;91600;91608;2025;20250101;2;2;933;346
AT13;91600;91608;2025;20250101;2;3;449;46
AT13;91600;91609;2025;20250101;1;1;367;57
AT13;91600;91609;2025;20250101;1;2;1354;243
AT13;91600;91609;2025;20250101;1;3;657;29
AT13;91600;91609;2025;20250101;2;1;296;60
AT13;91600;91609;2025;20250101;2;2;1485;304
AT13;91600;91609;2025;20250101;2;3;946;43
AT13;91600;91610;2025;20250101;1;1;246;459
AT13;91600;91610;2025;20250101;1;2;1570;2457
AT13;91600;91610;2025;20250101;1;3;334;254
AT13;91600;91610;2025;20250101;2;1;261;417
AT13;91600;91610;2025;20250101;2;2;1473;1999
AT13;91600;91610;2025;20250101;2;3;427;269
AT13;91600;91699;2025;20250101;1;1;0;0
AT13;91600;91699;2025;20250101;1;2;0;0
AT13;91600;91699;2025;20250101;1;3;0;0
AT13;91600;91699;2025;20250101;2;1;0;0
AT13;91600;91699;2025;20250101;2;2;0;0
AT13;91600;91699;2025;20250101;2;3;0;0
AT13;91700;91701;2025;20250101;1;1;367;328
AT13;91700;91701;2025;20250101;1;2;2050;2031
AT13;91700;91701;2025;20250101;1;3;500;183
AT13;91700;91701;2025;20250101;2;1;383;312
AT13;91700;91701;2025;20250101;2;2;2193;1659
AT13;91700;91701;2025;20250101;2;3;721;184
AT13;91700;91702;2025;20250101;1;1;450;509
AT13;91700;91702;2025;20250101;1;2;2567;2897
AT13;91700;91702;2025;20250101;1;3;627;231
AT13;91700;91702;2025;20250101;2;1;433;488
AT13;91700;91702;2025;20250101;2;2;2805;2512
AT13;91700;91702;2025;20250101;2;3;882;243
AT13;91700;91703;2025;20250101;1;1;644;584
AT13;91700;91703;2025;20250101;1;2;3427;3118
AT13;91700;91703;2025;20250101;1;3;903;299
AT13;91700;91703;2025;20250101;2;1;604;509
AT13;91700;91703;2025;20250101;2;2;3503;2619
AT13;91700;91703;2025;20250101;2;3;1310;273
AT13;91700;91704;2025;20250101;1;1;254;31
AT13;91700;91704;2025;20250101;1;2;914;268
AT13;91700;91704;2025;20250101;1;3;414;29
AT13;91700;91704;2025;20250101;2;1;264;43
AT13;91700;91704;2025;20250101;2;2;1035;272
AT13;91700;91704;2025;20250101;2;3;711;28
AT13;91700;91705;2025;20250101;1;1;416;120
AT13;91700;91705;2025;20250101;1;2;1533;447
AT13;91700;91705;2025;20250101;1;3;573;53
AT13;91700;91705;2025;20250101;2;1;373;112
AT13;91700;91705;2025;20250101;2;2;1637;525
AT13;91700;91705;2025;20250101;2;3;755;48
AT13;91700;91706;2025;20250101;1;1;168;57
AT13;91700;91706;2025;20250101;1;2;558;190
AT13;91700;91706;2025;20250101;1;3;227;16
AT13;91700;91706;2025;20250101;2;1;133;54
AT13;91700;91706;2025;20250101;2;2;568;246
AT13;91700;91706;2025;20250101;2;3;317;30
AT13;91700;91799;2025;20250101;1;1;0;0
AT13;91700;91799;2025;20250101;1;2;0;0
AT13;91700;91799;2025;20250101;1;3;0;0
AT13;91700;91799;2025;20250101;2;1;0;0
AT13;91700;91799;2025;20250101;2;2;0;0
AT13;91700;91799;2025;20250101;2;3;0;0
AT13;91800;91801;2025;20250101;1;1;161;53
AT13;91800;91801;2025;20250101;1;2;450;209
AT13;91800;91801;2025;20250101;1;3;158;30
AT13;91800;91801;2025;20250101;2;1;117;47
AT13;91800;91801;2025;20250101;2;2;533;288
AT13;91800;91801;2025;20250101;2;3;234;29
AT13;91800;91802;2025;20250101;1;1;653;271
AT13;91800;91802;2025;20250101;1;2;2956;1646
AT13;91800;91802;2025;20250101;1;3;836;167
AT13;91800;91802;2025;20250101;2;1;591;278
AT13;91800;91802;2025;20250101;2;2;3300;1853
AT13;91800;91802;2025;20250101;2;3;1256;186
AT13;91800;91803;2025;20250101;1;1;514;398
AT13;91800;91803;2025;20250101;1;2;3080;2402
AT13;91800;91803;2025;20250101;1;3;685;191
AT13;91800;91803;2025;20250101;2;1;554;351
AT13;91800;91803;2025;20250101;2;2;3400;2341
AT13;91800;91803;2025;20250101;2;3;1026;213
AT13;91800;91804;2025;20250101;1;1;431;207
AT13;91800;91804;2025;20250101;1;2;2138;908
AT13;91800;91804;2025;20250101;1;3;659;92
AT13;91800;91804;2025;20250101;2;1;412;188
AT13;91800;91804;2025;20250101;2;2;2313;1028
AT13;91800;91804;2025;20250101;2;3;1005;131
AT13;91800;91805;2025;20250101;1;1;605;196
AT13;91800;91805;2025;20250101;1;2;2097;881
AT13;91800;91805;2025;20250101;1;3;787;110
AT13;91800;91805;2025;20250101;2;1;634;230
AT13;91800;91805;2025;20250101;2;2;2386;1085
AT13;91800;91805;2025;20250101;2;3;1266;130
AT13;91800;91899;2025;20250101;1;1;0;0
AT13;91800;91899;2025;20250101;1;2;0;0
AT13;91800;91899;2025;20250101;1;3;0;0
AT13;91800;91899;2025;20250101;2;1;0;0
AT13;91800;91899;2025;20250101;2;2;0;0
AT13;91800;91899;2025;20250101;2;3;0;0
AT13;91900;91901;2025;20250101;1;1;334;151
AT13;91900;91901;2025;20250101;1;2;1412;568
AT13;91900;91901;2025;20250101;1;3;543;71
AT13;91900;91901;2025;20250101;2;1;332;160
AT13;91900;91901;2025;20250101;2;2;1448;740
AT13;91900;91901;2025;20250101;2;3;774;109
AT13;91900;91902;2025;20250101;1;1;291;360
AT13;91900;91902;2025;20250101;1;2;1811;1352
AT13;91900;91902;2025;20250101;1;3;743;120
AT13;91900;91902;2025;20250101;2;1;309;256
AT13;91900;91902;2025;20250101;2;2;1816;1349
AT13;91900;91902;2025;20250101;2;3;1292;141
AT13;91900;91903;2025;20250101;1;1;10;6
AT13;91900;91903;2025;20250101;1;2;116;289
AT13;91900;91903;2025;20250101;1;3;25;5
AT13;91900;91903;2025;20250101;2;1;5;6
AT13;91900;91903;2025;20250101;2;2;82;296
AT13;91900;91903;2025;20250101;2;3;29;9
AT13;91900;91904;2025;20250101;1;1;558;376
AT13;91900;91904;2025;20250101;1;2;3078;1858
AT13;91900;91904;2025;20250101;1;3;904;147
AT13;91900;91904;2025;20250101;2;1;533;329
AT13;91900;91904;2025;20250101;2;2;3109;2072
AT13;91900;91904;2025;20250101;2;3;1369;207
AT13;91900;91905;2025;20250101;1;1;351;275
AT13;91900;91905;2025;20250101;1;2;1533;770
AT13;91900;91905;2025;20250101;1;3;631;81
AT13;91900;91905;2025;20250101;2;1;354;218
AT13;91900;91905;2025;20250101;2;2;1618;931
AT13;91900;91905;2025;20250101;2;3;885;116
AT13;91900;91906;2025;20250101;1;1;319;158
AT13;91900;91906;2025;20250101;1;2;1197;499
AT13;91900;91906;2025;20250101;1;3;447;75
AT13;91900;91906;2025;20250101;2;1;283;152
AT13;91900;91906;2025;20250101;2;2;1144;625
AT13;91900;91906;2025;20250101;2;3;591;88
AT13;91900;91907;2025;20250101;1;1;164;92
AT13;91900;91907;2025;20250101;1;2;663;273
AT13;91900;91907;2025;20250101;1;3;240;42
AT13;91900;91907;2025;20250101;2;1;147;76
AT13;91900;91907;2025;20250101;2;2;705;370
AT13;91900;91907;2025;20250101;2;3;345;41
AT13;91900;91908;2025;20250101;1;1;504;334
AT13;91900;91908;2025;20250101;1;2;2691;1294
AT13;91900;91908;2025;20250101;1;3;1062;150
AT13;91900;91908;2025;20250101;2;1;510;330
AT13;91900;91908;2025;20250101;2;2;2833;1528
AT13;91900;91908;2025;20250101;2;3;1753;189
AT13;91900;91909;2025;20250101;1;1;247;92
AT13;91900;91909;2025;20250101;1;2;896;692
AT13;91900;91909;2025;20250101;1;3;286;55
AT13;91900;91909;2025;20250101;2;1;223;89
AT13;91900;91909;2025;20250101;2;2;1002;753
AT13;91900;91909;2025;20250101;2;3;383;67
AT13;91900;91910;2025;20250101;1;1;512;224
AT13;91900;91910;2025;20250101;1;2;2088;687
AT13;91900;91910;2025;20250101;1;3;871;91
AT13;91900;91910;2025;20250101;2;1;494;177
AT13;91900;91910;2025;20250101;2;2;2206;832
AT13;91900;91910;2025;20250101;2;3;1383;147
AT13;91900;91999;2025;20250101;1;1;0;0
AT13;91900;91999;2025;20250101;1;2;0;0
AT13;91900;91999;2025;20250101;1;3;0;0
AT13;91900;91999;2025;20250101;2;1;0;0
AT13;91900;91999;2025;20250101;2;2;0;0
AT13;91900;91999;2025;20250101;2;3;0;0
AT13;92000;92001;2025;20250101;1;1;386;260
AT13;92000;92001;2025;20250101;1;2;1850;1034
AT13;92000;92001;2025;20250101;1;3;398;139
AT13;92000;92001;2025;20250101;2;1;363;245
AT13;92000;92001;2025;20250101;2;2;1768;1139
AT13;92000;92001;2025;20250101;2;3;582;152
AT13;92000;92002;2025;20250101;1;1;449;613
AT13;92000;92002;2025;20250101;1;2;2922;3240
AT13;92000;92002;2025;20250101;1;3;729;262
AT13;92000;92002;2025;20250101;2;1;438;585
AT13;92000;92002;2025;20250101;2;2;2581;2707
AT13;92000;92002;2025;20250101;2;3;998;302
AT13;92000;92003;2025;20250101;1;1;411;438
AT13;92000;92003;2025;20250101;1;2;2423;2525
AT13;92000;92003;2025;20250101;1;3;700;195
AT13;92000;92003;2025;20250101;2;1;411;406
AT13;92000;92003;2025;20250101;2;2;2409;2135
AT13;92000;92003;2025;20250101;2;3;1060;235
AT13;92000;92004;2025;20250101;1;1;392;255
AT13;92000;92004;2025;20250101;1;2;1788;1570
AT13;92000;92004;2025;20250101;1;3;497;85
AT13;92000;92004;2025;20250101;2;1;317;231
AT13;92000;92004;2025;20250101;2;2;1698;1550
AT13;92000;92004;2025;20250101;2;3;710;128
AT13;92000;92005;2025;20250101;1;1;333;415
AT13;92000;92005;2025;20250101;1;2;1839;2362
AT13;92000;92005;2025;20250101;1;3;425;179
AT13;92000;92005;2025;20250101;2;1;285;391
AT13;92000;92005;2025;20250101;2;2;1921;1740
AT13;92000;92005;2025;20250101;2;3;602;209
AT13;92000;92006;2025;20250101;1;1;376;460
AT13;92000;92006;2025;20250101;1;2;1518;1565
AT13;92000;92006;2025;20250101;1;3;451;119
AT13;92000;92006;2025;20250101;2;1;335;384
AT13;92000;92006;2025;20250101;2;2;1519;1455
AT13;92000;92006;2025;20250101;2;3;702;145
AT13;92000;92007;2025;20250101;1;1;514;488
AT13;92000;92007;2025;20250101;1;2;2640;2327
AT13;92000;92007;2025;20250101;1;3;798;162
AT13;92000;92007;2025;20250101;2;1;543;477
AT13;92000;92007;2025;20250101;2;2;2614;2197
AT13;92000;92007;2025;20250101;2;3;1197;235
AT13;92000;92008;2025;20250101;1;1;167;217
AT13;92000;92008;2025;20250101;1;2;965;1343
AT13;92000;92008;2025;20250101;1;3;359;82
AT13;92000;92008;2025;20250101;2;1;162;219
AT13;92000;92008;2025;20250101;2;2;906;1273
AT13;92000;92008;2025;20250101;2;3;517;107
AT13;92000;92099;2025;20250101;1;1;0;0
AT13;92000;92099;2025;20250101;1;2;0;0
AT13;92000;92099;2025;20250101;1;3;0;0
AT13;92000;92099;2025;20250101;2;1;0;0
AT13;92000;92099;2025;20250101;2;2;0;0
AT13;92000;92099;2025;20250101;2;3;0;0
AT13;92100;92101;2025;20250101;1;1;94;17
AT13;92100;92101;2025;20250101;1;2;425;59
AT13;92100;92101;2025;20250101;1;3;154;5
AT13;92100;92101;2025;20250101;2;1;95;8
AT13;92100;92101;2025;20250101;2;2;456;69
AT13;92100;92101;2025;20250101;2;3;184;7
AT13;92100;92102;2025;20250101;1;1;581;203
AT13;92100;92102;2025;20250101;1;2;2422;732
AT13;92100;92102;2025;20250101;1;3;466;70
AT13;92100;92102;2025;20250101;2;1;505;247
AT13;92100;92102;2025;20250101;2;2;2496;832
AT13;92100;92102;2025;20250101;2;3;601;81
AT13;92100;92103;2025;20250101;1;1;637;192
AT13;92100;92103;2025;20250101;1;2;2162;612
AT13;92100;92103;2025;20250101;1;3;557;57
AT13;92100;92103;2025;20250101;2;1;558;173
AT13;92100;92103;2025;20250101;2;2;2372;683
AT13;92100;92103;2025;20250101;2;3;666;48
AT13;92100;92104;2025;20250101;1;1;238;108
AT13;92100;92104;2025;20250101;1;2;984;326
AT13;92100;92104;2025;20250101;1;3;446;23
AT13;92100;92104;2025;20250101;2;1;234;110
AT13;92100;92104;2025;20250101;2;2;970;365
AT13;92100;92104;2025;20250101;2;3;595;30
AT13;92100;92105;2025;20250101;1;1;989;847
AT13;92100;92105;2025;20250101;1;2;3797;2082
AT13;92100;92105;2025;20250101;1;3;1460;149
AT13;92100;92105;2025;20250101;2;1;813;803
AT13;92100;92105;2025;20250101;2;2;3929;2341
AT13;92100;92105;2025;20250101;2;3;2327;184
AT13;92100;92106;2025;20250101;1;1;174;159
AT13;92100;92106;2025;20250101;1;2;712;597
AT13;92100;92106;2025;20250101;1;3;113;42
AT13;92100;92106;2025;20250101;2;1;175;140
AT13;92100;92106;2025;20250101;2;2;695;625
AT13;92100;92106;2025;20250101;2;3;165;52
AT13;92100;92107;2025;20250101;1;1;537;422
AT13;92100;92107;2025;20250101;1;2;1715;1411
AT13;92100;92107;2025;20250101;1;3;290;65
AT13;92100;92107;2025;20250101;2;1;489;369
AT13;92100;92107;2025;20250101;2;2;1750;1375
AT13;92100;92107;2025;20250101;2;3;366;76
AT13;92100;92108;2025;20250101;1;1;421;198
AT13;92100;92108;2025;20250101;1;2;1226;632
AT13;92100;92108;2025;20250101;1;3;269;21
AT13;92100;92108;2025;20250101;2;1;377;195
AT13;92100;92108;2025;20250101;2;2;1303;696
AT13;92100;92108;2025;20250101;2;3;350;34
AT13;92100;92109;2025;20250101;1;1;361;204
AT13;92100;92109;2025;20250101;1;2;1523;645
AT13;92100;92109;2025;20250101;1;3;667;41
AT13;92100;92109;2025;20250101;2;1;387;219
AT13;92100;92109;2025;20250101;2;2;1584;687
AT13;92100;92109;2025;20250101;2;3;887;56
AT13;92100;92110;2025;20250101;1;1;214;175
AT13;92100;92110;2025;20250101;1;2;1399;807
AT13;92100;92110;2025;20250101;1;3;382;56
AT13;92100;92110;2025;20250101;2;1;191;186
AT13;92100;92110;2025;20250101;2;2;1086;720
AT13;92100;92110;2025;20250101;2;3;384;54
AT13;92100;92111;2025;20250101;1;1;225;170
AT13;92100;92111;2025;20250101;1;2;1189;731
AT13;92100;92111;2025;20250101;1;3;289;29
AT13;92100;92111;2025;20250101;2;1;207;138
AT13;92100;92111;2025;20250101;2;2;1293;589
AT13;92100;92111;2025;20250101;2;3;521;59
AT13;92100;92112;2025;20250101;1;1;669;404
AT13;92100;92112;2025;20250101;1;2;2046;995
AT13;92100;92112;2025;20250101;1;3;441;61
AT13;92100;92112;2025;20250101;2;1;609;370
AT13;92100;92112;2025;20250101;2;2;2159;1114
AT13;92100;92112;2025;20250101;2;3;578;73
AT13;92100;92113;2025;20250101;1;1;471;112
AT13;92100;92113;2025;20250101;1;2;1732;481
AT13;92100;92113;2025;20250101;1;3;325;39
AT13;92100;92113;2025;20250101;2;1;373;118
AT13;92100;92113;2025;20250101;2;2;1871;510
AT13;92100;92113;2025;20250101;2;3;460;55
AT13;92100;92114;2025;20250101;1;1;221;232
AT13;92100;92114;2025;20250101;1;2;1144;601
AT13;92100;92114;2025;20250101;1;3;388;36
AT13;92100;92114;2025;20250101;2;1;215;214
AT13;92100;92114;2025;20250101;2;2;993;686
AT13;92100;92114;2025;20250101;2;3;536;50
AT13;92100;92115;2025;20250101;1;1;305;206
AT13;92100;92115;2025;20250101;1;2;1162;548
AT13;92100;92115;2025;20250101;1;3;310;40
AT13;92100;92115;2025;20250101;2;1;278;181
AT13;92100;92115;2025;20250101;2;2;1217;579
AT13;92100;92115;2025;20250101;2;3;495;29
AT13;92100;92116;2025;20250101;1;1;110;30
AT13;92100;92116;2025;20250101;1;2;789;121
AT13;92100;92116;2025;20250101;1;3;453;17
AT13;92100;92116;2025;20250101;2;1;114;34
AT13;92100;92116;2025;20250101;2;2;875;125
AT13;92100;92116;2025;20250101;2;3;562;18
AT13;92100;92117;2025;20250101;1;1;317;307
AT13;92100;92117;2025;20250101;1;2;1475;914
AT13;92100;92117;2025;20250101;1;3;423;75
AT13;92100;92117;2025;20250101;2;1;263;267
AT13;92100;92117;2025;20250101;2;2;1427;1016
AT13;92100;92117;2025;20250101;2;3;582;86
AT13;92100;92118;2025;20250101;1;1;316;336
AT13;92100;92118;2025;20250101;1;2;1452;1343
AT13;92100;92118;2025;20250101;1;3;511;91
AT13;92100;92118;2025;20250101;2;1;277;301
AT13;92100;92118;2025;20250101;2;2;1438;1125
AT13;92100;92118;2025;20250101;2;3;637;104
AT13;92100;92119;2025;20250101;1;1;351;230
AT13;92100;92119;2025;20250101;1;2;1304;838
AT13;92100;92119;2025;20250101;1;3;276;60
AT13;92100;92119;2025;20250101;2;1;321;232
AT13;92100;92119;2025;20250101;2;2;1269;843
AT13;92100;92119;2025;20250101;2;3;328;73
AT13;92100;92120;2025;20250101;1;1;155;88
AT13;92100;92120;2025;20250101;1;2;510;380
AT13;92100;92120;2025;20250101;1;3;81;29
AT13;92100;92120;2025;20250101;2;1;139;86
AT13;92100;92120;2025;20250101;2;2;508;383
AT13;92100;92120;2025;20250101;2;3;100;32
AT13;92100;92121;2025;20250101;1;1;243;342
AT13;92100;92121;2025;20250101;1;2;1374;1398
AT13;92100;92121;2025;20250101;1;3;360;102
AT13;92100;92121;2025;20250101;2;1;213;290
AT13;92100;92121;2025;20250101;2;2;1149;1104
AT13;92100;92121;2025;20250101;2;3;487;121
AT13;92100;92122;2025;20250101;1;1;379;406
AT13;92100;92122;2025;20250101;1;2;1899;1969
AT13;92100;92122;2025;20250101;1;3;654;127
AT13;92100;92122;2025;20250101;2;1;361;377
AT13;92100;92122;2025;20250101;2;2;1926;1765
AT13;92100;92122;2025;20250101;2;3;966;140
AT13;92100;92123;2025;20250101;1;1;354;528
AT13;92100;92123;2025;20250101;1;2;1939;1986
AT13;92100;92123;2025;20250101;1;3;738;153
AT13;92100;92123;2025;20250101;2;1;327;472
AT13;92100;92123;2025;20250101;2;2;1846;1841
AT13;92100;92123;2025;20250101;2;3;1083;163
AT13;92100;92124;2025;20250101;1;1;428;206
AT13;92100;92124;2025;20250101;1;2;1357;690
AT13;92100;92124;2025;20250101;1;3;351;56
AT13;92100;92124;2025;20250101;2;1;397;191
AT13;92100;92124;2025;20250101;2;2;1512;711
AT13;92100;92124;2025;20250101;2;3;600;66
AT13;92100;92125;2025;20250101;1;1;496;202
AT13;92100;92125;2025;20250101;1;2;1738;771
AT13;92100;92125;2025;20250101;1;3;309;49
AT13;92100;92125;2025;20250101;2;1;417;209
AT13;92100;92125;2025;20250101;2;2;1956;848
AT13;92100;92125;2025;20250101;2;3;359;59
AT13;92100;92126;2025;20250101;1;1;395;231
AT13;92100;92126;2025;20250101;1;2;1885;863
AT13;92100;92126;2025;20250101;1;3;509;69
AT13;92100;92126;2025;20250101;2;1;387;228
AT13;92100;92126;2025;20250101;2;2;2088;994
AT13;92100;92126;2025;20250101;2;3;761;100
AT13;92100;92127;2025;20250101;1;1;106;50
AT13;92100;92127;2025;20250101;1;2;433;158
AT13;92100;92127;2025;20250101;1;3;158;25
AT13;92100;92127;2025;20250101;2;1;99;47
AT13;92100;92127;2025;20250101;2;2;403;174
AT13;92100;92127;2025;20250101;2;3;189;25
AT13;92100;92128;2025;20250101;1;1;1;15
AT13;92100;92128;2025;20250101;1;2;47;93
AT13;92100;92128;2025;20250101;1;3;24;7
AT13;92100;92128;2025;20250101;2;1;0;14
AT13;92100;92128;2025;20250101;2;2;32;53
AT13;92100;92128;2025;20250101;2;3;37;4
AT13;92100;92129;2025;20250101;1;1;103;54
AT13;92100;92129;2025;20250101;1;2;293;166
AT13;92100;92129;2025;20250101;1;3;39;5
AT13;92100;92129;2025;20250101;2;1;99;56
AT13;92100;92129;2025;20250101;2;2;302;155
AT13;92100;92129;2025;20250101;2;3;32;11
AT13;92100;92130;2025;20250101;1;1;1;2
AT13;92100;92130;2025;20250101;1;2;6;9
AT13;92100;92130;2025;20250101;1;3;2;0
AT13;92100;92130;2025;20250101;2;1;1;0
AT13;92100;92130;2025;20250101;2;2;0;4
AT13;92100;92130;2025;20250101;2;3;1;0
AT13;92100;92199;2025;20250101;1;1;0;0
AT13;92100;92199;2025;20250101;1;2;0;0
AT13;92100;92199;2025;20250101;1;3;0;0
AT13;92100;92199;2025;20250101;2;1;0;0
AT13;92100;92199;2025;20250101;2;2;0;0
AT13;92100;92199;2025;20250101;2;3;0;0
AT13;92200;92201;2025;20250101;1;1;115;28
AT13;92200;92201;2025;20250101;1;2;621;164
AT13;92200;92201;2025;20250101;1;3;198;14
AT13;92200;92201;2025;20250101;2;1;126;26
AT13;92200;92201;2025;20250101;2;2;595;160
AT13;92200;92201;2025;20250101;2;3;215;16
AT13;92200;92202;2025;20250101;1;1;721;191
AT13;92200;92202;2025;20250101;1;2;2508;739
AT13;92200;92202;2025;20250101;1;3;260;51
AT13;92200;92202;2025;20250101;2;1;755;177
AT13;92200;92202;2025;20250101;2;2;2588;870
AT13;92200;92202;2025;20250101;2;3;337;59
AT13;92200;92203;2025;20250101;1;1;122;18
AT13;92200;92203;2025;20250101;1;2;438;90
AT13;92200;92203;2025;20250101;1;3;184;9
AT13;92200;92203;2025;20250101;2;1;90;19
AT13;92200;92203;2025;20250101;2;2;428;109
AT13;92200;92203;2025;20250101;2;3;211;10
AT13;92200;92204;2025;20250101;1;1;334;76
AT13;92200;92204;2025;20250101;1;2;1212;262
AT13;92200;92204;2025;20250101;1;3;361;22
AT13;92200;92204;2025;20250101;2;1;271;57
AT13;92200;92204;2025;20250101;2;2;1226;283
AT13;92200;92204;2025;20250101;2;3;403;36
AT13;92200;92205;2025;20250101;1;1;1092;618
AT13;92200;92205;2025;20250101;1;2;3864;2205
AT13;92200;92205;2025;20250101;1;3;566;94
AT13;92200;92205;2025;20250101;2;1;1050;582
AT13;92200;92205;2025;20250101;2;2;3997;2439
AT13;92200;92205;2025;20250101;2;3;728;141
AT13;92200;92206;2025;20250101;1;1;848;529
AT13;92200;92206;2025;20250101;1;2;3171;1273
AT13;92200;92206;2025;20250101;1;3;819;71
AT13;92200;92206;2025;20250101;2;1;800;521
AT13;92200;92206;2025;20250101;2;2;3200;1485
AT13;92200;92206;2025;20250101;2;3;1128;90
AT13;92200;92207;2025;20250101;1;1;302;70
AT13;92200;92207;2025;20250101;1;2;1215;312
AT13;92200;92207;2025;20250101;1;3;397;48
AT13;92200;92207;2025;20250101;2;1;244;90
AT13;92200;92207;2025;20250101;2;2;1326;382
AT13;92200;92207;2025;20250101;2;3;488;41
AT13;92200;92208;2025;20250101;1;1;1464;984
AT13;92200;92208;2025;20250101;1;2;5260;3486
AT13;92200;92208;2025;20250101;1;3;1124;204
AT13;92200;92208;2025;20250101;2;1;1320;907
AT13;92200;92208;2025;20250101;2;2;5570;3711
AT13;92200;92208;2025;20250101;2;3;1558;261
AT13;92200;92209;2025;20250101;1;1;756;618
AT13;92200;92209;2025;20250101;1;2;3041;1843
AT13;92200;92209;2025;20250101;1;3;992;120
AT13;92200;92209;2025;20250101;2;1;654;566
AT13;92200;92209;2025;20250101;2;2;3326;2033
AT13;92200;92209;2025;20250101;2;3;1397;134
AT13;92200;92210;2025;20250101;1;1;589;323
AT13;92200;92210;2025;20250101;1;2;2468;1499
AT13;92200;92210;2025;20250101;1;3;469;81
AT13;92200;92210;2025;20250101;2;1;538;286
AT13;92200;92210;2025;20250101;2;2;2583;1606
AT13;92200;92210;2025;20250101;2;3;722;118
AT13;92200;92211;2025;20250101;1;1;385;375
AT13;92200;92211;2025;20250101;1;2;2578;1447
AT13;92200;92211;2025;20250101;1;3;911;150
AT13;92200;92211;2025;20250101;2;1;393;331
AT13;92200;92211;2025;20250101;2;2;2580;1540
AT13;92200;92211;2025;20250101;2;3;1310;177
AT13;92200;92212;2025;20250101;1;1;160;117
AT13;92200;92212;2025;20250101;1;2;895;415
AT13;92200;92212;2025;20250101;1;3;291;67
AT13;92200;92212;2025;20250101;2;1;133;112
AT13;92200;92212;2025;20250101;2;2;952;468
AT13;92200;92212;2025;20250101;2;3;389;51
AT13;92200;92213;2025;20250101;1;1;272;309
AT13;92200;92213;2025;20250101;1;2;1562;955
AT13;92200;92213;2025;20250101;1;3;466;75
AT13;92200;92213;2025;20250101;2;1;239;290
AT13;92200;92213;2025;20250101;2;2;1540;1074
AT13;92200;92213;2025;20250101;2;3;764;82
AT13;92200;92214;2025;20250101;1;1;282;73
AT13;92200;92214;2025;20250101;1;2;1328;216
AT13;92200;92214;2025;20250101;1;3;411;21
AT13;92200;92214;2025;20250101;2;1;262;72
AT13;92200;92214;2025;20250101;2;2;1357;280
AT13;92200;92214;2025;20250101;2;3;552;20
AT13;92200;92215;2025;20250101;1;1;405;367
AT13;92200;92215;2025;20250101;1;2;1809;1067
AT13;92200;92215;2025;20250101;1;3;597;59
AT13;92200;92215;2025;20250101;2;1;385;375
AT13;92200;92215;2025;20250101;2;2;1770;1151
AT13;92200;92215;2025;20250101;2;3;1022;77
AT13;92200;92216;2025;20250101;1;1;161;73
AT13;92200;92216;2025;20250101;1;2;550;348
AT13;92200;92216;2025;20250101;1;3;137;18
AT13;92200;92216;2025;20250101;2;1;174;69
AT13;92200;92216;2025;20250101;2;2;574;247
AT13;92200;92216;2025;20250101;2;3;186;16
AT13;92200;92217;2025;20250101;1;1;135;25
AT13;92200;92217;2025;20250101;1;2;636;405
AT13;92200;92217;2025;20250101;1;3;230;14
AT13;92200;92217;2025;20250101;2;1;131;23
AT13;92200;92217;2025;20250101;2;2;656;535
AT13;92200;92217;2025;20250101;2;3;253;13
AT13;92200;92218;2025;20250101;1;1;438;199
AT13;92200;92218;2025;20250101;1;2;1926;597
AT13;92200;92218;2025;20250101;1;3;403;43
AT13;92200;92218;2025;20250101;2;1;429;184
AT13;92200;92218;2025;20250101;2;2;2057;669
AT13;92200;92218;2025;20250101;2;3;559;65
AT13;92200;92219;2025;20250101;1;1;283;304
AT13;92200;92219;2025;20250101;1;2;1445;1178
AT13;92200;92219;2025;20250101;1;3;321;78
AT13;92200;92219;2025;20250101;2;1;301;277
AT13;92200;92219;2025;20250101;2;2;1481;1014
AT13;92200;92219;2025;20250101;2;3;446;84
AT13;92200;92220;2025;20250101;1;1;214;169
AT13;92200;92220;2025;20250101;1;2;881;495
AT13;92200;92220;2025;20250101;1;3;225;41
AT13;92200;92220;2025;20250101;2;1;214;135
AT13;92200;92220;2025;20250101;2;2;935;513
AT13;92200;92220;2025;20250101;2;3;246;40
AT13;92200;92221;2025;20250101;1;1;248;112
AT13;92200;92221;2025;20250101;1;2;837;403
AT13;92200;92221;2025;20250101;1;3;141;20
AT13;92200;92221;2025;20250101;2;1;240;84
AT13;92200;92221;2025;20250101;2;2;875;436
AT13;92200;92221;2025;20250101;2;3;206;26
AT13;92200;92222;2025;20250101;1;1;296;81
AT13;92200;92222;2025;20250101;1;2;1641;385
AT13;92200;92222;2025;20250101;1;3;416;60
AT13;92200;92222;2025;20250101;2;1;239;95
AT13;92200;92222;2025;20250101;2;2;1953;413
AT13;92200;92222;2025;20250101;2;3;750;53
AT13;92200;92223;2025;20250101;1;1;463;184
AT13;92200;92223;2025;20250101;1;2;1733;678
AT13;92200;92223;2025;20250101;1;3;336;69
AT13;92200;92223;2025;20250101;2;1;427;194
AT13;92200;92223;2025;20250101;2;2;1894;738
AT13;92200;92223;2025;20250101;2;3;446;63
AT13;92200;92224;2025;20250101;1;1;333;69
AT13;92200;92224;2025;20250101;1;2;1530;323
AT13;92200;92224;2025;20250101;1;3;430;45
AT13;92200;92224;2025;20250101;2;1;316;64
AT13;92200;92224;2025;20250101;2;2;1649;355
AT13;92200;92224;2025;20250101;2;3;526;46
AT13;92200;92225;2025;20250101;1;1;171;26
AT13;92200;92225;2025;20250101;1;2;598;87
AT13;92200;92225;2025;20250101;1;3;209;14
AT13;92200;92225;2025;20250101;2;1;152;20
AT13;92200;92225;2025;20250101;2;2;654;98
AT13;92200;92225;2025;20250101;2;3;248;13
AT13;92200;92226;2025;20250101;1;1;310;67
AT13;92200;92226;2025;20250101;1;2;1231;264
AT13;92200;92226;2025;20250101;1;3;422;35
AT13;92200;92226;2025;20250101;2;1;315;77
AT13;92200;92226;2025;20250101;2;2;1262;322
AT13;92200;92226;2025;20250101;2;3;454;39
AT13;92200;92227;2025;20250101;1;1;736;250
AT13;92200;92227;2025;20250101;1;2;2620;732
AT13;92200;92227;2025;20250101;1;3;556;64
AT13;92200;92227;2025;20250101;2;1;720;218
AT13;92200;92227;2025;20250101;2;2;2726;854
AT13;92200;92227;2025;20250101;2;3;662;69
AT13;92200;92228;2025;20250101;1;1;443;127
AT13;92200;92228;2025;20250101;1;2;1546;440
AT13;92200;92228;2025;20250101;1;3;260;43
AT13;92200;92228;2025;20250101;2;1;398;129
AT13;92200;92228;2025;20250101;2;2;1632;480
AT13;92200;92228;2025;20250101;2;3;303;34
AT13;92200;92229;2025;20250101;1;1;261;57
AT13;92200;92229;2025;20250101;1;2;973;245
AT13;92200;92229;2025;20250101;1;3;360;45
AT13;92200;92229;2025;20250101;2;1;247;70
AT13;92200;92229;2025;20250101;2;2;1025;283
AT13;92200;92229;2025;20250101;2;3;415;40
AT13;92200;92230;2025;20250101;1;1;0;0
AT13;92200;92230;2025;20250101;1;2;5;6
AT13;92200;92230;2025;20250101;1;3;1;1
AT13;92200;92230;2025;20250101;2;1;0;0
AT13;92200;92230;2025;20250101;2;2;4;0
AT13;92200;92230;2025;20250101;2;3;0;1
AT13;92200;92231;2025;20250101;1;1;241;138
AT13;92200;92231;2025;20250101;1;2;789;589
AT13;92200;92231;2025;20250101;1;3;129;22
AT13;92200;92231;2025;20250101;2;1;250;141
AT13;92200;92231;2025;20250101;2;2;843;664
AT13;92200;92231;2025;20250101;2;3;154;37
AT13;92200;92232;2025;20250101;1;1;150;117
AT13;92200;92232;2025;20250101;1;2;1130;759
AT13;92200;92232;2025;20250101;1;3;245;94
AT13;92200;92232;2025;20250101;2;1;159;121
AT13;92200;92232;2025;20250101;2;2;1038;895
AT13;92200;92232;2025;20250101;2;3;285;125
AT13;92200;92299;2025;20250101;1;1;0;0
AT13;92200;92299;2025;20250101;1;2;0;0
AT13;92200;92299;2025;20250101;1;3;0;0
AT13;92200;92299;2025;20250101;2;1;0;0
AT13;92200;92299;2025;20250101;2;2;0;0
AT13;92200;92299;2025;20250101;2;3;0;0
AT13;92300;92301;2025;20250101;1;1;181;97
AT13;92300;92301;2025;20250101;1;2;712;420
AT13;92300;92301;2025;20250101;1;3;162;27
AT13;92300;92301;2025;20250101;2;1;175;95
AT13;92300;92301;2025;20250101;2;2;726;312
AT13;92300;92301;2025;20250101;2;3;199;32
AT13;92300;92302;2025;20250101;1;1;355;169
AT13;92300;92302;2025;20250101;1;2;1386;956
AT13;92300;92302;2025;20250101;1;3;331;73
AT13;92300;92302;2025;20250101;2;1;314;160
AT13;92300;92302;2025;20250101;2;2;1361;708
AT13;92300;92302;2025;20250101;2;3;418;78
AT13;92300;92303;2025;20250101;1;1;221;60
AT13;92300;92303;2025;20250101;1;2;915;306
AT13;92300;92303;2025;20250101;1;3;402;40
AT13;92300;92303;2025;20250101;2;1;187;58
AT13;92300;92303;2025;20250101;2;2;849;288
AT13;92300;92303;2025;20250101;2;3;542;32
AT13;92300;92304;2025;20250101;1;1;1058;497
AT13;92300;92304;2025;20250101;1;2;3304;1648
AT13;92300;92304;2025;20250101;1;3;444;122
AT13;92300;92304;2025;20250101;2;1;1050;448
AT13;92300;92304;2025;20250101;2;2;3609;1755
AT13;92300;92304;2025;20250101;2;3;788;110
AT13;92300;92305;2025;20250101;1;1;487;260
AT13;92300;92305;2025;20250101;1;2;2212;1032
AT13;92300;92305;2025;20250101;1;3;719;75
AT13;92300;92305;2025;20250101;2;1;434;276
AT13;92300;92305;2025;20250101;2;2;2310;974
AT13;92300;92305;2025;20250101;2;3;956;84
AT13;92300;92306;2025;20250101;1;1;118;32
AT13;92300;92306;2025;20250101;1;2;443;161
AT13;92300;92306;2025;20250101;1;3;83;15
AT13;92300;92306;2025;20250101;2;1;105;45
AT13;92300;92306;2025;20250101;2;2;474;175
AT13;92300;92306;2025;20250101;2;3;108;13
AT13;92300;92307;2025;20250101;1;1;722;399
AT13;92300;92307;2025;20250101;1;2;2635;1451
AT13;92300;92307;2025;20250101;1;3;598;110
AT13;92300;92307;2025;20250101;2;1;665;355
AT13;92300;92307;2025;20250101;2;2;2752;1428
AT13;92300;92307;2025;20250101;2;3;915;125
AT13;92300;92308;2025;20250101;1;1;904;485
AT13;92300;92308;2025;20250101;1;2;2745;1780
AT13;92300;92308;2025;20250101;1;3;451;78
AT13;92300;92308;2025;20250101;2;1;929;481
AT13;92300;92308;2025;20250101;2;2;3045;1770
AT13;92300;92308;2025;20250101;2;3;770;98
AT13;92300;92309;2025;20250101;1;1;374;184
AT13;92300;92309;2025;20250101;1;2;1506;755
AT13;92300;92309;2025;20250101;1;3;749;49
AT13;92300;92309;2025;20250101;2;1;371;156
AT13;92300;92309;2025;20250101;2;2;1611;723
AT13;92300;92309;2025;20250101;2;3;1106;63
AT13;92300;92310;2025;20250101;1;1;301;203
AT13;92300;92310;2025;20250101;1;2;1063;517
AT13;92300;92310;2025;20250101;1;3;480;31
AT13;92300;92310;2025;20250101;2;1;255;173
AT13;92300;92310;2025;20250101;2;2;1088;584
AT13;92300;92310;2025;20250101;2;3;705;57
AT13;92300;92311;2025;20250101;1;1;441;262
AT13;92300;92311;2025;20250101;1;2;1884;957
AT13;92300;92311;2025;20250101;1;3;605;85
AT13;92300;92311;2025;20250101;2;1;388;211
AT13;92300;92311;2025;20250101;2;2;1960;1027
AT13;92300;92311;2025;20250101;2;3;935;98
AT13;92300;92312;2025;20250101;1;1;299;209
AT13;92300;92312;2025;20250101;1;2;1244;546
AT13;92300;92312;2025;20250101;1;3;521;41
AT13;92300;92312;2025;20250101;2;1;252;199
AT13;92300;92312;2025;20250101;2;2;1310;584
AT13;92300;92312;2025;20250101;2;3;663;45
AT13;92300;92313;2025;20250101;1;1;206;34
AT13;92300;92313;2025;20250101;1;2;961;200
AT13;92300;92313;2025;20250101;1;3;506;23
AT13;92300;92313;2025;20250101;2;1;187;55
AT13;92300;92313;2025;20250101;2;2;927;225
AT13;92300;92313;2025;20250101;2;3;683;27
AT13;92300;92314;2025;20250101;1;1;257;106
AT13;92300;92314;2025;20250101;1;2;1120;344
AT13;92300;92314;2025;20250101;1;3;511;35
AT13;92300;92314;2025;20250101;2;1;294;91
AT13;92300;92314;2025;20250101;2;2;1229;376
AT13;92300;92314;2025;20250101;2;3;632;47
AT13;92300;92315;2025;20250101;1;1;129;23
AT13;92300;92315;2025;20250101;1;2;565;113
AT13;92300;92315;2025;20250101;1;3;263;18
AT13;92300;92315;2025;20250101;2;1;137;27
AT13;92300;92315;2025;20250101;2;2;564;134
AT13;92300;92315;2025;20250101;2;3;331;23
AT13;92300;92316;2025;20250101;1;1;244;81
AT13;92300;92316;2025;20250101;1;2;779;288
AT13;92300;92316;2025;20250101;1;3;314;31
AT13;92300;92316;2025;20250101;2;1;247;77
AT13;92300;92316;2025;20250101;2;2;841;344
AT13;92300;92316;2025;20250101;2;3;413;36
AT13;92300;92317;2025;20250101;1;1;18;3
AT13;92300;92317;2025;20250101;1;2;74;53
AT13;92300;92317;2025;20250101;1;3;30;4
AT13;92300;92317;2025;20250101;2;1;19;1
AT13;92300;92317;2025;20250101;2;2;78;24
AT13;92300;92317;2025;20250101;2;3;33;7
AT13;92300;92318;2025;20250101;1;1;303;144
AT13;92300;92318;2025;20250101;1;2;1329;452
AT13;92300;92318;2025;20250101;1;3;535;36
AT13;92300;92318;2025;20250101;2;1;290;138
AT13;92300;92318;2025;20250101;2;2;1393;469
AT13;92300;92318;2025;20250101;2;3;608;35
AT13;92300;92319;2025;20250101;1;1;425;133
AT13;92300;92319;2025;20250101;1;2;2031;492
AT13;92300;92319;2025;20250101;1;3;1079;65
AT13;92300;92319;2025;20250101;2;1;376;111
AT13;92300;92319;2025;20250101;2;2;2274;588
AT13;92300;92319;2025;20250101;2;3;1544;90
AT13;92300;92399;2025;20250101;1;1;0;0
AT13;92300;92399;2025;20250101;1;2;0;0
AT13;92300;92399;2025;20250101;1;3;0;0
AT13;92300;92399;2025;20250101;2;1;0;0
AT13;92300;92399;2025;20250101;2;2;0;0
AT13;92300;92399;2025;20250101;2;3;0;0
AT13;90100;90101;2026;20260101;1;1;122;43
AT13;90100;90101;2026;20260101;1;2;809;392
AT13;90100;90101;2026;20260101;1;3;381;70
AT13;90100;90101;2026;20260101;2;1;106;35
AT13;90100;90101;2026;20260101;2;2;750;472
AT13;90100;90101;2026;20260101;2;3;482;81
AT13;90100;90102;2026;20260101;1;1;56;33
AT13;90100;90102;2026;20260101;1;2;283;160
AT13;90100;90102;2026;20260101;1;3;143;39
AT13;90100;90102;2026;20260101;2;1;56;30
AT13;90100;90102;2026;20260101;2;2;275;218
AT13;90100;90102;2026;20260101;2;3;182;38
AT13;90100;90103;2026;20260101;1;1;69;34
AT13;90100;90103;2026;20260101;1;2;368;224
AT13;90100;90103;2026;20260101;1;3;183;58
AT13;90100;90103;2026;20260101;2;1;68;37
AT13;90100;90103;2026;20260101;2;2;348;298
AT13;90100;90103;2026;20260101;2;3;241;53
AT13;90100;90104;2026;20260101;1;1;54;18
AT13;90100;90104;2026;20260101;1;2;293;131
AT13;90100;90104;2026;20260101;1;3;144;27
AT13;90100;90104;2026;20260101;2;1;51;18
AT13;90100;90104;2026;20260101;2;2;283;176
AT13;90100;90104;2026;20260101;2;3;177;27
AT13;90100;90105;2026;20260101;1;1;104;38
AT13;90100;90105;2026;20260101;1;2;486;249
AT13;90100;90105;2026;20260101;1;3;175;47
AT13;90100;90105;2026;20260101;2;1;86;29
AT13;90100;90105;2026;20260101;2;2;484;315
AT13;90100;90105;2026;20260101;2;3;204;61
AT13;90100;90106;2026;20260101;1;1;92;31
AT13;90100;90106;2026;20260101;1;2;541;209
AT13;90100;90106;2026;20260101;1;3;264;50
AT13;90100;90106;2026;20260101;2;1;82;45
AT13;90100;90106;2026;20260101;2;2;538;286
AT13;90100;90106;2026;20260101;2;3;309;57
AT13;90100;90107;2026;20260101;1;1;76;19
AT13;90100;90107;2026;20260101;1;2;537;253
AT13;90100;90107;2026;20260101;1;3;282;56
AT13;90100;90107;2026;20260101;2;1;73;21
AT13;90100;90107;2026;20260101;2;2;465;304
AT13;90100;90107;2026;20260101;2;3;310;65
AT13;90100;90199;2026;20260101;1;1;0;0
AT13;90100;90199;2026;20260101;1;2;0;0
AT13;90100;90199;2026;20260101;1;3;0;0
AT13;90100;90199;2026;20260101;2;1;0;0
AT13;90100;90199;2026;20260101;2;2;0;0
AT13;90100;90199;2026;20260101;2;3;0;0
AT13;90200;90201;2026;20260101;1;1;1560;688
AT13;90200;90201;2026;20260101;1;2;5570;3189
AT13;90200;90201;2026;20260101;1;3;728;192
AT13;90200;90201;2026;20260101;2;1;1457;638
AT13;90200;90201;2026;20260101;2;2;5528;3647
AT13;90200;90201;2026;20260101;2;3;958;270
AT13;90200;90202;2026;20260101;1;1;365;397
AT13;90200;90202;2026;20260101;1;2;2041;2105
AT13;90200;90202;2026;20260101;1;3;515;174
AT13;90200;90202;2026;20260101;2;1;355;369
AT13;90200;90202;2026;20260101;2;2;1992;1718
AT13;90200;90202;2026;20260101;2;3;649;196
AT13;90200;90203;2026;20260101;1;1;542;269
AT13;90200;90203;2026;20260101;1;2;2827;1777
AT13;90200;90203;2026;20260101;1;3;684;172
AT13;90200;90203;2026;20260101;2;1;524;243
AT13;90200;90203;2026;20260101;2;2;2939;1783
AT13;90200;90203;2026;20260101;2;3;1059;187
AT13;90200;90204;2026;20260101;1;1;657;395
AT13;90200;90204;2026;20260101;1;2;2957;2000
AT13;90200;90204;2026;20260101;1;3;807;187
AT13;90200;90204;2026;20260101;2;1;635;374
AT13;90200;90204;2026;20260101;2;2;3063;2026
AT13;90200;90204;2026;20260101;2;3;1131;208
AT13;90200;90205;2026;20260101;1;1;306;240
AT13;90200;90205;2026;20260101;1;2;1750;1381
AT13;90200;90205;2026;20260101;1;3;563;136
AT13;90200;90205;2026;20260101;2;1;292;241
AT13;90200;90205;2026;20260101;2;2;1715;1334
AT13;90200;90205;2026;20260101;2;3;773;157
AT13;90200;90206;2026;20260101;1;1;370;183
AT13;90200;90206;2026;20260101;1;2;1725;1694
AT13;90200;90206;2026;20260101;1;3;524;97
AT13;90200;90206;2026;20260101;2;1;348;195
AT13;90200;90206;2026;20260101;2;2;1698;1696
AT13;90200;90206;2026;20260101;2;3;705;108
AT13;90200;90207;2026;20260101;1;1;316;357
AT13;90200;90207;2026;20260101;1;2;2273;2319
AT13;90200;90207;2026;20260101;1;3;551;228
AT13;90200;90207;2026;20260101;2;1;307;334
AT13;90200;90207;2026;20260101;2;2;2070;2361
AT13;90200;90207;2026;20260101;2;3;792;248
AT13;90200;90208;2026;20260101;1;1;143;106
AT13;90200;90208;2026;20260101;1;2;797;579
AT13;90200;90208;2026;20260101;1;3;257;40
AT13;90200;90208;2026;20260101;2;1;149;94
AT13;90200;90208;2026;20260101;2;2;777;611
AT13;90200;90208;2026;20260101;2;3;364;56
AT13;90200;90209;2026;20260101;1;1;731;503
AT13;90200;90209;2026;20260101;1;2;3451;2210
AT13;90200;90209;2026;20260101;1;3;1033;252
AT13;90200;90209;2026;20260101;2;1;672;483
AT13;90200;90209;2026;20260101;2;2;3413;2371
AT13;90200;90209;2026;20260101;2;3;1634;262
AT13;90200;90210;2026;20260101;1;1;0;0
AT13;90200;90210;2026;20260101;1;2;0;0
AT13;90200;90210;2026;20260101;1;3;0;0
AT13;90200;90210;2026;20260101;2;1;0;0
AT13;90200;90210;2026;20260101;2;2;0;0
AT13;90200;90210;2026;20260101;2;3;0;0
AT13;90200;90299;2026;20260101;1;1;0;0
AT13;90200;90299;2026;20260101;1;2;0;0
AT13;90200;90299;2026;20260101;1;3;0;0
AT13;90200;90299;2026;20260101;2;1;0;0
AT13;90200;90299;2026;20260101;2;2;0;0
AT13;90200;90299;2026;20260101;2;3;0;0
AT13;90300;90301;2026;20260101;1;1;434;198
AT13;90300;90301;2026;20260101;1;2;2349;1370
AT13;90300;90301;2026;20260101;1;3;701;146
AT13;90300;90301;2026;20260101;2;1;411;159
AT13;90300;90301;2026;20260101;2;2;2476;1412
AT13;90300;90301;2026;20260101;2;3;947;162
AT13;90300;90302;2026;20260101;1;1;338;159
AT13;90300;90302;2026;20260101;1;2;1914;904
AT13;90300;90302;2026;20260101;1;3;749;102
AT13;90300;90302;2026;20260101;2;1;337;143
AT13;90300;90302;2026;20260101;2;2;1931;1034
AT13;90300;90302;2026;20260101;2;3;986;135
AT13;90300;90303;2026;20260101;1;1;304;162
AT13;90300;90303;2026;20260101;1;2;1301;839
AT13;90300;90303;2026;20260101;1;3;454;126
AT13;90300;90303;2026;20260101;2;1;242;160
AT13;90300;90303;2026;20260101;2;2;1379;1013
AT13;90300;90303;2026;20260101;2;3;651;141
AT13;90300;90304;2026;20260101;1;1;272;286
AT13;90300;90304;2026;20260101;1;2;1953;1987
AT13;90300;90304;2026;20260101;1;3;512;186
AT13;90300;90304;2026;20260101;2;1;272;300
AT13;90300;90304;2026;20260101;2;2;1882;2036
AT13;90300;90304;2026;20260101;2;3;765;207
AT13;90300;90305;2026;20260101;1;1;259;276
AT13;90300;90305;2026;20260101;1;2;1693;1326
AT13;90300;90305;2026;20260101;1;3;516;94
AT13;90300;90305;2026;20260101;2;1;247;236
AT13;90300;90305;2026;20260101;2;2;1761;1390
AT13;90300;90305;2026;20260101;2;3;764;119
AT13;90300;90306;2026;20260101;1;1;432;403
AT13;90300;90306;2026;20260101;1;2;3086;2189
AT13;90300;90306;2026;20260101;1;3;910;227
AT13;90300;90306;2026;20260101;2;1;397;390
AT13;90300;90306;2026;20260101;2;2;3196;2154
AT13;90300;90306;2026;20260101;2;3;1343;254
AT13;90300;90307;2026;20260101;1;1;422;283
AT13;90300;90307;2026;20260101;1;2;2233;2134
AT13;90300;90307;2026;20260101;1;3;350;121
AT13;90300;90307;2026;20260101;2;1;426;267
AT13;90300;90307;2026;20260101;2;2;2095;2374
AT13;90300;90307;2026;20260101;2;3;580;190
AT13;90300;90308;2026;20260101;1;1;105;72
AT13;90300;90308;2026;20260101;1;2;646;604
AT13;90300;90308;2026;20260101;1;3;172;25
AT13;90300;90308;2026;20260101;2;1;116;59
AT13;90300;90308;2026;20260101;2;2;526;507
AT13;90300;90308;2026;20260101;2;3;222;19
AT13;90300;90309;2026;20260101;1;1;366;159
AT13;90300;90309;2026;20260101;1;2;1885;933
AT13;90300;90309;2026;20260101;1;3;676;97
AT13;90300;90309;2026;20260101;2;1;362;191
AT13;90300;90309;2026;20260101;2;2;2069;1129
AT13;90300;90309;2026;20260101;2;3;928;124
AT13;90300;90310;2026;20260101;1;1;312;355
AT13;90300;90310;2026;20260101;1;2;1956;1736
AT13;90300;90310;2026;20260101;1;3;392;127
AT13;90300;90310;2026;20260101;2;1;276;341
AT13;90300;90310;2026;20260101;2;2;1893;1791
AT13;90300;90310;2026;20260101;2;3;533;160
AT13;90300;90311;2026;20260101;1;1;341;199
AT13;90300;90311;2026;20260101;1;2;1217;855
AT13;90300;90311;2026;20260101;1;3;185;72
AT13;90300;90311;2026;20260101;2;1;329;177
AT13;90300;90311;2026;20260101;2;2;1320;977
AT13;90300;90311;2026;20260101;2;3;271;83
AT13;90300;90399;2026;20260101;1;1;0;0
AT13;90300;90399;2026;20260101;1;2;0;0
AT13;90300;90399;2026;20260101;1;3;0;0
AT13;90300;90399;2026;20260101;2;1;0;0
AT13;90300;90399;2026;20260101;2;2;0;0
AT13;90300;90399;2026;20260101;2;3;0;0
AT13;90400;90401;2026;20260101;1;1;79;46
AT13;90400;90401;2026;20260101;1;2;470;339
AT13;90400;90401;2026;20260101;1;3;154;44
AT13;90400;90401;2026;20260101;2;1;63;41
AT13;90400;90401;2026;20260101;2;2;429;375
AT13;90400;90401;2026;20260101;2;3;203;65
AT13;90400;90402;2026;20260101;1;1;433;271
AT13;90400;90402;2026;20260101;1;2;2502;2099
AT13;90400;90402;2026;20260101;1;3;649;186
AT13;90400;90402;2026;20260101;2;1;377;306
AT13;90400;90402;2026;20260101;2;2;2210;1843
AT13;90400;90402;2026;20260101;2;3;888;207
AT13;90400;90403;2026;20260101;1;1;449;206
AT13;90400;90403;2026;20260101;1;2;2583;1619
AT13;90400;90403;2026;20260101;1;3;856;186
AT13;90400;90403;2026;20260101;2;1;412;216
AT13;90400;90403;2026;20260101;2;2;2668;1813
AT13;90400;90403;2026;20260101;2;3;1256;185
AT13;90400;90404;2026;20260101;1;1;232;203
AT13;90400;90404;2026;20260101;1;2;1382;927
AT13;90400;90404;2026;20260101;1;3;452;82
AT13;90400;90404;2026;20260101;2;1;236;174
AT13;90400;90404;2026;20260101;2;2;1367;980
AT13;90400;90404;2026;20260101;2;3;592;95
AT13;90400;90499;2026;20260101;1;1;0;0
AT13;90400;90499;2026;20260101;1;2;0;0
AT13;90400;90499;2026;20260101;1;3;0;0
AT13;90400;90499;2026;20260101;2;1;0;0
AT13;90400;90499;2026;20260101;2;2;0;0
AT13;90400;90499;2026;20260101;2;3;0;0
AT13;90500;90501;2026;20260101;1;1;356;178
AT13;90500;90501;2026;20260101;1;2;2632;1484
AT13;90500;90501;2026;20260101;1;3;708;160
AT13;90500;90501;2026;20260101;2;1;293;176
AT13;90500;90501;2026;20260101;2;2;2627;1580
AT13;90500;90501;2026;20260101;2;3;1001;161
AT13;90500;90502;2026;20260101;1;1;514;694
AT13;90500;90502;2026;20260101;1;2;3656;3571
AT13;90500;90502;2026;20260101;1;3;937;348
AT13;90500;90502;2026;20260101;2;1;523;666
AT13;90500;90502;2026;20260101;2;2;3502;3277
AT13;90500;90502;2026;20260101;2;3;1305;371
AT13;90500;90503;2026;20260101;1;1;434;502
AT13;90500;90503;2026;20260101;1;2;3122;3307
AT13;90500;90503;2026;20260101;1;3;821;288
AT13;90500;90503;2026;20260101;2;1;401;513
AT13;90500;90503;2026;20260101;2;2;3040;3039
AT13;90500;90503;2026;20260101;2;3;1045;327
AT13;90500;90504;2026;20260101;1;1;168;174
AT13;90500;90504;2026;20260101;1;2;1293;1274
AT13;90500;90504;2026;20260101;1;3;315;75
AT13;90500;90504;2026;20260101;2;1;146;166
AT13;90500;90504;2026;20260101;2;2;1311;1093
AT13;90500;90504;2026;20260101;2;3;396;90
AT13;90500;90599;2026;20260101;1;1;0;0
AT13;90500;90599;2026;20260101;1;2;0;0
AT13;90500;90599;2026;20260101;1;3;0;0
AT13;90500;90599;2026;20260101;2;1;0;0
AT13;90500;90599;2026;20260101;2;2;0;0
AT13;90500;90599;2026;20260101;2;3;0;0
AT13;90600;90601;2026;20260101;1;1;230;100
AT13;90600;90601;2026;20260101;1;2;1744;937
AT13;90600;90601;2026;20260101;1;3;515;100
AT13;90600;90601;2026;20260101;2;1;252;81
AT13;90600;90601;2026;20260101;2;2;1717;992
AT13;90600;90601;2026;20260101;2;3;675;112
AT13;90600;90602;2026;20260101;1;1;307;197
AT13;90600;90602;2026;20260101;1;2;2176;1645
AT13;90600;90602;2026;20260101;1;3;466;127
AT13;90600;90602;2026;20260101;2;1;227;179
AT13;90600;90602;2026;20260101;2;2;2000;1546
AT13;90600;90602;2026;20260101;2;3;654;133
AT13;90600;90603;2026;20260101;1;1;432;248
AT13;90600;90603;2026;20260101;1;2;2936;1915
AT13;90600;90603;2026;20260101;1;3;866;169
AT13;90600;90603;2026;20260101;2;1;426;257
AT13;90600;90603;2026;20260101;2;2;3066;2105
AT13;90600;90603;2026;20260101;2;3;1301;237
AT13;90600;90699;2026;20260101;1;1;0;0
AT13;90600;90699;2026;20260101;1;2;0;0
AT13;90600;90699;2026;20260101;1;3;0;0
AT13;90600;90699;2026;20260101;2;1;0;0
AT13;90600;90699;2026;20260101;2;2;0;0
AT13;90600;90699;2026;20260101;2;3;0;0
AT13;90700;90701;2026;20260101;1;1;209;77
AT13;90700;90701;2026;20260101;1;2;1214;650
AT13;90700;90701;2026;20260101;1;3;318;86
AT13;90700;90701;2026;20260101;2;1;177;78
AT13;90700;90701;2026;20260101;2;2;1174;715
AT13;90700;90701;2026;20260101;2;3;460;75
AT13;90700;90702;2026;20260101;1;1;112;40
AT13;90700;90702;2026;20260101;1;2;672;355
AT13;90700;90702;2026;20260101;1;3;168;40
AT13;90700;90702;2026;20260101;2;1;118;36
AT13;90700;90702;2026;20260101;2;2;722;389
AT13;90700;90702;2026;20260101;2;3;233;50
AT13;90700;90703;2026;20260101;1;1;194;80
AT13;90700;90703;2026;20260101;1;2;1266;670
AT13;90700;90703;2026;20260101;1;3;312;67
AT13;90700;90703;2026;20260101;2;1;197;74
AT13;90700;90703;2026;20260101;2;2;1306;765
AT13;90700;90703;2026;20260101;2;3;403;69
AT13;90700;90704;2026;20260101;1;1;363;116
AT13;90700;90704;2026;20260101;1;2;2143;1367
AT13;90700;90704;2026;20260101;1;3;643;123
AT13;90700;90704;2026;20260101;2;1;350;143
AT13;90700;90704;2026;20260101;2;2;2263;1454
AT13;90700;90704;2026;20260101;2;3;923;127
AT13;90700;90705;2026;20260101;1;1;263;138
AT13;90700;90705;2026;20260101;1;2;1718;1179
AT13;90700;90705;2026;20260101;1;3;373;97
AT13;90700;90705;2026;20260101;2;1;273;116
AT13;90700;90705;2026;20260101;2;2;1814;1202
AT13;90700;90705;2026;20260101;2;3;539;96
AT13;90700;90799;2026;20260101;1;1;0;0
AT13;90700;90799;2026;20260101;1;2;0;0
AT13;90700;90799;2026;20260101;1;3;0;0
AT13;90700;90799;2026;20260101;2;1;0;0
AT13;90700;90799;2026;20260101;2;2;0;0
AT13;90700;90799;2026;20260101;2;3;0;0
AT13;90800;90801;2026;20260101;1;1;182;51
AT13;90800;90801;2026;20260101;1;2;1154;1064
AT13;90800;90801;2026;20260101;1;3;311;76
AT13;90800;90801;2026;20260101;2;1;162;63
AT13;90800;90801;2026;20260101;2;2;1021;700
AT13;90800;90801;2026;20260101;2;3;449;73
AT13;90800;90802;2026;20260101;1;1;453;128
AT13;90800;90802;2026;20260101;1;2;2349;1320
AT13;90800;90802;2026;20260101;1;3;765;103
AT13;90800;90802;2026;20260101;2;1;398;116
AT13;90800;90802;2026;20260101;2;2;2549;1616
AT13;90800;90802;2026;20260101;2;3;1106;163
AT13;90800;90803;2026;20260101;1;1;256;154
AT13;90800;90803;2026;20260101;1;2;1643;1195
AT13;90800;90803;2026;20260101;1;3;490;103
AT13;90800;90803;2026;20260101;2;1;245;136
AT13;90800;90803;2026;20260101;2;2;1741;1141
AT13;90800;90803;2026;20260101;2;3;635;121
AT13;90800;90899;2026;20260101;1;1;0;0
AT13;90800;90899;2026;20260101;1;2;0;0
AT13;90800;90899;2026;20260101;1;3;0;0
AT13;90800;90899;2026;20260101;2;1;0;0
AT13;90800;90899;2026;20260101;2;2;0;0
AT13;90800;90899;2026;20260101;2;3;0;0
AT13;90900;90901;2026;20260101;1;1;302;237
AT13;90900;90901;2026;20260101;1;2;1998;1550
AT13;90900;90901;2026;20260101;1;3;465;115
AT13;90900;90901;2026;20260101;2;1;254;216
AT13;90900;90901;2026;20260101;2;2;2140;1627
AT13;90900;90901;2026;20260101;2;3;645;118
AT13;90900;90902;2026;20260101;1;1;403;171
AT13;90900;90902;2026;20260101;1;2;2246;1333
AT13;90900;90902;2026;20260101;1;3;772;159
AT13;90900;90902;2026;20260101;2;1;339;189
AT13;90900;90902;2026;20260101;2;2;2384;1523
AT13;90900;90902;2026;20260101;2;3;1128;174
AT13;90900;90903;2026;20260101;1;1;147;74
AT13;90900;90903;2026;20260101;1;2;925;719
AT13;90900;90903;2026;20260101;1;3;192;49
AT13;90900;90903;2026;20260101;2;1;130;75
AT13;90900;90903;2026;20260101;2;2;942;726
AT13;90900;90903;2026;20260101;2;3;278;59
AT13;90900;90904;2026;20260101;1;1;314;193
AT13;90900;90904;2026;20260101;1;2;1872;1446
AT13;90900;90904;2026;20260101;1;3;496;108
AT13;90900;90904;2026;20260101;2;1;276;190
AT13;90900;90904;2026;20260101;2;2;1902;1650
AT13;90900;90904;2026;20260101;2;3;690;152
AT13;90900;90905;2026;20260101;1;1;239;103
AT13;90900;90905;2026;20260101;1;2;1144;716
AT13;90900;90905;2026;20260101;1;3;356;75
AT13;90900;90905;2026;20260101;2;1;229;93
AT13;90900;90905;2026;20260101;2;2;1177;850
AT13;90900;90905;2026;20260101;2;3;480;83
AT13;90900;90906;2026;20260101;1;1;85;33
AT13;90900;90906;2026;20260101;1;2;429;274
AT13;90900;90906;2026;20260101;1;3;133;25
AT13;90900;90906;2026;20260101;2;1;65;30
AT13;90900;90906;2026;20260101;2;2;504;363
AT13;90900;90906;2026;20260101;2;3;169;34
AT13;90900;90999;2026;20260101;1;1;0;0
AT13;90900;90999;2026;20260101;1;2;0;0
AT13;90900;90999;2026;20260101;1;3;0;0
AT13;90900;90999;2026;20260101;2;1;0;0
AT13;90900;90999;2026;20260101;2;2;0;0
AT13;90900;90999;2026;20260101;2;3;0;0
AT13;91000;91001;2026;20260101;1;1;896;494
AT13;91000;91001;2026;20260101;1;2;2448;2652
AT13;91000;91001;2026;20260101;1;3;211;121
AT13;91000;91001;2026;20260101;2;1;818;464
AT13;91000;91001;2026;20260101;2;2;2333;2717
AT13;91000;91001;2026;20260101;2;3;285;173
AT13;91000;91002;2026;20260101;1;1;587;1240
AT13;91000;91002;2026;20260101;1;2;3142;5542
AT13;91000;91002;2026;20260101;1;3;914;365
AT13;91000;91002;2026;20260101;2;1;585;1184
AT13;91000;91002;2026;20260101;2;2;2741;4136
AT13;91000;91002;2026;20260101;2;3;1109;434
AT13;91000;91003;2026;20260101;1;1;241;360
AT13;91000;91003;2026;20260101;1;2;1243;1501
AT13;91000;91003;2026;20260101;1;3;415;145
AT13;91000;91003;2026;20260101;2;1;254;315
AT13;91000;91003;2026;20260101;2;2;1200;1268
AT13;91000;91003;2026;20260101;2;3;581;175
AT13;91000;91004;2026;20260101;1;1;185;709
AT13;91000;91004;2026;20260101;1;2;1081;3037
AT13;91000;91004;2026;20260101;1;3;311;176
AT13;91000;91004;2026;20260101;2;1;177;608
AT13;91000;91004;2026;20260101;2;2;968;2216
AT13;91000;91004;2026;20260101;2;3;408;208
AT13;91000;91005;2026;20260101;1;1;600;907
AT13;91000;91005;2026;20260101;1;2;2980;4102
AT13;91000;91005;2026;20260101;1;3;841;311
AT13;91000;91005;2026;20260101;2;1;537;826
AT13;91000;91005;2026;20260101;2;2;2823;3363
AT13;91000;91005;2026;20260101;2;3;1111;344
AT13;91000;91006;2026;20260101;1;1;341;834
AT13;91000;91006;2026;20260101;1;2;1752;3771
AT13;91000;91006;2026;20260101;1;3;502;278
AT13;91000;91006;2026;20260101;2;1;331;798
AT13;91000;91006;2026;20260101;2;2;1617;2680
AT13;91000;91006;2026;20260101;2;3;624;284
AT13;91000;91007;2026;20260101;1;1;364;641
AT13;91000;91007;2026;20260101;1;2;1992;2774
AT13;91000;91007;2026;20260101;1;3;797;219
AT13;91000;91007;2026;20260101;2;1;376;611
AT13;91000;91007;2026;20260101;2;2;1909;2314
AT13;91000;91007;2026;20260101;2;3;1242;252
AT13;91000;91008;2026;20260101;1;1;318;530
AT13;91000;91008;2026;20260101;1;2;1548;2338
AT13;91000;91008;2026;20260101;1;3;498;198
AT13;91000;91008;2026;20260101;2;1;280;487
AT13;91000;91008;2026;20260101;2;2;1379;1830
AT13;91000;91008;2026;20260101;2;3;666;200
AT13;91000;91009;2026;20260101;1;1;283;235
AT13;91000;91009;2026;20260101;1;2;1129;926
AT13;91000;91009;2026;20260101;1;3;253;65
AT13;91000;91009;2026;20260101;2;1;264;191
AT13;91000;91009;2026;20260101;2;2;1051;916
AT13;91000;91009;2026;20260101;2;3;351;71
AT13;91000;91010;2026;20260101;1;1;717;1008
AT13;91000;91010;2026;20260101;1;2;3334;3694
AT13;91000;91010;2026;20260101;1;3;1100;314
AT13;91000;91010;2026;20260101;2;1;721;965
AT13;91000;91010;2026;20260101;2;2;3066;3410
AT13;91000;91010;2026;20260101;2;3;1557;377
AT13;91000;91011;2026;20260101;1;1;428;320
AT13;91000;91011;2026;20260101;1;2;2115;1143
AT13;91000;91011;2026;20260101;1;3;717;95
AT13;91000;91011;2026;20260101;2;1;387;294
AT13;91000;91011;2026;20260101;2;2;1909;1248
AT13;91000;91011;2026;20260101;2;3;1020;138
AT13;91000;91012;2026;20260101;1;1;119;59
AT13;91000;91012;2026;20260101;1;2;703;260
AT13;91000;91012;2026;20260101;1;3;84;22
AT13;91000;91012;2026;20260101;2;1;122;44
AT13;91000;91012;2026;20260101;2;2;692;291
AT13;91000;91012;2026;20260101;2;3;114;20
AT13;91000;91013;2026;20260101;1;1;191;127
AT13;91000;91013;2026;20260101;1;2;1030;497
AT13;91000;91013;2026;20260101;1;3;430;55
AT13;91000;91013;2026;20260101;2;1;179;110
AT13;91000;91013;2026;20260101;2;2;1005;504
AT13;91000;91013;2026;20260101;2;3;638;86
AT13;91000;91014;2026;20260101;1;1;165;122
AT13;91000;91014;2026;20260101;1;2;943;538
AT13;91000;91014;2026;20260101;1;3;356;40
AT13;91000;91014;2026;20260101;2;1;163;80
AT13;91000;91014;2026;20260101;2;2;966;611
AT13;91000;91014;2026;20260101;2;3;465;45
AT13;91000;91015;2026;20260101;1;1;520;334
AT13;91000;91015;2026;20260101;1;2;1989;1266
AT13;91000;91015;2026;20260101;1;3;410;88
AT13;91000;91015;2026;20260101;2;1;523;298
AT13;91000;91015;2026;20260101;2;2;2083;1330
AT13;91000;91015;2026;20260101;2;3;543;102
AT13;91000;91016;2026;20260101;1;1;444;102
AT13;91000;91016;2026;20260101;1;2;1849;551
AT13;91000;91016;2026;20260101;1;3;752;61
AT13;91000;91016;2026;20260101;2;1;446;105
AT13;91000;91016;2026;20260101;2;2;1864;593
AT13;91000;91016;2026;20260101;2;3;967;69
AT13;91000;91017;2026;20260101;1;1;75;4
AT13;91000;91017;2026;20260101;1;2;271;41
AT13;91000;91017;2026;20260101;1;3;81;2
AT13;91000;91017;2026;20260101;2;1;61;9
AT13;91000;91017;2026;20260101;2;2;302;46
AT13;91000;91017;2026;20260101;2;3;85;5
AT13;91000;91018;2026;20260101;1;1;405;135
AT13;91000;91018;2026;20260101;1;2;1644;578
AT13;91000;91018;2026;20260101;1;3;321;41
AT13;91000;91018;2026;20260101;2;1;353;148
AT13;91000;91018;2026;20260101;2;2;1798;624
AT13;91000;91018;2026;20260101;2;3;438;42
AT13;91000;91019;2026;20260101;1;1;148;67
AT13;91000;91019;2026;20260101;1;2;825;411
AT13;91000;91019;2026;20260101;1;3;308;22
AT13;91000;91019;2026;20260101;2;1;170;71
AT13;91000;91019;2026;20260101;2;2;828;377
AT13;91000;91019;2026;20260101;2;3;378;34
AT13;91000;91020;2026;20260101;1;1;524;465
AT13;91000;91020;2026;20260101;1;2;1896;1116
AT13;91000;91020;2026;20260101;1;3;852;84
AT13;91000;91020;2026;20260101;2;1;510;392
AT13;91000;91020;2026;20260101;2;2;1893;1218
AT13;91000;91020;2026;20260101;2;3;1591;107
AT13;91000;91021;2026;20260101;1;1;559;210
AT13;91000;91021;2026;20260101;1;2;1995;688
AT13;91000;91021;2026;20260101;1;3;489;65
AT13;91000;91021;2026;20260101;2;1;443;191
AT13;91000;91021;2026;20260101;2;2;2171;794
AT13;91000;91021;2026;20260101;2;3;736;57
AT13;91000;91022;2026;20260101;1;1;178;394
AT13;91000;91022;2026;20260101;1;2;964;2044
AT13;91000;91022;2026;20260101;1;3;335;114
AT13;91000;91022;2026;20260101;2;1;148;423
AT13;91000;91022;2026;20260101;2;2;948;1477
AT13;91000;91022;2026;20260101;2;3;433;142
AT13;91000;91023;2026;20260101;1;1;498;685
AT13;91000;91023;2026;20260101;1;2;2064;2474
AT13;91000;91023;2026;20260101;1;3;467;158
AT13;91000;91023;2026;20260101;2;1;472;617
AT13;91000;91023;2026;20260101;2;2;2033;2185
AT13;91000;91023;2026;20260101;2;3;701;195
AT13;91000;91099;2026;20260101;1;1;0;0
AT13;91000;91099;2026;20260101;1;2;0;0
AT13;91000;91099;2026;20260101;1;3;0;0
AT13;91000;91099;2026;20260101;2;1;0;0
AT13;91000;91099;2026;20260101;2;2;0;0
AT13;91000;91099;2026;20260101;2;3;0;0
AT13;91100;91101;2026;20260101;1;1;195;80
AT13;91100;91101;2026;20260101;1;2;670;660
AT13;91100;91101;2026;20260101;1;3;87;25
AT13;91100;91101;2026;20260101;2;1;197;78
AT13;91100;91101;2026;20260101;2;2;650;583
AT13;91100;91101;2026;20260101;2;3;79;22
AT13;91100;91102;2026;20260101;1;1;916;827
AT13;91100;91102;2026;20260101;1;2;3708;3393
AT13;91100;91102;2026;20260101;1;3;881;248
AT13;91100;91102;2026;20260101;2;1;984;803
AT13;91100;91102;2026;20260101;2;2;3634;3181
AT13;91100;91102;2026;20260101;2;3;1321;329
AT13;91100;91103;2026;20260101;1;1;686;822
AT13;91100;91103;2026;20260101;1;2;3459;3826
AT13;91100;91103;2026;20260101;1;3;785;270
AT13;91100;91103;2026;20260101;2;1;658;791
AT13;91100;91103;2026;20260101;2;2;3194;3374
AT13;91100;91103;2026;20260101;2;3;1067;304
AT13;91100;91104;2026;20260101;1;1;271;335
AT13;91100;91104;2026;20260101;1;2;1058;1490
AT13;91100;91104;2026;20260101;1;3;362;85
AT13;91100;91104;2026;20260101;2;1;230;296
AT13;91100;91104;2026;20260101;2;2;952;1218
AT13;91100;91104;2026;20260101;2;3;439;94
AT13;91100;91105;2026;20260101;1;1;742;436
AT13;91100;91105;2026;20260101;1;2;2895;1655
AT13;91100;91105;2026;20260101;1;3;741;130
AT13;91100;91105;2026;20260101;2;1;610;432
AT13;91100;91105;2026;20260101;2;2;2978;1652
AT13;91100;91105;2026;20260101;2;3;1007;151
AT13;91100;91106;2026;20260101;1;1;11;6
AT13;91100;91106;2026;20260101;1;2;89;8
AT13;91100;91106;2026;20260101;1;3;19;1
AT13;91100;91106;2026;20260101;2;1;6;0
AT13;91100;91106;2026;20260101;2;2;99;9
AT13;91100;91106;2026;20260101;2;3;12;2
AT13;91100;91107;2026;20260101;1;1;373;257
AT13;91100;91107;2026;20260101;1;2;1434;848
AT13;91100;91107;2026;20260101;1;3;487;55
AT13;91100;91107;2026;20260101;2;1;322;259
AT13;91100;91107;2026;20260101;2;2;1469;836
AT13;91100;91107;2026;20260101;2;3;731;79
AT13;91100;91108;2026;20260101;1;1;37;1
AT13;91100;91108;2026;20260101;1;2;267;47
AT13;91100;91108;2026;20260101;1;3;84;5
AT13;91100;91108;2026;20260101;2;1;32;7
AT13;91100;91108;2026;20260101;2;2;307;41
AT13;91100;91108;2026;20260101;2;3;106;3
AT13;91100;91109;2026;20260101;1;1;191;58
AT13;91100;91109;2026;20260101;1;2;601;294
AT13;91100;91109;2026;20260101;1;3;184;22
AT13;91100;91109;2026;20260101;2;1;130;54
AT13;91100;91109;2026;20260101;2;2;578;246
AT13;91100;91109;2026;20260101;2;3;213;20
AT13;91100;91110;2026;20260101;1;1;1570;872
AT13;91100;91110;2026;20260101;1;2;6112;3134
AT13;91100;91110;2026;20260101;1;3;1501;256
AT13;91100;91110;2026;20260101;2;1;1451;826
AT13;91100;91110;2026;20260101;2;2;6537;3153
AT13;91100;91110;2026;20260101;2;3;2088;306
AT13;91100;91111;2026;20260101;1;1;216;216
AT13;91100;91111;2026;20260101;1;2;1010;801
AT13;91100;91111;2026;20260101;1;3;263;43
AT13;91100;91111;2026;20260101;2;1;201;202
AT13;91100;91111;2026;20260101;2;2;920;661
AT13;91100;91111;2026;20260101;2;3;384;48
AT13;91100;91112;2026;20260101;1;1;28;5
AT13;91100;91112;2026;20260101;1;2;93;84
AT13;91100;91112;2026;20260101;1;3;24;6
AT13;91100;91112;2026;20260101;2;1;27;4
AT13;91100;91112;2026;20260101;2;2;94;33
AT13;91100;91112;2026;20260101;2;3;31;4
AT13;91100;91113;2026;20260101;1;1;220;112
AT13;91100;91113;2026;20260101;1;2;1008;688
AT13;91100;91113;2026;20260101;1;3;422;37
AT13;91100;91113;2026;20260101;2;1;211;105
AT13;91100;91113;2026;20260101;2;2;1010;596
AT13;91100;91113;2026;20260101;2;3;568;47
AT13;91100;91199;2026;20260101;1;1;0;0
AT13;91100;91199;2026;20260101;1;2;0;0
AT13;91100;91199;2026;20260101;1;3;0;0
AT13;91100;91199;2026;20260101;2;1;0;0
AT13;91100;91199;2026;20260101;2;2;0;0
AT13;91100;91199;2026;20260101;2;3;0;0
AT13;91200;91201;2026;20260101;1;1;146;146
AT13;91200;91201;2026;20260101;1;2;945;937
AT13;91200;91201;2026;20260101;1;3;175;68
AT13;91200;91201;2026;20260101;2;1;135;150
AT13;91200;91201;2026;20260101;2;2;949;877
AT13;91200;91201;2026;20260101;2;3;264;73
AT13;91200;91202;2026;20260101;1;1;591;657
AT13;91200;91202;2026;20260101;1;2;3424;3391
AT13;91200;91202;2026;20260101;1;3;922;327
AT13;91200;91202;2026;20260101;2;1;548;621
AT13;91200;91202;2026;20260101;2;2;3330;3007
AT13;91200;91202;2026;20260101;2;3;1391;388
AT13;91200;91203;2026;20260101;1;1;166;165
AT13;91200;91203;2026;20260101;1;2;1029;748
AT13;91200;91203;2026;20260101;1;3;244;84
AT13;91200;91203;2026;20260101;2;1;177;178
AT13;91200;91203;2026;20260101;2;2;875;730
AT13;91200;91203;2026;20260101;2;3;356;103
AT13;91200;91204;2026;20260101;1;1;299;406
AT13;91200;91204;2026;20260101;1;2;1709;2170
AT13;91200;91204;2026;20260101;1;3;443;134
AT13;91200;91204;2026;20260101;2;1;259;390
AT13;91200;91204;2026;20260101;2;2;1693;1963
AT13;91200;91204;2026;20260101;2;3;577;146
AT13;91200;91205;2026;20260101;1;1;255;294
AT13;91200;91205;2026;20260101;1;2;1586;1583
AT13;91200;91205;2026;20260101;1;3;487;132
AT13;91200;91205;2026;20260101;2;1;235;313
AT13;91200;91205;2026;20260101;2;2;1551;1400
AT13;91200;91205;2026;20260101;2;3;718;126
AT13;91200;91206;2026;20260101;1;1;292;320
AT13;91200;91206;2026;20260101;1;2;1902;1851
AT13;91200;91206;2026;20260101;1;3;459;172
AT13;91200;91206;2026;20260101;2;1;262;294
AT13;91200;91206;2026;20260101;2;2;1962;1710
AT13;91200;91206;2026;20260101;2;3;723;180
AT13;91200;91207;2026;20260101;1;1;220;220
AT13;91200;91207;2026;20260101;1;2;1294;823
AT13;91200;91207;2026;20260101;1;3;411;80
AT13;91200;91207;2026;20260101;2;1;209;226
AT13;91200;91207;2026;20260101;2;2;1266;884
AT13;91200;91207;2026;20260101;2;3;656;96
AT13;91200;91208;2026;20260101;1;1;243;140
AT13;91200;91208;2026;20260101;1;2;1069;1002
AT13;91200;91208;2026;20260101;1;3;264;79
AT13;91200;91208;2026;20260101;2;1;212;157
AT13;91200;91208;2026;20260101;2;2;1008;765
AT13;91200;91208;2026;20260101;2;3;370;86
AT13;91200;91209;2026;20260101;1;1;393;376
AT13;91200;91209;2026;20260101;1;2;1675;1091
AT13;91200;91209;2026;20260101;1;3;435;71
AT13;91200;91209;2026;20260101;2;1;384;332
AT13;91200;91209;2026;20260101;2;2;1576;1255
AT13;91200;91209;2026;20260101;2;3;589;84
AT13;91200;91210;2026;20260101;1;1;544;392
AT13;91200;91210;2026;20260101;1;2;2407;1980
AT13;91200;91210;2026;20260101;1;3;672;119
AT13;91200;91210;2026;20260101;2;1;569;377
AT13;91200;91210;2026;20260101;2;2;2486;1878
AT13;91200;91210;2026;20260101;2;3;1095;137
AT13;91200;91211;2026;20260101;1;1;592;316
AT13;91200;91211;2026;20260101;1;2;2620;1364
AT13;91200;91211;2026;20260101;1;3;851;121
AT13;91200;91211;2026;20260101;2;1;597;329
AT13;91200;91211;2026;20260101;2;2;2726;1393
AT13;91200;91211;2026;20260101;2;3;1289;136
AT13;91200;91299;2026;20260101;1;1;0;0
AT13;91200;91299;2026;20260101;1;2;0;0
AT13;91200;91299;2026;20260101;1;3;0;0
AT13;91200;91299;2026;20260101;2;1;0;0
AT13;91200;91299;2026;20260101;2;2;0;0
AT13;91200;91299;2026;20260101;2;3;0;0
AT13;91300;91301;2026;20260101;1;1;36;11
AT13;91300;91301;2026;20260101;1;2;111;54
AT13;91300;91301;2026;20260101;1;3;43;7
AT13;91300;91301;2026;20260101;2;1;20;10
AT13;91300;91301;2026;20260101;2;2;113;57
AT13;91300;91301;2026;20260101;2;3;65;5
AT13;91300;91302;2026;20260101;1;1;400;113
AT13;91300;91302;2026;20260101;1;2;1443;583
AT13;91300;91302;2026;20260101;1;3;560;71
AT13;91300;91302;2026;20260101;2;1;402;102
AT13;91300;91302;2026;20260101;2;2;1539;665
AT13;91300;91302;2026;20260101;2;3;787;94
AT13;91300;91303;2026;20260101;1;1;380;267
AT13;91300;91303;2026;20260101;1;2;2059;1479
AT13;91300;91303;2026;20260101;1;3;661;104
AT13;91300;91303;2026;20260101;2;1;388;277
AT13;91300;91303;2026;20260101;2;2;2060;1447
AT13;91300;91303;2026;20260101;2;3;1024;118
AT13;91300;91304;2026;20260101;1;1;526;195
AT13;91300;91304;2026;20260101;1;2;2294;852
AT13;91300;91304;2026;20260101;1;3;904;104
AT13;91300;91304;2026;20260101;2;1;524;216
AT13;91300;91304;2026;20260101;2;2;2477;1077
AT13;91300;91304;2026;20260101;2;3;1396;130
AT13;91300;91305;2026;20260101;1;1;230;91
AT13;91300;91305;2026;20260101;1;2;1059;324
AT13;91300;91305;2026;20260101;1;3;449;40
AT13;91300;91305;2026;20260101;2;1;241;89
AT13;91300;91305;2026;20260101;2;2;1097;420
AT13;91300;91305;2026;20260101;2;3;637;54
AT13;91300;91306;2026;20260101;1;1;143;74
AT13;91300;91306;2026;20260101;1;2;610;281
AT13;91300;91306;2026;20260101;1;3;234;14
AT13;91300;91306;2026;20260101;2;1;141;59
AT13;91300;91306;2026;20260101;2;2;675;325
AT13;91300;91306;2026;20260101;2;3;400;28
AT13;91300;91307;2026;20260101;1;1;165;127
AT13;91300;91307;2026;20260101;1;2;732;403
AT13;91300;91307;2026;20260101;1;3;233;29
AT13;91300;91307;2026;20260101;2;1;186;128
AT13;91300;91307;2026;20260101;2;2;709;462
AT13;91300;91307;2026;20260101;2;3;356;41
AT13;91300;91308;2026;20260101;1;1;334;174
AT13;91300;91308;2026;20260101;1;2;1552;599
AT13;91300;91308;2026;20260101;1;3;722;67
AT13;91300;91308;2026;20260101;2;1;330;158
AT13;91300;91308;2026;20260101;2;2;1538;682
AT13;91300;91308;2026;20260101;2;3;1173;98
AT13;91300;91309;2026;20260101;1;1;255;95
AT13;91300;91309;2026;20260101;1;2;1108;327
AT13;91300;91309;2026;20260101;1;3;466;38
AT13;91300;91309;2026;20260101;2;1;227;78
AT13;91300;91309;2026;20260101;2;2;1192;416
AT13;91300;91309;2026;20260101;2;3;687;52
AT13;91300;91310;2026;20260101;1;1;23;0
AT13;91300;91310;2026;20260101;1;2;73;18
AT13;91300;91310;2026;20260101;1;3;17;0
AT13;91300;91310;2026;20260101;2;1;24;0
AT13;91300;91310;2026;20260101;2;2;99;10
AT13;91300;91310;2026;20260101;2;3;16;2
AT13;91300;91311;2026;20260101;1;1;232;33
AT13;91300;91311;2026;20260101;1;2;1058;167
AT13;91300;91311;2026;20260101;1;3;564;33
AT13;91300;91311;2026;20260101;2;1;213;41
AT13;91300;91311;2026;20260101;2;2;1060;200
AT13;91300;91311;2026;20260101;2;3;675;34
AT13;91300;91399;2026;20260101;1;1;0;0
AT13;91300;91399;2026;20260101;1;2;0;0
AT13;91300;91399;2026;20260101;1;3;0;0
AT13;91300;91399;2026;20260101;2;1;0;0
AT13;91300;91399;2026;20260101;2;2;0;0
AT13;91300;91399;2026;20260101;2;3;0;0
AT13;91400;91401;2026;20260101;1;1;419;229
AT13;91400;91401;2026;20260101;1;2;2146;1462
AT13;91400;91401;2026;20260101;1;3;505;139
AT13;91400;91401;2026;20260101;2;1;394;186
AT13;91400;91401;2026;20260101;2;2;2249;1423
AT13;91400;91401;2026;20260101;2;3;687;133
AT13;91400;91402;2026;20260101;1;1;278;316
AT13;91400;91402;2026;20260101;1;2;1662;1606
AT13;91400;91402;2026;20260101;1;3;401;167
AT13;91400;91402;2026;20260101;2;1;265;247
AT13;91400;91402;2026;20260101;2;2;1586;1432
AT13;91400;91402;2026;20260101;2;3;496;177
AT13;91400;91403;2026;20260101;1;1;431;264
AT13;91400;91403;2026;20260101;1;2;2307;1167
AT13;91400;91403;2026;20260101;1;3;591;111
AT13;91400;91403;2026;20260101;2;1;425;238
AT13;91400;91403;2026;20260101;2;2;2372;1339
AT13;91400;91403;2026;20260101;2;3;887;149
AT13;91400;91404;2026;20260101;1;1;823;703
AT13;91400;91404;2026;20260101;1;2;4105;3223
AT13;91400;91404;2026;20260101;1;3;1374;300
AT13;91400;91404;2026;20260101;2;1;751;635
AT13;91400;91404;2026;20260101;2;2;4389;2958
AT13;91400;91404;2026;20260101;2;3;2011;343
AT13;91400;91405;2026;20260101;1;1;271;55
AT13;91400;91405;2026;20260101;1;2;1211;309
AT13;91400;91405;2026;20260101;1;3;429;37
AT13;91400;91405;2026;20260101;2;1;254;57
AT13;91400;91405;2026;20260101;2;2;1237;330
AT13;91400;91405;2026;20260101;2;3;502;52
AT13;91400;91406;2026;20260101;1;1;523;444
AT13;91400;91406;2026;20260101;1;2;2595;1763
AT13;91400;91406;2026;20260101;1;3;941;149
AT13;91400;91406;2026;20260101;2;1;480;379
AT13;91400;91406;2026;20260101;2;2;2723;1658
AT13;91400;91406;2026;20260101;2;3;1587;172
AT13;91400;91407;2026;20260101;1;1;97;133
AT13;91400;91407;2026;20260101;1;2;608;348
AT13;91400;91407;2026;20260101;1;3;164;36
AT13;91400;91407;2026;20260101;2;1;110;135
AT13;91400;91407;2026;20260101;2;2;577;413
AT13;91400;91407;2026;20260101;2;3;198;34
AT13;91400;91408;2026;20260101;1;1;227;138
AT13;91400;91408;2026;20260101;1;2;986;415
AT13;91400;91408;2026;20260101;1;3;336;28
AT13;91400;91408;2026;20260101;2;1;208;131
AT13;91400;91408;2026;20260101;2;2;1033;444
AT13;91400;91408;2026;20260101;2;3;468;35
AT13;91400;91409;2026;20260101;1;1;44;1
AT13;91400;91409;2026;20260101;1;2;190;39
AT13;91400;91409;2026;20260101;1;3;29;5
AT13;91400;91409;2026;20260101;2;1;35;2
AT13;91400;91409;2026;20260101;2;2;169;24
AT13;91400;91409;2026;20260101;2;3;36;3
AT13;91400;91410;2026;20260101;1;1;520;175
AT13;91400;91410;2026;20260101;1;2;1967;792
AT13;91400;91410;2026;20260101;1;3;750;42
AT13;91400;91410;2026;20260101;2;1;483;166
AT13;91400;91410;2026;20260101;2;2;2087;898
AT13;91400;91410;2026;20260101;2;3;996;79
AT13;91400;91411;2026;20260101;1;1;447;44
AT13;91400;91411;2026;20260101;1;2;1724;251
AT13;91400;91411;2026;20260101;1;3;808;42
AT13;91400;91411;2026;20260101;2;1;382;46
AT13;91400;91411;2026;20260101;2;2;1771;265
AT13;91400;91411;2026;20260101;2;3;997;49
AT13;91400;91412;2026;20260101;1;1;468;121
AT13;91400;91412;2026;20260101;1;2;1700;475
AT13;91400;91412;2026;20260101;1;3;683;46
AT13;91400;91412;2026;20260101;2;1;425;126
AT13;91400;91412;2026;20260101;2;2;1738;537
AT13;91400;91412;2026;20260101;2;3;768;63
AT13;91400;91499;2026;20260101;1;1;0;0
AT13;91400;91499;2026;20260101;1;2;0;0
AT13;91400;91499;2026;20260101;1;3;0;0
AT13;91400;91499;2026;20260101;2;1;0;0
AT13;91400;91499;2026;20260101;2;2;0;0
AT13;91400;91499;2026;20260101;2;3;0;0
AT13;91500;91501;2026;20260101;1;1;299;283
AT13;91500;91501;2026;20260101;1;2;1995;1804
AT13;91500;91501;2026;20260101;1;3;617;182
AT13;91500;91501;2026;20260101;2;1;308;285
AT13;91500;91501;2026;20260101;2;2;2022;1662
AT13;91500;91501;2026;20260101;2;3;782;206
AT13;91500;91502;2026;20260101;1;1;261;237
AT13;91500;91502;2026;20260101;1;2;1769;2092
AT13;91500;91502;2026;20260101;1;3;343;197
AT13;91500;91502;2026;20260101;2;1;232;226
AT13;91500;91502;2026;20260101;2;2;1725;1771
AT13;91500;91502;2026;20260101;2;3;451;209
AT13;91500;91503;2026;20260101;1;1;362;451
AT13;91500;91503;2026;20260101;1;2;2257;2765
AT13;91500;91503;2026;20260101;1;3;393;232
AT13;91500;91503;2026;20260101;2;1;326;426
AT13;91500;91503;2026;20260101;2;2;2249;2222
AT13;91500;91503;2026;20260101;2;3;538;215
AT13;91500;91504;2026;20260101;1;1;226;302
AT13;91500;91504;2026;20260101;1;2;1479;2116
AT13;91500;91504;2026;20260101;1;3;334;136
AT13;91500;91504;2026;20260101;2;1;205;282
AT13;91500;91504;2026;20260101;2;2;1457;1604
AT13;91500;91504;2026;20260101;2;3;436;131
AT13;91500;91505;2026;20260101;1;1;368;337
AT13;91500;91505;2026;20260101;1;2;2061;1930
AT13;91500;91505;2026;20260101;1;3;645;178
AT13;91500;91505;2026;20260101;2;1;334;335
AT13;91500;91505;2026;20260101;2;2;2006;1785
AT13;91500;91505;2026;20260101;2;3;952;194
AT13;91500;91506;2026;20260101;1;1;393;466
AT13;91500;91506;2026;20260101;1;2;2638;2854
AT13;91500;91506;2026;20260101;1;3;625;288
AT13;91500;91506;2026;20260101;2;1;372;406
AT13;91500;91506;2026;20260101;2;2;2667;2331
AT13;91500;91506;2026;20260101;2;3;905;285
AT13;91500;91507;2026;20260101;1;1;250;232
AT13;91500;91507;2026;20260101;1;2;1784;1382
AT13;91500;91507;2026;20260101;1;3;572;139
AT13;91500;91507;2026;20260101;2;1;262;223
AT13;91500;91507;2026;20260101;2;2;1749;1279
AT13;91500;91507;2026;20260101;2;3;917;138
AT13;91500;91599;2026;20260101;1;1;0;0
AT13;91500;91599;2026;20260101;1;2;0;0
AT13;91500;91599;2026;20260101;1;3;0;0
AT13;91500;91599;2026;20260101;2;1;0;0
AT13;91500;91599;2026;20260101;2;2;0;0
AT13;91500;91599;2026;20260101;2;3;0;0
AT13;91600;91601;2026;20260101;1;1;363;498
AT13;91600;91601;2026;20260101;1;2;2437;2774
AT13;91600;91601;2026;20260101;1;3;590;231
AT13;91600;91601;2026;20260101;2;1;365;483
AT13;91600;91601;2026;20260101;2;2;2508;2387
AT13;91600;91601;2026;20260101;2;3;852;260
AT13;91600;91602;2026;20260101;1;1;210;324
AT13;91600;91602;2026;20260101;1;2;1267;1958
AT13;91600;91602;2026;20260101;1;3;290;213
AT13;91600;91602;2026;20260101;2;1;187;238
AT13;91600;91602;2026;20260101;2;2;1244;1447
AT13;91600;91602;2026;20260101;2;3;343;175
AT13;91600;91603;2026;20260101;1;1;502;497
AT13;91600;91603;2026;20260101;1;2;2495;1944
AT13;91600;91603;2026;20260101;1;3;705;217
AT13;91600;91603;2026;20260101;2;1;482;441
AT13;91600;91603;2026;20260101;2;2;2586;1899
AT13;91600;91603;2026;20260101;2;3;1007;203
AT13;91600;91604;2026;20260101;1;1;298;253
AT13;91600;91604;2026;20260101;1;2;1662;1398
AT13;91600;91604;2026;20260101;1;3;430;119
AT13;91600;91604;2026;20260101;2;1;278;251
AT13;91600;91604;2026;20260101;2;2;1674;1246
AT13;91600;91604;2026;20260101;2;3;657;136
AT13;91600;91605;2026;20260101;1;1;476;477
AT13;91600;91605;2026;20260101;1;2;3027;2799
AT13;91600;91605;2026;20260101;1;3;846;280
AT13;91600;91605;2026;20260101;2;1;487;484
AT13;91600;91605;2026;20260101;2;2;3154;2380
AT13;91600;91605;2026;20260101;2;3;1299;281
AT13;91600;91606;2026;20260101;1;1;418;314
AT13;91600;91606;2026;20260101;1;2;2155;1430
AT13;91600;91606;2026;20260101;1;3;697;144
AT13;91600;91606;2026;20260101;2;1;357;307
AT13;91600;91606;2026;20260101;2;2;2093;1323
AT13;91600;91606;2026;20260101;2;3;980;179
AT13;91600;91607;2026;20260101;1;1;529;430
AT13;91600;91607;2026;20260101;1;2;2419;2016
AT13;91600;91607;2026;20260101;1;3;657;171
AT13;91600;91607;2026;20260101;2;1;486;379
AT13;91600;91607;2026;20260101;2;2;2625;1807
AT13;91600;91607;2026;20260101;2;3;921;174
AT13;91600;91608;2026;20260101;1;1;172;79
AT13;91600;91608;2026;20260101;1;2;847;284
AT13;91600;91608;2026;20260101;1;3;329;40
AT13;91600;91608;2026;20260101;2;1;148;56
AT13;91600;91608;2026;20260101;2;2;852;316
AT13;91600;91608;2026;20260101;2;3;458;60
AT13;91600;91609;2026;20260101;1;1;360;60
AT13;91600;91609;2026;20260101;1;2;1364;259
AT13;91600;91609;2026;20260101;1;3;660;34
AT13;91600;91609;2026;20260101;2;1;282;58
AT13;91600;91609;2026;20260101;2;2;1498;324
AT13;91600;91609;2026;20260101;2;3;957;49
AT13;91600;91610;2026;20260101;1;1;249;442
AT13;91600;91610;2026;20260101;1;2;1563;2413
AT13;91600;91610;2026;20260101;1;3;328;276
AT13;91600;91610;2026;20260101;2;1;250;367
AT13;91600;91610;2026;20260101;2;2;1471;1961
AT13;91600;91610;2026;20260101;2;3;430;278
AT13;91600;91699;2026;20260101;1;1;0;0
AT13;91600;91699;2026;20260101;1;2;0;0
AT13;91600;91699;2026;20260101;1;3;0;0
AT13;91600;91699;2026;20260101;2;1;0;0
AT13;91600;91699;2026;20260101;2;2;0;0
AT13;91600;91699;2026;20260101;2;3;0;0
AT13;91700;91701;2026;20260101;1;1;355;331
AT13;91700;91701;2026;20260101;1;2;2043;1991
AT13;91700;91701;2026;20260101;1;3;511;197
AT13;91700;91701;2026;20260101;2;1;361;301
AT13;91700;91701;2026;20260101;2;2;2171;1729
AT13;91700;91701;2026;20260101;2;3;730;184
AT13;91700;91702;2026;20260101;1;1;437;510
AT13;91700;91702;2026;20260101;1;2;2567;2840
AT13;91700;91702;2026;20260101;1;3;635;249
AT13;91700;91702;2026;20260101;2;1;436;464
AT13;91700;91702;2026;20260101;2;2;2762;2505
AT13;91700;91702;2026;20260101;2;3;882;244
AT13;91700;91703;2026;20260101;1;1;641;567
AT13;91700;91703;2026;20260101;1;2;3415;3036
AT13;91700;91703;2026;20260101;1;3;937;309
AT13;91700;91703;2026;20260101;2;1;622;504
AT13;91700;91703;2026;20260101;2;2;3498;2640
AT13;91700;91703;2026;20260101;2;3;1317;295
AT13;91700;91704;2026;20260101;1;1;252;31
AT13;91700;91704;2026;20260101;1;2;927;272
AT13;91700;91704;2026;20260101;1;3;419;29
AT13;91700;91704;2026;20260101;2;1;269;39
AT13;91700;91704;2026;20260101;2;2;1021;270
AT13;91700;91704;2026;20260101;2;3;719;36
AT13;91700;91705;2026;20260101;1;1;405;113
AT13;91700;91705;2026;20260101;1;2;1559;469
AT13;91700;91705;2026;20260101;1;3;565;53
AT13;91700;91705;2026;20260101;2;1;379;111
AT13;91700;91705;2026;20260101;2;2;1634;517
AT13;91700;91705;2026;20260101;2;3;753;55
AT13;91700;91706;2026;20260101;1;1;169;52
AT13;91700;91706;2026;20260101;1;2;555;184
AT13;91700;91706;2026;20260101;1;3;222;15
AT13;91700;91706;2026;20260101;2;1;134;54
AT13;91700;91706;2026;20260101;2;2;568;247
AT13;91700;91706;2026;20260101;2;3;306;33
AT13;91700;91799;2026;20260101;1;1;0;0
AT13;91700;91799;2026;20260101;1;2;0;0
AT13;91700;91799;2026;20260101;1;3;0;0
AT13;91700;91799;2026;20260101;2;1;0;0
AT13;91700;91799;2026;20260101;2;2;0;0
AT13;91700;91799;2026;20260101;2;3;0;0
AT13;91800;91801;2026;20260101;1;1;167;49
AT13;91800;91801;2026;20260101;1;2;458;203
AT13;91800;91801;2026;20260101;1;3;160;31
AT13;91800;91801;2026;20260101;2;1;121;41
AT13;91800;91801;2026;20260101;2;2;536;267
AT13;91800;91801;2026;20260101;2;3;229;32
AT13;91800;91802;2026;20260101;1;1;632;249
AT13;91800;91802;2026;20260101;1;2;2873;1635
AT13;91800;91802;2026;20260101;1;3;860;166
AT13;91800;91802;2026;20260101;2;1;593;252
AT13;91800;91802;2026;20260101;2;2;3261;1850
AT13;91800;91802;2026;20260101;2;3;1261;189
AT13;91800;91803;2026;20260101;1;1;530;395
AT13;91800;91803;2026;20260101;1;2;3062;2312
AT13;91800;91803;2026;20260101;1;3;702;199
AT13;91800;91803;2026;20260101;2;1;520;362
AT13;91800;91803;2026;20260101;2;2;3383;2382
AT13;91800;91803;2026;20260101;2;3;1020;236
AT13;91800;91804;2026;20260101;1;1;420;189
AT13;91800;91804;2026;20260101;1;2;2171;919
AT13;91800;91804;2026;20260101;1;3;651;95
AT13;91800;91804;2026;20260101;2;1;417;182
AT13;91800;91804;2026;20260101;2;2;2306;1034
AT13;91800;91804;2026;20260101;2;3;1006;132
AT13;91800;91805;2026;20260101;1;1;573;197
AT13;91800;91805;2026;20260101;1;2;2120;892
AT13;91800;91805;2026;20260101;1;3;806;109
AT13;91800;91805;2026;20260101;2;1;596;229
AT13;91800;91805;2026;20260101;2;2;2392;1104
AT13;91800;91805;2026;20260101;2;3;1287;132
AT13;91800;91899;2026;20260101;1;1;0;0
AT13;91800;91899;2026;20260101;1;2;0;0
AT13;91800;91899;2026;20260101;1;3;0;0
AT13;91800;91899;2026;20260101;2;1;0;0
AT13;91800;91899;2026;20260101;2;2;0;0
AT13;91800;91899;2026;20260101;2;3;0;0
AT13;91900;91901;2026;20260101;1;1;332;141
AT13;91900;91901;2026;20260101;1;2;1441;597
AT13;91900;91901;2026;20260101;1;3;540;79
AT13;91900;91901;2026;20260101;2;1;340;151
AT13;91900;91901;2026;20260101;2;2;1439;754
AT13;91900;91901;2026;20260101;2;3;776;115
AT13;91900;91902;2026;20260101;1;1;278;338
AT13;91900;91902;2026;20260101;1;2;1787;1356
AT13;91900;91902;2026;20260101;1;3;751;121
AT13;91900;91902;2026;20260101;2;1;290;251
AT13;91900;91902;2026;20260101;2;2;1773;1359
AT13;91900;91902;2026;20260101;2;3;1285;142
AT13;91900;91903;2026;20260101;1;1;4;5
AT13;91900;91903;2026;20260101;1;2;104;252
AT13;91900;91903;2026;20260101;1;3;26;2
AT13;91900;91903;2026;20260101;2;1;4;5
AT13;91900;91903;2026;20260101;2;2;69;293
AT13;91900;91903;2026;20260101;2;3;35;8
AT13;91900;91904;2026;20260101;1;1;540;377
AT13;91900;91904;2026;20260101;1;2;3051;1833
AT13;91900;91904;2026;20260101;1;3;939;152
AT13;91900;91904;2026;20260101;2;1;542;346
AT13;91900;91904;2026;20260101;2;2;3058;2093
AT13;91900;91904;2026;20260101;2;3;1388;213
AT13;91900;91905;2026;20260101;1;1;350;242
AT13;91900;91905;2026;20260101;1;2;1569;794
AT13;91900;91905;2026;20260101;1;3;622;94
AT13;91900;91905;2026;20260101;2;1;349;207
AT13;91900;91905;2026;20260101;2;2;1598;947
AT13;91900;91905;2026;20260101;2;3;896;131
AT13;91900;91906;2026;20260101;1;1;319;163
AT13;91900;91906;2026;20260101;1;2;1172;503
AT13;91900;91906;2026;20260101;1;3;456;80
AT13;91900;91906;2026;20260101;2;1;282;142
AT13;91900;91906;2026;20260101;2;2;1106;649
AT13;91900;91906;2026;20260101;2;3;603;92
AT13;91900;91907;2026;20260101;1;1;165;78
AT13;91900;91907;2026;20260101;1;2;664;271
AT13;91900;91907;2026;20260101;1;3;242;44
AT13;91900;91907;2026;20260101;2;1;149;64
AT13;91900;91907;2026;20260101;2;2;701;360
AT13;91900;91907;2026;20260101;2;3;345;43
AT13;91900;91908;2026;20260101;1;1;524;341
AT13;91900;91908;2026;20260101;1;2;2660;1332
AT13;91900;91908;2026;20260101;1;3;1090;153
AT13;91900;91908;2026;20260101;2;1;496;342
AT13;91900;91908;2026;20260101;2;2;2841;1530
AT13;91900;91908;2026;20260101;2;3;1765;197
AT13;91900;91909;2026;20260101;1;1;253;102
AT13;91900;91909;2026;20260101;1;2;896;651
AT13;91900;91909;2026;20260101;1;3;298;58
AT13;91900;91909;2026;20260101;2;1;222;95
AT13;91900;91909;2026;20260101;2;2;1000;780
AT13;91900;91909;2026;20260101;2;3;395;68
AT13;91900;91910;2026;20260101;1;1;524;215
AT13;91900;91910;2026;20260101;1;2;2118;716
AT13;91900;91910;2026;20260101;1;3;881;101
AT13;91900;91910;2026;20260101;2;1;511;179
AT13;91900;91910;2026;20260101;2;2;2217;840
AT13;91900;91910;2026;20260101;2;3;1382;163
AT13;91900;91999;2026;20260101;1;1;0;0
AT13;91900;91999;2026;20260101;1;2;0;0
AT13;91900;91999;2026;20260101;1;3;0;0
AT13;91900;91999;2026;20260101;2;1;0;0
AT13;91900;91999;2026;20260101;2;2;0;0
AT13;91900;91999;2026;20260101;2;3;0;0
AT13;92000;92001;2026;20260101;1;1;362;259
AT13;92000;92001;2026;20260101;1;2;1791;1046
AT13;92000;92001;2026;20260101;1;3;404;131
AT13;92000;92001;2026;20260101;2;1;342;252
AT13;92000;92001;2026;20260101;2;2;1732;1152
AT13;92000;92001;2026;20260101;2;3;592;149
AT13;92000;92002;2026;20260101;1;1;433;613
AT13;92000;92002;2026;20260101;1;2;2857;3192
AT13;92000;92002;2026;20260101;1;3;754;283
AT13;92000;92002;2026;20260101;2;1;407;566
AT13;92000;92002;2026;20260101;2;2;2534;2702
AT13;92000;92002;2026;20260101;2;3;987;317
AT13;92000;92003;2026;20260101;1;1;413;435
AT13;92000;92003;2026;20260101;1;2;2381;2449
AT13;92000;92003;2026;20260101;1;3;719;198
AT13;92000;92003;2026;20260101;2;1;396;405
AT13;92000;92003;2026;20260101;2;2;2415;2182
AT13;92000;92003;2026;20260101;2;3;1060;239
AT13;92000;92004;2026;20260101;1;1;379;243
AT13;92000;92004;2026;20260101;1;2;1743;1610
AT13;92000;92004;2026;20260101;1;3;518;98
AT13;92000;92004;2026;20260101;2;1;323;239
AT13;92000;92004;2026;20260101;2;2;1667;1544
AT13;92000;92004;2026;20260101;2;3;708;143
AT13;92000;92005;2026;20260101;1;1;322;419
AT13;92000;92005;2026;20260101;1;2;1836;2325
AT13;92000;92005;2026;20260101;1;3;434;185
AT13;92000;92005;2026;20260101;2;1;280;375
AT13;92000;92005;2026;20260101;2;2;1881;1848
AT13;92000;92005;2026;20260101;2;3;603;203
AT13;92000;92006;2026;20260101;1;1;360;467
AT13;92000;92006;2026;20260101;1;2;1486;1539
AT13;92000;92006;2026;20260101;1;3;466;123
AT13;92000;92006;2026;20260101;2;1;308;380
AT13;92000;92006;2026;20260101;2;2;1474;1483
AT13;92000;92006;2026;20260101;2;3;696;164
AT13;92000;92007;2026;20260101;1;1;496;508
AT13;92000;92007;2026;20260101;1;2;2633;2383
AT13;92000;92007;2026;20260101;1;3;813;179
AT13;92000;92007;2026;20260101;2;1;507;497
AT13;92000;92007;2026;20260101;2;2;2594;2326
AT13;92000;92007;2026;20260101;2;3;1202;254
AT13;92000;92008;2026;20260101;1;1;175;190
AT13;92000;92008;2026;20260101;1;2;986;1348
AT13;92000;92008;2026;20260101;1;3;346;87
AT13;92000;92008;2026;20260101;2;1;168;194
AT13;92000;92008;2026;20260101;2;2;900;1257
AT13;92000;92008;2026;20260101;2;3;513;109
AT13;92000;92099;2026;20260101;1;1;0;0
AT13;92000;92099;2026;20260101;1;2;0;0
AT13;92000;92099;2026;20260101;1;3;0;0
AT13;92000;92099;2026;20260101;2;1;0;0
AT13;92000;92099;2026;20260101;2;2;0;0
AT13;92000;92099;2026;20260101;2;3;0;0
AT13;92100;92101;2026;20260101;1;1;89;22
AT13;92100;92101;2026;20260101;1;2;409;61
AT13;92100;92101;2026;20260101;1;3;160;6
AT13;92100;92101;2026;20260101;2;1;86;12
AT13;92100;92101;2026;20260101;2;2;445;78
AT13;92100;92101;2026;20260101;2;3;192;4
AT13;92100;92102;2026;20260101;1;1;569;198
AT13;92100;92102;2026;20260101;1;2;2420;784
AT13;92100;92102;2026;20260101;1;3;506;78
AT13;92100;92102;2026;20260101;2;1;510;246
AT13;92100;92102;2026;20260101;2;2;2474;876
AT13;92100;92102;2026;20260101;2;3;658;84
AT13;92100;92103;2026;20260101;1;1;649;191
AT13;92100;92103;2026;20260101;1;2;2214;664
AT13;92100;92103;2026;20260101;1;3;597;53
AT13;92100;92103;2026;20260101;2;1;553;181
AT13;92100;92103;2026;20260101;2;2;2421;745
AT13;92100;92103;2026;20260101;2;3;718;55
AT13;92100;92104;2026;20260101;1;1;225;113
AT13;92100;92104;2026;20260101;1;2;974;353
AT13;92100;92104;2026;20260101;1;3;454;29
AT13;92100;92104;2026;20260101;2;1;223;118
AT13;92100;92104;2026;20260101;2;2;933;408
AT13;92100;92104;2026;20260101;2;3;597;33
AT13;92100;92105;2026;20260101;1;1;991;877
AT13;92100;92105;2026;20260101;1;2;3719;2190
AT13;92100;92105;2026;20260101;1;3;1447;149
AT13;92100;92105;2026;20260101;2;1;815;829
AT13;92100;92105;2026;20260101;2;2;3906;2462
AT13;92100;92105;2026;20260101;2;3;2304;213
AT13;92100;92106;2026;20260101;1;1;178;141
AT13;92100;92106;2026;20260101;1;2;693;581
AT13;92100;92106;2026;20260101;1;3;117;46
AT13;92100;92106;2026;20260101;2;1;173;131
AT13;92100;92106;2026;20260101;2;2;703;608
AT13;92100;92106;2026;20260101;2;3;164;60
AT13;92100;92107;2026;20260101;1;1;547;411
AT13;92100;92107;2026;20260101;1;2;1689;1415
AT13;92100;92107;2026;20260101;1;3;316;67
AT13;92100;92107;2026;20260101;2;1;498;352
AT13;92100;92107;2026;20260101;2;2;1768;1381
AT13;92100;92107;2026;20260101;2;3;389;82
AT13;92100;92108;2026;20260101;1;1;426;188
AT13;92100;92108;2026;20260101;1;2;1229;662
AT13;92100;92108;2026;20260101;1;3;274;26
AT13;92100;92108;2026;20260101;2;1;387;191
AT13;92100;92108;2026;20260101;2;2;1269;706
AT13;92100;92108;2026;20260101;2;3;355;39
AT13;92100;92109;2026;20260101;1;1;373;218
AT13;92100;92109;2026;20260101;1;2;1496;689
AT13;92100;92109;2026;20260101;1;3;680;45
AT13;92100;92109;2026;20260101;2;1;370;229
AT13;92100;92109;2026;20260101;2;2;1532;712
AT13;92100;92109;2026;20260101;2;3;881;67
AT13;92100;92110;2026;20260101;1;1;202;194
AT13;92100;92110;2026;20260101;1;2;1387;888
AT13;92100;92110;2026;20260101;1;3;390;66
AT13;92100;92110;2026;20260101;2;1;183;196
AT13;92100;92110;2026;20260101;2;2;1083;759
AT13;92100;92110;2026;20260101;2;3;399;61
AT13;92100;92111;2026;20260101;1;1;244;166
AT13;92100;92111;2026;20260101;1;2;1203;814
AT13;92100;92111;2026;20260101;1;3;314;31
AT13;92100;92111;2026;20260101;2;1;216;165
AT13;92100;92111;2026;20260101;2;2;1300;632
AT13;92100;92111;2026;20260101;2;3;551;60
AT13;92100;92112;2026;20260101;1;1;639;401
AT13;92100;92112;2026;20260101;1;2;2061;1019
AT13;92100;92112;2026;20260101;1;3;457;66
AT13;92100;92112;2026;20260101;2;1;606;377
AT13;92100;92112;2026;20260101;2;2;2146;1173
AT13;92100;92112;2026;20260101;2;3;596;77
AT13;92100;92113;2026;20260101;1;1;450;125
AT13;92100;92113;2026;20260101;1;2;1721;509
AT13;92100;92113;2026;20260101;1;3;348;42
AT13;92100;92113;2026;20260101;2;1;372;122
AT13;92100;92113;2026;20260101;2;2;1856;530
AT13;92100;92113;2026;20260101;2;3;466;54
AT13;92100;92114;2026;20260101;1;1;222;248
AT13;92100;92114;2026;20260101;1;2;1143;666
AT13;92100;92114;2026;20260101;1;3;384;39
AT13;92100;92114;2026;20260101;2;1;224;228
AT13;92100;92114;2026;20260101;2;2;973;732
AT13;92100;92114;2026;20260101;2;3;520;52
AT13;92100;92115;2026;20260101;1;1;287;216
AT13;92100;92115;2026;20260101;1;2;1142;605
AT13;92100;92115;2026;20260101;1;3;319;40
AT13;92100;92115;2026;20260101;2;1;262;185
AT13;92100;92115;2026;20260101;2;2;1204;618
AT13;92100;92115;2026;20260101;2;3;503;38
AT13;92100;92116;2026;20260101;1;1;118;30
AT13;92100;92116;2026;20260101;1;2;767;127
AT13;92100;92116;2026;20260101;1;3;460;18
AT13;92100;92116;2026;20260101;2;1;123;35
AT13;92100;92116;2026;20260101;2;2;836;148
AT13;92100;92116;2026;20260101;2;3;578;18
AT13;92100;92117;2026;20260101;1;1;309;316
AT13;92100;92117;2026;20260101;1;2;1461;970
AT13;92100;92117;2026;20260101;1;3;435;82
AT13;92100;92117;2026;20260101;2;1;262;281
AT13;92100;92117;2026;20260101;2;2;1415;1032
AT13;92100;92117;2026;20260101;2;3;592;94
AT13;92100;92118;2026;20260101;1;1;326;331
AT13;92100;92118;2026;20260101;1;2;1430;1415
AT13;92100;92118;2026;20260101;1;3;504;101
AT13;92100;92118;2026;20260101;2;1;284;309
AT13;92100;92118;2026;20260101;2;2;1433;1137
AT13;92100;92118;2026;20260101;2;3;646;108
AT13;92100;92119;2026;20260101;1;1;352;249
AT13;92100;92119;2026;20260101;1;2;1290;889
AT13;92100;92119;2026;20260101;1;3;286;64
AT13;92100;92119;2026;20260101;2;1;305;215
AT13;92100;92119;2026;20260101;2;2;1246;884
AT13;92100;92119;2026;20260101;2;3;343;80
AT13;92100;92120;2026;20260101;1;1;151;76
AT13;92100;92120;2026;20260101;1;2;508;375
AT13;92100;92120;2026;20260101;1;3;83;29
AT13;92100;92120;2026;20260101;2;1;133;88
AT13;92100;92120;2026;20260101;2;2;492;390
AT13;92100;92120;2026;20260101;2;3;99;35
AT13;92100;92121;2026;20260101;1;1;244;327
AT13;92100;92121;2026;20260101;1;2;1377;1338
AT13;92100;92121;2026;20260101;1;3;363;108
AT13;92100;92121;2026;20260101;2;1;199;300
AT13;92100;92121;2026;20260101;2;2;1153;1152
AT13;92100;92121;2026;20260101;2;3;471;126
AT13;92100;92122;2026;20260101;1;1;383;395
AT13;92100;92122;2026;20260101;1;2;1901;2038
AT13;92100;92122;2026;20260101;1;3;665;139
AT13;92100;92122;2026;20260101;2;1;333;382
AT13;92100;92122;2026;20260101;2;2;1881;1824
AT13;92100;92122;2026;20260101;2;3;998;163
AT13;92100;92123;2026;20260101;1;1;343;531
AT13;92100;92123;2026;20260101;1;2;1907;2025
AT13;92100;92123;2026;20260101;1;3;719;159
AT13;92100;92123;2026;20260101;2;1;328;469
AT13;92100;92123;2026;20260101;2;2;1809;1900
AT13;92100;92123;2026;20260101;2;3;1079;182
AT13;92100;92124;2026;20260101;1;1;402;204
AT13;92100;92124;2026;20260101;1;2;1359;700
AT13;92100;92124;2026;20260101;1;3;363;57
AT13;92100;92124;2026;20260101;2;1;385;185
AT13;92100;92124;2026;20260101;2;2;1489;719
AT13;92100;92124;2026;20260101;2;3;619;72
AT13;92100;92125;2026;20260101;1;1;479;206
AT13;92100;92125;2026;20260101;1;2;1717;796
AT13;92100;92125;2026;20260101;1;3;323;58
AT13;92100;92125;2026;20260101;2;1;430;196
AT13;92100;92125;2026;20260101;2;2;1918;851
AT13;92100;92125;2026;20260101;2;3;385;75
AT13;92100;92126;2026;20260101;1;1;379;243
AT13;92100;92126;2026;20260101;1;2;1837;911
AT13;92100;92126;2026;20260101;1;3;536;76
AT13;92100;92126;2026;20260101;2;1;375;239
AT13;92100;92126;2026;20260101;2;2;2029;1012
AT13;92100;92126;2026;20260101;2;3;778;102
AT13;92100;92127;2026;20260101;1;1;109;42
AT13;92100;92127;2026;20260101;1;2;430;167
AT13;92100;92127;2026;20260101;1;3;163;25
AT13;92100;92127;2026;20260101;2;1;90;45
AT13;92100;92127;2026;20260101;2;2;405;171
AT13;92100;92127;2026;20260101;2;3;189;22
AT13;92100;92128;2026;20260101;1;1;1;15
AT13;92100;92128;2026;20260101;1;2;45;83
AT13;92100;92128;2026;20260101;1;3;25;5
AT13;92100;92128;2026;20260101;2;1;0;16
AT13;92100;92128;2026;20260101;2;2;27;59
AT13;92100;92128;2026;20260101;2;3;37;4
AT13;92100;92129;2026;20260101;1;1;112;58
AT13;92100;92129;2026;20260101;1;2;284;166
AT13;92100;92129;2026;20260101;1;3;45;6
AT13;92100;92129;2026;20260101;2;1;97;59
AT13;92100;92129;2026;20260101;2;2;314;163
AT13;92100;92129;2026;20260101;2;3;35;11
AT13;92100;92130;2026;20260101;1;1;1;19
AT13;92100;92130;2026;20260101;1;2;6;36
AT13;92100;92130;2026;20260101;1;3;2;0
AT13;92100;92130;2026;20260101;2;1;1;14
AT13;92100;92130;2026;20260101;2;2;0;23
AT13;92100;92130;2026;20260101;2;3;0;0
AT13;92100;92199;2026;20260101;1;1;0;0
AT13;92100;92199;2026;20260101;1;2;0;0
AT13;92100;92199;2026;20260101;1;3;0;0
AT13;92100;92199;2026;20260101;2;1;0;0
AT13;92100;92199;2026;20260101;2;2;0;0
AT13;92100;92199;2026;20260101;2;3;0;0
AT13;92200;92201;2026;20260101;1;1;128;30
AT13;92200;92201;2026;20260101;1;2;616;178
AT13;92200;92201;2026;20260101;1;3;207;15
AT13;92200;92201;2026;20260101;2;1;124;25
AT13;92200;92201;2026;20260101;2;2;602;169
AT13;92200;92201;2026;20260101;2;3;225;17
AT13;92200;92202;2026;20260101;1;1;1020;335
AT13;92200;92202;2026;20260101;1;2;3322;1241
AT13;92200;92202;2026;20260101;1;3;313;77
AT13;92200;92202;2026;20260101;2;1;998;322
AT13;92200;92202;2026;20260101;2;2;3513;1466
AT13;92200;92202;2026;20260101;2;3;376;89
AT13;92200;92203;2026;20260101;1;1;117;24
AT13;92200;92203;2026;20260101;1;2;443;89
AT13;92200;92203;2026;20260101;1;3;188;11
AT13;92200;92203;2026;20260101;2;1;100;23
AT13;92200;92203;2026;20260101;2;2;433;114
AT13;92200;92203;2026;20260101;2;3;214;11
AT13;92200;92204;2026;20260101;1;1;334;71
AT13;92200;92204;2026;20260101;1;2;1229;296
AT13;92200;92204;2026;20260101;1;3;364;23
AT13;92200;92204;2026;20260101;2;1;271;66
AT13;92200;92204;2026;20260101;2;2;1236;274
AT13;92200;92204;2026;20260101;2;3;424;33
AT13;92200;92205;2026;20260101;1;1;1102;609
AT13;92200;92205;2026;20260101;1;2;3820;2235
AT13;92200;92205;2026;20260101;1;3;607;104
AT13;92200;92205;2026;20260101;2;1;1033;557
AT13;92200;92205;2026;20260101;2;2;3942;2492
AT13;92200;92205;2026;20260101;2;3;785;151
AT13;92200;92206;2026;20260101;1;1;860;546
AT13;92200;92206;2026;20260101;1;2;3156;1467
AT13;92200;92206;2026;20260101;1;3;837;77
AT13;92200;92206;2026;20260101;2;1;784;531
AT13;92200;92206;2026;20260101;2;2;3242;1641
AT13;92200;92206;2026;20260101;2;3;1141;98
AT13;92200;92207;2026;20260101;1;1;305;76
AT13;92200;92207;2026;20260101;1;2;1183;342
AT13;92200;92207;2026;20260101;1;3;427;49
AT13;92200;92207;2026;20260101;2;1;229;94
AT13;92200;92207;2026;20260101;2;2;1293;402
AT13;92200;92207;2026;20260101;2;3;503;42
AT13;92200;92208;2026;20260101;1;1;1485;1013
AT13;92200;92208;2026;20260101;1;2;5397;3673
AT13;92200;92208;2026;20260101;1;3;1186;248
AT13;92200;92208;2026;20260101;2;1;1403;954
AT13;92200;92208;2026;20260101;2;2;5718;3983
AT13;92200;92208;2026;20260101;2;3;1656;302
AT13;92200;92209;2026;20260101;1;1;711;640
AT13;92200;92209;2026;20260101;1;2;3029;1906
AT13;92200;92209;2026;20260101;1;3;1000;130
AT13;92200;92209;2026;20260101;2;1;633;581
AT13;92200;92209;2026;20260101;2;2;3286;2134
AT13;92200;92209;2026;20260101;2;3;1419;136
AT13;92200;92210;2026;20260101;1;1;581;336
AT13;92200;92210;2026;20260101;1;2;2497;1555
AT13;92200;92210;2026;20260101;1;3;486;97
AT13;92200;92210;2026;20260101;2;1;543;276
AT13;92200;92210;2026;20260101;2;2;2555;1675
AT13;92200;92210;2026;20260101;2;3;741;127
AT13;92200;92211;2026;20260101;1;1;402;360
AT13;92200;92211;2026;20260101;1;2;2608;1497
AT13;92200;92211;2026;20260101;1;3;928;152
AT13;92200;92211;2026;20260101;2;1;393;316
AT13;92200;92211;2026;20260101;2;2;2580;1612
AT13;92200;92211;2026;20260101;2;3;1324;181
AT13;92200;92212;2026;20260101;1;1;166;130
AT13;92200;92212;2026;20260101;1;2;894;458
AT13;92200;92212;2026;20260101;1;3;296;78
AT13;92200;92212;2026;20260101;2;1;137;101
AT13;92200;92212;2026;20260101;2;2;973;505
AT13;92200;92212;2026;20260101;2;3;401;57
AT13;92200;92213;2026;20260101;1;1;262;319
AT13;92200;92213;2026;20260101;1;2;1538;1021
AT13;92200;92213;2026;20260101;1;3;479;73
AT13;92200;92213;2026;20260101;2;1;237;285
AT13;92200;92213;2026;20260101;2;2;1532;1140
AT13;92200;92213;2026;20260101;2;3;752;86
AT13;92200;92214;2026;20260101;1;1;280;76
AT13;92200;92214;2026;20260101;1;2;1316;227
AT13;92200;92214;2026;20260101;1;3;417;23
AT13;92200;92214;2026;20260101;2;1;253;67
AT13;92200;92214;2026;20260101;2;2;1353;287
AT13;92200;92214;2026;20260101;2;3;552;20
AT13;92200;92215;2026;20260101;1;1;408;386
AT13;92200;92215;2026;20260101;1;2;1812;1101
AT13;92200;92215;2026;20260101;1;3;580;58
AT13;92200;92215;2026;20260101;2;1;376;387
AT13;92200;92215;2026;20260101;2;2;1774;1180
AT13;92200;92215;2026;20260101;2;3;995;80
AT13;92200;92216;2026;20260101;1;1;158;76
AT13;92200;92216;2026;20260101;1;2;543;348
AT13;92200;92216;2026;20260101;1;3;135;18
AT13;92200;92216;2026;20260101;2;1;162;73
AT13;92200;92216;2026;20260101;2;2;567;245
AT13;92200;92216;2026;20260101;2;3;177;19
AT13;92200;92217;2026;20260101;1;1;123;26
AT13;92200;92217;2026;20260101;1;2;644;433
AT13;92200;92217;2026;20260101;1;3;239;14
AT13;92200;92217;2026;20260101;2;1;133;19
AT13;92200;92217;2026;20260101;2;2;649;537
AT13;92200;92217;2026;20260101;2;3;266;15
AT13;92200;92218;2026;20260101;1;1;427;209
AT13;92200;92218;2026;20260101;1;2;1897;644
AT13;92200;92218;2026;20260101;1;3;426;45
AT13;92200;92218;2026;20260101;2;1;417;185
AT13;92200;92218;2026;20260101;2;2;2025;720
AT13;92200;92218;2026;20260101;2;3;576;67
AT13;92200;92219;2026;20260101;1;1;274;326
AT13;92200;92219;2026;20260101;1;2;1421;1178
AT13;92200;92219;2026;20260101;1;3;319;76
AT13;92200;92219;2026;20260101;2;1;274;278
AT13;92200;92219;2026;20260101;2;2;1470;1068
AT13;92200;92219;2026;20260101;2;3;446;85
AT13;92200;92220;2026;20260101;1;1;213;180
AT13;92200;92220;2026;20260101;1;2;884;542
AT13;92200;92220;2026;20260101;1;3;239;40
AT13;92200;92220;2026;20260101;2;1;218;138
AT13;92200;92220;2026;20260101;2;2;932;575
AT13;92200;92220;2026;20260101;2;3;259;43
AT13;92200;92221;2026;20260101;1;1;246;108
AT13;92200;92221;2026;20260101;1;2;849;433
AT13;92200;92221;2026;20260101;1;3;147;24
AT13;92200;92221;2026;20260101;2;1;229;83
AT13;92200;92221;2026;20260101;2;2;867;464
AT13;92200;92221;2026;20260101;2;3;205;28
AT13;92200;92222;2026;20260101;1;1;280;80
AT13;92200;92222;2026;20260101;1;2;1586;384
AT13;92200;92222;2026;20260101;1;3;461;59
AT13;92200;92222;2026;20260101;2;1;240;94
AT13;92200;92222;2026;20260101;2;2;1916;457
AT13;92200;92222;2026;20260101;2;3;798;54
AT13;92200;92223;2026;20260101;1;1;463;185
AT13;92200;92223;2026;20260101;1;2;1733;702
AT13;92200;92223;2026;20260101;1;3;362;68
AT13;92200;92223;2026;20260101;2;1;412;200
AT13;92200;92223;2026;20260101;2;2;1870;778
AT13;92200;92223;2026;20260101;2;3;460;73
AT13;92200;92224;2026;20260101;1;1;315;66
AT13;92200;92224;2026;20260101;1;2;1523;337
AT13;92200;92224;2026;20260101;1;3;444;51
AT13;92200;92224;2026;20260101;2;1;304;59
AT13;92200;92224;2026;20260101;2;2;1619;366
AT13;92200;92224;2026;20260101;2;3;548;47
AT13;92200;92225;2026;20260101;1;1;172;20
AT13;92200;92225;2026;20260101;1;2;584;75
AT13;92200;92225;2026;20260101;1;3;219;15
AT13;92200;92225;2026;20260101;2;1;154;18
AT13;92200;92225;2026;20260101;2;2;653;104
AT13;92200;92225;2026;20260101;2;3;259;13
AT13;92200;92226;2026;20260101;1;1;305;64
AT13;92200;92226;2026;20260101;1;2;1199;274
AT13;92200;92226;2026;20260101;1;3;441;40
AT13;92200;92226;2026;20260101;2;1;310;76
AT13;92200;92226;2026;20260101;2;2;1242;331
AT13;92200;92226;2026;20260101;2;3;480;44
AT13;92200;92227;2026;20260101;1;1;727;222
AT13;92200;92227;2026;20260101;1;2;2588;751
AT13;92200;92227;2026;20260101;1;3;582;65
AT13;92200;92227;2026;20260101;2;1;690;203
AT13;92200;92227;2026;20260101;2;2;2690;859
AT13;92200;92227;2026;20260101;2;3;686;73
AT13;92200;92228;2026;20260101;1;1;451;124
AT13;92200;92228;2026;20260101;1;2;1573;463
AT13;92200;92228;2026;20260101;1;3;283;40
AT13;92200;92228;2026;20260101;2;1;409;134
AT13;92200;92228;2026;20260101;2;2;1648;496
AT13;92200;92228;2026;20260101;2;3;322;45
AT13;92200;92229;2026;20260101;1;1;258;59
AT13;92200;92229;2026;20260101;1;2;995;261
AT13;92200;92229;2026;20260101;1;3;370;45
AT13;92200;92229;2026;20260101;2;1;242;68
AT13;92200;92229;2026;20260101;2;2;1039;313
AT13;92200;92229;2026;20260101;2;3;416;43
AT13;92200;92230;2026;20260101;1;1;0;0
AT13;92200;92230;2026;20260101;1;2;5;6
AT13;92200;92230;2026;20260101;1;3;2;1
AT13;92200;92230;2026;20260101;2;1;0;0
AT13;92200;92230;2026;20260101;2;2;4;0
AT13;92200;92230;2026;20260101;2;3;0;1
AT13;92200;92231;2026;20260101;1;1;247;144
AT13;92200;92231;2026;20260101;1;2;814;603
AT13;92200;92231;2026;20260101;1;3;132;25
AT13;92200;92231;2026;20260101;2;1;254;136
AT13;92200;92231;2026;20260101;2;2;838;664
AT13;92200;92231;2026;20260101;2;3;155;39
AT13;92200;92232;2026;20260101;1;1;156;117
AT13;92200;92232;2026;20260101;1;2;1139;782
AT13;92200;92232;2026;20260101;1;3;263;100
AT13;92200;92232;2026;20260101;2;1;147;115
AT13;92200;92232;2026;20260101;2;2;1065;907
AT13;92200;92232;2026;20260101;2;3;299;133
AT13;92200;92299;2026;20260101;1;1;0;0
AT13;92200;92299;2026;20260101;1;2;0;0
AT13;92200;92299;2026;20260101;1;3;0;0
AT13;92200;92299;2026;20260101;2;1;0;0
AT13;92200;92299;2026;20260101;2;2;0;0
AT13;92200;92299;2026;20260101;2;3;0;0
AT13;92300;92301;2026;20260101;1;1;188;103
AT13;92300;92301;2026;20260101;1;2;700;427
AT13;92300;92301;2026;20260101;1;3;166;31
AT13;92300;92301;2026;20260101;2;1;172;106
AT13;92300;92301;2026;20260101;2;2;715;321
AT13;92300;92301;2026;20260101;2;3;201;33
AT13;92300;92302;2026;20260101;1;1;357;166
AT13;92300;92302;2026;20260101;1;2;1396;942
AT13;92300;92302;2026;20260101;1;3;339;77
AT13;92300;92302;2026;20260101;2;1;321;155
AT13;92300;92302;2026;20260101;2;2;1359;729
AT13;92300;92302;2026;20260101;2;3;426;87
AT13;92300;92303;2026;20260101;1;1;212;66
AT13;92300;92303;2026;20260101;1;2;900;305
AT13;92300;92303;2026;20260101;1;3;413;48
AT13;92300;92303;2026;20260101;2;1;184;55
AT13;92300;92303;2026;20260101;2;2;860;294
AT13;92300;92303;2026;20260101;2;3;538;37
AT13;92300;92304;2026;20260101;1;1;1040;498
AT13;92300;92304;2026;20260101;1;2;3334;1699
AT13;92300;92304;2026;20260101;1;3;455;130
AT13;92300;92304;2026;20260101;2;1;1048;448
AT13;92300;92304;2026;20260101;2;2;3586;1824
AT13;92300;92304;2026;20260101;2;3;824;117
AT13;92300;92305;2026;20260101;1;1;486;269
AT13;92300;92305;2026;20260101;1;2;2142;1074
AT13;92300;92305;2026;20260101;1;3;745;83
AT13;92300;92305;2026;20260101;2;1;439;265
AT13;92300;92305;2026;20260101;2;2;2283;1029
AT13;92300;92305;2026;20260101;2;3;981;88
AT13;92300;92306;2026;20260101;1;1;117;35
AT13;92300;92306;2026;20260101;1;2;429;176
AT13;92300;92306;2026;20260101;1;3;88;15
AT13;92300;92306;2026;20260101;2;1;103;34
AT13;92300;92306;2026;20260101;2;2;462;180
AT13;92300;92306;2026;20260101;2;3;115;15
AT13;92300;92307;2026;20260101;1;1;703;406
AT13;92300;92307;2026;20260101;1;2;2623;1509
AT13;92300;92307;2026;20260101;1;3;615;123
AT13;92300;92307;2026;20260101;2;1;657;357
AT13;92300;92307;2026;20260101;2;2;2754;1449
AT13;92300;92307;2026;20260101;2;3;928;127
AT13;92300;92308;2026;20260101;1;1;938;507
AT13;92300;92308;2026;20260101;1;2;2767;1812
AT13;92300;92308;2026;20260101;1;3;469;85
AT13;92300;92308;2026;20260101;2;1;950;511
AT13;92300;92308;2026;20260101;2;2;3059;1830
AT13;92300;92308;2026;20260101;2;3;792;108
AT13;92300;92309;2026;20260101;1;1;368;190
AT13;92300;92309;2026;20260101;1;2;1521;782
AT13;92300;92309;2026;20260101;1;3;771;48
AT13;92300;92309;2026;20260101;2;1;385;157
AT13;92300;92309;2026;20260101;2;2;1621;729
AT13;92300;92309;2026;20260101;2;3;1100;78
AT13;92300;92310;2026;20260101;1;1;298;206
AT13;92300;92310;2026;20260101;1;2;1108;582
AT13;92300;92310;2026;20260101;1;3;470;41
AT13;92300;92310;2026;20260101;2;1;268;178
AT13;92300;92310;2026;20260101;2;2;1099;658
AT13;92300;92310;2026;20260101;2;3;708;64
AT13;92300;92311;2026;20260101;1;1;434;255
AT13;92300;92311;2026;20260101;1;2;1921;1021
AT13;92300;92311;2026;20260101;1;3;597;92
AT13;92300;92311;2026;20260101;2;1;367;223
AT13;92300;92311;2026;20260101;2;2;1966;1024
AT13;92300;92311;2026;20260101;2;3;957;103
AT13;92300;92312;2026;20260101;1;1;276;192
AT13;92300;92312;2026;20260101;1;2;1239;556
AT13;92300;92312;2026;20260101;1;3;530;46
AT13;92300;92312;2026;20260101;2;1;252;189
AT13;92300;92312;2026;20260101;2;2;1277;582
AT13;92300;92312;2026;20260101;2;3;689;42
AT13;92300;92313;2026;20260101;1;1;218;38
AT13;92300;92313;2026;20260101;1;2;966;209
AT13;92300;92313;2026;20260101;1;3;501;27
AT13;92300;92313;2026;20260101;2;1;180;60
AT13;92300;92313;2026;20260101;2;2;926;255
AT13;92300;92313;2026;20260101;2;3;682;23
AT13;92300;92314;2026;20260101;1;1;251;106
AT13;92300;92314;2026;20260101;1;2;1085;372
AT13;92300;92314;2026;20260101;1;3;532;40
AT13;92300;92314;2026;20260101;2;1;284;104
AT13;92300;92314;2026;20260101;2;2;1205;395
AT13;92300;92314;2026;20260101;2;3;646;49
AT13;92300;92315;2026;20260101;1;1;133;23
AT13;92300;92315;2026;20260101;1;2;564;102
AT13;92300;92315;2026;20260101;1;3;256;23
AT13;92300;92315;2026;20260101;2;1;131;24
AT13;92300;92315;2026;20260101;2;2;570;126
AT13;92300;92315;2026;20260101;2;3;323;26
AT13;92300;92316;2026;20260101;1;1;257;80
AT13;92300;92316;2026;20260101;1;2;764;288
AT13;92300;92316;2026;20260101;1;3;315;30
AT13;92300;92316;2026;20260101;2;1;237;76
AT13;92300;92316;2026;20260101;2;2;854;325
AT13;92300;92316;2026;20260101;2;3;399;37
AT13;92300;92317;2026;20260101;1;1;19;3
AT13;92300;92317;2026;20260101;1;2;73;54
AT13;92300;92317;2026;20260101;1;3;31;4
AT13;92300;92317;2026;20260101;2;1;17;1
AT13;92300;92317;2026;20260101;2;2;79;26
AT13;92300;92317;2026;20260101;2;3;35;6
AT13;92300;92318;2026;20260101;1;1;306;134
AT13;92300;92318;2026;20260101;1;2;1315;460
AT13;92300;92318;2026;20260101;1;3;545;38
AT13;92300;92318;2026;20260101;2;1;296;136
AT13;92300;92318;2026;20260101;2;2;1363;483
AT13;92300;92318;2026;20260101;2;3;641;42
AT13;92300;92319;2026;20260101;1;1;409;136
AT13;92300;92319;2026;20260101;1;2;2015;517
AT13;92300;92319;2026;20260101;1;3;1082;67
AT13;92300;92319;2026;20260101;2;1;370;107
AT13;92300;92319;2026;20260101;2;2;2225;608
AT13;92300;92319;2026;20260101;2;3;1570;92
AT13;92300;92399;2026;20260101;1;1;0;0
AT13;92300;92399;2026;20260101;1;2;0;0
AT13;92300;92399;2026;20260101;1;3;0;0
AT13;92300;92399;2026;20260101;2;1;0;0
AT13;92300;92399;2026;20260101;2;2;0;0
AT13;92300;92399;2026;20260101;2;3;0;0
