{"type": "FeatureCollection", "features": [
{"id":"9d4d95cd-1c7f-4104-ab1c-e1792e833d05","type":"Feature","geometry":{"type":"Point","coordinates":[11.56697708,48.21021809]},"properties":{"categories":{"primary":"skate_shop","alternate":["active_life"]},"confidence":0.837351381778717,"websites":["http://www.skate-scout.de/"],"emails":["berny@skate-scout.de"],"socials":["https://www.facebook.com/817514011662445"],"phones":["+4915115950868"],"brand":{"wikidata":null,"names":{"primary":null,"common":null,"rules":null}},"addresses":[{"freeform":"Schneeheideanger 10","locality":"München","postcode":"80937","region":null,"country":"DE"}],"names":{"primary":"Inline Skaten München","common":null,"rules":null},"sources":[{"property":"","dataset":"meta","license":"CDLA-Permissive-2.0","record_id":"817514011662445","update_time":"2026-07-02T00:00:00.000Z","confidence":0.837351381778717,"between":null},{"property":"/properties/confidence","dataset":"Overture","license":"CDLA-Permissive-2.0","record_id":null,"update_time":"2026-07-14T20:34:55Z","confidence":null,"between":null}],"basic_category":"sporting_goods_store","taxonomy":{"primary":"skate_store","hierarchy":["shopping","specialty_store","sporting_goods_store","skate_store"],"alternates":null},"version":1}},
{"id":"c8187339-ae87-4ba3-9871-64cdc82cf882","type":"Feature","geometry":{"type":"Point","coordinates":[11.5669656,48.2102]},"properties":{"categories":{"primary":"web_designer","alternate":null},"confidence":0.9655,"websites":["http://get-forward.com/"],"phones":["015115950868"],"addresses":[{"freeform":"Schneeheideanger 10","locality":"München","postcode":"80937","region":"Bayern","country":"DE"}],"names":{"primary":"fast forward","common":null,"rules":null},"sources":[{"property":"","dataset":"Microsoft","license":"CDLA-Permissive-2.0","record_id":"1407374891833402","update_time":"2025-09-06T08:36:01.600Z","confidence":0.85,"between":null},{"property":"/properties/confidence","dataset":"Overture","license":"CDLA-Permissive-2.0","record_id":null,"update_time":"2026-07-14T20:34:55Z","confidence":null,"between":null}],"basic_category":"design_service","taxonomy":{"primary":"web_designer","hierarchy":["services_and_business","design_service","web_designer"],"alternates":null},"version":7}},
{"id":"c61c1189-e08a-440b-8d63-098063109345","type":"Feature","geometry":{"type":"Point","coordinates":[11.5667627,48.2101959]},"properties":{"categories":{"primary":"dj_service","alternate":null},"confidence":0.85,"websites":["http://www.groovy-dj-muenchen.de/"],"phones":["015115950868"],"addresses":[{"freeform":"Schneeheideanger 10","locality":"München","postcode":"80937","region":"Bayern","country":"DE"}],"names":{"primary":"DJ Chris Bernard","common":null,"rules":null},"sources":[{"property":"","dataset":"Microsoft","license":"CDLA-Permissive-2.0","record_id":"281474978550971","update_time":"2023-03-22T16:24:10.880Z","confidence":0.85,"between":null},{"property":"/properties/confidence","dataset":"Overture","license":"CDLA-Permissive-2.0","record_id":null,"update_time":"2026-07-14T20:34:55Z","confidence":null,"between":null}],"basic_category":"event_or_party_service","taxonomy":{"primary":"dj_service","hierarchy":["services_and_business","event_or_party_service","dj_service"],"alternates":null},"version":7}},
{"id":"2f94855e-1699-4856-80ba-d6ddce03f5df","type":"Feature","geometry":{"type":"Point","coordinates":[11.56647385,48.21112346]},"properties":{"categories":{"primary":"community_services_non_profits","alternate":["indian_restaurant"]},"confidence":0.3769831657409668,"websites":["http://www.german-indian-forum.de/"],"emails":["info@german-indian-forum.de"],"socials":["https://www.facebook.com/1812622518988491"],"brand":{"wikidata":null,"names":{"primary":null,"common":null,"rules":null}},"addresses":[{"freeform":"Schneeheideanger 11","locality":"München","postcode":"80937","region":null,"country":"DE"}],"names":{"primary":"German Indian Association","common":null,"rules":null},"sources":[{"property":"","dataset":"meta","license":"CDLA-Permissive-2.0","record_id":"1812622518988491","update_time":"2026-07-02T00:00:00.000Z","confidence":0.3769831657409668,"between":null},{"property":"/properties/confidence","dataset":"Overture","license":"CDLA-Permissive-2.0","record_id":null,"update_time":"2026-07-14T20:34:55Z","confidence":null,"between":null}],"basic_category":"social_or_community_service","taxonomy":{"primary":"social_or_community_service","hierarchy":["community_and_government","social_or_community_service"],"alternates":null},"version":7}},
{"id":"e49b4b7b-7b33-43ea-ae1a-49daed33ccc4","type":"Feature","geometry":{"type":"Point","coordinates":[11.5679934,48.211124553333]},"properties":{"categories":{"primary":"public_plaza","alternate":["landmark_and_historical_building","arts_and_entertainment"]},"confidence":0.7032421827316284,"socials":["https://www.facebook.com/168121833210972"],"brand":{"wikidata":null,"names":{"primary":null,"common":null,"rules":null}},"addresses":[{"freeform":null,"locality":"München","postcode":null,"region":null,"country":"DE"}],"names":{"primary":"Karlsplatz Stachus","common":null,"rules":null},"sources":[{"property":"","dataset":"meta","license":"CDLA-Permissive-2.0","record_id":"168121833210972","update_time":"2026-07-02T00:00:00.000Z","confidence":0.7032421827316284,"between":null},{"property":"/properties/confidence","dataset":"Overture","license":"CDLA-Permissive-2.0","record_id":null,"update_time":"2026-07-14T20:34:55Z","confidence":null,"between":null}],"basic_category":"public_plaza","taxonomy":{"primary":"public_plaza","hierarchy":["community_and_government","public_facility","public_plaza"],"alternates":null},"version":1}},
{"id":"666076aa-2b2f-4c24-bf10-dbb6dccace08","type":"Feature","geometry":{"type":"Point","coordinates":[11.563938,48.210929]},"properties":{"categories":{"primary":"accommodation","alternate":["bar"]},"confidence":0.6674630641937256,"socials":["https://www.facebook.com/2158693390847746"],"brand":{"wikidata":null,"names":{"primary":null,"common":null,"rules":null}},"addresses":[{"freeform":"Felsennelkenanger 15","locality":"München","postcode":"80937","region":null,"country":"DE"}],"names":{"primary":"Studentenwohnheim","common":null,"rules":null},"sources":[{"property":"","dataset":"meta","license":"CDLA-Permissive-2.0","record_id":"2158693390847746","update_time":"2026-07-02T00:00:00.000Z","confidence":0.6674630641937256,"between":null},{"property":"/properties/confidence","dataset":"Overture","license":"CDLA-Permissive-2.0","record_id":null,"update_time":"2026-07-14T20:34:55Z","confidence":null,"between":null}],"basic_category":"lodging","taxonomy":{"primary":"lodging","hierarchy":["lodging"],"alternates":null},"version":8}},
{"id":"3fbf2842-b77b-49da-947f-83d3ae374b12","type":"Feature","geometry":{"type":"Point","coordinates":[11.56558303,48.21076152]},"properties":{"categories":{"primary":"social_service_organizations","alternate":["printing_services","medical_service_organizations"]},"confidence":0.3805428147315979,"websites":["http://www.einherz.de/"],"emails":["kontakt@einherz.de"],"socials":["https://www.facebook.com/1428613040542550"],"phones":["+498912294510"],"brand":{"wikidata":null,"names":{"primary":null,"common":null,"rules":null}},"addresses":[{"freeform":"Golddistelanger 20","locality":"München","postcode":"80937","region":null,"country":"DE"}],"names":{"primary":"EinHerz","common":null,"rules":null},"sources":[{"property":"","dataset":"meta","license":"CDLA-Permissive-2.0","record_id":"1428613040542550","update_time":"2026-07-02T00:00:00.000Z","confidence":0.3805428147315979,"between":null},{"property":"/properties/confidence","dataset":"Overture","license":"CDLA-Permissive-2.0","record_id":null,"update_time":"2026-07-14T20:34:55Z","confidence":null,"between":null}],"basic_category":"social_or_community_service","taxonomy":{"primary":"social_or_community_service","hierarchy":["community_and_government","social_or_community_service"],"alternates":null},"version":7}},
{"id":"d1f8d5be-047f-4eb1-a6be-589af8a4fdda","type":"Feature","geometry":{"type":"Point","coordinates":[11.565751980790393,48.21069542235263]},"properties":{"categories":{"primary":"music_venue","alternate":null},"confidence":0.77,"websites":["http://www.leinup.de"],"emails":["info@leinup.de"],"phones":["089 95723872"],"addresses":[{"freeform":"Golddistelanger 18","locality":"München","postcode":"80937","region":"Bayern","country":"DE"}],"names":{"primary":"Leinup Künstleragentur Heinrich Lein Kulturmanager","common":null,"rules":null},"sources":[{"property":"","dataset":"Foursquare","license":"Apache-2.0","record_id":"920fa9130530434b8e1ffd27","update_time":"2025-07-22T00:00:00.000","confidence":0.77,"between":null},{"property":"/properties/confidence","dataset":"Overture","license":"CDLA-Permissive-2.0","record_id":null,"update_time":"2026-07-14T20:34:55Z","confidence":null,"between":null}],"basic_category":"music_venue","taxonomy":{"primary":"music_venue","hierarchy":["arts_and_entertainment","performing_arts_venue","music_venue"],"alternates":null},"version":4}},
{"id":"1f05a3d9-6a66-45a5-a5d7-003f9c0b3d0b","type":"Feature","geometry":{"type":"Point","coordinates":[11.56405647,48.21001721]},"properties":{"categories":{"primary":"accommodation","alternate":["hotel","motel"]},"confidence":0.9591893553733826,"socials":["https://www.facebook.com/313040638773072"],"phones":["+4989381960"],"brand":{"wikidata":null,"names":{"primary":null,"common":null,"rules":null}},"addresses":[{"freeform":"Felsennelkenanger 7","locality":"München","postcode":"80937","region":null,"country":"DE"}],"names":{"primary":"Wohnanlage Felsennelkenanger","common":null,"rules":null},"sources":[{"property":"","dataset":"meta","license":"CDLA-Permissive-2.0","record_id":"313040638773072","update_time":"2026-07-02T00:00:00.000Z","confidence":0.9591893553733826,"between":null},{"property":"/properties/confidence","dataset":"Overture","license":"CDLA-Permissive-2.0","record_id":null,"update_time":"2026-07-14T20:34:55Z","confidence":null,"between":null}],"basic_category":"lodging","taxonomy":{"primary":"lodging","hierarchy":["lodging"],"alternates":null},"version":8}},
{"id":"2c014a3d-b29d-4927-a17e-7a8a67660ffd","type":"Feature","geometry":{"type":"Point","coordinates":[11.5627987,48.2121213]},"properties":{"categories":{"primary":"bank_credit_union","alternate":["atms"]},"confidence":0.85,"websites":["https://www.sskm.de/"],"phones":["08921670"],"addresses":[{"freeform":"Schleißheimer Str. 504","locality":"München","postcode":"80933","region":"Bavaria","country":"DE"}],"names":{"primary":"Stadtsparkasse München - Geldautomat","common":null,"rules":null},"sources":[{"property":"","dataset":"Microsoft","license":"CDLA-Permissive-2.0","record_id":"562949955895086","update_time":"2024-10-02T08:08:02.320Z","confidence":0.85,"between":null},{"property":"/properties/confidence","dataset":"Overture","license":"CDLA-Permissive-2.0","record_id":null,"update_time":"2026-07-14T20:34:55Z","confidence":null,"between":null}],"basic_category":"bank_or_credit_union","taxonomy":{"primary":"bank_or_credit_union","hierarchy":["services_and_business","financial_service","bank_or_credit_union"],"alternates":null},"version":8}},
{"id":"7b585f65-6da4-4bde-8db3-daabf03ccbb5","type":"Feature","geometry":{"type":"Point","coordinates":[11.5627987,48.2121213]},"properties":{"categories":{"primary":"credit_union","alternate":["bank_credit_union"]},"confidence":0.85,"websites":["https://www.sskm.de/"],"phones":["089216710036"],"addresses":[{"freeform":"Schleißheimer Str. 504","locality":"München","postcode":"80933","region":"Bavaria","country":"DE"}],"names":{"primary":"Stadtsparkasse München - Filiale","common":null,"rules":null},"sources":[{"property":"","dataset":"Microsoft","license":"CDLA-Permissive-2.0","record_id":"562949955897337","update_time":"2024-10-02T08:08:02.320Z","confidence":0.85,"between":null},{"property":"/properties/confidence","dataset":"Overture","license":"CDLA-Permissive-2.0","record_id":null,"update_time":"2026-07-14T20:34:55Z","confidence":null,"between":null}],"basic_category":"bank_or_credit_union","taxonomy":{"primary":"credit_union","hierarchy":["services_and_business","financial_service","bank_or_credit_union","credit_union"],"alternates":null},"version":5}},
{"id":"7793e23b-fc53-4c1a-95bc-649153bf9575","type":"Feature","geometry":{"type":"Point","coordinates":[11.56042791,48.21257103]},"properties":{"categories":{"primary":"gas_station","alternate":["convenience_store"]},"confidence":0.9997696358323097,"websites":["http://www.aral.de/"],"emails":["bs@autocenternord.de"],"socials":["https://www.facebook.com/104901928353166"],"phones":["+498931207480"],"brand":{"wikidata":null,"names":{"primary":null,"common":null,"rules":null}},"addresses":[{"freeform":"Dülferstraße 3","locality":"München","postcode":"80933","region":null,"country":"DE"}],"names":{"primary":"Aral","common":null,"rules":null},"sources":[{"property":"","dataset":"meta","license":"CDLA-Permissive-2.0","record_id":"104901928353166","update_time":"2026-07-02T00:00:00.000Z","confidence":0.9666138887405396,"between":null},{"property":"/properties/confidence","dataset":"Overture","license":"CDLA-Permissive-2.0","record_id":null,"update_time":"2026-07-14T20:34:55Z","confidence":null,"between":null}],"basic_category":"gas_station","taxonomy":{"primary":"gas_station","hierarchy":["travel_and_transportation","fueling_station","gas_station"],"alternates":null},"version":8}},
{"id":"30fe64eb-6f26-4dc9-a048-c100396119b2","type":"Feature","geometry":{"type":"Point","coordinates":[11.560693,48.21251356]},"properties":{"categories":{"primary":"car_dealer","alternate":["automotive_dealer","automotive_parts_and_accessories"]},"confidence":0.9420374423265457,"websites":["https://www.autocenternord.de/"],"emails":["info@autocenternord.de"],"socials":["https://www.facebook.com/102218474583140"],"phones":["+498931207400"],"brand":{"wikidata":null,"names":{"primary":"Subaru","common":null,"rules":null}},"addresses":[{"freeform":"Dülferstraße 3","locality":"München","postcode":"80933","region":null,"country":"DE"}],"names":{"primary":"Auto Center Nord","common":null,"rules":null},"sources":[{"property":"","dataset":"meta","license":"CDLA-Permissive-2.0","record_id":"102218474583140","update_time":"2026-07-02T00:00:00.000Z","confidence":0.7479888796806335,"between":null},{"property":"/properties/confidence","dataset":"Overture","license":"CDLA-Permissive-2.0","record_id":null,"update_time":"2026-07-14T20:34:55Z","confidence":null,"between":null}],"basic_category":"auto_dealer","taxonomy":{"primary":"auto_dealer","hierarchy":["shopping","vehicle_dealer","auto_dealer"],"alternates":null},"version":9}},
{"id":"42b11e5f-e6c3-4624-9fbb-51eb29c334dc","type":"Feature","geometry":{"type":"Point","coordinates":[11.560139,48.212649]},"properties":{"categories":{"primary":"gas_station","alternate":null},"confidence":0.8,"websites":["https://tankstelle.aral.de/tankstelle/19088400"],"brand":{"wikidata":"Q565734","names":{"primary":"Aral","common":null,"rules":[]}},"addresses":[{"freeform":"Dülferstraße 3","locality":"München","postcode":"80933","region":null,"country":"DE"}],"names":{"primary":"Günter Friedl","common":null,"rules":[]},"sources":[{"property":"","dataset":"AllThePlaces","license":"CC0-1.0","record_id":"6WnDKVne3J-IYzLcTLShapmSPOQ=","update_time":"2026-07-07T19:10:41.000Z","confidence":0.8,"between":null},{"property":"/properties/confidence","dataset":"Overture","license":"CDLA-Permissive-2.0","record_id":null,"update_time":"2026-07-14T20:34:55Z","confidence":null,"between":null}],"basic_category":"gas_station","taxonomy":{"primary":"gas_station","hierarchy":["travel_and_transportation","fueling_station","gas_station"],"alternates":null},"version":3}},
{"id":"4a93cb78-51e4-44fe-a50e-165ebec98932","type":"Feature","geometry":{"type":"Point","coordinates":[11.5627015,48.2128522]},"properties":{"categories":{"primary":"telecommunications","alternate":["electronics","telecommunications_company","it_service_and_computer_repair","business_to_business_services","business_to_business","retail"]},"confidence":0.85,"websites":["https://www.safetonet-family-store.de/"],"phones":["08931812267"],"addresses":[{"freeform":"Schleißheimer Str. 506","locality":"München","postcode":"80933","region":"Bayern","country":"DE"}],"names":{"primary":"O2 Quality Partner München","common":null,"rules":null},"sources":[{"property":"","dataset":"Microsoft","license":"CDLA-Permissive-2.0","record_id":"281474980377910","update_time":"2024-07-25T23:33:22.530Z","confidence":0.85,"between":null},{"property":"/properties/confidence","dataset":"Overture","license":"CDLA-Permissive-2.0","record_id":null,"update_time":"2026-07-14T20:34:55Z","confidence":null,"between":null}],"basic_category":"telecommunications_service","taxonomy":{"primary":"telecommunications_service","hierarchy":["services_and_business","telecommunications_service"],"alternates":null},"version":7}},
{"id":"29816321-2cac-4a30-b10f-2838475f62af","type":"Feature","geometry":{"type":"Point","coordinates":[11.5627015,48.2128522]},"properties":{"categories":{"primary":"shoe_store","alternate":["online_shop","corporate_office","private_establishments_and_corporates","retail"]},"confidence":0.997895833081007,"websites":["https://stores.deichmann.com/bayern/muenchen/schleissheimer-strasse-506.html"],"phones":["08937156667"],"addresses":[{"freeform":"Schleißheimer Str. 506","locality":"München","postcode":"80933","region":"Bayern","country":"DE"}],"names":{"primary":"DEICHMANN","common":null,"rules":null},"sources":[{"property":"","dataset":"Microsoft","license":"CDLA-Permissive-2.0","record_id":"1970324839502468","update_time":"2022-02-07T07:50:45.583Z","confidence":0.85,"between":null},{"property":"/properties/confidence","dataset":"Overture","license":"CDLA-Permissive-2.0","record_id":null,"update_time":"2026-07-14T20:34:55Z","confidence":null,"between":null}],"basic_category":"fashion_and_apparel_store","taxonomy":{"primary":"shoe_store","hierarchy":["shopping","fashion_and_apparel_store","shoe_store"],"alternates":null},"version":10}},
{"id":"5a308b16-6795-41ab-b488-4acae35d8a42","type":"Feature","geometry":{"type":"Point","coordinates":[11.5627009,48.212856]},"properties":{"categories":{"primary":"pharmacy","alternate":["retail"]},"confidence":0.9655,"websites":["http://27485.vorschau-apotheken-website.de/"],"phones":["089780728330"],"addresses":[{"freeform":"Schleißheimer Str. 506","locality":"München","postcode":"80933","region":"Bavaria","country":"DE"}],"names":{"primary":"Domos Apotheke Mira e.K.","common":null,"rules":null},"sources":[{"property":"","dataset":"Microsoft","license":"CDLA-Permissive-2.0","record_id":"562949958913509","update_time":"2025-10-14T03:02:09.523Z","confidence":0.85,"between":null},{"property":"/properties/confidence","dataset":"Overture","license":"CDLA-Permissive-2.0","record_id":null,"update_time":"2026-07-14T20:34:55Z","confidence":null,"between":null}],"basic_category":"pharmacy_and_drug_store","taxonomy":{"primary":"pharmacy","hierarchy":["shopping","specialty_store","pharmacy_and_drug_store","pharmacy"],"alternates":null},"version":6}},
{"id":"637c5291-bcad-417c-af6a-dbe37b2943fe","type":"Feature","geometry":{"type":"Point","coordinates":[11.5627009,48.212856]},"properties":{"categories":{"primary":"womens_clothing_store","alternate":["clothing_store","retail"]},"confidence":0.9655,"websites":["https://www.kult-olymp-hades.de/"],"phones":["08937052389"],"addresses":[{"freeform":"Schleißheimer Str. 506","locality":"München","postcode":"80933","region":"Bavaria","country":"DE"}],"names":{"primary":"KULT","common":null,"rules":null},"sources":[{"property":"","dataset":"Microsoft","license":"CDLA-Permissive-2.0","record_id":"2251799818786523","update_time":"2017-09-27T15:23:36.787Z","confidence":0.85,"between":null},{"property":"/properties/confidence","dataset":"Overture","license":"CDLA-Permissive-2.0","record_id":null,"update_time":"2026-07-14T20:34:55Z","confidence":null,"between":null}],"basic_category":"fashion_and_apparel_store","taxonomy":{"primary":"womens_clothing_store","hierarchy":["shopping","fashion_and_apparel_store","clothing_store","womens_clothing_store"],"alternates":null},"version":7}},
{"id":"734e09d8-e228-4cac-84cf-02f81cec4265","type":"Feature","geometry":{"type":"Point","coordinates":[11.56317325,48.21230463]},"properties":{"categories":{"primary":"dentist","alternate":["general_dentistry","medical_center"]},"confidence":0.9983623044192791,"websites":["http://www.zahnarzt-am-mira.de/"],"emails":["info@zahnarzt-am-mira.de"],"socials":["https://www.facebook.com/426545704478371"],"phones":["+498937499420"],"brand":{"wikidata":null,"names":{"primary":null,"common":null,"rules":null}},"addresses":[{"freeform":"Schleißheimer Straße 504","locality":"München","postcode":"80933","region":null,"country":"DE"}],"names":{"primary":"DEIN DENTAL MVZ Am Mira","common":null,"rules":null},"sources":[{"property":"","dataset":"meta","license":"CDLA-Permissive-2.0","record_id":"426545704478371","update_time":"2026-07-02T00:00:00.000Z","confidence":0.952530562877655,"between":null},{"property":"/properties/confidence","dataset":"Overture","license":"CDLA-Permissive-2.0","record_id":null,"update_time":"2026-07-14T20:34:55Z","confidence":null,"between":null}],"basic_category":"dental_clinic","taxonomy":{"primary":"dental_clinic","hierarchy":["health_care","outpatient_care_facility","dental_clinic"],"alternates":null},"version":9}},
{"id":"6e651a44-cd0a-40d1-a615-40b696fda10f","type":"Feature","geometry":{"type":"Point","coordinates":[11.563620759044717,48.21245408124095]},"properties":{"categories":{"primary":"restaurant","alternate":["european_restaurant"]},"confidence":0.984994113445282,"socials":["https://www.facebook.com/1252288611464279"],"phones":["+494917692964659"],"brand":{"wikidata":null,"names":{"primary":null,"common":null,"rules":null}},"addresses":[{"freeform":"Schleißheimer Straße 506","locality":"München","postcode":"80933","region":null,"country":"DE"}],"names":{"primary":"Altuntas Palast","common":null,"rules":null},"sources":[{"property":"","dataset":"meta","license":"CDLA-Permissive-2.0","record_id":"1252288611464279","update_time":"2026-07-02T00:00:00.000Z","confidence":0.984994113445282,"between":null},{"property":"/properties/confidence","dataset":"Overture","license":"CDLA-Permissive-2.0","record_id":null,"update_time":"2026-07-14T20:34:55Z","confidence":null,"between":null}],"basic_category":"restaurant","taxonomy":{"primary":"restaurant","hierarchy":["food_and_drink","restaurant"],"alternates":null},"version":10}},
{"id":"a53704b6-cd07-419c-9248-d64839e7b936","type":"Feature","geometry":{"type":"Point","coordinates":[11.563431,48.21235]},"properties":{"categories":{"primary":"train_station","alternate":["transportation"]},"confidence":0.9346199727058411,"websites":["http://www.mvv-muenchen.de/de/netz-bahnhoefe/bahnhofsinformation/bahnhof/duelferstrasse/index.html"],"socials":["https://www.facebook.com/114015248659417"],"brand":{"wikidata":null,"names":{"primary":null,"common":null,"rules":null}},"addresses":[{"freeform":null,"locality":"München","postcode":null,"region":null,"country":"DE"}],"names":{"primary":"U-Bahnhof Dülferstraße","common":null,"rules":null},"sources":[{"property":"","dataset":"meta","license":"CDLA-Permissive-2.0","record_id":"114015248659417","update_time":"2026-07-02T00:00:00.000Z","confidence":0.7157390117645264,"between":null},{"property":"/properties/confidence","dataset":"Overture","license":"CDLA-Permissive-2.0","record_id":null,"update_time":"2026-07-14T20:34:55Z","confidence":null,"between":null}],"basic_category":"train_station","taxonomy":{"primary":"train_station","hierarchy":["travel_and_transportation","ground_transport_facility_or_service","rail_facility_or_service","train_station"],"alternates":null},"version":1}},
{"id":"8cfac1b8-823c-40bd-b523-ebfc5119cd3c","type":"Feature","geometry":{"type":"Point","coordinates":[11.56387432,48.21237559]},"properties":{"categories":{"primary":"fast_food_restaurant","alternate":["burger_restaurant","restaurant"]},"confidence":0.9999625092625618,"websites":["https://www.mcdonalds.de/restaurant?id=1453"],"emails":["info@mcdonalds.de"],"socials":["https://www.facebook.com/186567538608378"],"phones":["+498931287796"],"brand":{"wikidata":null,"names":{"primary":"McDonald's","common":null,"rules":null}},"addresses":[{"freeform":"Schleißheimer Straße 506","locality":"München","postcode":"80933","region":null,"country":"DE"}],"names":{"primary":"McDonald's","common":null,"rules":null},"sources":[{"property":"","dataset":"meta","license":"CDLA-Permissive-2.0","record_id":"186567538608378","update_time":"2026-07-02T00:00:00.000Z","confidence":0.9945665597915649,"between":null},{"property":"/properties/confidence","dataset":"Overture","license":"CDLA-Permissive-2.0","record_id":null,"update_time":"2026-07-14T20:34:55Z","confidence":null,"between":null}],"basic_category":"fast_food_restaurant","taxonomy":{"primary":"fast_food_restaurant","hierarchy":["food_and_drink","casual_eatery","fast_food_restaurant"],"alternates":null},"version":8}},
{"id":"b4246ad2-66cb-427d-b2f2-96898bb3d818","type":"Feature","geometry":{"type":"Point","coordinates":[11.56425095,48.21238285]},"properties":{"categories":{"primary":"turkish_restaurant","alternate":["cafe","fast_food_restaurant"]},"confidence":0.8399121761322021,"socials":["https://www.facebook.com/354229721865730"],"phones":["+498985631659"],"brand":{"wikidata":null,"names":{"primary":null,"common":null,"rules":null}},"addresses":[{"freeform":"Schleißheimer Straße 506","locality":"München","postcode":"80933","region":null,"country":"DE"}],"names":{"primary":"Loko's Restaurant","common":null,"rules":null},"sources":[{"property":"","dataset":"meta","license":"CDLA-Permissive-2.0","record_id":"354229721865730","update_time":"2026-07-02T00:00:00.000Z","confidence":0.8399121761322021,"between":null},{"property":"/properties/confidence","dataset":"Overture","license":"CDLA-Permissive-2.0","record_id":null,"update_time":"2026-07-14T20:34:55Z","confidence":null,"between":null}],"basic_category":"restaurant","taxonomy":{"primary":"turkish_restaurant","hierarchy":["food_and_drink","restaurant","middle_eastern_restaurant","turkish_restaurant"],"alternates":null},"version":7}},
{"id":"a31b55e9-85c1-4cdb-82f2-124508111fc6","type":"Feature","geometry":{"type":"Point","coordinates":[11.56425,48.21244]},"properties":{"categories":{"primary":"banks","alternate":null},"confidence":0.8,"websites":["https://www.sparkasse.de/standorte/filialen/stadtsparkasse-muenchen-sb-standort-duelferstrasse-111162"],"emails":["kontakt@sskm.de"],"socials":["https://www.facebook.com/sparkasse"],"brand":{"wikidata":"Q13601825","names":{"primary":"Sparkasse","common":null,"rules":[]}},"addresses":[{"freeform":"Schleißheimer Straße 506","locality":"München","postcode":"80937","region":null,"country":"DE"}],"names":{"primary":"Stadtsparkasse München SB-Standort Dülferstraße","common":null,"rules":[]},"sources":[{"property":"","dataset":"AllThePlaces","license":"CC0-1.0","record_id":"tpYRS1nhCptRlXdHp6KTltqbDmw=","update_time":"2026-07-07T19:10:41.000Z","confidence":0.8,"between":null},{"property":"/properties/confidence","dataset":"Overture","license":"CDLA-Permissive-2.0","record_id":null,"update_time":"2026-07-14T20:34:55Z","confidence":null,"between":null}],"basic_category":"bank_or_credit_union","taxonomy":{"primary":"bank","hierarchy":["services_and_business","financial_service","bank_or_credit_union","bank"],"alternates":null},"version":3}},
{"id":"d8e0f486-22e9-46e7-88d4-2467182acd7e","type":"Feature","geometry":{"type":"Point","coordinates":[11.56361406,48.2126356]},"properties":{"categories":{"primary":"beauty_salon","alternate":["hair_salon","nail_salon"]},"confidence":0.924767017364502,"websites":["https://www.micel-beauty.de/"],"emails":["micelbeauty@icloud.com"],"socials":["https://www.facebook.com/863147464026697"],"phones":["+498928935431"],"brand":{"wikidata":null,"names":{"primary":null,"common":null,"rules":null}},"addresses":[{"freeform":"Schleißheimer Straße 506","locality":"München","postcode":"80933","region":null,"country":"DE"}],"names":{"primary":"Micel Beauty","common":null,"rules":null},"sources":[{"property":"","dataset":"meta","license":"CDLA-Permissive-2.0","record_id":"863147464026697","update_time":"2026-07-02T00:00:00.000Z","confidence":0.924767017364502,"between":null},{"property":"/properties/confidence","dataset":"Overture","license":"CDLA-Permissive-2.0","record_id":null,"update_time":"2026-07-14T20:34:55Z","confidence":null,"between":null}],"basic_category":"personal_or_beauty_service","taxonomy":{"primary":"beauty_salon","hierarchy":["lifestyle_services","personal_or_beauty_service","beauty_salon"],"alternates":null},"version":10}},
{"id":"6132d4a0-e610-4ace-ad02-5625fd0ab8f3","type":"Feature","geometry":{"type":"Point","coordinates":[11.56335323,48.21256803]},"properties":{"categories":{"primary":"gelato","alternate":["ice_cream_shop","desserts"]},"confidence":0.6840400695800781,"websites":["http://www.shops-muenchen.de/einkaufszentrum/mira/geschaefte/gelatissimo.html"],"socials":["https://www.facebook.com/202514546433505"],"phones":["+498931901083"],"brand":{"wikidata":null,"names":{"primary":null,"common":null,"rules":null}},"addresses":[{"freeform":"Schleißheimer Straße 506","locality":"München","postcode":"80933","region":null,"country":"DE"}],"names":{"primary":"Gelatissimo","common":null,"rules":null},"sources":[{"property":"","dataset":"meta","license":"CDLA-Permissive-2.0","record_id":"202514546433505","update_time":"2026-07-02T00:00:00.000Z","confidence":0.6840400695800781,"between":null},{"property":"/properties/confidence","dataset":"Overture","license":"CDLA-Permissive-2.0","record_id":null,"update_time":"2026-07-14T20:34:55Z","confidence":null,"between":null}],"basic_category":"casual_eatery","taxonomy":{"primary":"gelato_shop","hierarchy":["food_and_drink","casual_eatery","dessert_shop","gelato_shop"],"alternates":null},"version":10}},
{"id":"ba5adcef-3655-475c-9341-68ac27b504d6","type":"Feature","geometry":{"type":"Point","coordinates":[11.5632141,48.212596]},"properties":{"categories":{"primary":"burger_restaurant","alternate":["restaurant"]},"confidence":0.9856078252792358,"websites":["https://hansimglueck-burgergrill.de/burger-restaurant/muenchen-mira/"],"emails":["mira@hansimglueck.de"],"brand":{"wikidata":"Q22569868","names":{"primary":"Hans im Glück","common":null,"rules":[]}},"addresses":[{"freeform":"Schleißheimer Straße 506","locality":"München","postcode":"80933","region":null,"country":"DE"}],"names":{"primary":"Hans im Glück","common":null,"rules":[]},"sources":[{"property":"","dataset":"AllThePlaces","license":"CC0-1.0","record_id":"hQAwnDl8tFYZ5lXKXGlBwKzy4wY=","update_time":"2026-07-07T19:10:41.000Z","confidence":0.8,"between":null},{"property":"/properties/confidence","dataset":"Overture","license":"CDLA-Permissive-2.0","record_id":null,"update_time":"2026-07-14T20:34:55Z","confidence":null,"between":null}],"basic_category":"restaurant","taxonomy":{"primary":"burger_restaurant","hierarchy":["food_and_drink","restaurant","meat_restaurant","burger_restaurant"],"alternates":null},"version":3}},
{"id":"0695a8b7-2e60-41c2-842a-dd1a651944c1","type":"Feature","geometry":{"type":"Point","coordinates":[11.56310167,48.2125291]},"properties":{"categories":{"primary":"wholesale_store","alternate":["tobacco_shop","professional_services"]},"confidence":0.8996142745018005,"websites":["http://www.woerl-bayern.de/"],"socials":["https://www.facebook.com/388774574945846"],"phones":["+498937499346"],"brand":{"wikidata":null,"names":{"primary":null,"common":null,"rules":null}},"addresses":[{"freeform":"Schleißheimer Straße 506","locality":"München","postcode":"80933","region":null,"country":"DE"}],"names":{"primary":"Wörl Handels GmbH","common":null,"rules":null},"sources":[{"property":"","dataset":"meta","license":"CDLA-Permissive-2.0","record_id":"388774574945846","update_time":"2026-07-02T00:00:00.000Z","confidence":0.8996142745018005,"between":null},{"property":"/properties/confidence","dataset":"Overture","license":"CDLA-Permissive-2.0","record_id":null,"update_time":"2026-07-14T20:34:55Z","confidence":null,"between":null}],"basic_category":"warehouse_club_store","taxonomy":{"primary":"warehouse_club_store","hierarchy":["shopping","warehouse_club_store"],"alternates":null},"version":8}},
{"id":"5e5f6c0c-2e71-42da-a7e9-7c1e8138cf6e","type":"Feature","geometry":{"type":"Point","coordinates":[11.56365215,48.21279373]},"properties":{"categories":{"primary":"department_store","alternate":["discount_store","clothing_store"]},"confidence":0.9999032745718957,"websites":["https://woolworth.de/stores/store/1252-muenchen-nordheide-schleissheimer-strasse-504"],"emails":["info@woolworth.de"],"socials":["https://www.facebook.com/206321136550749"],"phones":["+4923035938200"],"brand":{"wikidata":null,"names":{"primary":"Woolworth","common":null,"rules":null}},"addresses":[{"freeform":"Schleißheimer Straße 504","locality":"München","postcode":"80933","region":null,"country":"DE"}],"names":{"primary":"Woolworth","common":null,"rules":null},"sources":[{"property":"","dataset":"meta","license":"CDLA-Permissive-2.0","record_id":"206321136550749","update_time":"2026-07-02T00:00:00.000Z","confidence":0.985981822013855,"between":null},{"property":"/properties/confidence","dataset":"Overture","license":"CDLA-Permissive-2.0","record_id":null,"update_time":"2026-07-14T20:34:55Z","confidence":null,"between":null}],"basic_category":"department_store","taxonomy":{"primary":"department_store","hierarchy":["shopping","department_store"],"alternates":null},"version":9}},
{"id":"dfe5f4ee-a94d-4451-9c1d-d451782dbcc1","type":"Feature","geometry":{"type":"Point","coordinates":[11.56349647,48.2128069]},"properties":{"categories":{"primary":"eyewear_and_optician","alternate":["optometrist"]},"confidence":0.997666084587574,"websites":["https://filialen.apollo.de/bayern/muenchen/schleissheimer-str--506.html"],"emails":["kundenservicecenter@apollo-optik.com"],"socials":["https://www.facebook.com/642406629275519"],"phones":["+498931813620"],"brand":{"wikidata":null,"names":{"primary":"Apollo","common":null,"rules":null}},"addresses":[{"freeform":"Schleißheimer Straße 506","locality":"München","postcode":"80933","region":null,"country":"DE"}],"names":{"primary":"Apollo Optik","common":null,"rules":null},"sources":[{"property":"","dataset":"meta","license":"CDLA-Permissive-2.0","record_id":"642406629275519","update_time":"2026-07-02T00:00:00.000Z","confidence":0.9323502779006958,"between":null},{"property":"/properties/confidence","dataset":"Overture","license":"CDLA-Permissive-2.0","record_id":null,"update_time":"2026-07-14T20:34:55Z","confidence":null,"between":null}],"basic_category":"fashion_and_apparel_store","taxonomy":{"primary":"eyewear_store","hierarchy":["shopping","fashion_and_apparel_store","eyewear_store"],"alternates":null},"version":8}},
{"id":"f5320029-fc86-4fe3-9212-016a67f3afc5","type":"Feature","geometry":{"type":"Point","coordinates":[11.563378,48.212806]},"properties":{"categories":{"primary":"car_wash","alternate":["auto_detailing","automotive_consultant"]},"confidence":0.9374855655431747,"websites":["http://www.centerwash.de"],"emails":["info@centerwash.de"],"socials":["https://www.facebook.com/1254689437945402"],"phones":["+498923751800"],"brand":{"wikidata":null,"names":{"primary":null,"common":null,"rules":null}},"addresses":[{"freeform":"Schleißheimer Straße 506","locality":"München","postcode":"80933","region":null,"country":"DE"}],"names":{"primary":"Centerwash KFZ-Pflegestation","common":null,"rules":null},"sources":[{"property":"","dataset":"meta","license":"CDLA-Permissive-2.0","record_id":"1254689437945402","update_time":"2026-07-02T00:00:00.000Z","confidence":0.7281981110572815,"between":null},{"property":"/properties/confidence","dataset":"Overture","license":"CDLA-Permissive-2.0","record_id":null,"update_time":"2026-07-14T20:34:55Z","confidence":null,"between":null}],"basic_category":"automotive_service","taxonomy":{"primary":"car_wash","hierarchy":["travel_and_transportation","vehicle_service","automotive_service","car_wash"],"alternates":null},"version":9}},
{"id":"fdc9d3de-4279-43cc-b307-7f5171ed2cc3","type":"Feature","geometry":{"type":"Point","coordinates":[11.56366014,48.21281887]},"properties":{"categories":{"primary":"telecommunications_company","alternate":["mobile_phone_store","b2b_electronic_equipment"]},"confidence":0.7701037526130676,"socials":["https://www.facebook.com/232394427628262"],"phones":["+498918938916"],"brand":{"wikidata":null,"names":{"primary":"FoneBook","common":null,"rules":null}},"addresses":[{"freeform":"Schleißheimer Straße 506","locality":"München","postcode":"80933","region":null,"country":"DE"}],"names":{"primary":"Fonebook","common":null,"rules":null},"sources":[{"property":"","dataset":"meta","license":"CDLA-Permissive-2.0","record_id":"232394427628262","update_time":"2026-07-02T00:00:00.000Z","confidence":0.7701037526130676,"between":null},{"property":"/properties/confidence","dataset":"Overture","license":"CDLA-Permissive-2.0","record_id":null,"update_time":"2026-07-14T20:34:55Z","confidence":null,"between":null}],"basic_category":"corporate_or_business_office","taxonomy":{"primary":"telecommunications_company","hierarchy":["services_and_business","business","telecommunications_company"],"alternates":null},"version":9}},
{"id":"22aeec05-b1c3-4b40-9be3-15f3d1de424e","type":"Feature","geometry":{"type":"Point","coordinates":[11.563646601603871,48.21288556164457]},"properties":{"categories":{"primary":"clothing_store","alternate":["retail"]},"confidence":0.9976213176250458,"websites":["https://www.newyorker.de/"],"phones":["08931288880"],"addresses":[{"freeform":"Schleißheimer Str. 506","locality":"München","postcode":"80933","region":"Bayern","country":"DE"}],"names":{"primary":"New Yorker","common":null,"rules":null},"sources":[{"property":"","dataset":"Microsoft","license":"CDLA-Permissive-2.0","record_id":"562949966685333","update_time":"2025-10-09T09:57:08.630Z","confidence":0.85,"between":null},{"property":"/properties/confidence","dataset":"Overture","license":"CDLA-Permissive-2.0","record_id":null,"update_time":"2026-07-14T20:34:55Z","confidence":null,"between":null}],"basic_category":"fashion_and_apparel_store","taxonomy":{"primary":"clothing_store","hierarchy":["shopping","fashion_and_apparel_store","clothing_store"],"alternates":null},"version":9}},
{"id":"81fabdcd-7c2f-4437-bab7-d0026c2eece2","type":"Feature","geometry":{"type":"Point","coordinates":[11.56368,48.21291]},"properties":{"categories":{"primary":"casino","alternate":["lottery_ticket","arts_and_entertainment"]},"confidence":0.9864105145335198,"websites":["https://www.lotto-bayern.de/"],"phones":["08937499346"],"addresses":[{"freeform":"Schleißheimer Str. 506","locality":"München","postcode":"80933","region":"Bayern","country":"DE"}],"names":{"primary":"Lotto Bayern","common":null,"rules":null},"sources":[{"property":"","dataset":"Microsoft","license":"CDLA-Permissive-2.0","record_id":"562949958406837","update_time":"2019-08-21T16:41:46.007Z","confidence":0.85,"between":null},{"property":"/properties/confidence","dataset":"Overture","license":"CDLA-Permissive-2.0","record_id":null,"update_time":"2026-07-14T20:34:55Z","confidence":null,"between":null}],"basic_category":"casino","taxonomy":{"primary":"casino","hierarchy":["arts_and_entertainment","gaming_venue","casino"],"alternates":null},"version":10}},
{"id":"3075b89d-1800-4068-a013-854d3cda9878","type":"Feature","geometry":{"type":"Point","coordinates":[11.56368,48.21291]},"properties":{"categories":{"primary":"clothing_store","alternate":["womens_clothing_store"]},"confidence":0.8814153528213501,"websites":["https://www.gina-laura.com/"],"socials":["https://www.facebook.com/1887114474876587"],"phones":["+498937156908"],"brand":{"wikidata":null,"names":{"primary":"GINA LAURA","common":null,"rules":null}},"addresses":[{"freeform":"Schleißheimer Straße 506","locality":"München","postcode":"80933","region":null,"country":"DE"}],"names":{"primary":"GINA LAURA","common":null,"rules":null},"sources":[{"property":"","dataset":"meta","license":"CDLA-Permissive-2.0","record_id":"1887114474876587","update_time":"2026-07-02T00:00:00.000Z","confidence":0.48441457748413086,"between":null},{"property":"/properties/confidence","dataset":"Overture","license":"CDLA-Permissive-2.0","record_id":null,"update_time":"2026-07-14T20:34:55Z","confidence":null,"between":null}],"basic_category":"fashion_and_apparel_store","taxonomy":{"primary":"clothing_store","hierarchy":["shopping","fashion_and_apparel_store","clothing_store"],"alternates":null},"version":11}},
{"id":"c52288b5-7296-48f6-b972-4d90aed49c0e","type":"Feature","geometry":{"type":"Point","coordinates":[11.56368,48.21291]},"properties":{"categories":{"primary":"beauty_salon","alternate":["hair_salon","barber"]},"confidence":0.9777257114648819,"websites":["http://www.supercut.de/"],"emails":["info@klierhairgroup.de"],"socials":["https://www.facebook.com/188047037892919"],"phones":["+498931818868"],"brand":{"wikidata":null,"names":{"primary":"Super Cut","common":null,"rules":null}},"addresses":[{"freeform":"Schleißheimer Straße 506","locality":"München","postcode":"80933","region":null,"country":"DE"}],"names":{"primary":"Super Cut","common":null,"rules":null},"sources":[{"property":"","dataset":"meta","license":"CDLA-Permissive-2.0","record_id":"188047037892919","update_time":"2026-07-02T00:00:00.000Z","confidence":0.9031552672386169,"between":null},{"property":"/properties/confidence","dataset":"Overture","license":"CDLA-Permissive-2.0","record_id":null,"update_time":"2026-07-14T20:34:55Z","confidence":null,"between":null}],"basic_category":"personal_or_beauty_service","taxonomy":{"primary":"beauty_salon","hierarchy":["lifestyle_services","personal_or_beauty_service","beauty_salon"],"alternates":null},"version":7}},
{"id":"ce4ac345-abf7-44e8-9ba7-6ea7e32bfb48","type":"Feature","geometry":{"type":"Point","coordinates":[11.56368,48.21291]},"properties":{"categories":{"primary":"grocery_store","alternate":["supermarket","bakery"]},"confidence":0.9983657858371735,"websites":["https://www.rewe.de/marktseite/muenchen-milbertshofen-am-hart/440434/rewe-markt-schleissheimer-str-506?ecid=seo_localseo_440434_f_nn_nn_nn_nn_nn"],"emails":["kundenmanagement@rewe.de"],"socials":["https://www.facebook.com/321680151539667"],"phones":["+498931200635"],"brand":{"wikidata":null,"names":{"primary":"REWE","common":null,"rules":null}},"addresses":[{"freeform":"Schleißheimer Straße 506","locality":"München","postcode":"80933","region":null,"country":"DE"}],"names":{"primary":"REWE","common":null,"rules":null},"sources":[{"property":"","dataset":"meta","license":"CDLA-Permissive-2.0","record_id":"321680151539667","update_time":"2026-07-02T00:00:00.000Z","confidence":0.9526314735412598,"between":null},{"property":"/properties/confidence","dataset":"Overture","license":"CDLA-Permissive-2.0","record_id":null,"update_time":"2026-07-14T20:34:55Z","confidence":null,"between":null}],"basic_category":"food_and_beverage_store","taxonomy":{"primary":"grocery_store","hierarchy":["shopping","food_and_beverage_store","grocery_store"],"alternates":null},"version":8}},
{"id":"2c5cbe8e-2d48-4286-81ee-8526a53ca0ef","type":"Feature","geometry":{"type":"Point","coordinates":[11.56368,48.21291]},"properties":{"categories":{"primary":"parking","alternate":null},"confidence":0.7137467861175537,"websites":["https://www.park-one.com/king-bee-parking/"],"emails":["projekt@park-one.com"],"socials":["https://www.facebook.com/792322527767068"],"phones":["+49894801239"],"brand":{"wikidata":null,"names":{"primary":null,"common":null,"rules":null}},"addresses":[{"freeform":null,"locality":"München","postcode":null,"region":null,"country":"DE"}],"names":{"primary":"King Bee Parking","common":null,"rules":null},"sources":[{"property":"","dataset":"meta","license":"CDLA-Permissive-2.0","record_id":"792322527767068","update_time":"2026-07-02T00:00:00.000Z","confidence":0.7137467861175537,"between":null},{"property":"/properties/confidence","dataset":"Overture","license":"CDLA-Permissive-2.0","record_id":null,"update_time":"2026-07-14T20:34:55Z","confidence":null,"between":null}],"basic_category":"parking","taxonomy":{"primary":"parking","hierarchy":["travel_and_transportation","parking"],"alternates":null},"version":9}},
{"id":"ba2355bd-8df3-41e1-a223-146548a54697","type":"Feature","geometry":{"type":"Point","coordinates":[11.56368678,48.21291092]},"properties":{"categories":{"primary":"supermarket","alternate":["grocery_store","superstore"]},"confidence":0.9996795651972293,"websites":["https://www.filiale.kaufland.de/?cid=F3183B02C1200K01000W01030000D1000E1000F1000G1000H1000"],"emails":["kundenmanagement@kaufland.de"],"socials":["https://www.facebook.com/108576468990301"],"phones":["+498955894300"],"brand":{"wikidata":null,"names":{"primary":"Kaufland","common":null,"rules":null}},"addresses":[{"freeform":"Schleißheimer Straße 506","locality":"München","postcode":"80933","region":null,"country":"DE"}],"names":{"primary":"Kaufland","common":null,"rules":null},"sources":[{"property":"","dataset":"meta","license":"CDLA-Permissive-2.0","record_id":"108576468990301","update_time":"2026-07-02T00:00:00.000Z","confidence":0.9535601735115051,"between":null},{"property":"/properties/confidence","dataset":"Overture","license":"CDLA-Permissive-2.0","record_id":null,"update_time":"2026-07-14T20:34:55Z","confidence":null,"between":null}],"basic_category":"food_and_beverage_store","taxonomy":{"primary":"grocery_store","hierarchy":["shopping","food_and_beverage_store","grocery_store"],"alternates":null},"version":8}},
{"id":"f28b397b-f39f-423d-9830-3e0595ddce5a","type":"Feature","geometry":{"type":"Point","coordinates":[11.56358461,48.21290987]},"properties":{"categories":{"primary":"butcher_shop","alternate":["delicatessen","german_restaurant"]},"confidence":0.999032116472721,"websites":["https://vinzenzmurr.de/metzgerei/muenchen-hasenbergl/"],"emails":["info@vinzenzmurr.de"],"socials":["https://www.facebook.com/100235288860757"],"phones":["+498923717794"],"brand":{"wikidata":null,"names":{"primary":"Vinzenzmurr","common":null,"rules":null}},"addresses":[{"freeform":"Schleißheimer Straße 506","locality":"München","postcode":"80933","region":null,"country":"DE"}],"names":{"primary":"Vinzenzmurr","common":null,"rules":null},"sources":[{"property":"","dataset":"meta","license":"CDLA-Permissive-2.0","record_id":"100235288860757","update_time":"2026-07-02T00:00:00.000Z","confidence":0.9719454050064087,"between":null},{"property":"/properties/confidence","dataset":"Overture","license":"CDLA-Permissive-2.0","record_id":null,"update_time":"2026-07-14T20:34:55Z","confidence":null,"between":null}],"basic_category":"food_and_beverage_store","taxonomy":{"primary":"butcher_shop","hierarchy":["shopping","food_and_beverage_store","butcher_shop"],"alternates":null},"version":10}},
{"id":"a39554e1-d93b-4bed-8ecf-4c4c96d68818","type":"Feature","geometry":{"type":"Point","coordinates":[11.563465,48.212919]},"properties":{"categories":{"primary":"shoe_store","alternate":["fashion_accessories_store","jewelry_store"]},"confidence":0.8805386647582054,"websites":["https://www.gabor.de/"],"emails":["shop.mira@gabor.de"],"socials":["https://www.facebook.com/422292785013543"],"phones":["+498932122755"],"brand":{"wikidata":null,"names":{"primary":"Gábor","common":null,"rules":null}},"addresses":[{"freeform":"Schleißheimer Straße 506","locality":"München","postcode":"80933","region":null,"country":"DE"}],"names":{"primary":"Gabor","common":null,"rules":null},"sources":[{"property":"","dataset":"meta","license":"CDLA-Permissive-2.0","record_id":"422292785013543","update_time":"2026-07-02T00:00:00.000Z","confidence":0.480602890253067,"between":null},{"property":"/properties/confidence","dataset":"Overture","license":"CDLA-Permissive-2.0","record_id":null,"update_time":"2026-07-14T20:34:55Z","confidence":null,"between":null}],"basic_category":"fashion_and_apparel_store","taxonomy":{"primary":"shoe_store","hierarchy":["shopping","fashion_and_apparel_store","shoe_store"],"alternates":null},"version":7}},
{"id":"836db84b-3ae8-4ded-878c-8705dca6b404","type":"Feature","geometry":{"type":"Point","coordinates":[11.56346480864901,48.21291895768728]},"properties":{"categories":{"primary":"hair_salon","alternate":null},"confidence":0.77,"websites":["http://www.essanelle.de"],"socials":["https://www.facebook.com/279931858710619"],"phones":["089 30703163"],"addresses":[{"freeform":"Schleißheimer Str. 506, im Mira, Untergeschoss","locality":"München","postcode":"80933","region":"Bayern","country":"DE"}],"names":{"primary":"essanelle Ihr Friseur","common":null,"rules":null},"sources":[{"property":"","dataset":"Foursquare","license":"Apache-2.0","record_id":"576d3ff3498e916f9a09137c","update_time":"2025-07-03T00:00:00.000","confidence":0.77,"between":null},{"property":"/properties/confidence","dataset":"Overture","license":"CDLA-Permissive-2.0","record_id":null,"update_time":"2026-07-14T20:34:55Z","confidence":null,"between":null}],"basic_category":"personal_or_beauty_service","taxonomy":{"primary":"hair_salon","hierarchy":["lifestyle_services","personal_or_beauty_service","hair_salon"],"alternates":null},"version":5}},
{"id":"798e7c42-6537-40dd-a0db-002d31bc544e","type":"Feature","geometry":{"type":"Point","coordinates":[11.56349479,48.21290345]},"properties":{"categories":{"primary":"sushi_restaurant","alternate":["japanese_restaurant","asian_restaurant"]},"confidence":0.803701639175415,"websites":["https://www.van-hoa-sushi.de/"],"socials":["https://www.facebook.com/104364588666731"],"phones":["+498923025555"],"brand":{"wikidata":null,"names":{"primary":null,"common":null,"rules":null}},"addresses":[{"freeform":"Schleißheimer Straße 506","locality":"München","postcode":"80933","region":null,"country":"DE"}],"names":{"primary":"Van Hoa Sushi im MIRA","common":null,"rules":null},"sources":[{"property":"","dataset":"meta","license":"CDLA-Permissive-2.0","record_id":"104364588666731","update_time":"2026-07-02T00:00:00.000Z","confidence":0.803701639175415,"between":null},{"property":"/properties/confidence","dataset":"Overture","license":"CDLA-Permissive-2.0","record_id":null,"update_time":"2026-07-14T20:34:55Z","confidence":null,"between":null}],"basic_category":"restaurant","taxonomy":{"primary":"sushi_restaurant","hierarchy":["food_and_drink","restaurant","asian_restaurant","east_asian_restaurant","japanese_restaurant","sushi_restaurant"],"alternates":null},"version":10}},
{"id":"d77bfa67-43c1-4792-a948-0e1827fd689c","type":"Feature","geometry":{"type":"Point","coordinates":[11.56324531,48.21285843]},"properties":{"categories":{"primary":"bubble_tea","alternate":["tea_room","cafe"]},"confidence":0.9777445197105408,"emails":["info.teamotiongmbh@gmail.com"],"socials":["https://www.facebook.com/106261274958537"],"phones":["+4917672834685"],"brand":{"wikidata":null,"names":{"primary":"Tea Motion GmbH","common":null,"rules":null}},"addresses":[{"freeform":"Schleißheimer Straße 506","locality":"München","postcode":"80933","region":null,"country":"DE"}],"names":{"primary":"Tea Motion","common":null,"rules":null},"sources":[{"property":"","dataset":"meta","license":"CDLA-Permissive-2.0","record_id":"106261274958537","update_time":"2026-07-02T00:00:00.000Z","confidence":0.9777445197105408,"between":null},{"property":"/properties/confidence","dataset":"Overture","license":"CDLA-Permissive-2.0","record_id":null,"update_time":"2026-07-14T20:34:55Z","confidence":null,"between":null}],"basic_category":"non_alcoholic_beverage_venue","taxonomy":{"primary":"bubble_tea_shop","hierarchy":["food_and_drink","non_alcoholic_beverage_venue","bubble_tea_shop"],"alternates":null},"version":11}},
{"id":"10a9e3bb-3adf-4cda-9a91-599cfebc3168","type":"Feature","geometry":{"type":"Point","coordinates":[11.562940536222087,48.21282530402186]},"properties":{"categories":{"primary":"photography_store_and_services","alternate":null},"confidence":0.77,"websites":["https://www.studioline.de/fotostudios/hamburg-wandsbek-quarree"],"phones":["089 37158088"],"addresses":[{"freeform":"Schleißheimer Str. 506","locality":"München","postcode":"80933","region":"Bayern","country":"DE"}],"names":{"primary":"Probild-Studio MIRA Nordheide-München GmbH & Co","common":null,"rules":null},"sources":[{"property":"","dataset":"Foursquare","license":"Apache-2.0","record_id":"d4cda13397dd42a788cdf653","update_time":"2025-08-11T00:00:00.000","confidence":0.77,"between":null},{"property":"/properties/confidence","dataset":"Overture","license":"CDLA-Permissive-2.0","record_id":null,"update_time":"2026-07-14T20:34:55Z","confidence":null,"between":null}],"basic_category":"electronics_store","taxonomy":{"primary":"camera_and_photography_store","hierarchy":["shopping","specialty_store","electronics_store","camera_and_photography_store"],"alternates":null},"version":6}},
{"id":"f7f77e98-6906-42b7-9c0e-cfc510d8bb68","type":"Feature","geometry":{"type":"Point","coordinates":[11.56347288,48.21305374]},"properties":{"categories":{"primary":"auto_detailing","alternate":["auto_restoration_services","automotive_services_and_repair"]},"confidence":0.8175540566444397,"websites":["https://www.alt-fahrzeugpflege.de/"],"emails":["info@alt-fahrzeugpflege.de"],"socials":["https://www.facebook.com/106576180841641"],"phones":["+498942044540"],"brand":{"wikidata":null,"names":{"primary":null,"common":null,"rules":null}},"addresses":[{"freeform":"Mira Einkaufszentrum, Schleißheimer Straße 506","locality":"München","postcode":"80933","region":null,"country":"DE"}],"names":{"primary":"ALT Fahrzeugpflege & Lackiererei","common":null,"rules":null},"sources":[{"property":"","dataset":"meta","license":"CDLA-Permissive-2.0","record_id":"106576180841641","update_time":"2026-07-02T00:00:00.000Z","confidence":0.8175540566444397,"between":null},{"property":"/properties/confidence","dataset":"Overture","license":"CDLA-Permissive-2.0","record_id":null,"update_time":"2026-07-14T20:34:55Z","confidence":null,"between":null}],"basic_category":"automotive_service","taxonomy":{"primary":"auto_detailing","hierarchy":["travel_and_transportation","vehicle_service","automotive_service","auto_detailing"],"alternates":null},"version":9}},
{"id":"8fd66e07-87f1-49e1-b063-2db2fc6f9aa5","type":"Feature","geometry":{"type":"Point","coordinates":[11.56343627,48.21305764]},"properties":{"categories":{"primary":"shopping_center","alternate":["internet_marketing_service","greek_restaurant"]},"confidence":0.8452896475791931,"websites":["http://gustosa-mediterran.de/"],"socials":["https://www.facebook.com/105299937670619"],"phones":["+498938888190"],"brand":{"wikidata":null,"names":{"primary":"Gustosa Ihr Schnellstes Restaurant","common":null,"rules":null}},"addresses":[{"freeform":"Schleißheimer Straße 506","locality":"München","postcode":"80933","region":null,"country":"DE"}],"names":{"primary":"Gustosa Mira","common":null,"rules":null},"sources":[{"property":"","dataset":"meta","license":"CDLA-Permissive-2.0","record_id":"105299937670619","update_time":"2026-07-02T00:00:00.000Z","confidence":0.8452896475791931,"between":null},{"property":"/properties/confidence","dataset":"Overture","license":"CDLA-Permissive-2.0","record_id":null,"update_time":"2026-07-14T20:34:55Z","confidence":null,"between":null}],"basic_category":"shopping_mall","taxonomy":{"primary":"shopping_mall","hierarchy":["shopping","shopping_mall"],"alternates":null},"version":10}},
{"id":"5ba48887-59f7-45dc-92cc-e4e88480964e","type":"Feature","geometry":{"type":"Point","coordinates":[11.56330965,48.21310745]},"properties":{"categories":{"primary":"womens_clothing_store","alternate":["clothing_store","fashion_accessories_store"]},"confidence":0.9287942630052567,"websites":["https://www.douglas.de/douglas"],"socials":["https://www.facebook.com/151346855444642"],"phones":["+498937065670"],"brand":{"wikidata":null,"names":{"primary":null,"common":null,"rules":null}},"addresses":[{"freeform":"Schleißheimer Straße 506","locality":"München","postcode":"80933","region":null,"country":"DE"}],"names":{"primary":"Rose Moda","common":null,"rules":null},"sources":[{"property":"","dataset":"meta","license":"CDLA-Permissive-2.0","record_id":"151346855444642","update_time":"2026-07-02T00:00:00.000Z","confidence":0.6904098391532898,"between":null},{"property":"/properties/confidence","dataset":"Overture","license":"CDLA-Permissive-2.0","record_id":null,"update_time":"2026-07-14T20:34:55Z","confidence":null,"between":null}],"basic_category":"fashion_and_apparel_store","taxonomy":{"primary":"womens_clothing_store","hierarchy":["shopping","fashion_and_apparel_store","clothing_store","womens_clothing_store"],"alternates":null},"version":6}},
{"id":"85ed4690-bf04-4c29-b1ad-ea97d0f40d59","type":"Feature","geometry":{"type":"Point","coordinates":[11.56328829,48.21313782]},"properties":{"categories":{"primary":"furniture_store","alternate":null},"confidence":0.43449828028678894,"emails":["info@bella-moebel.com"],"socials":["https://www.facebook.com/116791432097770"],"phones":["+498931286231"],"brand":{"wikidata":null,"names":{"primary":null,"common":null,"rules":null}},"addresses":[{"freeform":"Schleißheimer Straße 506","locality":"München","postcode":"80933","region":null,"country":"DE"}],"names":{"primary":"Bella Möbel","common":null,"rules":null},"sources":[{"property":"","dataset":"meta","license":"CDLA-Permissive-2.0","record_id":"116791432097770","update_time":"2026-07-02T00:00:00.000Z","confidence":0.43449828028678894,"between":null},{"property":"/properties/confidence","dataset":"Overture","license":"CDLA-Permissive-2.0","record_id":null,"update_time":"2026-07-14T20:34:55Z","confidence":null,"between":null}],"basic_category":"hardware_home_and_garden_store","taxonomy":{"primary":"furniture_store","hierarchy":["shopping","specialty_store","hardware_home_and_garden_store","furniture_store"],"alternates":null},"version":8}},
{"id":"7ce66632-ddca-491c-91fd-2fc606f7b501","type":"Feature","geometry":{"type":"Point","coordinates":[11.563445360681866,48.21313074355295]},"properties":{"categories":{"primary":"perfume_store","alternate":null},"confidence":0.77,"websites":["https://www.douglas.de/douglas"],"socials":["https://www.twitter.com/douglas_de","https://www.instagram.com/douglas_cosmetics"],"phones":["089 37066721"],"addresses":[{"freeform":"Schleißheimer Str. 506","locality":"Munich","postcode":"80933","region":"Bayern","country":"DE"}],"names":{"primary":"Parfümerie Douglas","common":null,"rules":null},"sources":[{"property":"","dataset":"Foursquare","license":"Apache-2.0","record_id":"51ad9933498e4919f4ab8f3a","update_time":"2025-09-14T00:00:00.000","confidence":0.77,"between":null},{"property":"/properties/confidence","dataset":"Overture","license":"CDLA-Permissive-2.0","record_id":null,"update_time":"2026-07-14T20:34:55Z","confidence":null,"between":null}],"basic_category":"personal_care_and_beauty_store","taxonomy":{"primary":"cosmetics_and_fragrance_store","hierarchy":["shopping","specialty_store","personal_care_and_beauty_store","beauty_supply_store","cosmetics_and_fragrance_store"],"alternates":null},"version":3}},
{"id":"d3045a06-74ec-461c-9da9-6e4f84784ffe","type":"Feature","geometry":{"type":"Point","coordinates":[11.563595,48.213089]},"properties":{"categories":{"primary":"bookstore","alternate":["shopping_center","social_service_organizations"]},"confidence":0.8415232300758362,"websites":["http://www.weltbild.de"],"socials":["https://www.facebook.com/836474636396948"],"phones":["+498931200687"],"brand":{"wikidata":null,"names":{"primary":null,"common":null,"rules":null}},"addresses":[{"freeform":"Schleißheimer Straße 506","locality":"München","postcode":"80933","region":null,"country":"DE"}],"names":{"primary":"Weltbild","common":null,"rules":null},"sources":[{"property":"","dataset":"meta","license":"CDLA-Permissive-2.0","record_id":"836474636396948","update_time":"2026-07-02T00:00:00.000Z","confidence":0.8415232300758362,"between":null},{"property":"/properties/confidence","dataset":"Overture","license":"CDLA-Permissive-2.0","record_id":null,"update_time":"2026-07-14T20:34:55Z","confidence":null,"between":null}],"basic_category":"books_music_and_video_store","taxonomy":{"primary":"bookstore","hierarchy":["shopping","specialty_store","books_music_and_video_store","bookstore"],"alternates":null},"version":9}},
{"id":"ea4befb2-849e-411c-b885-69d3e45d8987","type":"Feature","geometry":{"type":"Point","coordinates":[11.56354754,48.21311059]},"properties":{"categories":{"primary":"supermarket","alternate":["discount_store","grocery_store"]},"confidence":0.9985333502292633,"websites":["https://www.aldi-sued.de/?pk_campaign=wvz&pk_source=Facebook&pk_keyword=D3301"],"emails":["mail@aldi-sued.de"],"socials":["https://www.facebook.com/402642733644179"],"phones":["+498008002534"],"brand":{"wikidata":null,"names":{"primary":"ALDI","common":null,"rules":null}},"addresses":[{"freeform":"Schleißheimer Straße 506","locality":"München","postcode":"80933","region":null,"country":"DE"}],"names":{"primary":"Aldi Sud","common":null,"rules":null},"sources":[{"property":"","dataset":"meta","license":"CDLA-Permissive-2.0","record_id":"402642733644179","update_time":"2026-07-02T00:00:00.000Z","confidence":0.9902223348617554,"between":null},{"property":"/properties/confidence","dataset":"Overture","license":"CDLA-Permissive-2.0","record_id":null,"update_time":"2026-07-14T20:34:55Z","confidence":null,"between":null}],"basic_category":"food_and_beverage_store","taxonomy":{"primary":"grocery_store","hierarchy":["shopping","food_and_beverage_store","grocery_store"],"alternates":null},"version":8}},
{"id":"6712517f-eddf-4e86-b1e5-4f60ad37972c","type":"Feature","geometry":{"type":"Point","coordinates":[11.563638,48.213146]},"properties":{"categories":{"primary":"jewelry_store","alternate":null},"confidence":0.77,"websites":["http://www.bijou-brigitte.com"],"phones":["089 31881708"],"addresses":[{"freeform":"Schleißheimer Straße 506","locality":"München","postcode":"80933","region":"Bayern","country":"DE"}],"names":{"primary":"Bijou Brigitte","common":null,"rules":null},"sources":[{"property":"","dataset":"Foursquare","license":"Apache-2.0","record_id":"8d3e27c131044b068f1f6259","update_time":"2024-08-20T00:00:00.000","confidence":0.77,"between":null},{"property":"/properties/confidence","dataset":"Overture","license":"CDLA-Permissive-2.0","record_id":null,"update_time":"2026-07-14T20:34:55Z","confidence":null,"between":null}],"basic_category":"fashion_and_apparel_store","taxonomy":{"primary":"jewelry_store","hierarchy":["shopping","fashion_and_apparel_store","jewelry_store"],"alternates":null},"version":5}},
{"id":"87a05d1c-2ea5-4e30-aa72-bfa33bd6579a","type":"Feature","geometry":{"type":"Point","coordinates":[11.563675277778,48.2130075]},"properties":{"categories":{"primary":"discount_store","alternate":null},"confidence":0.954,"websites":["https://www.action.com/de-de/laden/munchen-schleissheimer-strasse-506/"],"socials":["https://www.facebook.com/action.deutschland/","Action_DE"],"brand":{"wikidata":"Q2634111","names":{"primary":"Action","common":null,"rules":[]}},"addresses":[{"freeform":"Schleißheimer Straße 506","locality":"München","postcode":"80933","region":null,"country":"DE"}],"names":{"primary":"Action","common":null,"rules":[]},"sources":[{"property":"","dataset":"AllThePlaces","license":"CC0-1.0","record_id":"o5jkEvS-OEh8jQfU4PV2SEB17Q4=","update_time":"2026-07-07T19:10:41.000Z","confidence":0.8,"between":null},{"property":"/properties/confidence","dataset":"Overture","license":"CDLA-Permissive-2.0","record_id":null,"update_time":"2026-07-14T20:34:55Z","confidence":null,"between":null}],"basic_category":"discount_store","taxonomy":{"primary":"discount_store","hierarchy":["shopping","discount_store"],"alternates":null},"version":2}},
{"id":"232f0571-37f2-40de-819c-0be1067ee342","type":"Feature","geometry":{"type":"Point","coordinates":[11.56364668,48.212991]},"properties":{"categories":{"primary":"nail_salon","alternate":["beauty_salon","beauty_and_spa"]},"confidence":0.2670101225376129,"socials":["https://www.facebook.com/679617578570378"],"phones":["+4915124396666"],"brand":{"wikidata":null,"names":{"primary":null,"common":null,"rules":null}},"addresses":[{"freeform":"Am Mira, Schleißheimer Straße 506","locality":"München","postcode":"80933","region":null,"country":"DE"}],"names":{"primary":"Zen Beauty Lounge Mira","common":null,"rules":null},"sources":[{"property":"","dataset":"meta","license":"CDLA-Permissive-2.0","record_id":"679617578570378","update_time":"2026-07-02T00:00:00.000Z","confidence":0.2670101225376129,"between":null},{"property":"/properties/confidence","dataset":"Overture","license":"CDLA-Permissive-2.0","record_id":null,"update_time":"2026-07-14T20:34:55Z","confidence":null,"between":null}],"basic_category":"personal_or_beauty_service","taxonomy":{"primary":"nail_salon","hierarchy":["lifestyle_services","personal_or_beauty_service","nail_salon"],"alternates":null},"version":4}},
{"id":"80d65efe-f877-4a4e-bcaa-806b973e3ff7","type":"Feature","geometry":{"type":"Point","coordinates":[11.5636486,48.2129897]},"properties":{"categories":{"primary":"clothing_store","alternate":null},"confidence":0.8,"websites":["https://www.takko.com/de-de/stores/#!/l/münchen/schleißheimer-straße-506/2431"],"brand":{"wikidata":"Q1371302","names":{"primary":"Takko Fashion","common":null,"rules":[]}},"addresses":[{"freeform":"Schleißheimer Straße 506","locality":"München","postcode":"80933","region":"Bayern","country":"DE"}],"names":{"primary":"Takko Fashion","common":null,"rules":[{"variant":"short","language":null,"perspectives":null,"value":"Takko","between":null,"side":null}]},"sources":[{"property":"","dataset":"AllThePlaces","license":"CC0-1.0","record_id":"FzGrwQDZYo6sO4LxqJUKINPdPN4=","update_time":"2026-07-07T19:10:41.000Z","confidence":0.8,"between":null},{"property":"/properties/confidence","dataset":"Overture","license":"CDLA-Permissive-2.0","record_id":null,"update_time":"2026-07-14T20:34:55Z","confidence":null,"between":null}],"basic_category":"fashion_and_apparel_store","taxonomy":{"primary":"clothing_store","hierarchy":["shopping","fashion_and_apparel_store","clothing_store"],"alternates":null},"version":2}},
{"id":"b53639f4-2829-42be-aa0d-52235284ee04","type":"Feature","geometry":{"type":"Point","coordinates":[11.5636486,48.2129897]},"properties":{"categories":{"primary":"hair_salon","alternate":["beauty_and_spa"]},"confidence":0.9655,"websites":["https://www.omers-hair-mira.de/"],"phones":["08954805606"],"addresses":[{"freeform":"Schleißheimer Str. 506","locality":"München","postcode":"80933","region":"Bavaria","country":"DE"}],"names":{"primary":"Omer's Hair","common":null,"rules":null},"sources":[{"property":"","dataset":"Microsoft","license":"CDLA-Permissive-2.0","record_id":"1407374889058871","update_time":"2025-10-10T23:01:25.167Z","confidence":0.85,"between":null},{"property":"/properties/confidence","dataset":"Overture","license":"CDLA-Permissive-2.0","record_id":null,"update_time":"2026-07-14T20:34:55Z","confidence":null,"between":null}],"basic_category":"personal_or_beauty_service","taxonomy":{"primary":"hair_salon","hierarchy":["lifestyle_services","personal_or_beauty_service","hair_salon"],"alternates":null},"version":7}},
{"id":"dab3c023-f83e-41e6-97e5-bf0bd6cf6d6f","type":"Feature","geometry":{"type":"Point","coordinates":[11.5636486,48.2129897]},"properties":{"categories":{"primary":"passport_and_visa_services","alternate":null},"confidence":0.9655,"websites":["https://www.fotofix.de/"],"phones":["069955086500"],"addresses":[{"freeform":"Schleißheimer Str. 506","locality":"München","postcode":"80933","region":"Bavaria","country":"DE"}],"names":{"primary":"Fotofix","common":null,"rules":null},"sources":[{"property":"","dataset":"Microsoft","license":"CDLA-Permissive-2.0","record_id":"1407374891326874","update_time":"2025-07-23T01:57:01.787Z","confidence":0.85,"between":null},{"property":"/properties/confidence","dataset":"Overture","license":"CDLA-Permissive-2.0","record_id":null,"update_time":"2026-07-14T20:34:55Z","confidence":null,"between":null}],"basic_category":"travel_service","taxonomy":{"primary":"passport_and_visa_service","hierarchy":["travel_and_transportation","travel_service","passport_and_visa_service"],"alternates":null},"version":7}},
{"id":"9f17de4a-56a6-4da6-9d50-a4617beac6a6","type":"Feature","geometry":{"type":"Point","coordinates":[11.5636486,48.2129897]},"properties":{"categories":{"primary":"clothing_store","alternate":["retail"]},"confidence":0.85,"websites":["https://www.c-and-a.com/de/de/shop"],"phones":["08931288241"],"addresses":[{"freeform":"Schleissheimerstrasse 506","locality":"München","postcode":"80933","region":"Bavaria","country":"DE"}],"names":{"primary":"C&A","common":null,"rules":null},"sources":[{"property":"","dataset":"Microsoft","license":"CDLA-Permissive-2.0","record_id":"1970324839728172","update_time":"2025-08-15T03:50:18.000Z","confidence":0.85,"between":null},{"property":"/properties/confidence","dataset":"Overture","license":"CDLA-Permissive-2.0","record_id":null,"update_time":"2026-07-14T20:34:55Z","confidence":null,"between":null}],"basic_category":"fashion_and_apparel_store","taxonomy":{"primary":"clothing_store","hierarchy":["shopping","fashion_and_apparel_store","clothing_store"],"alternates":null},"version":7}},
{"id":"1c9a3ab8-556e-4334-ad9e-ffb16f526a84","type":"Feature","geometry":{"type":"Point","coordinates":[11.563612416388,48.213026949543]},"properties":{"categories":{"primary":"bridge","alternate":["bar"]},"confidence":0.8603557348251343,"socials":["https://www.facebook.com/559478337844512"],"brand":{"wikidata":null,"names":{"primary":null,"common":null,"rules":null}},"addresses":[{"freeform":"小森","locality":"München","postcode":null,"region":null,"country":"DE"}],"names":{"primary":"桑鶴大橋","common":null,"rules":null},"sources":[{"property":"","dataset":"meta","license":"CDLA-Permissive-2.0","record_id":"559478337844512","update_time":"2026-07-02T00:00:00.000Z","confidence":0.8603557348251343,"between":null},{"property":"/properties/confidence","dataset":"Overture","license":"CDLA-Permissive-2.0","record_id":null,"update_time":"2026-07-14T20:34:55Z","confidence":null,"between":null}],"basic_category":"bridge","taxonomy":{"primary":"bridge","hierarchy":["geographic_entities","built_feature","bridge"],"alternates":null},"version":7}},
{"id":"b1b8cdc7-1c07-4ac1-99f5-8b6f1728704c","type":"Feature","geometry":{"type":"Point","coordinates":[11.56345916,48.2129975]},"properties":{"categories":{"primary":"pizza_restaurant","alternate":["italian_restaurant","restaurant"]},"confidence":0.9480301737785339,"socials":["https://www.facebook.com/418359918526088"],"phones":["+4917685659687"],"brand":{"wikidata":null,"names":{"primary":null,"common":null,"rules":null}},"addresses":[{"freeform":"Schleißheimer Straße 506","locality":"München","postcode":"80933","region":null,"country":"DE"}],"names":{"primary":"Veneras Pizza","common":null,"rules":null},"sources":[{"property":"","dataset":"meta","license":"CDLA-Permissive-2.0","record_id":"418359918526088","update_time":"2026-07-02T00:00:00.000Z","confidence":0.9480301737785339,"between":null},{"property":"/properties/confidence","dataset":"Overture","license":"CDLA-Permissive-2.0","record_id":null,"update_time":"2026-07-14T20:34:55Z","confidence":null,"between":null}],"basic_category":"restaurant","taxonomy":{"primary":"pizza_restaurant","hierarchy":["food_and_drink","restaurant","european_restaurant","mediterranean_restaurant","italian_restaurant","pizza_restaurant"],"alternates":null},"version":7}},
{"id":"41edfe3c-de19-4d33-87f6-5e067a75bdd3","type":"Feature","geometry":{"type":"Point","coordinates":[11.56357233,48.21295333]},"properties":{"categories":{"primary":"shopping_center","alternate":["shopping"]},"confidence":0.9982083344459534,"websites":["http://www.mira-einkaufszentrum.de/"],"emails":["mira@voelkel-company.de"],"socials":["https://www.facebook.com/397444833748099"],"phones":["+498938888190"],"brand":{"wikidata":null,"names":{"primary":null,"common":null,"rules":null}},"addresses":[{"freeform":"Schleißheimer Straße 506","locality":"München","postcode":"80933","region":null,"country":"DE"}],"names":{"primary":"Mira","common":null,"rules":null},"sources":[{"property":"","dataset":"meta","license":"CDLA-Permissive-2.0","record_id":"397444833748099","update_time":"2026-07-02T00:00:00.000Z","confidence":0.9922101497650146,"between":null},{"property":"/properties/confidence","dataset":"Overture","license":"CDLA-Permissive-2.0","record_id":null,"update_time":"2026-07-14T20:34:55Z","confidence":null,"between":null}],"basic_category":"shopping_mall","taxonomy":{"primary":"shopping_mall","hierarchy":["shopping","shopping_mall"],"alternates":null},"version":7}},
{"id":"8b3258c9-6919-45c3-9c6f-4601a923fa89","type":"Feature","geometry":{"type":"Point","coordinates":[11.563796669956588,48.212997807578226]},"properties":{"categories":{"primary":"cafe","alternate":null},"confidence":0.77,"websites":["http://www.tchibo.de"],"phones":["089 55894300"],"addresses":[{"freeform":"Schleißheimer Straße/Mira 506","locality":"München","postcode":"80933","region":"Bayern","country":"DE"}],"names":{"primary":"Tchibo","common":null,"rules":null},"sources":[{"property":"","dataset":"Foursquare","license":"Apache-2.0","record_id":"2e35643288d245d65616e72d","update_time":"2024-09-01T00:00:00.000","confidence":0.77,"between":null},{"property":"/properties/confidence","dataset":"Overture","license":"CDLA-Permissive-2.0","record_id":null,"update_time":"2026-07-14T20:34:55Z","confidence":null,"between":null}],"basic_category":"cafe","taxonomy":{"primary":"cafe","hierarchy":["food_and_drink","casual_eatery","cafe"],"alternates":null},"version":4}},
{"id":"c9c3d230-272c-4885-8e51-02d64b0f6e30","type":"Feature","geometry":{"type":"Point","coordinates":[11.5637376,48.21304552]},"properties":{"categories":{"primary":"nail_salon","alternate":["beauty_salon","spas"]},"confidence":0.9966552340984345,"websites":["http://www.mira-nails.de/"],"emails":["kontakt@mira-nails.de"],"socials":["https://www.facebook.com/642900012479135"],"phones":["+498931605657"],"brand":{"wikidata":null,"names":{"primary":null,"common":null,"rules":null}},"addresses":[{"freeform":"Schleißheimer Straße 506","locality":"München","postcode":"80933","region":null,"country":"DE"}],"names":{"primary":"New York Nails","common":null,"rules":null},"sources":[{"property":"","dataset":"meta","license":"CDLA-Permissive-2.0","record_id":"642900012479135","update_time":"2026-07-02T00:00:00.000Z","confidence":0.9854575395584106,"between":null},{"property":"/properties/confidence","dataset":"Overture","license":"CDLA-Permissive-2.0","record_id":null,"update_time":"2026-07-14T20:34:55Z","confidence":null,"between":null}],"basic_category":"personal_or_beauty_service","taxonomy":{"primary":"nail_salon","hierarchy":["lifestyle_services","personal_or_beauty_service","nail_salon"],"alternates":null},"version":7}},
{"id":"cb3af124-b89f-4f06-8320-c0e509531780","type":"Feature","geometry":{"type":"Point","coordinates":[11.564048,48.21283]},"properties":{"categories":{"primary":"clothing_store","alternate":null},"confidence":0.8,"brand":{"wikidata":"Q883965","names":{"primary":"KiK","common":null,"rules":[]}},"addresses":[{"freeform":"Schleißheimer Straße 506","locality":"München","postcode":"80933","region":null,"country":"DE"}],"names":{"primary":"KiK","common":null,"rules":[]},"sources":[{"property":"","dataset":"AllThePlaces","license":"CC0-1.0","record_id":"_kwQgYxfa2RlLuy5ZSUEtXQpfEs=","update_time":"2026-07-07T19:10:41.000Z","confidence":0.8,"between":null},{"property":"/properties/confidence","dataset":"Overture","license":"CDLA-Permissive-2.0","record_id":null,"update_time":"2026-07-14T20:34:55Z","confidence":null,"between":null}],"basic_category":"fashion_and_apparel_store","taxonomy":{"primary":"clothing_store","hierarchy":["shopping","fashion_and_apparel_store","clothing_store"],"alternates":null},"version":3}},
{"id":"2cd832e4-be90-4fa4-9d7e-8a4396261b19","type":"Feature","geometry":{"type":"Point","coordinates":[11.56382446351927,48.21276250834712]},"properties":{"categories":{"primary":"clothing_store","alternate":null},"confidence":1.0,"websites":["https://www2.hm.com/de_de/customer-service/shopping-at-hm/store-locator/germany/munich/mira-einkaufszentrum-m%C3%BCnchen/DE0356.html?utm_source=overture_location&utm_medium=organic&utm_content=DE0356&utm_campaign=pi_DEQ00AAU0AA004"],"emails":["kundservice.se@hm.com"],"phones":["+49-8006655900"],"addresses":[{"freeform":"Schleißheimerstraße 506","locality":"Munich","postcode":"80937","region":"","country":"DE"}],"names":{"primary":"H&M","common":null,"rules":null},"sources":[{"property":"","dataset":"PinMeTo","license":"CDLA-Permissive-2.0","record_id":"5ab8e89c0488cf2d163eac45","update_time":"2026-07-14T06:28:11.655Z","confidence":1.0,"between":null},{"property":"/properties/confidence","dataset":"Overture","license":"CDLA-Permissive-2.0","record_id":null,"update_time":"2026-07-14T20:34:55Z","confidence":null,"between":null}],"operating_status":"open","basic_category":"fashion_and_apparel_store","taxonomy":{"primary":"clothing_store","hierarchy":["shopping","fashion_and_apparel_store","clothing_store"],"alternates":null},"version":9}},
{"id":"32b47a60-e3bd-4700-ba94-7e713e83cecf","type":"Feature","geometry":{"type":"Point","coordinates":[11.563740061999999,48.212730644333334]},"properties":{"categories":{"primary":"restaurant","alternate":["asian_restaurant","chinese_restaurant"]},"confidence":0.7913956046104431,"websites":["http://www.mrbd.de"],"socials":["https://www.facebook.com/250822591622512"],"phones":["+498938888190"],"brand":{"wikidata":null,"names":{"primary":null,"common":null,"rules":null}},"addresses":[{"freeform":"Schleißheimer Straße 506","locality":"München","postcode":"80933","region":null,"country":"DE"}],"names":{"primary":"Peking","common":null,"rules":null},"sources":[{"property":"","dataset":"meta","license":"CDLA-Permissive-2.0","record_id":"250822591622512","update_time":"2026-07-02T00:00:00.000Z","confidence":0.7913956046104431,"between":null},{"property":"/properties/confidence","dataset":"Overture","license":"CDLA-Permissive-2.0","record_id":null,"update_time":"2026-07-14T20:34:55Z","confidence":null,"between":null}],"basic_category":"restaurant","taxonomy":{"primary":"restaurant","hierarchy":["food_and_drink","restaurant"],"alternates":null},"version":9}},
{"id":"73c977f7-a97d-4f35-9821-4ad4b48a3d67","type":"Feature","geometry":{"type":"Point","coordinates":[11.5648199,48.21288]},"properties":{"categories":{"primary":"it_service_and_computer_repair","alternate":["event_photography","information_technology_company"]},"confidence":0.5899249911308289,"socials":["https://www.facebook.com/1588012398105152"],"phones":["+498931902460"],"brand":{"wikidata":null,"names":{"primary":null,"common":null,"rules":null}},"addresses":[{"freeform":"Fingerkrautanger 11","locality":"München","postcode":"80937","region":null,"country":"DE"}],"names":{"primary":"KES EDV Systeme","common":null,"rules":null},"sources":[{"property":"","dataset":"meta","license":"CDLA-Permissive-2.0","record_id":"1588012398105152","update_time":"2026-07-02T00:00:00.000Z","confidence":0.5899249911308289,"between":null},{"property":"/properties/confidence","dataset":"Overture","license":"CDLA-Permissive-2.0","record_id":null,"update_time":"2026-07-14T20:34:55Z","confidence":null,"between":null}],"basic_category":"technical_service","taxonomy":{"primary":"it_service_and_computer_repair","hierarchy":["services_and_business","technical_service","it_service_and_computer_repair"],"alternates":null},"version":1}},
{"id":"7d16f455-67e0-4e6e-83a9-9ea58041b20d","type":"Feature","geometry":{"type":"Point","coordinates":[11.566317433487281,48.212577706928734]},"properties":{"categories":{"primary":"furniture_assembly","alternate":["limo_services","taxi_service"]},"confidence":0.7038013339042664,"socials":["https://www.facebook.com/395596057189896"],"brand":{"wikidata":null,"names":{"primary":null,"common":null,"rules":null}},"addresses":[{"freeform":"Graslilienanger","locality":"München","postcode":"80937","region":null,"country":"DE"}],"names":{"primary":"Graslilienanger","common":null,"rules":null},"sources":[{"property":"","dataset":"meta","license":"CDLA-Permissive-2.0","record_id":"395596057189896","update_time":"2026-07-02T00:00:00.000Z","confidence":0.7038013339042664,"between":null},{"property":"/properties/confidence","dataset":"Overture","license":"CDLA-Permissive-2.0","record_id":null,"update_time":"2026-07-14T20:34:55Z","confidence":null,"between":null}],"basic_category":"home_service","taxonomy":{"primary":"furniture_assembly","hierarchy":["services_and_business","home_service","furniture_assembly"],"alternates":null},"version":1}},
{"id":"36c3d4e9-8107-4535-ab79-71e4ab1d36e1","type":"Feature","geometry":{"type":"Point","coordinates":[11.5662595,48.2125263]},"properties":{"categories":{"primary":"handyman","alternate":null},"confidence":0.85,"websites":["http://www.morina-dekor.de/"],"phones":["015739288717"],"addresses":[{"freeform":"Graslilienanger 14","locality":"München","postcode":"80937","region":"Bavaria","country":"DE"}],"names":{"primary":"Morina Dekor","common":null,"rules":null},"sources":[{"property":"","dataset":"Microsoft","license":"CDLA-Permissive-2.0","record_id":"844424935184498","update_time":"2025-08-09T10:18:19.863Z","confidence":0.85,"between":null},{"property":"/properties/confidence","dataset":"Overture","license":"CDLA-Permissive-2.0","record_id":null,"update_time":"2026-07-14T20:34:55Z","confidence":null,"between":null}],"basic_category":"home_service","taxonomy":{"primary":"handyman","hierarchy":["services_and_business","home_service","handyman"],"alternates":null},"version":8}},
{"id":"24d85339-7f0a-47f9-b21d-d0e6d00ea25f","type":"Feature","geometry":{"type":"Point","coordinates":[11.565529405020285,48.212064668892616]},"properties":{"categories":{"primary":"preschool","alternate":null},"confidence":0.77,"websites":["https://www.kinderschutz.de"],"phones":["089 2317167730"],"addresses":[{"freeform":"Fingerkrautanger 4","locality":"München","postcode":"80937","region":"Bayern","country":"DE"}],"names":{"primary":"Kindergarten Kunterbunt","common":null,"rules":null},"sources":[{"property":"","dataset":"Foursquare","license":"Apache-2.0","record_id":"92b3ea8ebed846a71c44aeb7","update_time":"2025-10-18T00:00:00.000","confidence":0.77,"between":null},{"property":"/properties/confidence","dataset":"Overture","license":"CDLA-Permissive-2.0","record_id":null,"update_time":"2026-07-14T20:34:55Z","confidence":null,"between":null}],"basic_category":"preschool","taxonomy":{"primary":"preschool","hierarchy":["education","place_of_learning","school","preschool"],"alternates":null},"version":5}},
{"id":"b6f97c00-48f1-4613-adb3-a9a77d97fff5","type":"Feature","geometry":{"type":"Point","coordinates":[11.564290313624547,48.212077379668315]},"properties":{"categories":{"primary":"fast_food_restaurant","alternate":["restaurant","hot_dog_restaurant"]},"confidence":0.5051665902137756,"websites":["http://www.subway-sandwiches.de/"],"socials":["https://www.facebook.com/160117720675079"],"phones":["+498931812348"],"brand":{"wikidata":null,"names":{"primary":"Subway","common":null,"rules":null}},"addresses":[{"freeform":"Schleißheimer Straße 506","locality":"München","postcode":"80933","region":null,"country":"DE"}],"names":{"primary":"Subway","common":null,"rules":null},"sources":[{"property":"","dataset":"meta","license":"CDLA-Permissive-2.0","record_id":"160117720675079","update_time":"2026-07-02T00:00:00.000Z","confidence":0.5051665902137756,"between":null},{"property":"/properties/confidence","dataset":"Overture","license":"CDLA-Permissive-2.0","record_id":null,"update_time":"2026-07-14T20:34:55Z","confidence":null,"between":null}],"basic_category":"fast_food_restaurant","taxonomy":{"primary":"fast_food_restaurant","hierarchy":["food_and_drink","casual_eatery","fast_food_restaurant"],"alternates":null},"version":3}},
{"id":"758ddd2c-3960-42ea-9116-9ea3454ef584","type":"Feature","geometry":{"type":"Point","coordinates":[11.56334,48.212163]},"properties":{"categories":{"primary":"dentist","alternate":["health_and_medical","doctor"]},"confidence":0.8749016523361206,"websites":["http://www.praxisklinik-toker.de"],"emails":["info@praxisklinik-toker.de"],"socials":["https://www.facebook.com/163165077082972"],"phones":["+498937499420"],"brand":{"wikidata":null,"names":{"primary":null,"common":null,"rules":null}},"addresses":[{"freeform":"Schleißheimer Straße 504","locality":"München","postcode":"80933","region":null,"country":"DE"}],"names":{"primary":"Dr. Tarkan Toker","common":null,"rules":null},"sources":[{"property":"","dataset":"meta","license":"CDLA-Permissive-2.0","record_id":"163165077082972","update_time":"2026-07-02T00:00:00.000Z","confidence":0.8749016523361206,"between":null},{"property":"/properties/confidence","dataset":"Overture","license":"CDLA-Permissive-2.0","record_id":null,"update_time":"2026-07-14T20:34:55Z","confidence":null,"between":null}],"basic_category":"dental_clinic","taxonomy":{"primary":"dental_clinic","hierarchy":["health_care","outpatient_care_facility","dental_clinic"],"alternates":null},"version":9}},
{"id":"7513a5de-2e8a-45b3-9f47-ff50bc53fbc1","type":"Feature","geometry":{"type":"Point","coordinates":[11.5633,48.21217]},"properties":{"categories":{"primary":"atms","alternate":null},"confidence":0.8,"websites":["https://www.sparkasse.de/standorte/geldautomaten/stadtsparkasse-muenchen-geldautomat-duelferstrasse-29325"],"emails":["kontakt@sskm.de"],"socials":["https://www.facebook.com/sparkasse"],"brand":{"wikidata":"Q13601825","names":{"primary":"Sparkasse","common":null,"rules":[]}},"addresses":[{"freeform":"Schleißheimer Straße 504","locality":"München","postcode":"80933","region":null,"country":"DE"}],"names":{"primary":"Stadtsparkasse München Geldautomat Dülferstraße","common":null,"rules":[]},"sources":[{"property":"","dataset":"AllThePlaces","license":"CC0-1.0","record_id":"PNSffQ8PGYsYBYltZwSl8jsjnxU=","update_time":"2026-07-07T19:10:41.000Z","confidence":0.8,"between":null},{"property":"/properties/confidence","dataset":"Overture","license":"CDLA-Permissive-2.0","record_id":null,"update_time":"2026-07-14T20:34:55Z","confidence":null,"between":null}],"basic_category":"atm","taxonomy":{"primary":"atm","hierarchy":["services_and_business","financial_service","atm"],"alternates":null},"version":1}},
{"id":"80e79559-d143-4fa4-ae56-d8bbaf9d79f3","type":"Feature","geometry":{"type":"Point","coordinates":[11.563124,48.21188]},"properties":{"categories":{"primary":"turkish_restaurant","alternate":["restaurant","middle_eastern_restaurant"]},"confidence":0.33756738901138306,"socials":["https://www.facebook.com/104165949676848"],"phones":["+49893193751"],"brand":{"wikidata":null,"names":{"primary":null,"common":null,"rules":null}},"addresses":[{"freeform":"Schleißheimer Straße 502","locality":"München","postcode":"80933","region":null,"country":"DE"}],"names":{"primary":"Sofra","common":null,"rules":null},"sources":[{"property":"","dataset":"meta","license":"CDLA-Permissive-2.0","record_id":"104165949676848","update_time":"2026-07-02T00:00:00.000Z","confidence":0.33756738901138306,"between":null},{"property":"/properties/confidence","dataset":"Overture","license":"CDLA-Permissive-2.0","record_id":null,"update_time":"2026-07-14T20:34:55Z","confidence":null,"between":null}],"basic_category":"restaurant","taxonomy":{"primary":"turkish_restaurant","hierarchy":["food_and_drink","restaurant","middle_eastern_restaurant","turkish_restaurant"],"alternates":null},"version":1}},
{"id":"563e6615-733d-4610-9969-9eec9a442384","type":"Feature","geometry":{"type":"Point","coordinates":[11.56408746721,48.211877868264]},"properties":{"categories":{"primary":"community_center","alternate":["senior_citizen_services"]},"confidence":0.5582348108291626,"socials":["https://www.facebook.com/541922552887899"],"brand":{"wikidata":null,"names":{"primary":null,"common":null,"rules":null}},"addresses":[{"freeform":null,"locality":"München","postcode":null,"region":null,"country":"DE"}],"names":{"primary":"munichen","common":null,"rules":null},"sources":[{"property":"","dataset":"meta","license":"CDLA-Permissive-2.0","record_id":"541922552887899","update_time":"2026-07-02T00:00:00.000Z","confidence":0.5582348108291626,"between":null},{"property":"/properties/confidence","dataset":"Overture","license":"CDLA-Permissive-2.0","record_id":null,"update_time":"2026-07-14T20:34:55Z","confidence":null,"between":null}],"basic_category":"community_center","taxonomy":{"primary":"community_center","hierarchy":["community_and_government","social_or_community_service","community_center"],"alternates":null},"version":8}},
{"id":"be54b6a4-a901-4e40-ba4d-794809e14088","type":"Feature","geometry":{"type":"Point","coordinates":[11.563008009999999,48.21159805]},"properties":{"categories":{"primary":"bar","alternate":["brewery","pub"]},"confidence":0.5380194187164307,"emails":["reza-barathustra@gmx.de"],"socials":["https://www.facebook.com/308672575828705"],"brand":{"wikidata":null,"names":{"primary":null,"common":null,"rules":null}},"addresses":[{"freeform":"Felsennelkenanger 17","locality":"München","postcode":"80937","region":null,"country":"DE"}],"names":{"primary":"Barathustra","common":null,"rules":null},"sources":[{"property":"","dataset":"meta","license":"CDLA-Permissive-2.0","record_id":"308672575828705","update_time":"2026-07-02T00:00:00.000Z","confidence":0.5380194187164307,"between":null},{"property":"/properties/confidence","dataset":"Overture","license":"CDLA-Permissive-2.0","record_id":null,"update_time":"2026-07-14T20:34:55Z","confidence":null,"between":null}],"basic_category":"bar","taxonomy":{"primary":"bar","hierarchy":["food_and_drink","alcoholic_beverage_venue","bar"],"alternates":null},"version":1}},
{"id":"57d8c4a5-61fc-4fff-8588-838ee97f5f51","type":"Feature","geometry":{"type":"Point","coordinates":[11.56649403,48.21206395]},"properties":{"categories":{"primary":"social_service_organizations","alternate":["community_services_non_profits","public_and_government_association"]},"confidence":0.37656909227371216,"socials":["https://www.facebook.com/555613611456986"],"brand":{"wikidata":null,"names":{"primary":null,"common":null,"rules":null}},"addresses":[{"freeform":"Graslilienanger 3","locality":"München","postcode":"80937","region":null,"country":"DE"}],"names":{"primary":"Verein zur Förderung der Grundschulkinder an der Nordhaide","common":null,"rules":null},"sources":[{"property":"","dataset":"meta","license":"CDLA-Permissive-2.0","record_id":"555613611456986","update_time":"2026-07-02T00:00:00.000Z","confidence":0.37656909227371216,"between":null},{"property":"/properties/confidence","dataset":"Overture","license":"CDLA-Permissive-2.0","record_id":null,"update_time":"2026-07-14T20:34:55Z","confidence":null,"between":null}],"basic_category":"social_or_community_service","taxonomy":{"primary":"social_or_community_service","hierarchy":["community_and_government","social_or_community_service"],"alternates":null},"version":1}},
{"id":"b9d2f8da-1430-4206-8da4-758a0a62f9af","type":"Feature","geometry":{"type":"Point","coordinates":[11.566640643069555,48.21209680809868]},"properties":{"categories":{"primary":"automotive_services_and_repair","alternate":null},"confidence":0.77,"websites":["http://www.digitalisierungs-service.de"],"emails":["mail@digitalisierungs-service.de"],"phones":["089 97897706"],"addresses":[{"freeform":"Graslilienanger 3","locality":"München","postcode":"80937","region":"Bayern","country":"DE"}],"names":{"primary":"Digitalisierungs-Service Andreas Ortner","common":null,"rules":null},"sources":[{"property":"","dataset":"Foursquare","license":"Apache-2.0","record_id":"430742834fa347d9168ba464","update_time":"2025-07-21T00:00:00.000","confidence":0.77,"between":null},{"property":"/properties/confidence","dataset":"Overture","license":"CDLA-Permissive-2.0","record_id":null,"update_time":"2026-07-14T20:34:55Z","confidence":null,"between":null}],"basic_category":"vehicle_service","taxonomy":{"primary":"automotive_service","hierarchy":["travel_and_transportation","vehicle_service","automotive_service"],"alternates":null},"version":5}},
{"id":"d3ab55ef-208c-4146-90a0-e41685d37a16","type":"Feature","geometry":{"type":"Point","coordinates":[11.56767148,48.21262108]},"properties":{"categories":{"primary":"professional_services","alternate":["art_restoration"]},"confidence":0.3080487847328186,"websites":["http://bugks.com"],"socials":["https://www.facebook.com/190714054770217"],"phones":["+4915119359622"],"brand":{"wikidata":null,"names":{"primary":null,"common":null,"rules":null}},"addresses":[{"freeform":"Frauenmantelanger 48","locality":"München","postcode":"80937","region":null,"country":"DE"}],"names":{"primary":"kai schlender","common":null,"rules":null},"sources":[{"property":"","dataset":"meta","license":"CDLA-Permissive-2.0","record_id":"190714054770217","update_time":"2026-07-02T00:00:00.000Z","confidence":0.3080487847328186,"between":null},{"property":"/properties/confidence","dataset":"Overture","license":"CDLA-Permissive-2.0","record_id":null,"update_time":"2026-07-14T20:34:55Z","confidence":null,"between":null}],"basic_category":"professional_service","taxonomy":{"primary":"professional_service","hierarchy":["services_and_business","professional_service"],"alternates":null},"version":1}},
{"id":"9e4464d9-f80a-4df3-8735-40d98f88d348","type":"Feature","geometry":{"type":"Point","coordinates":[11.56655911,48.21279137]},"properties":{"confidence":0.9655,"websites":["https://nguyen-thi-thao-nguyen.ergo.de/"],"phones":[""],"addresses":[{"freeform":"Graslilienanger 16","locality":"München","postcode":"80937","region":"Bavaria","country":"DE"}],"names":{"primary":"Nguyen Thi Thao Nguyen - ERGO Pro","common":null,"rules":null},"sources":[{"property":"","dataset":"Microsoft","license":"CDLA-Permissive-2.0","record_id":"1407374889729608","update_time":"2025-05-22T12:31:52.960Z","confidence":0.85,"between":null},{"property":"/properties/confidence","dataset":"Overture","license":"CDLA-Permissive-2.0","record_id":null,"update_time":"2026-07-14T20:34:55Z","confidence":null,"between":null}],"version":6}},
{"id":"416d0d90-5bef-472d-93ec-114c6db38974","type":"Feature","geometry":{"type":"Point","coordinates":[11.566658649138,48.213193973704]},"properties":{"categories":{"primary":"park","alternate":["active_life","arts_and_entertainment"]},"confidence":0.7121067643165588,"websites":["http://de.wikipedia.org/wiki/Panzerwiese"],"socials":["https://www.facebook.com/166081910072904"],"brand":{"wikidata":null,"names":{"primary":null,"common":null,"rules":null}},"addresses":[{"freeform":null,"locality":"München","postcode":null,"region":null,"country":"DE"}],"names":{"primary":"Panzerwiese","common":null,"rules":null},"sources":[{"property":"","dataset":"meta","license":"CDLA-Permissive-2.0","record_id":"166081910072904","update_time":"2026-07-02T00:00:00.000Z","confidence":0.7121067643165588,"between":null},{"property":"/properties/confidence","dataset":"Overture","license":"CDLA-Permissive-2.0","record_id":null,"update_time":"2026-07-14T20:34:55Z","confidence":null,"between":null}],"basic_category":"park","taxonomy":{"primary":"park","hierarchy":["sports_and_recreation","park"],"alternates":null},"version":1}},
{"id":"a5d75a2d-c93f-4c8c-88a8-7180f3e50838","type":"Feature","geometry":{"type":"Point","coordinates":[11.56469,48.2138]},"properties":{"categories":{"primary":"community_services_non_profits","alternate":["attractions_and_activities"]},"confidence":0.5316556692123413,"emails":["bazabana_kongo_hilfsinitiative@yahoo.fr"],"socials":["https://www.facebook.com/972129939502935"],"phones":["+4917663847271"],"brand":{"wikidata":null,"names":{"primary":null,"common":null,"rules":null}},"addresses":[{"freeform":"Fingerkrautanger 17","locality":"München","postcode":"80937","region":null,"country":"DE"}],"names":{"primary":"Bazabana Kongo-Hilfsinitiative e.V. ONGD","common":null,"rules":null},"sources":[{"property":"","dataset":"meta","license":"CDLA-Permissive-2.0","record_id":"972129939502935","update_time":"2026-07-02T00:00:00.000Z","confidence":0.5316556692123413,"between":null},{"property":"/properties/confidence","dataset":"Overture","license":"CDLA-Permissive-2.0","record_id":null,"update_time":"2026-07-14T20:34:55Z","confidence":null,"between":null}],"basic_category":"social_or_community_service","taxonomy":{"primary":"social_or_community_service","hierarchy":["community_and_government","social_or_community_service"],"alternates":null},"version":1}},
{"id":"f6868522-ef7b-481a-878c-5dbf67bf27ec","type":"Feature","geometry":{"type":"Point","coordinates":[11.563425912606567,48.213342528841096]},"properties":{"categories":{"primary":"eat_and_drink","alternate":null},"confidence":0.77,"websites":["https://www.mira-einkaufszentrum.de/shops/lokos-doener"],"phones":["089 37157000"],"addresses":[{"freeform":"Schleißheimer Str. 506","locality":"München","postcode":"80933","region":"Bayern","country":"DE"}],"names":{"primary":"Lokos Döner","common":null,"rules":null},"sources":[{"property":"","dataset":"Foursquare","license":"Apache-2.0","record_id":"ef8a149013df426367b7cc45","update_time":"2025-10-18T00:00:00.000","confidence":0.77,"between":null},{"property":"/properties/confidence","dataset":"Overture","license":"CDLA-Permissive-2.0","record_id":null,"update_time":"2026-07-14T20:34:55Z","confidence":null,"between":null}],"taxonomy":{"primary":"food_and_drink","hierarchy":["food_and_drink"],"alternates":null},"version":3}},
{"id":"e47c7d0c-d9fc-42e0-aeb4-a13837709e20","type":"Feature","geometry":{"type":"Point","coordinates":[11.56329211,48.2131591]},"properties":{"categories":{"primary":"thai_restaurant","alternate":["asian_restaurant","restaurant"]},"confidence":0.9933008992671967,"websites":["https://g.co/kgs/E9q2Zx"],"socials":["https://www.facebook.com/110407341795269"],"phones":["+491628240336"],"brand":{"wikidata":null,"names":{"primary":null,"common":null,"rules":null}},"addresses":[{"freeform":"Schleißheimer Straße 506","locality":"München","postcode":"80933","region":null,"country":"DE"}],"names":{"primary":"Thai Curry","common":null,"rules":null},"sources":[{"property":"","dataset":"meta","license":"CDLA-Permissive-2.0","record_id":"110407341795269","update_time":"2026-07-02T00:00:00.000Z","confidence":0.9708734750747681,"between":null},{"property":"/properties/confidence","dataset":"Overture","license":"CDLA-Permissive-2.0","record_id":null,"update_time":"2026-07-14T20:34:55Z","confidence":null,"between":null}],"basic_category":"restaurant","taxonomy":{"primary":"thai_restaurant","hierarchy":["food_and_drink","restaurant","asian_restaurant","southeast_asian_restaurant","thai_restaurant"],"alternates":null},"version":9}},
{"id":"494c1990-d718-4475-a455-3bc56f4a82c6","type":"Feature","geometry":{"type":"Point","coordinates":[11.56294649,48.21330348]},"properties":{"categories":{"primary":"pharmacy","alternate":["cosmetic_and_beauty_supplies","retail"]},"confidence":0.9996129991710186,"websites":["https://www.dm.de/store/d1e6/muenchen/schleissheimer-strasse-506"],"emails":["servicecenter@dm.de"],"socials":["https://www.facebook.com/787096168115440"],"phones":["+498937066761"],"brand":{"wikidata":null,"names":{"primary":"dm-drogerie markt Deutschland","common":null,"rules":null}},"addresses":[{"freeform":"Schleißheimer Straße 506","locality":"München","postcode":"80933","region":null,"country":"DE"}],"names":{"primary":"dm-drogerie markt Deutschland","common":null,"rules":null},"sources":[{"property":"","dataset":"meta","license":"CDLA-Permissive-2.0","record_id":"787096168115440","update_time":"2026-07-02T00:00:00.000Z","confidence":0.9887825846672058,"between":null},{"property":"/properties/confidence","dataset":"Overture","license":"CDLA-Permissive-2.0","record_id":null,"update_time":"2026-07-14T20:34:55Z","confidence":null,"between":null}],"basic_category":"pharmacy_and_drug_store","taxonomy":{"primary":"pharmacy","hierarchy":["shopping","specialty_store","pharmacy_and_drug_store","pharmacy"],"alternates":null},"version":7}},
{"id":"c4f5d434-9f77-4bfc-ab93-8391ca6a14d1","type":"Feature","geometry":{"type":"Point","coordinates":[11.56296738,48.21330953]},"properties":{"categories":{"primary":"parking","alternate":null},"confidence":0.9997325530767441,"websites":["https://www.park-one.com/standorte/muenchen/mira/"],"emails":["mira@park-one.com"],"socials":["https://www.facebook.com/509071572763704"],"phones":["+4921818190290"],"brand":{"wikidata":null,"names":{"primary":"Park One","common":null,"rules":null}},"addresses":[{"freeform":"Schleißheimer Straße 506","locality":"München","postcode":"80933","region":null,"country":"DE"}],"names":{"primary":"PARK ONE MIRA Einkaufszentrum","common":null,"rules":null},"sources":[{"property":"","dataset":"meta","license":"CDLA-Permissive-2.0","record_id":"509071572763704","update_time":"2026-07-02T00:00:00.000Z","confidence":0.9612395763397217,"between":null},{"property":"/properties/confidence","dataset":"Overture","license":"CDLA-Permissive-2.0","record_id":null,"update_time":"2026-07-14T20:34:55Z","confidence":null,"between":null}],"basic_category":"parking","taxonomy":{"primary":"parking","hierarchy":["travel_and_transportation","parking"],"alternates":null},"version":8}},
{"id":"ef425ef9-19c8-43d1-b38f-4b56598c6396","type":"Feature","geometry":{"type":"Point","coordinates":[11.563094050704493,48.21326367803309]},"properties":{"categories":{"primary":"clothing_store","alternate":null},"confidence":0.77,"websites":["https://www.madonna.eu"],"phones":["089 37066722"],"addresses":[{"freeform":"Schleißheimer Straße 506","locality":"München","postcode":"80933","region":"Bayern","country":"DE"}],"names":{"primary":"Madonna","common":null,"rules":null},"sources":[{"property":"","dataset":"Foursquare","license":"Apache-2.0","record_id":"10a9558e0870457b7b53f858","update_time":"2025-07-25T00:00:00.000","confidence":0.77,"between":null},{"property":"/properties/confidence","dataset":"Overture","license":"CDLA-Permissive-2.0","record_id":null,"update_time":"2026-07-14T20:34:55Z","confidence":null,"between":null}],"basic_category":"fashion_and_apparel_store","taxonomy":{"primary":"clothing_store","hierarchy":["shopping","fashion_and_apparel_store","clothing_store"],"alternates":null},"version":5}},
{"id":"3b1e4ca9-a063-4da4-addb-c2d12bc349fc","type":"Feature","geometry":{"type":"Point","coordinates":[11.56302943,48.21395068]},"properties":{"categories":{"primary":"school","alternate":null},"confidence":0.743654727935791,"websites":["https://www.muenchen.de/rathaus/Stadtverwaltung/baureferat/projekte/berufliches_schulzentrum_nordhaide.html"],"socials":["https://www.facebook.com/1720946421525731"],"brand":{"wikidata":null,"names":{"primary":null,"common":null,"rules":null}},"addresses":[{"freeform":"Schleißheimer Straße 510","locality":"München","postcode":"80933","region":null,"country":"DE"}],"names":{"primary":"Schulzentrum Nordhaide","common":null,"rules":null},"sources":[{"property":"","dataset":"meta","license":"CDLA-Permissive-2.0","record_id":"1720946421525731","update_time":"2026-07-02T00:00:00.000Z","confidence":0.743654727935791,"between":null},{"property":"/properties/confidence","dataset":"Overture","license":"CDLA-Permissive-2.0","record_id":null,"update_time":"2026-07-14T20:34:55Z","confidence":null,"between":null}],"basic_category":"place_of_learning","taxonomy":{"primary":"school","hierarchy":["education","place_of_learning","school"],"alternates":null},"version":11}},
{"id":"65d046c2-00db-4bb1-a9fe-616c67c79828","type":"Feature","geometry":{"type":"Point","coordinates":[11.56305813,48.21394127]},"properties":{"categories":{"primary":"school","alternate":["high_school"]},"confidence":0.9259735941886902,"websites":["http://bos-wirtschaft-muenchen.de/"],"emails":["bos-wirtschaft@muenchen.de"],"socials":["https://www.facebook.com/1628361117438974"],"phones":["+498923366140"],"brand":{"wikidata":null,"names":{"primary":null,"common":null,"rules":null}},"addresses":[{"freeform":"Schleißheimer Straße 510","locality":"München","postcode":"80933","region":null,"country":"DE"}],"names":{"primary":"Städtische Robert-Bosch-Fachoberschule Wirtschaft","common":null,"rules":null},"sources":[{"property":"","dataset":"meta","license":"CDLA-Permissive-2.0","record_id":"1628361117438974","update_time":"2026-07-02T00:00:00.000Z","confidence":0.9259735941886902,"between":null},{"property":"/properties/confidence","dataset":"Overture","license":"CDLA-Permissive-2.0","record_id":null,"update_time":"2026-07-14T20:34:55Z","confidence":null,"between":null}],"basic_category":"place_of_learning","taxonomy":{"primary":"school","hierarchy":["education","place_of_learning","school"],"alternates":null},"version":10}},
{"id":"b94712c2-4f4c-4075-86f9-56aa157c2132","type":"Feature","geometry":{"type":"Point","coordinates":[11.56292654,48.21397095]},"properties":{"categories":{"primary":"school","alternate":["education"]},"confidence":0.49999868869781494,"socials":["https://www.facebook.com/2227250740837361"],"phones":["+498923366100"],"brand":{"wikidata":null,"names":{"primary":null,"common":null,"rules":null}},"addresses":[{"freeform":"Schleißheimer Straße 510","locality":"München","postcode":"80933","region":null,"country":"DE"}],"names":{"primary":"Urban Nelson Mandela Professional School","common":null,"rules":null},"sources":[{"property":"","dataset":"meta","license":"CDLA-Permissive-2.0","record_id":"2227250740837361","update_time":"2026-07-02T00:00:00.000Z","confidence":0.49999868869781494,"between":null},{"property":"/properties/confidence","dataset":"Overture","license":"CDLA-Permissive-2.0","record_id":null,"update_time":"2026-07-14T20:34:55Z","confidence":null,"between":null}],"basic_category":"place_of_learning","taxonomy":{"primary":"school","hierarchy":["education","place_of_learning","school"],"alternates":null},"version":10}},
{"id":"709fdeef-9e44-4dea-90ab-2d9a8b4f1454","type":"Feature","geometry":{"type":"Point","coordinates":[11.561204163788993,48.21388025673723]},"properties":{"confidence":0.9056714922189713,"websites":["https://www.schuelerhilfe.de/nachhilfe/muenchen-hasenbergl"],"phones":["08990406846"],"addresses":[{"freeform":"Harpprechtstr. 11","locality":"München","postcode":"80933","region":"Bavaria","country":"DE"}],"names":{"primary":"Schülerhilfe Nachhilfe München-Hasenbergl","common":null,"rules":null},"sources":[{"property":"","dataset":"Microsoft","license":"CDLA-Permissive-2.0","record_id":"562949966081487","update_time":"2025-10-10T13:06:56.487Z","confidence":0.85,"between":null},{"property":"/properties/confidence","dataset":"Overture","license":"CDLA-Permissive-2.0","record_id":null,"update_time":"2026-07-14T20:34:55Z","confidence":null,"between":null}],"version":9}},
{"id":"19636138-eb14-4339-a6b7-aad670e1c1f2","type":"Feature","geometry":{"type":"Point","coordinates":[11.56028322198469,48.21441056859284]},"properties":{"categories":{"primary":"accommodation","alternate":null},"confidence":0.7461129426956177,"socials":["https://www.facebook.com/262667420427070"],"brand":{"wikidata":null,"names":{"primary":null,"common":null,"rules":null}},"addresses":[{"freeform":"Linkstraße","locality":"München","postcode":"80933","region":null,"country":"DE"}],"names":{"primary":"Linkstraße München","common":null,"rules":null},"sources":[{"property":"","dataset":"meta","license":"CDLA-Permissive-2.0","record_id":"262667420427070","update_time":"2026-07-02T00:00:00.000Z","confidence":0.7461129426956177,"between":null},{"property":"/properties/confidence","dataset":"Overture","license":"CDLA-Permissive-2.0","record_id":null,"update_time":"2026-07-14T20:34:55Z","confidence":null,"between":null}],"basic_category":"lodging","taxonomy":{"primary":"lodging","hierarchy":["lodging"],"alternates":null},"version":11}},
{"id":"b19c447f-8aaf-46c2-9df0-cd20a5704547","type":"Feature","geometry":{"type":"Point","coordinates":[11.5612005,48.2142754]},"properties":{"confidence":0.85,"websites":["https://www.friends-umzuege.de/"],"phones":["017670874548"],"addresses":[{"freeform":"Harpprechtstr. 7","locality":"München","postcode":"80933","region":"Bavaria","country":"DE"}],"names":{"primary":"Friends Umzüge","common":null,"rules":null},"sources":[{"property":"","dataset":"Microsoft","license":"CDLA-Permissive-2.0","record_id":"844424934842723","update_time":"2025-09-23T12:43:09.130Z","confidence":0.85,"between":null},{"property":"/properties/confidence","dataset":"Overture","license":"CDLA-Permissive-2.0","record_id":null,"update_time":"2026-07-14T20:34:55Z","confidence":null,"between":null}],"version":2}},
{"id":"d5193294-6b6c-4ee3-8b9a-75343c3ee9eb","type":"Feature","geometry":{"type":"Point","coordinates":[11.56181,48.215443]},"properties":{"categories":{"primary":"childrens_clothing_store","alternate":["shopping","clothing_store"]},"confidence":0.5337541103363037,"websites":["http://www.ernstings-family.de/"],"socials":["https://www.facebook.com/212491975505237"],"phones":["+491805833033"],"brand":{"wikidata":null,"names":{"primary":null,"common":null,"rules":null}},"addresses":[{"freeform":"Schleißheimer Straße 506","locality":"München","postcode":"80933","region":null,"country":"DE"}],"names":{"primary":"Ernsting's family München, Schleißheimer Straße 506","common":null,"rules":null},"sources":[{"property":"","dataset":"meta","license":"CDLA-Permissive-2.0","record_id":"212491975505237","update_time":"2026-07-02T00:00:00.000Z","confidence":0.5337541103363037,"between":null},{"property":"/properties/confidence","dataset":"Overture","license":"CDLA-Permissive-2.0","record_id":null,"update_time":"2026-07-14T20:34:55Z","confidence":null,"between":null}],"basic_category":"fashion_and_apparel_store","taxonomy":{"primary":"childrens_clothing_store","hierarchy":["shopping","fashion_and_apparel_store","clothing_store","childrens_clothing_store"],"alternates":null},"version":2}}]}