{"_hinweis": "Unveraenderte Features der echten Overture-Antwort vom 2026-08-04 (CLI-Download, bbox Marienplatz), Teilmenge: nur Gastro-Kategorien im 600-m-Umkreis von 48.1334, 11.5674.", "type": "FeatureCollection", "features": [{"id": "03da94fc-2332-4175-a162-d9cef3769e39", "type": "Feature", "geometry": {"type": "Point", "coordinates": [11.56156138, 48.13089237]}, "properties": {"categories": {"primary": "cocktail_bar", "alternate": ["bar", "italian_restaurant"]}, "confidence": 0.9990864208340645, "websites": ["http://www.cocoon-pinsabar.de/"], "emails": ["pinsabar@cocoon-hotels.de"], "socials": ["https://www.facebook.com/103025072688834"], "phones": ["+498932971635"], "brand": {"wikidata": null, "names": {"primary": null, "common": null, "rules": null}}, "addresses": [{"freeform": "Lindwurmstraße 37", "locality": "München", "postcode": "80337", "region": null, "country": "DE"}], "names": {"primary": "Cocoon Pinsa & Bar", "common": null, "rules": null}, "sources": [{"property": "", "dataset": "meta", "license": "CDLA-Permissive-2.0", "record_id": "103025072688834", "update_time": "2026-07-02T00:00:00.000Z", "confidence": 0.9735194444656372, "between": null}, {"property": "/properties/confidence", "dataset": "Overture", "license": "CDLA-Permissive-2.0", "record_id": null, "update_time": "2026-07-14T20:34:55Z", "confidence": null, "between": null}], "basic_category": "bar", "taxonomy": {"primary": "cocktail_bar", "hierarchy": ["food_and_drink", "alcoholic_beverage_venue", "bar", "cocktail_bar"], "alternates": null}, "version": 10}}, {"id": "0b6152a7-b6a0-483e-b8a9-800afd01be63", "type": "Feature", "geometry": {"type": "Point", "coordinates": [11.561482647268807, 48.13091737157062]}, "properties": {"categories": {"primary": "bar", "alternate": ["arts_and_entertainment", "beer_garden"]}, "confidence": 0.9570796489715576, "emails": ["littleodessamunich@googlemail.com"], "socials": ["https://www.facebook.com/131098893638678"], "phones": ["+4917680176105"], "brand": {"wikidata": null, "names": {"primary": null, "common": null, "rules": null}}, "addresses": [{"freeform": "Tumblingerstraße 16", "locality": "München", "postcode": "80337", "region": null, "country": "DE"}], "names": {"primary": "Das Provisorium", "common": null, "rules": null}, "sources": [{"property": "", "dataset": "meta", "license": "CDLA-Permissive-2.0", "record_id": "131098893638678", "update_time": "2026-07-02T00:00:00.000Z", "confidence": 0.9570796489715576, "between": null}, {"property": "/properties/confidence", "dataset": "Overture", "license": "CDLA-Permissive-2.0", "record_id": null, "update_time": "2026-07-14T20:34:55Z", "confidence": null, "between": null}], "basic_category": "bar", "taxonomy": {"primary": "bar", "hierarchy": ["food_and_drink", "alcoholic_beverage_venue", "bar"], "alternates": null}, "version": 10}}, {"id": "60549074-74a1-4986-bbf3-1ae5902a6946", "type": "Feature", "geometry": {"type": "Point", "coordinates": [11.5617447, 48.13094782]}, "properties": {"categories": {"primary": "hotel", "alternate": ["accommodation", "bar"]}, "confidence": 0.9993962485194207, "websites": ["https://cocoon-hotels.de/de/cocoon-sendlinger-tor/"], "emails": ["sendlingertor@cocoon-hotels.de"], "socials": ["https://www.facebook.com/861447870671908"], "phones": ["+498959993907"], "brand": {"wikidata": null, "names": {"primary": "Cocoon Hotels", "common": null, "rules": null}}, "addresses": [{"freeform": "Lindwurmstraße 35", "locality": "München", "postcode": "80337", "region": null, "country": "DE"}], "names": {"primary": "Hotel Cocoon Sendlinger Tor", "common": null, "rules": null}, "sources": [{"property": "", "dataset": "meta", "license": "CDLA-Permissive-2.0", "record_id": "861447870671908", "update_time": "2026-07-02T00:00:00.000Z", "confidence": 0.9824999570846558, "between": null}, {"property": "/properties/confidence", "dataset": "Overture", "license": "CDLA-Permissive-2.0", "record_id": null, "update_time": "2026-07-14T20:34:55Z", "confidence": null, "between": null}], "basic_category": "hotel", "taxonomy": {"primary": "hotel", "hierarchy": ["lodging", "hotel"], "alternates": null}, "version": 9}}, {"id": "a8caeb3b-2ee9-44ae-bdda-9bef60a82afd", "type": "Feature", "geometry": {"type": "Point", "coordinates": [11.56209481, 48.13109984]}, "properties": {"categories": {"primary": "mediterranean_restaurant", "alternate": ["bar_and_grill_restaurant", "bar"]}, "confidence": 0.9709481000900269, "websites": ["http://www.icon-muc.de/"], "emails": ["info@icon-muc.de"], "socials": ["https://www.facebook.com/106038992597492"], "phones": ["+4915231932374"], "brand": {"wikidata": null, "names": {"primary": null, "common": null, "rules": null}}, "addresses": [{"freeform": "Lindwurmstraße 31", "locality": "München", "postcode": "80337", "region": null, "country": "DE"}], "names": {"primary": "ICON Restaurant Lounge Bar & More", "common": null, "rules": null}, "sources": [{"property": "", "dataset": "meta", "license": "CDLA-Permissive-2.0", "record_id": "106038992597492", "update_time": "2026-07-02T00:00:00.000Z", "confidence": 0.9709481000900269, "between": null}, {"property": "/properties/confidence", "dataset": "Overture", "license": "CDLA-Permissive-2.0", "record_id": null, "update_time": "2026-07-14T20:34:55Z", "confidence": null, "between": null}], "basic_category": "restaurant", "taxonomy": {"primary": "mediterranean_restaurant", "hierarchy": ["food_and_drink", "restaurant", "european_restaurant", "mediterranean_restaurant"], "alternates": null}, "version": 8}}, {"id": "e9f0e96f-dbb1-4f5d-ba29-b48ee4383432", "type": "Feature", "geometry": {"type": "Point", "coordinates": [11.562203, 48.131147]}, "properties": {"categories": {"primary": "hookah_bar", "alternate": ["bar", "arts_and_entertainment"]}, "confidence": 0.2856140434741974, "socials": ["https://www.facebook.com/369019136524101"], "phones": ["+4917685666662"], "brand": {"wikidata": null, "names": {"primary": null, "common": null, "rules": null}}, "addresses": [{"freeform": "Lindwurmstraße 31", "locality": "München", "postcode": "80337", "region": null, "country": "DE"}], "names": {"primary": "Mechito's", "common": null, "rules": null}, "sources": [{"property": "", "dataset": "meta", "license": "CDLA-Permissive-2.0", "record_id": "369019136524101", "update_time": "2026-07-02T00:00:00.000Z", "confidence": 0.2856140434741974, "between": null}, {"property": "/properties/confidence", "dataset": "Overture", "license": "CDLA-Permissive-2.0", "record_id": null, "update_time": "2026-07-14T20:34:55Z", "confidence": null, "between": null}], "basic_category": "bar", "taxonomy": {"primary": "hookah_bar", "hierarchy": ["food_and_drink", "alcoholic_beverage_venue", "bar", "hookah_bar"], "alternates": null}, "version": 9}}, {"id": "230b6688-a101-40f8-aa84-a0a1c41f4fa7", "type": "Feature", "geometry": {"type": "Point", "coordinates": [11.562651, 48.130488]}, "properties": {"categories": {"primary": "cafe", "alternate": null}, "confidence": 0.77, "websites": ["http://www.rothmundcafe.de"], "phones": ["089 535015"], "addresses": [{"freeform": "Rothmundstr. 5", "locality": "München", "postcode": "80337", "region": "Bayern", "country": "DE"}], "names": {"primary": "Café Rothmund", "common": null, "rules": null}, "sources": [{"property": "", "dataset": "Foursquare", "license": "Apache-2.0", "record_id": "4b067f88f964a5205fec22e3", "update_time": "2025-10-23T00:00:00.000", "confidence": 0.77, "between": null}, {"property": "/properties/confidence", "dataset": "Overture", "license": "CDLA-Permissive-2.0", "record_id": null, "update_time": "2026-07-14T20:34:55Z", "confidence": null, "between": null}], "basic_category": "cafe", "taxonomy": {"primary": "cafe", "hierarchy": ["food_and_drink", "casual_eatery", "cafe"], "alternates": null}, "version": 2}}, {"id": "fe4d15d8-5068-4205-9eef-855067790b01", "type": "Feature", "geometry": {"type": "Point", "coordinates": [11.56265306, 48.13065667]}, "properties": {"categories": {"primary": "italian_restaurant", "alternate": ["european_restaurant", "mediterranean_restaurant"]}, "confidence": 0.9984878623485565, "websites": ["http://www.viva-maria.de"], "emails": ["betriebsleiter@viva-maria.de"], "socials": ["https://www.facebook.com/249596418493461"], "phones": ["+4989535015"], "brand": {"wikidata": null, "names": {"primary": null, "common": null, "rules": null}}, "addresses": [{"freeform": "Rothmundstraße 5", "locality": "München", "postcode": "80337", "region": null, "country": "DE"}], "names": {"primary": "Viva Maria", "common": null, "rules": null}, "sources": [{"property": "", "dataset": "meta", "license": "CDLA-Permissive-2.0", "record_id": "249596418493461", "update_time": "2026-07-02T00:00:00.000Z", "confidence": 0.9934254884719849, "between": null}, {"property": "/properties/confidence", "dataset": "Overture", "license": "CDLA-Permissive-2.0", "record_id": null, "update_time": "2026-07-14T20:34:55Z", "confidence": null, "between": null}], "basic_category": "restaurant", "taxonomy": {"primary": "italian_restaurant", "hierarchy": ["food_and_drink", "restaurant", "european_restaurant", "mediterranean_restaurant", "italian_restaurant"], "alternates": null}, "version": 10}}, {"id": "32bbab90-6aca-46b2-aa0b-1e934e74f3c4", "type": "Feature", "geometry": {"type": "Point", "coordinates": [11.56251483, 48.13039807]}, "properties": {"categories": {"primary": "bar", "alternate": ["beer_bar"]}, "confidence": 0.30148881673812866, "emails": ["info@franzi.bar"], "socials": ["https://www.facebook.com/1099301523263700"], "phones": ["+4915256931418"], "brand": {"wikidata": null, "names": {"primary": null, "common": null, "rules": null}}, "addresses": [{"freeform": "Maistraße 10", "locality": "München", "postcode": "80337", "region": null, "country": "DE"}], "names": {"primary": "Franzi Bar & Bistro", "common": null, "rules": null}, "sources": [{"property": "", "dataset": "meta", "license": "CDLA-Permissive-2.0", "record_id": "1099301523263700", "update_time": "2026-07-02T00:00:00.000Z", "confidence": 0.30148881673812866, "between": null}, {"property": "/properties/confidence", "dataset": "Overture", "license": "CDLA-Permissive-2.0", "record_id": null, "update_time": "2026-07-14T20:34:55Z", "confidence": null, "between": null}], "basic_category": "bar", "taxonomy": {"primary": "bar", "hierarchy": ["food_and_drink", "alcoholic_beverage_venue", "bar"], "alternates": null}, "version": 1}}, {"id": "3e95b27d-2ee1-4e09-832e-d4278ff29f57", "type": "Feature", "geometry": {"type": "Point", "coordinates": [11.56245993, 48.13023446]}, "properties": {"categories": {"primary": "cafe", "alternate": ["bar", "coffee_shop"]}, "confidence": 0.9221845269203186, "emails": ["ioannispitoulis84@gmail.com"], "socials": ["https://www.facebook.com/184962678022745"], "phones": ["+491741688800"], "brand": {"wikidata": null, "names": {"primary": null, "common": null, "rules": null}}, "addresses": [{"freeform": "Maistraße 10", "locality": "München", "postcode": "80337", "region": null, "country": "DE"}], "names": {"primary": "SENSO.Cafe.bar", "common": null, "rules": null}, "sources": [{"property": "", "dataset": "meta", "license": "CDLA-Permissive-2.0", "record_id": "184962678022745", "update_time": "2026-07-02T00:00:00.000Z", "confidence": 0.9221845269203186, "between": null}, {"property": "/properties/confidence", "dataset": "Overture", "license": "CDLA-Permissive-2.0", "record_id": null, "update_time": "2026-07-14T20:34:55Z", "confidence": null, "between": null}], "basic_category": "cafe", "taxonomy": {"primary": "cafe", "hierarchy": ["food_and_drink", "casual_eatery", "cafe"], "alternates": null}, "version": 9}}, {"id": "c130618f-febe-4a81-aa18-0ac512e3cd9e", "type": "Feature", "geometry": {"type": "Point", "coordinates": [11.56258058, 48.13127558]}, "properties": {"categories": {"primary": "caterer", "alternate": ["personal_chef", "restaurant"]}, "confidence": 0.5665110349655151, "websites": ["http://www.ever.kitchen/"], "emails": ["contact@ever.kitchen"], "socials": ["https://www.facebook.com/1591085134325776"], "phones": ["+4989212317518"], "brand": {"wikidata": null, "names": {"primary": null, "common": null, "rules": null}}, "addresses": [{"freeform": "Lindwurmstraße 27", "locality": "München", "postcode": "80337", "region": null, "country": "DE"}], "names": {"primary": "Everkitchen", "common": null, "rules": null}, "sources": [{"property": "", "dataset": "meta", "license": "CDLA-Permissive-2.0", "record_id": "1591085134325776", "update_time": "2026-07-02T00:00:00.000Z", "confidence": 0.5665110349655151, "between": null}, {"property": "/properties/confidence", "dataset": "Overture", "license": "CDLA-Permissive-2.0", "record_id": null, "update_time": "2026-07-14T20:34:55Z", "confidence": null, "between": null}], "basic_category": "event_or_party_service", "taxonomy": {"primary": "caterer", "hierarchy": ["services_and_business", "event_or_party_service", "caterer"], "alternates": null}, "version": 8}}, {"id": "1fb4b976-fd59-4a4c-849b-d84419398af6", "type": "Feature", "geometry": {"type": "Point", "coordinates": [11.5626047, 48.13138142]}, "properties": {"categories": {"primary": "cafe", "alternate": ["bar", "gastropub"]}, "confidence": 0.9339699745178223, "socials": ["https://www.facebook.com/164937890185582"], "phones": ["+4917676554820"], "brand": {"wikidata": null, "names": {"primary": null, "common": null, "rules": null}}, "addresses": [{"freeform": "Lindwurmstraße 25", "locality": "München", "postcode": "80337", "region": null, "country": "DE"}], "names": {"primary": "Cafe Bar Tribu", "common": null, "rules": null}, "sources": [{"property": "", "dataset": "meta", "license": "CDLA-Permissive-2.0", "record_id": "164937890185582", "update_time": "2026-07-02T00:00:00.000Z", "confidence": 0.9339699745178223, "between": null}, {"property": "/properties/confidence", "dataset": "Overture", "license": "CDLA-Permissive-2.0", "record_id": null, "update_time": "2026-07-14T20:34:55Z", "confidence": null, "between": null}], "basic_category": "cafe", "taxonomy": {"primary": "cafe", "hierarchy": ["food_and_drink", "casual_eatery", "cafe"], "alternates": null}, "version": 8}}, {"id": "2aab0a64-9e38-4b7b-a57c-d4a64f955bcd", "type": "Feature", "geometry": {"type": "Point", "coordinates": [11.56352673, 48.13478763]}, "properties": {"categories": {"primary": "italian_restaurant", "alternate": ["mediterranean_restaurant", "european_restaurant"]}, "confidence": 0.9979248034954071, "websites": ["http://www.lavecchiamasseria.de/"], "emails": ["info@lavecchiamasseria.de"], "socials": ["https://www.facebook.com/108259050891427"], "phones": ["+49895509090"], "brand": {"wikidata": null, "names": {"primary": null, "common": null, "rules": null}}, "addresses": [{"freeform": "Mathildenstraße 3", "locality": "München", "postcode": "80336", "region": null, "country": "DE"}], "names": {"primary": "La Vecchia Masseria", "common": null, "rules": null}, "sources": [{"property": "", "dataset": "meta", "license": "CDLA-Permissive-2.0", "record_id": "108259050891427", "update_time": "2026-07-02T00:00:00.000Z", "confidence": 0.99097740650177, "between": null}, {"property": "/properties/confidence", "dataset": "Overture", "license": "CDLA-Permissive-2.0", "record_id": null, "update_time": "2026-07-14T20:34:55Z", "confidence": null, "between": null}], "basic_category": "restaurant", "taxonomy": {"primary": "italian_restaurant", "hierarchy": ["food_and_drink", "restaurant", "european_restaurant", "mediterranean_restaurant", "italian_restaurant"], "alternates": null}, "version": 10}}, {"id": "0901bf40-db86-4498-a9bb-39b77dcd33b3", "type": "Feature", "geometry": {"type": "Point", "coordinates": [11.56333109, 48.13171212]}, "properties": {"categories": {"primary": "asian_restaurant", "alternate": ["thai_restaurant", "vietnamese_restaurant"]}, "confidence": 0.9572930932044983, "websites": ["https://www.thaimama-muenchen.de/"], "emails": ["thaimama@outlook.de"], "socials": ["https://www.facebook.com/100709514942246"], "phones": ["+498964260558"], "brand": {"wikidata": null, "names": {"primary": null, "common": null, "rules": null}}, "addresses": [{"freeform": "Lindwurmstraße 21", "locality": "München", "postcode": "80337", "region": null, "country": "DE"}], "names": {"primary": "Thai Mama Bistro", "common": null, "rules": null}, "sources": [{"property": "", "dataset": "meta", "license": "CDLA-Permissive-2.0", "record_id": "100709514942246", "update_time": "2026-07-02T00:00:00.000Z", "confidence": 0.9572930932044983, "between": null}, {"property": "/properties/confidence", "dataset": "Overture", "license": "CDLA-Permissive-2.0", "record_id": null, "update_time": "2026-07-14T20:34:55Z", "confidence": null, "between": null}], "basic_category": "restaurant", "taxonomy": {"primary": "asian_restaurant", "hierarchy": ["food_and_drink", "restaurant", "asian_restaurant"], "alternates": null}, "version": 9}}, {"id": "3f6f92a8-fe0a-4372-b531-1e0a09b66438", "type": "Feature", "geometry": {"type": "Point", "coordinates": [11.563476, 48.131648]}, "properties": {"categories": {"primary": "pub", "alternate": ["bar", "restaurant"]}, "confidence": 0.85, "websites": [""], "phones": ["017632283636"], "addresses": [{"freeform": "Lindwurmstr. 21", "locality": "München", "postcode": "80337", "region": "Bavaria", "country": "DE"}], "names": {"primary": "Restaurant Tina 3D'S", "common": null, "rules": null}, "sources": [{"property": "", "dataset": "Microsoft", "license": "CDLA-Permissive-2.0", "record_id": "562949966138950", "update_time": "2025-09-08T01:00:46.617Z", "confidence": 0.85, "between": null}, {"property": "/properties/confidence", "dataset": "Overture", "license": "CDLA-Permissive-2.0", "record_id": null, "update_time": "2026-07-14T20:34:55Z", "confidence": null, "between": null}], "basic_category": "bar", "taxonomy": {"primary": "pub", "hierarchy": ["food_and_drink", "alcoholic_beverage_venue", "bar", "pub"], "alternates": null}, "version": 6}}, {"id": "a8365306-b50a-44ba-bc02-15e05782503b", "type": "Feature", "geometry": {"type": "Point", "coordinates": [11.563519470226728, 48.13156833895862]}, "properties": {"categories": {"primary": "italian_restaurant", "alternate": null}, "confidence": 0.77, "websites": ["http://www.dolcesalato.eu"], "phones": ["089 20350196"], "addresses": [{"freeform": "Lindwurmstr. 21", "locality": "München", "postcode": "80337", "region": "Bayern", "country": "DE"}], "names": {"primary": "Dolce Salato", "common": null, "rules": null}, "sources": [{"property": "", "dataset": "Foursquare", "license": "Apache-2.0", "record_id": "4cdd5f01d6656a3131ddfe3e", "update_time": "2025-01-18T00:00:00.000", "confidence": 0.77, "between": null}, {"property": "/properties/confidence", "dataset": "Overture", "license": "CDLA-Permissive-2.0", "record_id": null, "update_time": "2026-07-14T20:34:55Z", "confidence": null, "between": null}], "basic_category": "restaurant", "taxonomy": {"primary": "italian_restaurant", "hierarchy": ["food_and_drink", "restaurant", "european_restaurant", "mediterranean_restaurant", "italian_restaurant"], "alternates": null}, "version": 4}}, {"id": "5c0e9915-026a-406b-84df-b31cc26dcfbf", "type": "Feature", "geometry": {"type": "Point", "coordinates": [11.563566, 48.13137213]}, "properties": {"categories": {"primary": "coffee_shop", "alternate": ["cafe"]}, "confidence": 0.7733056545257568, "websites": ["http://www.coffee-maxim.com/"], "emails": ["beto@cafe-maxim.com"], "socials": ["https://www.facebook.com/374987242526446"], "phones": ["+491794268791"], "brand": {"wikidata": null, "names": {"primary": null, "common": null, "rules": null}}, "addresses": [{"freeform": "Reisingerstraße 3", "locality": "München", "postcode": "80337", "region": null, "country": "DE"}], "names": {"primary": "Maxim Kaffee GmbH", "common": null, "rules": null}, "sources": [{"property": "", "dataset": "meta", "license": "CDLA-Permissive-2.0", "record_id": "374987242526446", "update_time": "2026-07-02T00:00:00.000Z", "confidence": 0.7733056545257568, "between": null}, {"property": "/properties/confidence", "dataset": "Overture", "license": "CDLA-Permissive-2.0", "record_id": null, "update_time": "2026-07-14T20:34:55Z", "confidence": null, "between": null}], "basic_category": "coffee_shop", "taxonomy": {"primary": "coffee_shop", "hierarchy": ["food_and_drink", "non_alcoholic_beverage_venue", "coffee_shop"], "alternates": null}, "version": 8}}, {"id": "97efc486-6b71-4d5c-83dc-f9036aeed91c", "type": "Feature", "geometry": {"type": "Point", "coordinates": [11.56357426, 48.13137246]}, "properties": {"categories": {"primary": "coffee_shop", "alternate": ["cafe", "bar"]}, "confidence": 0.9381040334701538, "websites": ["https://groove-coffee.com/"], "emails": ["info@groove-coffee.com"], "socials": ["https://www.facebook.com/276705642422978"], "phones": ["+491794268791"], "brand": {"wikidata": null, "names": {"primary": null, "common": null, "rules": null}}, "addresses": [{"freeform": "Reisingerstraße 3", "locality": "München", "postcode": "80337", "region": null, "country": "DE"}], "names": {"primary": "Groove Coffee Club Munich", "common": null, "rules": null}, "sources": [{"property": "", "dataset": "meta", "license": "CDLA-Permissive-2.0", "record_id": "276705642422978", "update_time": "2026-07-02T00:00:00.000Z", "confidence": 0.9381040334701538, "between": null}, {"property": "/properties/confidence", "dataset": "Overture", "license": "CDLA-Permissive-2.0", "record_id": null, "update_time": "2026-07-14T20:34:55Z", "confidence": null, "between": null}], "basic_category": "coffee_shop", "taxonomy": {"primary": "coffee_shop", "hierarchy": ["food_and_drink", "non_alcoholic_beverage_venue", "coffee_shop"], "alternates": null}, "version": 2}}, {"id": "6ef0f1ee-d94e-4d8d-b0c6-35c8b610cdac", "type": "Feature", "geometry": {"type": "Point", "coordinates": [11.5635879, 48.1311793]}, "properties": {"categories": {"primary": "pizza_delivery_service", "alternate": ["food_delivery_service", "pizza_restaurant", "food", "restaurant"]}, "confidence": 0.9655, "websites": ["https://toskana-pizzaservice-muenchen.de/12485"], "phones": ["08951519690"], "addresses": [{"freeform": "Maistr. 1", "locality": "München", "postcode": "80337", "region": "", "country": "DE"}], "names": {"primary": "Toskana Pizzaservice München", "common": null, "rules": null}, "sources": [{"property": "", "dataset": "Microsoft", "license": "CDLA-Permissive-2.0", "record_id": "1407374888563659", "update_time": "2022-02-25T11:47:17.990Z", "confidence": 0.85, "between": null}, {"property": "/properties/confidence", "dataset": "Overture", "license": "CDLA-Permissive-2.0", "record_id": null, "update_time": "2026-07-14T20:34:55Z", "confidence": null, "between": null}], "basic_category": "food_and_beverage_store", "taxonomy": {"primary": "pizza_delivery_service", "hierarchy": ["shopping", "food_and_beverage_store", "food_delivery_service", "pizza_delivery_service"], "alternates": null}, "version": 7}}, {"id": "d5cb3368-b3fb-4a69-a011-8956a5c88c86", "type": "Feature", "geometry": {"type": "Point", "coordinates": [11.56360933, 48.13441788]}, "properties": {"categories": {"primary": "bakery", "alternate": ["german_restaurant", "restaurant"]}, "confidence": 0.9946154344081879, "websites": ["http://www.zoettl.de"], "socials": ["https://www.facebook.com/587491021631593"], "phones": ["+498985631723"], "brand": {"wikidata": null, "names": {"primary": null, "common": null, "rules": null}}, "addresses": [{"freeform": "Pettenkoferstraße 8", "locality": "München", "postcode": "80336", "region": null, "country": "DE"}], "names": {"primary": "Vinzenz Zöttl Bäckerei-Konditorei GmbH & Co. KG", "common": null, "rules": null}, "sources": [{"property": "", "dataset": "meta", "license": "CDLA-Permissive-2.0", "record_id": "587491021631593", "update_time": "2026-07-02T00:00:00.000Z", "confidence": 0.9765888452529907, "between": null}, {"property": "/properties/confidence", "dataset": "Overture", "license": "CDLA-Permissive-2.0", "record_id": null, "update_time": "2026-07-14T20:34:55Z", "confidence": null, "between": null}], "basic_category": "casual_eatery", "taxonomy": {"primary": "bakery", "hierarchy": ["food_and_drink", "casual_eatery", "bakery"], "alternates": null}, "version": 6}}, {"id": "043d578d-2280-4927-978b-fdf528a93a6b", "type": "Feature", "geometry": {"type": "Point", "coordinates": [11.56380502, 48.13430898]}, "properties": {"categories": {"primary": "vegetarian_restaurant", "alternate": ["health_food_restaurant", "restaurant"]}, "confidence": 0.9982498866319657, "websites": ["http://www.max-pett.de/"], "emails": ["schlemmen@max-pett.de"], "socials": ["https://www.facebook.com/117007198360936"], "phones": ["+498955869119"], "brand": {"wikidata": null, "names": {"primary": null, "common": null, "rules": null}}, "addresses": [{"freeform": "Pettenkoferstraße 8", "locality": "München", "postcode": "80336", "region": null, "country": "DE"}], "names": {"primary": "Max Pett", "common": null, "rules": null}, "sources": [{"property": "", "dataset": "meta", "license": "CDLA-Permissive-2.0", "record_id": "117007198360936", "update_time": "2026-07-02T00:00:00.000Z", "confidence": 0.9923908114433289, "between": null}, {"property": "/properties/confidence", "dataset": "Overture", "license": "CDLA-Permissive-2.0", "record_id": null, "update_time": "2026-07-14T20:34:55Z", "confidence": null, "between": null}], "basic_category": "restaurant", "taxonomy": {"primary": "vegetarian_restaurant", "hierarchy": ["food_and_drink", "restaurant", "special_diet_restaurant", "vegetarian_restaurant"], "alternates": null}, "version": 10}}, {"id": "75ea11a5-7be4-412a-8cf0-b7dac7b2b239", "type": "Feature", "geometry": {"type": "Point", "coordinates": [11.56380663, 48.13377902]}, "properties": {"categories": {"primary": "bakery", "alternate": null}, "confidence": 0.9841652995347977, "websites": ["http://www.bio-backs.de/index.html"], "socials": ["https://www.facebook.com/389124341165574"], "phones": ["+498944718780"], "brand": {"wikidata": null, "names": {"primary": null, "common": null, "rules": null}}, "addresses": [{"freeform": "Mathildenstraße 7", "locality": "München", "postcode": "80336", "region": null, "country": "DE"}], "names": {"primary": "Backs", "common": null, "rules": null}, "sources": [{"property": "", "dataset": "meta", "license": "CDLA-Permissive-2.0", "record_id": "389124341165574", "update_time": "2026-07-02T00:00:00.000Z", "confidence": 0.9311534762382507, "between": null}, {"property": "/properties/confidence", "dataset": "Overture", "license": "CDLA-Permissive-2.0", "record_id": null, "update_time": "2026-07-14T20:34:55Z", "confidence": null, "between": null}], "basic_category": "casual_eatery", "taxonomy": {"primary": "bakery", "hierarchy": ["food_and_drink", "casual_eatery", "bakery"], "alternates": null}, "version": 4}}, {"id": "44d4a44b-dd63-4577-b345-c16a2d7b4ea7", "type": "Feature", "geometry": {"type": "Point", "coordinates": [11.564235, 48.131677]}, "properties": {"categories": {"primary": "gay_bar", "alternate": ["bar", "dance_club"]}, "confidence": 0.45737355947494507, "socials": ["https://www.facebook.com/313751142054872"], "brand": {"wikidata": null, "names": {"primary": null, "common": null, "rules": null}}, "addresses": [{"freeform": "Augsburgerstraße 21", "locality": "München", "postcode": "80337", "region": null, "country": "DE"}], "names": {"primary": "NoxX", "common": null, "rules": null}, "sources": [{"property": "", "dataset": "meta", "license": "CDLA-Permissive-2.0", "record_id": "313751142054872", "update_time": "2026-07-02T00:00:00.000Z", "confidence": 0.45737355947494507, "between": null}, {"property": "/properties/confidence", "dataset": "Overture", "license": "CDLA-Permissive-2.0", "record_id": null, "update_time": "2026-07-14T20:34:55Z", "confidence": null, "between": null}], "basic_category": "bar", "taxonomy": {"primary": "gay_bar", "hierarchy": ["food_and_drink", "alcoholic_beverage_venue", "bar", "gay_bar"], "alternates": null}, "version": 7}}, {"id": "fd337ed2-4b84-498f-9cc0-fa75350eae08", "type": "Feature", "geometry": {"type": "Point", "coordinates": [11.564249441514013, 48.13205147215777]}, "properties": {"categories": {"primary": "pizza_restaurant", "alternate": null}, "confidence": 0.77, "websites": ["http://www.mixto-cucina.de"], "emails": ["info@mixto-coffeeshop.de"], "phones": ["089 23887751"], "addresses": [{"freeform": "Lindwurmstr. 13", "locality": "München", "postcode": "80337", "region": "Bayern", "country": "DE"}], "names": {"primary": "MiXto", "common": null, "rules": null}, "sources": [{"property": "", "dataset": "Foursquare", "license": "Apache-2.0", "record_id": "4d2724daebacb1f7a98fe44f", "update_time": "2025-10-23T00:00:00.000", "confidence": 0.77, "between": null}, {"property": "/properties/confidence", "dataset": "Overture", "license": "CDLA-Permissive-2.0", "record_id": null, "update_time": "2026-07-14T20:34:55Z", "confidence": null, "between": null}], "basic_category": "restaurant", "taxonomy": {"primary": "pizza_restaurant", "hierarchy": ["food_and_drink", "restaurant", "european_restaurant", "mediterranean_restaurant", "italian_restaurant", "pizza_restaurant"], "alternates": null}, "version": 5}}, {"id": "bd8fb90d-34c1-44ad-8e75-72f669f79dfc", "type": "Feature", "geometry": {"type": "Point", "coordinates": [11.56481, 48.133856]}, "properties": {"categories": {"primary": "pizza_restaurant", "alternate": ["restaurant", "italian_restaurant"]}, "confidence": 0.9148023128509521, "websites": ["https://www.spago-ristorante.de/"], "socials": ["https://www.facebook.com/351108119729"], "phones": ["+49894489205"], "brand": {"wikidata": null, "names": {"primary": null, "common": null, "rules": null}}, "addresses": [{"freeform": "Pettenkoferstraße 1", "locality": "München", "postcode": "80336", "region": null, "country": "DE"}], "names": {"primary": "Spago Ristorante", "common": null, "rules": null}, "sources": [{"property": "", "dataset": "meta", "license": "CDLA-Permissive-2.0", "record_id": "351108119729", "update_time": "2026-07-02T00:00:00.000Z", "confidence": 0.9148023128509521, "between": null}, {"property": "/properties/confidence", "dataset": "Overture", "license": "CDLA-Permissive-2.0", "record_id": null, "update_time": "2026-07-14T20:34:55Z", "confidence": null, "between": null}], "basic_category": "restaurant", "taxonomy": {"primary": "pizza_restaurant", "hierarchy": ["food_and_drink", "restaurant", "european_restaurant", "mediterranean_restaurant", "italian_restaurant", "pizza_restaurant"], "alternates": null}, "version": 8}}, {"id": "63dfde3a-8040-4266-acd8-dc41f81c5422", "type": "Feature", "geometry": {"type": "Point", "coordinates": [11.564913466334332, 48.13114179885892]}, "properties": {"categories": {"primary": "gay_bar", "alternate": null}, "confidence": 0.77, "websites": ["http://www.camp-munich.de"], "emails": ["hello@camp-munich.de"], "socials": ["https://www.facebook.com/161620713864458"], "phones": ["089 23230830"], "addresses": [{"freeform": "Reisingerstr. 15", "locality": "München", "postcode": "80337", "region": "Bayern", "country": "DE"}], "names": {"primary": "Camp", "common": null, "rules": null}, "sources": [{"property": "", "dataset": "Foursquare", "license": "Apache-2.0", "record_id": "4bec6b99fd60a59329f93af1", "update_time": "2025-12-02T00:00:00.000", "confidence": 0.77, "between": null}, {"property": "/properties/confidence", "dataset": "Overture", "license": "CDLA-Permissive-2.0", "record_id": null, "update_time": "2026-07-14T20:34:55Z", "confidence": null, "between": null}], "basic_category": "bar", "taxonomy": {"primary": "gay_bar", "hierarchy": ["food_and_drink", "alcoholic_beverage_venue", "bar", "gay_bar"], "alternates": null}, "version": 5}}, {"id": "00cf055b-d447-446e-adf6-a2718a3af1b4", "type": "Feature", "geometry": {"type": "Point", "coordinates": [11.56493119, 48.13235865]}, "properties": {"categories": {"primary": "doner_kebab", "alternate": ["turkish_restaurant", "fast_food_restaurant"]}, "confidence": 0.5097168684005737, "emails": ["berlindoenerexpress@gmail.com"], "socials": ["https://www.facebook.com/1099163009944897"], "phones": ["+4917672138262"], "brand": {"wikidata": null, "names": {"primary": null, "common": null, "rules": null}}, "addresses": [{"freeform": "Lindwurmstraße 7", "locality": "München", "postcode": "80337", "region": null, "country": "DE"}], "names": {"primary": "Berlin Döner Express", "common": null, "rules": null}, "sources": [{"property": "", "dataset": "meta", "license": "CDLA-Permissive-2.0", "record_id": "1099163009944897", "update_time": "2026-07-02T00:00:00.000Z", "confidence": 0.5097168684005737, "between": null}, {"property": "/properties/confidence", "dataset": "Overture", "license": "CDLA-Permissive-2.0", "record_id": null, "update_time": "2026-07-14T20:34:55Z", "confidence": null, "between": null}], "basic_category": "restaurant", "taxonomy": {"primary": "doner_kebab_restaurant", "hierarchy": ["food_and_drink", "restaurant", "middle_eastern_restaurant", "turkish_restaurant", "doner_kebab_restaurant"], "alternates": null}, "version": 1}}, {"id": "c0999a80-a164-4b31-a498-9a78bfc74b66", "type": "Feature", "geometry": {"type": "Point", "coordinates": [11.5648941, 48.13250543]}, "properties": {"categories": {"primary": "bar", "alternate": ["cafe", "smoothie_juice_bar"]}, "confidence": 0.9587705135345459, "socials": ["https://www.facebook.com/114949229452340"], "brand": {"wikidata": null, "names": {"primary": null, "common": null, "rules": null}}, "addresses": [{"freeform": "Lindwurmstraße 7", "locality": "München", "postcode": "80337", "region": null, "country": "DE"}], "names": {"primary": "Bar Moka Gelateria", "common": null, "rules": null}, "sources": [{"property": "", "dataset": "meta", "license": "CDLA-Permissive-2.0", "record_id": "114949229452340", "update_time": "2026-07-02T00:00:00.000Z", "confidence": 0.9587705135345459, "between": null}, {"property": "/properties/confidence", "dataset": "Overture", "license": "CDLA-Permissive-2.0", "record_id": null, "update_time": "2026-07-14T20:34:55Z", "confidence": null, "between": null}], "basic_category": "bar", "taxonomy": {"primary": "bar", "hierarchy": ["food_and_drink", "alcoholic_beverage_venue", "bar"], "alternates": null}, "version": 9}}, {"id": "4918c915-c3c8-49f6-b922-37231cff62f7", "type": "Feature", "geometry": {"type": "Point", "coordinates": [11.56492697, 48.1339073]}, "properties": {"categories": {"primary": "mediterranean_restaurant", "alternate": ["seafood_restaurant", "restaurant"]}, "confidence": 0.994568943977356, "websites": ["http://www.pescheria.de/"], "emails": ["info@pescheria.de"], "socials": ["https://www.facebook.com/123330427825752"], "phones": ["+498924214027"], "brand": {"wikidata": null, "names": {"primary": null, "common": null, "rules": null}}, "addresses": [{"freeform": "Pettenkoferstraße 1", "locality": "München", "postcode": "80336", "region": null, "country": "DE"}], "names": {"primary": "Pescheria", "common": null, "rules": null}, "sources": [{"property": "", "dataset": "meta", "license": "CDLA-Permissive-2.0", "record_id": "123330427825752", "update_time": "2026-07-02T00:00:00.000Z", "confidence": 0.994568943977356, "between": null}, {"property": "/properties/confidence", "dataset": "Overture", "license": "CDLA-Permissive-2.0", "record_id": null, "update_time": "2026-07-14T20:34:55Z", "confidence": null, "between": null}], "basic_category": "restaurant", "taxonomy": {"primary": "mediterranean_restaurant", "hierarchy": ["food_and_drink", "restaurant", "european_restaurant", "mediterranean_restaurant"], "alternates": null}, "version": 9}}, {"id": "47e074aa-5fec-45b4-a1c3-fb3a46c39342", "type": "Feature", "geometry": {"type": "Point", "coordinates": [11.565035673598452, 48.134033375107556]}, "properties": {"categories": {"primary": "cafe", "alternate": null}, "confidence": 0.77, "websites": ["https://www.cafemozart.info"], "emails": ["info@cafe-mozart.info"], "phones": ["089 594190"], "addresses": [{"freeform": "Pettenkoferstr. 2", "locality": "München", "postcode": "80336", "region": "Bayern", "country": "DE"}], "names": {"primary": "PATIALA GASTRO GmbH", "common": null, "rules": null}, "sources": [{"property": "", "dataset": "Foursquare", "license": "Apache-2.0", "record_id": "f0dc7acd18db4d1a771b6f22", "update_time": "2025-07-05T00:00:00.000", "confidence": 0.77, "between": null}, {"property": "/properties/confidence", "dataset": "Overture", "license": "CDLA-Permissive-2.0", "record_id": null, "update_time": "2026-07-14T20:34:55Z", "confidence": null, "between": null}], "basic_category": "cafe", "taxonomy": {"primary": "cafe", "hierarchy": ["food_and_drink", "casual_eatery", "cafe"], "alternates": null}, "version": 4}}, {"id": "1acbccc1-31b5-487f-9a53-a9893e9c1b36", "type": "Feature", "geometry": {"type": "Point", "coordinates": [11.565101197587975, 48.135005148982856]}, "properties": {"categories": {"primary": "bar", "alternate": ["burger_restaurant", "fast_food_restaurant", "pan_asian_restaurant", "salad_bar", "vegan_restaurant", "vegetarian_restaurant", "delicatessen", "restaurant"]}, "confidence": 0.9655, "websites": ["https://hansimglueck-burgergrill.de/burger-restaurant/muenchen-isarpost/?utm_source=bing&utm_medium=yext&utm_campaign=31"], "phones": ["08955999966"], "addresses": [{"freeform": "Sonnenstr. 24-26", "locality": "München", "postcode": "80331", "region": "Bavaria", "country": "DE"}], "names": {"primary": "HANS IM GLÜCK - MÜNCHEN Isarpost", "common": null, "rules": null}, "sources": [{"property": "", "dataset": "Microsoft", "license": "CDLA-Permissive-2.0", "record_id": "562949960120340", "update_time": "2025-10-09T13:12:14.163Z", "confidence": 0.85, "between": null}, {"property": "/properties/confidence", "dataset": "Overture", "license": "CDLA-Permissive-2.0", "record_id": null, "update_time": "2026-07-14T20:34:55Z", "confidence": null, "between": null}], "basic_category": "bar", "taxonomy": {"primary": "bar", "hierarchy": ["food_and_drink", "alcoholic_beverage_venue", "bar"], "alternates": null}, "version": 7}}, {"id": "538c6d5e-9ff0-4081-b11b-2702d202e321", "type": "Feature", "geometry": {"type": "Point", "coordinates": [11.56509484199939, 48.13396954644493]}, "properties": {"categories": {"primary": "cafe", "alternate": null}, "confidence": 0.77, "websites": ["http://www.cafe-mozart.info"], "emails": ["info@cafe-mozart.info"], "phones": ["089 594190"], "addresses": [{"freeform": "Pettenkoferstr. 2", "locality": "München", "postcode": "80336", "region": "Bayern", "country": "DE"}], "names": {"primary": "Café Mozart", "common": null, "rules": null}, "sources": [{"property": "", "dataset": "Foursquare", "license": "Apache-2.0", "record_id": "4b27fae5f964a520338d24e3", "update_time": "2026-03-12T00:00:00.000", "confidence": 0.77, "between": null}, {"property": "/properties/confidence", "dataset": "Overture", "license": "CDLA-Permissive-2.0", "record_id": null, "update_time": "2026-07-14T20:34:55Z", "confidence": null, "between": null}], "basic_category": "cafe", "taxonomy": {"primary": "cafe", "hierarchy": ["food_and_drink", "casual_eatery", "cafe"], "alternates": null}, "version": 8}}, {"id": "b2db02d5-d783-421f-ab87-9dfda60c5285", "type": "Feature", "geometry": {"type": "Point", "coordinates": [11.565244, 48.133784]}, "properties": {"categories": {"primary": "bar", "alternate": ["music_venue", "arts_and_entertainment"]}, "confidence": 0.983089919090271, "websites": ["http://www.corleone.cc"], "emails": ["mail@corleone.cc"], "socials": ["https://www.facebook.com/191173294257434"], "phones": ["+491787888220"], "brand": {"wikidata": null, "names": {"primary": null, "common": null, "rules": null}}, "addresses": [{"freeform": "Sendlinger-Tor-Platz 7", "locality": "München", "postcode": "80336", "region": null, "country": "DE"}], "names": {"primary": "corleone.cc", "common": null, "rules": null}, "sources": [{"property": "", "dataset": "meta", "license": "CDLA-Permissive-2.0", "record_id": "191173294257434", "update_time": "2026-07-02T00:00:00.000Z", "confidence": 0.9264779090881348, "between": null}, {"property": "/properties/confidence", "dataset": "Overture", "license": "CDLA-Permissive-2.0", "record_id": null, "update_time": "2026-07-14T20:34:55Z", "confidence": null, "between": null}], "basic_category": "bar", "taxonomy": {"primary": "bar", "hierarchy": ["food_and_drink", "alcoholic_beverage_venue", "bar"], "alternates": null}, "version": 2}}, {"id": "b566845e-3f67-44b7-8112-c5762f19bb7a", "type": "Feature", "geometry": {"type": "Point", "coordinates": [11.56513045, 48.13483309]}, "properties": {"categories": {"primary": "lounge", "alternate": ["dance_club", "bar"]}, "confidence": 0.8952812552452087, "socials": ["https://www.facebook.com/132318343586364"], "phones": ["+491715046111"], "brand": {"wikidata": null, "names": {"primary": null, "common": null, "rules": null}}, "addresses": [{"freeform": "Sonnenstraße 24", "locality": "München", "postcode": "80331", "region": null, "country": "DE"}], "names": {"primary": "VIP Club Munich - München", "common": null, "rules": null}, "sources": [{"property": "", "dataset": "meta", "license": "CDLA-Permissive-2.0", "record_id": "132318343586364", "update_time": "2026-07-02T00:00:00.000Z", "confidence": 0.8952812552452087, "between": null}, {"property": "/properties/confidence", "dataset": "Overture", "license": "CDLA-Permissive-2.0", "record_id": null, "update_time": "2026-07-14T20:34:55Z", "confidence": null, "between": null}], "basic_category": "lounge", "taxonomy": {"primary": "lounge", "hierarchy": ["food_and_drink", "alcoholic_beverage_venue", "lounge"], "alternates": null}, "version": 9}}, {"id": "33ea9292-f1e9-4f14-8420-0529275f4b8e", "type": "Feature", "geometry": {"type": "Point", "coordinates": [11.56560858, 48.1339147]}, "properties": {"categories": {"primary": "turkish_restaurant", "alternate": ["restaurant", "middle_eastern_restaurant"]}, "confidence": 0.9938205415010453, "websites": ["http://www.silarestaurant.com"], "emails": ["sila@ozpa.com"], "socials": ["https://www.facebook.com/462938097060018"], "phones": ["+498954349750"], "brand": {"wikidata": null, "names": {"primary": null, "common": null, "rules": null}}, "addresses": [{"freeform": "Sendlinger-Tor-Platz 8", "locality": "München", "postcode": "80336", "region": null, "country": "DE"}], "names": {"primary": "Sıla Restaurant", "common": null, "rules": null}, "sources": [{"property": "", "dataset": "meta", "license": "CDLA-Permissive-2.0", "record_id": "462938097060018", "update_time": "2026-07-02T00:00:00.000Z", "confidence": 0.9731327891349792, "between": null}, {"property": "/properties/confidence", "dataset": "Overture", "license": "CDLA-Permissive-2.0", "record_id": null, "update_time": "2026-07-14T20:34:55Z", "confidence": null, "between": null}], "basic_category": "restaurant", "taxonomy": {"primary": "turkish_restaurant", "hierarchy": ["food_and_drink", "restaurant", "middle_eastern_restaurant", "turkish_restaurant"], "alternates": null}, "version": 9}}, {"id": "df6d5947-b92c-47fc-9a9e-169c2bf398ef", "type": "Feature", "geometry": {"type": "Point", "coordinates": [11.565980911255, 48.133796691895]}, "properties": {"categories": {"primary": "mountain", "alternate": ["beer_garden"]}, "confidence": 0.9143300652503967, "socials": ["https://www.facebook.com/1339567229390242"], "brand": {"wikidata": null, "names": {"primary": null, "common": null, "rules": null}}, "addresses": [{"freeform": null, "locality": "München", "postcode": null, "region": null, "country": "DE"}], "names": {"primary": "Seinskopfgipfel", "common": null, "rules": null}, "sources": [{"property": "", "dataset": "meta", "license": "CDLA-Permissive-2.0", "record_id": "1339567229390242", "update_time": "2026-07-02T00:00:00.000Z", "confidence": 0.9143300652503967, "between": null}, {"property": "/properties/confidence", "dataset": "Overture", "license": "CDLA-Permissive-2.0", "record_id": null, "update_time": "2026-07-14T20:34:55Z", "confidence": null, "between": null}], "basic_category": "mountain", "taxonomy": {"primary": "mountain", "hierarchy": ["geographic_entities", "land_feature", "mountain"], "alternates": null}, "version": 6}}, {"id": "4dff3e30-7b62-411f-ab1c-bb1c770917a5", "type": "Feature", "geometry": {"type": "Point", "coordinates": [11.56598466464586, 48.13159778847575]}, "properties": {"categories": {"primary": "cafe", "alternate": null}, "confidence": 0.77, "websites": ["http://www.rollcallpool.com"], "phones": ["04923 887375"], "addresses": [{"freeform": "Thalkirchner Str. 14", "locality": "Munich", "postcode": null, "region": "Bayern", "country": "DE"}], "names": {"primary": "Roll Call Pool", "common": null, "rules": null}, "sources": [{"property": "", "dataset": "Foursquare", "license": "Apache-2.0", "record_id": "4c1b3aba63750f479688b467", "update_time": "2025-10-22T00:00:00.000", "confidence": 0.77, "between": null}, {"property": "/properties/confidence", "dataset": "Overture", "license": "CDLA-Permissive-2.0", "record_id": null, "update_time": "2026-07-14T20:34:55Z", "confidence": null, "between": null}], "basic_category": "cafe", "taxonomy": {"primary": "cafe", "hierarchy": ["food_and_drink", "casual_eatery", "cafe"], "alternates": null}, "version": 5}}, {"id": "a9c17b86-2992-407b-9e76-461f807b6cb0", "type": "Feature", "geometry": {"type": "Point", "coordinates": [11.566258907674163, 48.13124525264865]}, "properties": {"categories": {"primary": "french_restaurant", "alternate": null}, "confidence": 0.77, "websites": ["http://www.rive-gauche.biz"], "phones": ["089 23237898"], "addresses": [{"freeform": "Thalkirchnerstr. 11", "locality": "München", "postcode": "80337", "region": "Bayern", "country": "DE"}], "names": {"primary": "Rive Gauche", "common": null, "rules": null}, "sources": [{"property": "", "dataset": "Foursquare", "license": "Apache-2.0", "record_id": "4c334f963ffc9521148d90f5", "update_time": "2025-05-21T00:00:00.000", "confidence": 0.77, "between": null}, {"property": "/properties/confidence", "dataset": "Overture", "license": "CDLA-Permissive-2.0", "record_id": null, "update_time": "2026-07-14T20:34:55Z", "confidence": null, "between": null}], "basic_category": "restaurant", "taxonomy": {"primary": "french_restaurant", "hierarchy": ["food_and_drink", "restaurant", "european_restaurant", "western_european_restaurant", "french_restaurant"], "alternates": null}, "version": 4}}, {"id": "ae08eb60-a957-4d3a-be6f-ecdfd63409fe", "type": "Feature", "geometry": {"type": "Point", "coordinates": [11.566295, 48.131074]}, "properties": {"categories": {"primary": "vietnamese_restaurant", "alternate": null}, "confidence": 0.77, "websites": ["http://dudu-restaurant.de"], "emails": ["info@dudu-restaurant.de"], "phones": ["089 12286480"], "addresses": [{"freeform": "Thalkirchner Str. 20", "locality": "München", "postcode": "80337", "region": "Bayern", "country": "DE"}], "names": {"primary": "DuDu", "common": null, "rules": null}, "sources": [{"property": "", "dataset": "Foursquare", "license": "Apache-2.0", "record_id": "4c0cd5b80e9e952190c43cbd", "update_time": "2026-02-27T00:00:00.000", "confidence": 0.77, "between": null}, {"property": "/properties/confidence", "dataset": "Overture", "license": "CDLA-Permissive-2.0", "record_id": null, "update_time": "2026-07-14T20:34:55Z", "confidence": null, "between": null}], "basic_category": "restaurant", "taxonomy": {"primary": "vietnamese_restaurant", "hierarchy": ["food_and_drink", "restaurant", "asian_restaurant", "southeast_asian_restaurant", "vietnamese_restaurant"], "alternates": null}, "version": 4}}, {"id": "36d849f4-38ec-4e65-8121-cc580e72bbdc", "type": "Feature", "geometry": {"type": "Point", "coordinates": [11.566283, 48.131514]}, "properties": {"categories": {"primary": "bar", "alternate": ["coffee_shop", "pub"]}, "confidence": 0.8568195226788521, "socials": ["https://www.facebook.com/100821076692648"], "phones": ["+49892607469"], "brand": {"wikidata": null, "names": {"primary": null, "common": null, "rules": null}}, "addresses": [{"freeform": "Thalkirchner Straße 16", "locality": "München", "postcode": "80337", "region": null, "country": "DE"}], "names": {"primary": "UnantastBar", "common": null, "rules": null}, "sources": [{"property": "", "dataset": "meta", "license": "CDLA-Permissive-2.0", "record_id": "100821076692648", "update_time": "2026-07-02T00:00:00.000Z", "confidence": 0.37747618556022644, "between": null}, {"property": "/properties/confidence", "dataset": "Overture", "license": "CDLA-Permissive-2.0", "record_id": null, "update_time": "2026-07-14T20:34:55Z", "confidence": null, "between": null}], "basic_category": "bar", "taxonomy": {"primary": "bar", "hierarchy": ["food_and_drink", "alcoholic_beverage_venue", "bar"], "alternates": null}, "version": 7}}, {"id": "f95ba62d-1c23-4115-aa7b-4f610e071ae0", "type": "Feature", "geometry": {"type": "Point", "coordinates": [11.566336, 48.131465]}, "properties": {"categories": {"primary": "restaurant", "alternate": ["mens_clothing_store", "casino"]}, "confidence": 0.526095449924469, "socials": ["https://www.facebook.com/798678903615874"], "brand": {"wikidata": null, "names": {"primary": null, "common": null, "rules": null}}, "addresses": [{"freeform": null, "locality": "München", "postcode": null, "region": null, "country": "DE"}], "names": {"primary": "dean&david M Sebastiansplatz GmbH", "common": null, "rules": null}, "sources": [{"property": "", "dataset": "meta", "license": "CDLA-Permissive-2.0", "record_id": "798678903615874", "update_time": "2026-07-02T00:00:00.000Z", "confidence": 0.526095449924469, "between": null}, {"property": "/properties/confidence", "dataset": "Overture", "license": "CDLA-Permissive-2.0", "record_id": null, "update_time": "2026-07-14T20:34:55Z", "confidence": null, "between": null}], "basic_category": "restaurant", "taxonomy": {"primary": "restaurant", "hierarchy": ["food_and_drink", "restaurant"], "alternates": null}, "version": 7}}, {"id": "d11be5c3-9f34-49c0-bbd7-1f67cc83abe8", "type": "Feature", "geometry": {"type": "Point", "coordinates": [11.566079273428999, 48.133731969232]}, "properties": {"categories": {"primary": "dance_club", "alternate": ["arts_and_entertainment", "pub"]}, "confidence": 0.5868294835090637, "websites": ["http://www.muenchenueber30.de/"], "socials": ["https://www.facebook.com/138381762842515"], "phones": ["+498932385758"], "brand": {"wikidata": null, "names": {"primary": null, "common": null, "rules": null}}, "addresses": [{"freeform": "Sonnenstraße 26", "locality": "München", "postcode": "80331", "region": null, "country": "DE"}], "names": {"primary": "MÜNchen ÜBer 30", "common": null, "rules": null}, "sources": [{"property": "", "dataset": "meta", "license": "CDLA-Permissive-2.0", "record_id": "138381762842515", "update_time": "2026-07-02T00:00:00.000Z", "confidence": 0.5868294835090637, "between": null}, {"property": "/properties/confidence", "dataset": "Overture", "license": "CDLA-Permissive-2.0", "record_id": null, "update_time": "2026-07-14T20:34:55Z", "confidence": null, "between": null}], "basic_category": "dance_club", "taxonomy": {"primary": "dance_club", "hierarchy": ["arts_and_entertainment", "nightlife_venue", "dance_club"], "alternates": null}, "version": 1}}, {"id": "0460ec46-0c25-42a0-99cf-bdbbe603aab5", "type": "Feature", "geometry": {"type": "Point", "coordinates": [11.56651412, 48.13400905]}, "properties": {"categories": {"primary": "chinese_restaurant", "alternate": ["asian_restaurant", "noodles_restaurant"]}, "confidence": 0.9982211250066757, "websites": ["http://www.max-noodles.de"], "socials": ["https://www.facebook.com/565971307159375"], "phones": ["+498951556868"], "brand": {"wikidata": null, "names": {"primary": null, "common": null, "rules": null}}, "addresses": [{"freeform": "Sendlinger-Tor-Platz 10", "locality": "München", "postcode": "80331", "region": null, "country": "DE"}], "names": {"primary": "Max's Beef Noodles", "common": null, "rules": null}, "sources": [{"property": "", "dataset": "meta", "license": "CDLA-Permissive-2.0", "record_id": "565971307159375", "update_time": "2026-07-02T00:00:00.000Z", "confidence": 0.9922657608985901, "between": null}, {"property": "/properties/confidence", "dataset": "Overture", "license": "CDLA-Permissive-2.0", "record_id": null, "update_time": "2026-07-14T20:34:55Z", "confidence": null, "between": null}], "basic_category": "restaurant", "taxonomy": {"primary": "chinese_restaurant", "hierarchy": ["food_and_drink", "restaurant", "asian_restaurant", "east_asian_restaurant", "chinese_restaurant"], "alternates": null}, "version": 9}}, {"id": "fdf82d3a-e3e2-45cc-aafe-6c3f8f6c78d5", "type": "Feature", "geometry": {"type": "Point", "coordinates": [11.56661588, 48.13269695]}, "properties": {"categories": {"primary": "pizza_restaurant", "alternate": ["restaurant", "diner"]}, "confidence": 0.8364847898483276, "socials": ["https://www.facebook.com/159234061092345"], "brand": {"wikidata": null, "names": {"primary": "Pizza to Go", "common": null, "rules": null}}, "addresses": [{"freeform": "Sendlinger-Tor-Platz 5a", "locality": "München", "postcode": "80336", "region": null, "country": "DE"}], "names": {"primary": "Pizzamampf", "common": null, "rules": null}, "sources": [{"property": "", "dataset": "meta", "license": "CDLA-Permissive-2.0", "record_id": "159234061092345", "update_time": "2026-07-02T00:00:00.000Z", "confidence": 0.8364847898483276, "between": null}, {"property": "/properties/confidence", "dataset": "Overture", "license": "CDLA-Permissive-2.0", "record_id": null, "update_time": "2026-07-14T20:34:55Z", "confidence": null, "between": null}], "basic_category": "restaurant", "taxonomy": {"primary": "pizza_restaurant", "hierarchy": ["food_and_drink", "restaurant", "european_restaurant", "mediterranean_restaurant", "italian_restaurant", "pizza_restaurant"], "alternates": null}, "version": 7}}, {"id": "e42306a6-87a7-458e-b2b1-54ce5569bae2", "type": "Feature", "geometry": {"type": "Point", "coordinates": [11.56661151, 48.13269246]}, "properties": {"categories": {"primary": "pizza_restaurant", "alternate": ["italian_restaurant", "restaurant"]}, "confidence": 0.5729420185089111, "websites": ["http://www.pizzeria-alla-scala.de/"], "emails": ["peppinosenatore@gmail.com"], "socials": ["https://www.facebook.com/412024932319464"], "phones": ["+49892607177"], "brand": {"wikidata": null, "names": {"primary": null, "common": null, "rules": null}}, "addresses": [{"freeform": "Sendlinger-Tor-Platz 5", "locality": "München", "postcode": "80336", "region": null, "country": "DE"}], "names": {"primary": "M1 Pizzeria", "common": null, "rules": null}, "sources": [{"property": "", "dataset": "meta", "license": "CDLA-Permissive-2.0", "record_id": "412024932319464", "update_time": "2026-07-02T00:00:00.000Z", "confidence": 0.5729420185089111, "between": null}, {"property": "/properties/confidence", "dataset": "Overture", "license": "CDLA-Permissive-2.0", "record_id": null, "update_time": "2026-07-14T20:34:55Z", "confidence": null, "between": null}], "basic_category": "restaurant", "taxonomy": {"primary": "pizza_restaurant", "hierarchy": ["food_and_drink", "restaurant", "european_restaurant", "mediterranean_restaurant", "italian_restaurant", "pizza_restaurant"], "alternates": null}, "version": 8}}, {"id": "11e3b161-ffd0-4987-808e-391b338d5995", "type": "Feature", "geometry": {"type": "Point", "coordinates": [11.566622916348239, 48.132554220746876]}, "properties": {"categories": {"primary": "pub", "alternate": null}, "confidence": 0.77, "websites": ["http://sirhenrys.pub"], "socials": ["https://www.facebook.com/608542435829818"], "addresses": [{"freeform": "Thalkirchner Str. 2", "locality": "Munich", "postcode": "80337", "region": "Bayern", "country": "DE"}], "names": {"primary": "Sir Henry's Badass Pub", "common": null, "rules": null}, "sources": [{"property": "", "dataset": "Foursquare", "license": "Apache-2.0", "record_id": "515fe379d86c1f09ea5ef795", "update_time": "2023-03-25T00:00:00.000", "confidence": 0.77, "between": null}, {"property": "/properties/confidence", "dataset": "Overture", "license": "CDLA-Permissive-2.0", "record_id": null, "update_time": "2026-07-14T20:34:55Z", "confidence": null, "between": null}], "basic_category": "bar", "taxonomy": {"primary": "pub", "hierarchy": ["food_and_drink", "alcoholic_beverage_venue", "bar", "pub"], "alternates": null}, "version": 5}}, {"id": "71616344-a9a4-4b35-8050-0e22b9d4cd23", "type": "Feature", "geometry": {"type": "Point", "coordinates": [11.56654222, 48.13220668]}, "properties": {"categories": {"primary": "cafe", "alternate": ["restaurant", "gastropub"]}, "confidence": 0.9898287761211395, "websites": ["http://www.kraftakt.com/"], "emails": ["info@kraftakt.com"], "socials": ["https://www.facebook.com/124357561025158"], "phones": ["+498921588881"], "brand": {"wikidata": null, "names": {"primary": null, "common": null, "rules": null}}, "addresses": [{"freeform": "Thalkirchner Straße 4", "locality": "München", "postcode": "80337", "region": null, "country": "DE"}], "names": {"primary": "Kraftwerk", "common": null, "rules": null}, "sources": [{"property": "", "dataset": "meta", "license": "CDLA-Permissive-2.0", "record_id": "124357561025158", "update_time": "2026-07-02T00:00:00.000Z", "confidence": 0.9557772874832153, "between": null}, {"property": "/properties/confidence", "dataset": "Overture", "license": "CDLA-Permissive-2.0", "record_id": null, "update_time": "2026-07-14T20:34:55Z", "confidence": null, "between": null}], "basic_category": "cafe", "taxonomy": {"primary": "cafe", "hierarchy": ["food_and_drink", "casual_eatery", "cafe"], "alternates": null}, "version": 9}}, {"id": "61e38052-bb6e-422c-83da-2ff030b9731b", "type": "Feature", "geometry": {"type": "Point", "coordinates": [11.56657539, 48.1328012]}, "properties": {"categories": {"primary": "pizza_restaurant", "alternate": ["italian_restaurant", "restaurant"]}, "confidence": 0.9986808997392654, "websites": ["http://www.senatore.bar"], "emails": ["ciao@senatore.bar"], "socials": ["https://www.facebook.com/939418159555174"], "phones": ["+4917632379562"], "brand": {"wikidata": null, "names": {"primary": null, "common": null, "rules": null}}, "addresses": [{"freeform": "Sendlinger-Tor-Platz 5", "locality": "München", "postcode": "80336", "region": null, "country": "DE"}], "names": {"primary": "Senatore", "common": null, "rules": null}, "sources": [{"property": "", "dataset": "meta", "license": "CDLA-Permissive-2.0", "record_id": "939418159555174", "update_time": "2026-07-02T00:00:00.000Z", "confidence": 0.9942647814750671, "between": null}, {"property": "/properties/confidence", "dataset": "Overture", "license": "CDLA-Permissive-2.0", "record_id": null, "update_time": "2026-07-14T20:34:55Z", "confidence": null, "between": null}], "basic_category": "restaurant", "taxonomy": {"primary": "pizza_restaurant", "hierarchy": ["food_and_drink", "restaurant", "european_restaurant", "mediterranean_restaurant", "italian_restaurant", "pizza_restaurant"], "alternates": null}, "version": 11}}, {"id": "82966282-9ba7-4b1d-b2b5-5599e0480962", "type": "Feature", "geometry": {"type": "Point", "coordinates": [11.56641, 48.13201]}, "properties": {"categories": {"primary": "bar_and_grill_restaurant", "alternate": null}, "confidence": 0.557370126247406, "websites": ["http://www.capisce-muenchen.de/"], "socials": ["https://www.facebook.com/1021990891216414"], "phones": ["+4917649483365"], "brand": {"wikidata": null, "names": {"primary": null, "common": null, "rules": null}}, "addresses": [{"freeform": "Thalkirchner Straße 10", "locality": "München", "postcode": "80337", "region": null, "country": "DE"}], "names": {"primary": "Capisce", "common": null, "rules": null}, "sources": [{"property": "", "dataset": "meta", "license": "CDLA-Permissive-2.0", "record_id": "1021990891216414", "update_time": "2026-07-02T00:00:00.000Z", "confidence": 0.557370126247406, "between": null}, {"property": "/properties/confidence", "dataset": "Overture", "license": "CDLA-Permissive-2.0", "record_id": null, "update_time": "2026-07-14T20:34:55Z", "confidence": null, "between": null}], "basic_category": "restaurant", "taxonomy": {"primary": "bar_and_grill_restaurant", "hierarchy": ["food_and_drink", "restaurant", "bar_and_grill_restaurant"], "alternates": null}, "version": 6}}, {"id": "6312d465-26a3-4630-a993-641bd674f75d", "type": "Feature", "geometry": {"type": "Point", "coordinates": [11.56644691, 48.13207788]}, "properties": {"categories": {"primary": "pizza_restaurant", "alternate": ["bar", "gastropub"]}, "confidence": 0.9977880281209945, "websites": ["http://cafe-rubin.de/basis_content.html"], "emails": ["info@kraftwerk-bistro.de"], "socials": ["https://www.facebook.com/100675331290945"], "phones": ["+498997349413"], "brand": {"wikidata": null, "names": {"primary": null, "common": null, "rules": null}}, "addresses": [{"freeform": "Thalkirchner Straße 10", "locality": "München", "postcode": "80337", "region": null, "country": "DE"}], "names": {"primary": "BERU Pizza und Bar", "common": null, "rules": null}, "sources": [{"property": "", "dataset": "meta", "license": "CDLA-Permissive-2.0", "record_id": "100675331290945", "update_time": "2026-07-02T00:00:00.000Z", "confidence": 0.990382730960846, "between": null}, {"property": "/properties/confidence", "dataset": "Overture", "license": "CDLA-Permissive-2.0", "record_id": null, "update_time": "2026-07-14T20:34:55Z", "confidence": null, "between": null}], "basic_category": "restaurant", "taxonomy": {"primary": "pizza_restaurant", "hierarchy": ["food_and_drink", "restaurant", "european_restaurant", "mediterranean_restaurant", "italian_restaurant", "pizza_restaurant"], "alternates": null}, "version": 8}}, {"id": "f4395909-b7b4-4182-827e-d292ca59bbab", "type": "Feature", "geometry": {"type": "Point", "coordinates": [11.56643607, 48.13210611]}, "properties": {"categories": {"primary": "bar", "alternate": ["restaurant", "pub"]}, "confidence": 0.9864674210548401, "websites": ["https://dizzydaisy.de/"], "emails": ["nachricht@dizzydaisy.de"], "socials": ["https://www.facebook.com/222879091923852"], "brand": {"wikidata": null, "names": {"primary": null, "common": null, "rules": null}}, "addresses": [{"freeform": "Thalkirchner Straße 10", "locality": "München", "postcode": "80337", "region": null, "country": "DE"}], "names": {"primary": "Dizzy Daisy", "common": null, "rules": null}, "sources": [{"property": "", "dataset": "meta", "license": "CDLA-Permissive-2.0", "record_id": "222879091923852", "update_time": "2026-07-02T00:00:00.000Z", "confidence": 0.9864674210548401, "between": null}, {"property": "/properties/confidence", "dataset": "Overture", "license": "CDLA-Permissive-2.0", "record_id": null, "update_time": "2026-07-14T20:34:55Z", "confidence": null, "between": null}], "basic_category": "bar", "taxonomy": {"primary": "bar", "hierarchy": ["food_and_drink", "alcoholic_beverage_venue", "bar"], "alternates": null}, "version": 10}}, {"id": "24898f5a-d916-4927-96bd-3cfab635c11e", "type": "Feature", "geometry": {"type": "Point", "coordinates": [11.56647348, 48.13152987]}, "properties": {"categories": {"primary": "japanese_restaurant", "alternate": ["bar", "asian_restaurant"]}, "confidence": 0.998595684170723, "websites": ["http://www.usagi.bar/"], "emails": ["hello@usagi.bar"], "socials": ["https://www.facebook.com/1739873929595996"], "phones": ["+498955293581"], "brand": {"wikidata": null, "names": {"primary": "USAGI", "common": null, "rules": null}}, "addresses": [{"freeform": "Thalkirchner Straße 16", "locality": "München", "postcode": "80337", "region": null, "country": "DE"}], "names": {"primary": "Usagi", "common": null, "rules": null}, "sources": [{"property": "", "dataset": "meta", "license": "CDLA-Permissive-2.0", "record_id": "1739873929595996", "update_time": "2026-07-02T00:00:00.000Z", "confidence": 0.9938942790031433, "between": null}, {"property": "/properties/confidence", "dataset": "Overture", "license": "CDLA-Permissive-2.0", "record_id": null, "update_time": "2026-07-14T20:34:55Z", "confidence": null, "between": null}], "basic_category": "restaurant", "taxonomy": {"primary": "japanese_restaurant", "hierarchy": ["food_and_drink", "restaurant", "asian_restaurant", "east_asian_restaurant", "japanese_restaurant"], "alternates": null}, "version": 8}}, {"id": "ae9e2222-22f0-4ac9-bb76-7d520ddc80d7", "type": "Feature", "geometry": {"type": "Point", "coordinates": [11.56639363, 48.13162532]}, "properties": {"categories": {"primary": "pizza_restaurant", "alternate": ["italian_restaurant", "vegetarian_restaurant"]}, "confidence": 0.9694358706474304, "websites": ["http://www.pizza-verde.de/"], "socials": ["https://www.facebook.com/1108371682620998"], "phones": ["+498912023003"], "brand": {"wikidata": null, "names": {"primary": "Pizza Verde", "common": null, "rules": null}}, "addresses": [{"freeform": "Thalkirchner Straße 16", "locality": "München", "postcode": "80337", "region": null, "country": "DE"}], "names": {"primary": "Pizza Verde", "common": null, "rules": null}, "sources": [{"property": "", "dataset": "meta", "license": "CDLA-Permissive-2.0", "record_id": "1108371682620998", "update_time": "2026-07-02T00:00:00.000Z", "confidence": 0.9694358706474304, "between": null}, {"property": "/properties/confidence", "dataset": "Overture", "license": "CDLA-Permissive-2.0", "record_id": null, "update_time": "2026-07-14T20:34:55Z", "confidence": null, "between": null}], "basic_category": "restaurant", "taxonomy": {"primary": "pizza_restaurant", "hierarchy": ["food_and_drink", "restaurant", "european_restaurant", "mediterranean_restaurant", "italian_restaurant", "pizza_restaurant"], "alternates": null}, "version": 2}}, {"id": "15829e7f-20bb-4d44-9334-2365899b09ad", "type": "Feature", "geometry": {"type": "Point", "coordinates": [11.56652, 48.13187]}, "properties": {"categories": {"primary": "gay_bar", "alternate": null}, "confidence": 0.77, "websites": ["http://www.pop-as.de"], "phones": ["089 2609191"], "addresses": [{"freeform": "Thalkirchnerstr. 12", "locality": "München", "postcode": "80337", "region": "Bayern", "country": "DE"}], "names": {"primary": "Pop-As", "common": null, "rules": null}, "sources": [{"property": "", "dataset": "Foursquare", "license": "Apache-2.0", "record_id": "4c51fcf6048b1b8dc2c5d42f", "update_time": "2025-10-23T00:00:00.000", "confidence": 0.77, "between": null}, {"property": "/properties/confidence", "dataset": "Overture", "license": "CDLA-Permissive-2.0", "record_id": null, "update_time": "2026-07-14T20:34:55Z", "confidence": null, "between": null}], "basic_category": "bar", "taxonomy": {"primary": "gay_bar", "hierarchy": ["food_and_drink", "alcoholic_beverage_venue", "bar", "gay_bar"], "alternates": null}, "version": 3}}, {"id": "1d5bf5eb-8863-4052-9a3a-5b19f6641929", "type": "Feature", "geometry": {"type": "Point", "coordinates": [11.566648465224608, 48.13191283663462]}, "properties": {"categories": {"primary": "burger_restaurant", "alternate": null}, "confidence": 0.77, "emails": ["maki@schnelleliebe.de"], "socials": ["https://www.facebook.com/440959465971213"], "phones": ["089 21578752"], "addresses": [{"freeform": "Thalkirchner Str. 12", "locality": "München", "postcode": "80337", "region": "Bayern", "country": "DE"}], "names": {"primary": "Schnelle Liebe", "common": null, "rules": null}, "sources": [{"property": "", "dataset": "Foursquare", "license": "Apache-2.0", "record_id": "4b196e86f964a52039dd23e3", "update_time": "2025-10-23T00:00:00.000", "confidence": 0.77, "between": null}, {"property": "/properties/confidence", "dataset": "Overture", "license": "CDLA-Permissive-2.0", "record_id": null, "update_time": "2026-07-14T20:34:55Z", "confidence": null, "between": null}], "basic_category": "restaurant", "taxonomy": {"primary": "burger_restaurant", "hierarchy": ["food_and_drink", "restaurant", "meat_restaurant", "burger_restaurant"], "alternates": null}, "version": 4}}, {"id": "ed77efff-132b-47f3-a99d-9744f70c6876", "type": "Feature", "geometry": {"type": "Point", "coordinates": [11.56659045, 48.13133249]}, "properties": {"categories": {"primary": "pizza_restaurant", "alternate": ["cafe", "italian_restaurant"]}, "confidence": 0.9985432881116867, "websites": ["https://mixto-cucina.de/"], "emails": ["info@mixto-cucina.de"], "socials": ["https://www.facebook.com/1679870008938426"], "phones": ["+498923887751"], "brand": {"wikidata": null, "names": {"primary": null, "common": null, "rules": null}}, "addresses": [{"freeform": "Thalkirchner Straße 11", "locality": "München", "postcode": "80337", "region": null, "country": "DE"}], "names": {"primary": "Mixto Verde Pizzeria Cafe", "common": null, "rules": null}, "sources": [{"property": "", "dataset": "meta", "license": "CDLA-Permissive-2.0", "record_id": "1679870008938426", "update_time": "2026-07-02T00:00:00.000Z", "confidence": 0.9936664700508118, "between": null}, {"property": "/properties/confidence", "dataset": "Overture", "license": "CDLA-Permissive-2.0", "record_id": null, "update_time": "2026-07-14T20:34:55Z", "confidence": null, "between": null}], "basic_category": "restaurant", "taxonomy": {"primary": "pizza_restaurant", "hierarchy": ["food_and_drink", "restaurant", "european_restaurant", "mediterranean_restaurant", "italian_restaurant", "pizza_restaurant"], "alternates": null}, "version": 6}}, {"id": "4fa888e1-513a-4728-820c-da85cb504103", "type": "Feature", "geometry": {"type": "Point", "coordinates": [11.566697, 48.131355]}, "properties": {"categories": {"primary": "restaurant", "alternate": ["bar", "dance_club"]}, "confidence": 0.9977815718352795, "emails": ["info@eleven-lounge.de"], "socials": ["https://www.facebook.com/116760627980580"], "phones": ["+4915122964929"], "brand": {"wikidata": null, "names": {"primary": null, "common": null, "rules": null}}, "addresses": [{"freeform": "Thalkirchner Straße 11", "locality": "München", "postcode": "80337", "region": null, "country": "DE"}], "names": {"primary": "Eleven", "common": null, "rules": null}, "sources": [{"property": "", "dataset": "meta", "license": "CDLA-Permissive-2.0", "record_id": "116760627980580", "update_time": "2026-07-02T00:00:00.000Z", "confidence": 0.9356977343559265, "between": null}, {"property": "/properties/confidence", "dataset": "Overture", "license": "CDLA-Permissive-2.0", "record_id": null, "update_time": "2026-07-14T20:34:55Z", "confidence": null, "between": null}], "basic_category": "restaurant", "taxonomy": {"primary": "restaurant", "hierarchy": ["food_and_drink", "restaurant"], "alternates": null}, "version": 11}}, {"id": "f234f3a2-3238-447f-be16-b3f853f06c69", "type": "Feature", "geometry": {"type": "Point", "coordinates": [11.566696227925853, 48.1312255009744]}, "properties": {"categories": {"primary": "tapas_bar", "alternate": null}, "confidence": 0.77, "websites": ["http://diosminga.de"], "phones": ["089 21668272"], "addresses": [{"freeform": "Thalkirchner Str. 11", "locality": "Munich", "postcode": "80337", "region": "Bayern", "country": "DE"}], "names": {"primary": "dios Minga", "common": null, "rules": null}, "sources": [{"property": "", "dataset": "Foursquare", "license": "Apache-2.0", "record_id": "59a59e87e185f3743a8d05d6", "update_time": "2025-04-21T00:00:00.000", "confidence": 0.77, "between": null}, {"property": "/properties/confidence", "dataset": "Overture", "license": "CDLA-Permissive-2.0", "record_id": null, "update_time": "2026-07-14T20:34:55Z", "confidence": null, "between": null}], "basic_category": "casual_eatery", "taxonomy": {"primary": "tapas_bar", "hierarchy": ["food_and_drink", "casual_eatery", "tapas_bar"], "alternates": null}, "version": 4}}, {"id": "8dce513f-eb50-49f9-afe4-c8921eb8a328", "type": "Feature", "geometry": {"type": "Point", "coordinates": [11.5667789, 48.13193272]}, "properties": {"categories": {"primary": "vietnamese_restaurant", "alternate": ["asian_restaurant", "restaurant"]}, "confidence": 0.9934510272741318, "websites": ["https://www.jack-glockenbach.de/"], "emails": ["jack.glockenbach@gmail.com"], "socials": ["https://www.facebook.com/168339069957456"], "phones": ["+498923076788"], "brand": {"wikidata": null, "names": {"primary": null, "common": null, "rules": null}}, "addresses": [{"freeform": "Thalkirchner Straße 3", "locality": "München", "postcode": "80337", "region": null, "country": "DE"}], "names": {"primary": "Jack Glockenbach", "common": null, "rules": null}, "sources": [{"property": "", "dataset": "meta", "license": "CDLA-Permissive-2.0", "record_id": "168339069957456", "update_time": "2026-07-02T00:00:00.000Z", "confidence": 0.9715262055397034, "between": null}, {"property": "/properties/confidence", "dataset": "Overture", "license": "CDLA-Permissive-2.0", "record_id": null, "update_time": "2026-07-14T20:34:55Z", "confidence": null, "between": null}], "basic_category": "restaurant", "taxonomy": {"primary": "vietnamese_restaurant", "hierarchy": ["food_and_drink", "restaurant", "asian_restaurant", "southeast_asian_restaurant", "vietnamese_restaurant"], "alternates": null}, "version": 9}}, {"id": "5ca6bc62-0043-4ddb-aeda-c5de53d5aa2e", "type": "Feature", "geometry": {"type": "Point", "coordinates": [11.56693875, 48.13228421]}, "properties": {"categories": {"primary": "cafe", "alternate": ["german_restaurant", "restaurant"]}, "confidence": 0.9983319491147995, "websites": ["https://reservierung.gastroguide.de/Vollaths/268475"], "emails": ["info@vollaths.me"], "socials": ["https://www.facebook.com/272816429922841"], "phones": ["+498954760554"], "brand": {"wikidata": null, "names": {"primary": null, "common": null, "rules": null}}, "addresses": [{"freeform": "Thalkirchner Straße 1", "locality": "München", "postcode": "80337", "region": null, "country": "DE"}], "names": {"primary": "Vollaths", "common": null, "rules": null}, "sources": [{"property": "", "dataset": "meta", "license": "CDLA-Permissive-2.0", "record_id": "272816429922841", "update_time": "2026-07-02T00:00:00.000Z", "confidence": 0.9927476048469543, "between": null}, {"property": "/properties/confidence", "dataset": "Overture", "license": "CDLA-Permissive-2.0", "record_id": null, "update_time": "2026-07-14T20:34:55Z", "confidence": null, "between": null}], "basic_category": "cafe", "taxonomy": {"primary": "cafe", "hierarchy": ["food_and_drink", "casual_eatery", "cafe"], "alternates": null}, "version": 10}}, {"id": "7148cf29-2d37-4366-92ea-e238e87961b6", "type": "Feature", "geometry": {"type": "Point", "coordinates": [11.56686091, 48.13251789]}, "properties": {"categories": {"primary": "dance_club", "alternate": ["bar"]}, "confidence": 0.9063746333122253, "socials": ["https://www.facebook.com/104153012670535"], "phones": ["+4917672224735"], "brand": {"wikidata": null, "names": {"primary": null, "common": null, "rules": null}}, "addresses": [{"freeform": "Thalkirchner Straße 2", "locality": "München", "postcode": "80337", "region": null, "country": "DE"}], "names": {"primary": "LEGAL Club", "common": null, "rules": null}, "sources": [{"property": "", "dataset": "meta", "license": "CDLA-Permissive-2.0", "record_id": "104153012670535", "update_time": "2026-07-02T00:00:00.000Z", "confidence": 0.9063746333122253, "between": null}, {"property": "/properties/confidence", "dataset": "Overture", "license": "CDLA-Permissive-2.0", "record_id": null, "update_time": "2026-07-14T20:34:55Z", "confidence": null, "between": null}], "basic_category": "dance_club", "taxonomy": {"primary": "dance_club", "hierarchy": ["arts_and_entertainment", "nightlife_venue", "dance_club"], "alternates": null}, "version": 9}}, {"id": "b41670ba-02a5-4664-b19b-a200b2fc854e", "type": "Feature", "geometry": {"type": "Point", "coordinates": [11.56684391, 48.13273843]}, "properties": {"categories": {"primary": "bakery", "alternate": ["coffee_shop"]}, "confidence": 0.8812912702560425, "socials": ["https://www.facebook.com/621872468021510"], "phones": ["+498926010157"], "brand": {"wikidata": null, "names": {"primary": null, "common": null, "rules": null}}, "addresses": [{"freeform": "Sendlinger-Tor-Platz 5", "locality": "München", "postcode": "80336", "region": null, "country": "DE"}], "names": {"primary": "CD Backshop GmbH", "common": null, "rules": null}, "sources": [{"property": "", "dataset": "meta", "license": "CDLA-Permissive-2.0", "record_id": "621872468021510", "update_time": "2026-07-02T00:00:00.000Z", "confidence": 0.8812912702560425, "between": null}, {"property": "/properties/confidence", "dataset": "Overture", "license": "CDLA-Permissive-2.0", "record_id": null, "update_time": "2026-07-14T20:34:55Z", "confidence": null, "between": null}], "basic_category": "casual_eatery", "taxonomy": {"primary": "bakery", "hierarchy": ["food_and_drink", "casual_eatery", "bakery"], "alternates": null}, "version": 7}}, {"id": "e52718e3-a92b-411a-a430-46ca12418bbb", "type": "Feature", "geometry": {"type": "Point", "coordinates": [11.56683963, 48.13256746]}, "properties": {"categories": {"primary": "fast_food_restaurant", "alternate": ["restaurant", "turkish_restaurant"]}, "confidence": 0.9917124432325363, "socials": ["https://www.facebook.com/160883487270835"], "phones": ["+49892606556"], "brand": {"wikidata": null, "names": {"primary": null, "common": null, "rules": null}}, "addresses": [{"freeform": "Thalkirchner Straße 2", "locality": "München", "postcode": "80337", "region": null, "country": "DE"}], "names": {"primary": "Alpen Imbiss", "common": null, "rules": null}, "sources": [{"property": "", "dataset": "meta", "license": "CDLA-Permissive-2.0", "record_id": "160883487270835", "update_time": "2026-07-02T00:00:00.000Z", "confidence": 0.9639671444892883, "between": null}, {"property": "/properties/confidence", "dataset": "Overture", "license": "CDLA-Permissive-2.0", "record_id": null, "update_time": "2026-07-14T20:34:55Z", "confidence": null, "between": null}], "basic_category": "fast_food_restaurant", "taxonomy": {"primary": "fast_food_restaurant", "hierarchy": ["food_and_drink", "casual_eatery", "fast_food_restaurant"], "alternates": null}, "version": 9}}, {"id": "1798f841-095e-4b2b-8793-afd538c8fec7", "type": "Feature", "geometry": {"type": "Point", "coordinates": [11.56678293, 48.13271829]}, "properties": {"categories": {"primary": "cafe", "alternate": ["pizza_restaurant", "restaurant"]}, "confidence": 0.8329796195030212, "socials": ["https://www.facebook.com/359020720829441"], "phones": ["+491639374085"], "brand": {"wikidata": null, "names": {"primary": null, "common": null, "rules": null}}, "addresses": [{"freeform": "Sendlinger-Tor-Platz 5", "locality": "München", "postcode": "80336", "region": null, "country": "DE"}], "names": {"primary": "Café München", "common": null, "rules": null}, "sources": [{"property": "", "dataset": "meta", "license": "CDLA-Permissive-2.0", "record_id": "359020720829441", "update_time": "2026-07-02T00:00:00.000Z", "confidence": 0.8329796195030212, "between": null}, {"property": "/properties/confidence", "dataset": "Overture", "license": "CDLA-Permissive-2.0", "record_id": null, "update_time": "2026-07-14T20:34:55Z", "confidence": null, "between": null}], "basic_category": "cafe", "taxonomy": {"primary": "cafe", "hierarchy": ["food_and_drink", "casual_eatery", "cafe"], "alternates": null}, "version": 2}}, {"id": "32934d4a-8515-4160-86de-c7f67dcac56a", "type": "Feature", "geometry": {"type": "Point", "coordinates": [11.56673152, 48.13239346]}, "properties": {"categories": {"primary": "german_restaurant", "alternate": ["beer_garden", "european_restaurant"]}, "confidence": 0.9978999900817871, "websites": ["http://www.andyskrablergarten.de"], "emails": ["info@andyskrablergarten.de"], "socials": ["https://www.facebook.com/173980200876"], "phones": ["+498926019148"], "brand": {"wikidata": null, "names": {"primary": null, "common": null, "rules": null}}, "addresses": [{"freeform": "Thalkirchner Straße 2", "locality": "München", "postcode": "80337", "region": null, "country": "DE"}], "names": {"primary": "Andy's Krablergarten", "common": null, "rules": null}, "sources": [{"property": "", "dataset": "meta", "license": "CDLA-Permissive-2.0", "record_id": "173980200876", "update_time": "2026-07-02T00:00:00.000Z", "confidence": 0.9908695220947266, "between": null}, {"property": "/properties/confidence", "dataset": "Overture", "license": "CDLA-Permissive-2.0", "record_id": null, "update_time": "2026-07-14T20:34:55Z", "confidence": null, "between": null}], "basic_category": "restaurant", "taxonomy": {"primary": "german_restaurant", "hierarchy": ["food_and_drink", "restaurant", "european_restaurant", "central_european_restaurant", "german_restaurant"], "alternates": null}, "version": 10}}, {"id": "5643188b-f205-468d-9e99-abb565097ef4", "type": "Feature", "geometry": {"type": "Point", "coordinates": [11.566689, 48.133947]}, "properties": {"categories": {"primary": "restaurant", "alternate": ["sushi_restaurant"]}, "confidence": 0.31998735666275024, "websites": ["http://www.ifangsushi.de/"], "socials": ["https://www.facebook.com/1839956516324438"], "phones": ["+498951556868"], "brand": {"wikidata": null, "names": {"primary": null, "common": null, "rules": null}}, "addresses": [{"freeform": "Sendlinger-Tor-Platz 10", "locality": "München", "postcode": "80331", "region": null, "country": "DE"}], "names": {"primary": "IfangRunningsushi", "common": null, "rules": null}, "sources": [{"property": "", "dataset": "meta", "license": "CDLA-Permissive-2.0", "record_id": "1839956516324438", "update_time": "2026-07-02T00:00:00.000Z", "confidence": 0.31998735666275024, "between": null}, {"property": "/properties/confidence", "dataset": "Overture", "license": "CDLA-Permissive-2.0", "record_id": null, "update_time": "2026-07-14T20:34:55Z", "confidence": null, "between": null}], "basic_category": "restaurant", "taxonomy": {"primary": "restaurant", "hierarchy": ["food_and_drink", "restaurant"], "alternates": null}, "version": 9}}, {"id": "6d4bace1-4518-4b64-bfeb-9a9e1878aaa2", "type": "Feature", "geometry": {"type": "Point", "coordinates": [11.56669515, 48.13406761]}, "properties": {"categories": {"primary": "burger_restaurant", "alternate": ["restaurant"]}, "confidence": 0.85, "websites": ["https://www.ruffsburger.de/standort/delivery-muenchen-sendlinger-tor/"], "phones": ["08959946908"], "addresses": [{"freeform": "Sendlinger-Tor-Platz 10", "locality": "München", "postcode": "80336", "region": "Bavaria", "country": "DE"}], "names": {"primary": "Ruff's Burger", "common": null, "rules": null}, "sources": [{"property": "", "dataset": "Microsoft", "license": "CDLA-Permissive-2.0", "record_id": "1407374891793978", "update_time": "2025-10-15T13:07:35.207Z", "confidence": 0.85, "between": null}, {"property": "/properties/confidence", "dataset": "Overture", "license": "CDLA-Permissive-2.0", "record_id": null, "update_time": "2026-07-14T20:34:55Z", "confidence": null, "between": null}], "basic_category": "restaurant", "taxonomy": {"primary": "burger_restaurant", "hierarchy": ["food_and_drink", "restaurant", "meat_restaurant", "burger_restaurant"], "alternates": null}, "version": 6}}, {"id": "296d0694-1693-425a-9d17-d4ea9ac71946", "type": "Feature", "geometry": {"type": "Point", "coordinates": [11.56669468, 48.13406259]}, "properties": {"categories": {"primary": "restaurant", "alternate": ["burger_restaurant", "diner"]}, "confidence": 0.9927982014417648, "websites": ["https://theburgerhouse.com/"], "socials": ["https://www.facebook.com/107131168946823"], "phones": ["+498959946908"], "brand": {"wikidata": null, "names": {"primary": null, "common": null, "rules": null}}, "addresses": [{"freeform": "Sendlinger-Tor-Platz 10", "locality": "München", "postcode": "80331", "region": null, "country": "DE"}], "names": {"primary": "Burger House Sendlinger Tor", "common": null, "rules": null}, "sources": [{"property": "", "dataset": "meta", "license": "CDLA-Permissive-2.0", "record_id": "107131168946823", "update_time": "2026-07-02T00:00:00.000Z", "confidence": 0.9686878323554993, "between": null}, {"property": "/properties/confidence", "dataset": "Overture", "license": "CDLA-Permissive-2.0", "record_id": null, "update_time": "2026-07-14T20:34:55Z", "confidence": null, "between": null}], "basic_category": "restaurant", "taxonomy": {"primary": "restaurant", "hierarchy": ["food_and_drink", "restaurant"], "alternates": null}, "version": 10}}, {"id": "26210422-34e4-493b-b2f2-839065ff67d7", "type": "Feature", "geometry": {"type": "Point", "coordinates": [11.566876710889519, 48.133726759338096]}, "properties": {"categories": {"primary": "german_restaurant", "alternate": null}, "confidence": 0.77, "websites": ["http://wirtshaus-am-sendlinger-tor.de"], "phones": ["089 59946908"], "addresses": [{"freeform": "Sendlinger-Tor-Platz 10", "locality": "München", "postcode": "80336", "region": "Bayern", "country": "DE"}], "names": {"primary": "Wirtshaus am Sendlinger Tor", "common": null, "rules": null}, "sources": [{"property": "", "dataset": "Foursquare", "license": "Apache-2.0", "record_id": "4de7093252b1886171c59b96", "update_time": "2025-07-25T00:00:00.000", "confidence": 0.77, "between": null}, {"property": "/properties/confidence", "dataset": "Overture", "license": "CDLA-Permissive-2.0", "record_id": null, "update_time": "2026-07-14T20:34:55Z", "confidence": null, "between": null}], "basic_category": "restaurant", "taxonomy": {"primary": "german_restaurant", "hierarchy": ["food_and_drink", "restaurant", "european_restaurant", "central_european_restaurant", "german_restaurant"], "alternates": null}, "version": 4}}, {"id": "cbc27fe0-68bb-4c34-bb3b-76b0ea859c4a", "type": "Feature", "geometry": {"type": "Point", "coordinates": [11.56701, 48.13415]}, "properties": {"categories": {"primary": "naturopathic_holistic", "alternate": ["chinese_restaurant"]}, "confidence": 0.6527701020240784, "emails": ["hp.charle@icloud.com"], "socials": ["https://www.facebook.com/104849634299170"], "phones": ["+491781380367"], "brand": {"wikidata": null, "names": {"primary": null, "common": null, "rules": null}}, "addresses": [{"freeform": "Sendlinger-Tor-Platz 11", "locality": "München", "postcode": "80336", "region": null, "country": "DE"}], "names": {"primary": "Traditionelle Chinesische Medizin & Medical Aesthetics München-Zentrum", "common": null, "rules": null}, "sources": [{"property": "", "dataset": "meta", "license": "CDLA-Permissive-2.0", "record_id": "104849634299170", "update_time": "2026-07-02T00:00:00.000Z", "confidence": 0.6527701020240784, "between": null}, {"property": "/properties/confidence", "dataset": "Overture", "license": "CDLA-Permissive-2.0", "record_id": null, "update_time": "2026-07-14T20:34:55Z", "confidence": null, "between": null}], "basic_category": "complementary_and_alternative_medicine", "taxonomy": {"primary": "naturopathic_medicine", "hierarchy": ["health_care", "outpatient_care_facility", "complementary_and_alternative_medicine", "naturopathic_medicine"], "alternates": null}, "version": 7}}, {"id": "944dce70-15d6-48c0-a711-de67fe2f9955", "type": "Feature", "geometry": {"type": "Point", "coordinates": [11.567087, 48.134351]}, "properties": {"categories": {"primary": "bar", "alternate": ["cocktail_bar", "dance_club"]}, "confidence": 0.9913352793455124, "websites": ["http://www.bar-roy.net"], "emails": ["reservierung@bar-roy.net"], "socials": ["https://www.facebook.com/132973666721778"], "phones": ["+4989592596"], "brand": {"wikidata": null, "names": {"primary": null, "common": null, "rules": null}}, "addresses": [{"freeform": "Herzog-Wilhelm-Straße 30", "locality": "München", "postcode": "80331", "region": null, "country": "DE"}], "names": {"primary": "ROY München", "common": null, "rules": null}, "sources": [{"property": "", "dataset": "meta", "license": "CDLA-Permissive-2.0", "record_id": "132973666721778", "update_time": "2026-07-02T00:00:00.000Z", "confidence": 0.9623273015022278, "between": null}, {"property": "/properties/confidence", "dataset": "Overture", "license": "CDLA-Permissive-2.0", "record_id": null, "update_time": "2026-07-14T20:34:55Z", "confidence": null, "between": null}], "basic_category": "bar", "taxonomy": {"primary": "bar", "hierarchy": ["food_and_drink", "alcoholic_beverage_venue", "bar"], "alternates": null}, "version": 6}}, {"id": "918d85ac-0de2-4746-a5c0-e9609563146f", "type": "Feature", "geometry": {"type": "Point", "coordinates": [11.56721411, 48.1345371]}, "properties": {"categories": {"primary": "pancake_house", "alternate": ["breakfast_and_brunch_restaurant", "cafe"]}, "confidence": 0.9873516571521759, "websites": ["https://american-pancake.eatbu.com/?lang=de"], "emails": ["info@american-pancake.de"], "socials": ["https://www.facebook.com/110273984826174"], "phones": ["+4917623531572"], "brand": {"wikidata": null, "names": {"primary": null, "common": null, "rules": null}}, "addresses": [{"freeform": "Herzog-Wilhelm-Straße 30", "locality": "München", "postcode": "80331", "region": null, "country": "DE"}], "names": {"primary": "Pancake am Tor", "common": null, "rules": null}, "sources": [{"property": "", "dataset": "meta", "license": "CDLA-Permissive-2.0", "record_id": "110273984826174", "update_time": "2026-07-02T00:00:00.000Z", "confidence": 0.9450072050094604, "between": null}, {"property": "/properties/confidence", "dataset": "Overture", "license": "CDLA-Permissive-2.0", "record_id": null, "update_time": "2026-07-14T20:34:55Z", "confidence": null, "between": null}], "basic_category": "restaurant", "taxonomy": {"primary": "pancake_house", "hierarchy": ["food_and_drink", "restaurant", "breakfast_and_brunch_restaurant", "pancake_house"], "alternates": null}, "version": 8}}, {"id": "d1c017f8-0cbd-4336-bba8-36691e102603", "type": "Feature", "geometry": {"type": "Point", "coordinates": [11.56719778, 48.13398835]}, "properties": {"categories": {"primary": "irish_pub", "alternate": ["bar", "pub"]}, "confidence": 0.9958655643463135, "websites": ["http://www.kennedysmunich.com"], "emails": ["team@kennedysmunich.com"], "socials": ["https://www.facebook.com/191676660865389"], "phones": ["+498959988460"], "brand": {"wikidata": null, "names": {"primary": null, "common": null, "rules": null}}, "addresses": [{"freeform": "Sendlinger-Tor-Platz 11", "locality": "München", "postcode": "80336", "region": null, "country": "DE"}], "names": {"primary": "Kennedy's Bar and Restaurant", "common": null, "rules": null}, "sources": [{"property": "", "dataset": "meta", "license": "CDLA-Permissive-2.0", "record_id": "191676660865389", "update_time": "2026-07-02T00:00:00.000Z", "confidence": 0.9820241928100586, "between": null}, {"property": "/properties/confidence", "dataset": "Overture", "license": "CDLA-Permissive-2.0", "record_id": null, "update_time": "2026-07-14T20:34:55Z", "confidence": null, "between": null}], "basic_category": "bar", "taxonomy": {"primary": "irish_pub", "hierarchy": ["food_and_drink", "alcoholic_beverage_venue", "bar", "pub", "irish_pub"], "alternates": null}, "version": 6}}, {"id": "07f0640f-21ad-4c5e-a880-cd35105730c1", "type": "Feature", "geometry": {"type": "Point", "coordinates": [11.567182, 48.133864]}, "properties": {"categories": {"primary": "bakery", "alternate": null}, "confidence": 0.77, "websites": ["https://www.rischart.de/filialen/geschaefte"], "socials": ["https://www.facebook.com/166492300061019", "https://www.instagram.com/rischart_munich"], "phones": ["089 2317003550"], "addresses": [{"freeform": "Sendlinger-Tor-Platz 1", "locality": "Munich", "postcode": "80336", "region": "Bayern", "country": "DE"}], "names": {"primary": "Rischart", "common": null, "rules": null}, "sources": [{"property": "", "dataset": "Foursquare", "license": "Apache-2.0", "record_id": "65ddfad7a80a5d6538c4d29b", "update_time": "2026-01-24T00:00:00.000", "confidence": 0.77, "between": null}, {"property": "/properties/confidence", "dataset": "Overture", "license": "CDLA-Permissive-2.0", "record_id": null, "update_time": "2026-07-14T20:34:55Z", "confidence": null, "between": null}], "basic_category": "casual_eatery", "taxonomy": {"primary": "bakery", "hierarchy": ["food_and_drink", "casual_eatery", "bakery"], "alternates": null}, "version": 5}}, {"id": "e0e8a247-d717-47ca-9619-b6a71bb1218e", "type": "Feature", "geometry": {"type": "Point", "coordinates": [11.567256820917335, 48.133029944922]}, "properties": {"categories": {"primary": "italian_restaurant", "alternate": null}, "confidence": 0.77, "websites": ["http://www.pizzeria-alla-scala.de"], "phones": ["089 2607177"], "addresses": [{"freeform": "Sendlinger-Tor-Pl. 5", "locality": "München", "postcode": "80336", "region": "Bayern", "country": "DE"}], "names": {"primary": "Alla Scala", "common": null, "rules": null}, "sources": [{"property": "", "dataset": "Foursquare", "license": "Apache-2.0", "record_id": "4bc459e674a9a593aea7d5f6", "update_time": "2025-10-23T00:00:00.000", "confidence": 0.77, "between": null}, {"property": "/properties/confidence", "dataset": "Overture", "license": "CDLA-Permissive-2.0", "record_id": null, "update_time": "2026-07-14T20:34:55Z", "confidence": null, "between": null}], "basic_category": "restaurant", "taxonomy": {"primary": "italian_restaurant", "hierarchy": ["food_and_drink", "restaurant", "european_restaurant", "mediterranean_restaurant", "italian_restaurant"], "alternates": null}, "version": 4}}, {"id": "a716684e-940f-462e-b610-35b3ab1274b2", "type": "Feature", "geometry": {"type": "Point", "coordinates": [11.56722469, 48.13237142]}, "properties": {"categories": {"primary": "dance_club", "alternate": ["bar", "arts_and_entertainment"]}, "confidence": 0.9979930883646011, "websites": ["http://www.pimperenel.de/"], "emails": ["info@pimpernel.de"], "socials": ["https://www.facebook.com/49387521654"], "phones": ["+498923237156"], "brand": {"wikidata": null, "names": {"primary": null, "common": null, "rules": null}}, "addresses": [{"freeform": "Müllerstraße 54", "locality": "München", "postcode": "80469", "region": null, "country": "DE"}], "names": {"primary": "Pimpernel", "common": null, "rules": null}, "sources": [{"property": "", "dataset": "meta", "license": "CDLA-Permissive-2.0", "record_id": "49387521654", "update_time": "2026-07-02T00:00:00.000Z", "confidence": 0.9912742972373962, "between": null}, {"property": "/properties/confidence", "dataset": "Overture", "license": "CDLA-Permissive-2.0", "record_id": null, "update_time": "2026-07-14T20:34:55Z", "confidence": null, "between": null}], "basic_category": "dance_club", "taxonomy": {"primary": "dance_club", "hierarchy": ["arts_and_entertainment", "nightlife_venue", "dance_club"], "alternates": null}, "version": 8}}, {"id": "fff716ab-ef5f-4641-a2de-86e4615d4457", "type": "Feature", "geometry": {"type": "Point", "coordinates": [11.56719307, 48.13240117]}, "properties": {"categories": {"primary": "burger_restaurant", "alternate": ["bar_and_grill_restaurant", "gastropub"]}, "confidence": 0.9991322838366031, "websites": ["http://www.ruffsburger.de/"], "emails": ["muellerstrasse@ruffsburger.de"], "socials": ["https://www.facebook.com/145193062940574"], "phones": ["+498912253443"], "brand": {"wikidata": null, "names": {"primary": "Ruff's Burger", "common": null, "rules": null}}, "addresses": [{"freeform": "Müllerstraße 54", "locality": "München", "postcode": "80469", "region": null, "country": "DE"}], "names": {"primary": "Ruff's Burger & Bar", "common": null, "rules": null}, "sources": [{"property": "", "dataset": "meta", "license": "CDLA-Permissive-2.0", "record_id": "145193062940574", "update_time": "2026-07-02T00:00:00.000Z", "confidence": 0.9748488068580627, "between": null}, {"property": "/properties/confidence", "dataset": "Overture", "license": "CDLA-Permissive-2.0", "record_id": null, "update_time": "2026-07-14T20:34:55Z", "confidence": null, "between": null}], "basic_category": "restaurant", "taxonomy": {"primary": "burger_restaurant", "hierarchy": ["food_and_drink", "restaurant", "meat_restaurant", "burger_restaurant"], "alternates": null}, "version": 9}}, {"id": "611aab4d-c1bf-442b-8c78-6cd599b94f97", "type": "Feature", "geometry": {"type": "Point", "coordinates": [11.567257799061654, 48.131962542429555]}, "properties": {"categories": {"primary": "bakery", "alternate": null}, "confidence": 0.77, "websites": ["http://www.hofpfisterei.de"], "emails": ["info@hofpfisterei.de"], "phones": ["089 26026836"], "addresses": [{"freeform": "Müllerstr. 51", "locality": "München", "postcode": "80469", "region": "Bayern", "country": "DE"}], "names": {"primary": "Hofpfisterei", "common": null, "rules": null}, "sources": [{"property": "", "dataset": "Foursquare", "license": "Apache-2.0", "record_id": "4c0e5e797189c928f055d8b6", "update_time": "2025-10-23T00:00:00.000", "confidence": 0.77, "between": null}, {"property": "/properties/confidence", "dataset": "Overture", "license": "CDLA-Permissive-2.0", "record_id": null, "update_time": "2026-07-14T20:34:55Z", "confidence": null, "between": null}], "basic_category": "casual_eatery", "taxonomy": {"primary": "bakery", "hierarchy": ["food_and_drink", "casual_eatery", "bakery"], "alternates": null}, "version": 3}}, {"id": "e0ec752c-7081-4e7b-8ecd-b48c88f2477d", "type": "Feature", "geometry": {"type": "Point", "coordinates": [11.56722631, 48.13056599]}, "properties": {"categories": {"primary": "cafe", "alternate": ["health_food_restaurant", "vegetarian_restaurant"]}, "confidence": 0.997434772849083, "websites": ["http://www.botanista-muc.de/"], "socials": ["https://www.facebook.com/100301238871891"], "phones": ["+4917659993056"], "brand": {"wikidata": null, "names": {"primary": null, "common": null, "rules": null}}, "addresses": [{"freeform": "Pestalozzistraße 20", "locality": "München", "postcode": "80469", "region": null, "country": "DE"}], "names": {"primary": "Botanista Café Club", "common": null, "rules": null}, "sources": [{"property": "", "dataset": "meta", "license": "CDLA-Permissive-2.0", "record_id": "100301238871891", "update_time": "2026-07-02T00:00:00.000Z", "confidence": 0.9888468384742737, "between": null}, {"property": "/properties/confidence", "dataset": "Overture", "license": "CDLA-Permissive-2.0", "record_id": null, "update_time": "2026-07-14T20:34:55Z", "confidence": null, "between": null}], "basic_category": "cafe", "taxonomy": {"primary": "cafe", "hierarchy": ["food_and_drink", "casual_eatery", "cafe"], "alternates": null}, "version": 10}}, {"id": "e9d281fc-cde7-4751-b8a3-db9591b3fd61", "type": "Feature", "geometry": {"type": "Point", "coordinates": [11.56723206, 48.13046625]}, "properties": {"categories": {"primary": "cocktail_bar", "alternate": ["bar"]}, "confidence": 0.9981995332241058, "websites": ["http://zumwolf.com/"], "emails": ["wolfi@zumwolf.com"], "socials": ["https://www.facebook.com/289894951050917"], "phones": ["+49491638878787"], "brand": {"wikidata": null, "names": {"primary": null, "common": null, "rules": null}}, "addresses": [{"freeform": "Pestalozzistraße 22", "locality": "München", "postcode": "80469", "region": null, "country": "DE"}], "names": {"primary": "Zum Wolf", "common": null, "rules": null}, "sources": [{"property": "", "dataset": "meta", "license": "CDLA-Permissive-2.0", "record_id": "289894951050917", "update_time": "2026-07-02T00:00:00.000Z", "confidence": 0.9921718835830688, "between": null}, {"property": "/properties/confidence", "dataset": "Overture", "license": "CDLA-Permissive-2.0", "record_id": null, "update_time": "2026-07-14T20:34:55Z", "confidence": null, "between": null}], "basic_category": "bar", "taxonomy": {"primary": "cocktail_bar", "hierarchy": ["food_and_drink", "alcoholic_beverage_venue", "bar", "cocktail_bar"], "alternates": null}, "version": 10}}, {"id": "2e04adf1-a675-42c5-ac4e-7840d241fd8d", "type": "Feature", "geometry": {"type": "Point", "coordinates": [11.5672313, 48.13086195]}, "properties": {"categories": {"primary": "vietnamese_restaurant", "alternate": ["asian_restaurant", "restaurant"]}, "confidence": 0.9985899400711059, "websites": ["http://www.chithu.de"], "emails": ["info@chithu.de"], "socials": ["https://www.facebook.com/139575629932044"], "phones": ["+498921022200"], "brand": {"wikidata": null, "names": {"primary": null, "common": null, "rules": null}}, "addresses": [{"freeform": "Pestalozzistraße 16", "locality": "München", "postcode": "80469", "region": null, "country": "DE"}], "names": {"primary": "Chi Thu", "common": null, "rules": null}, "sources": [{"property": "", "dataset": "meta", "license": "CDLA-Permissive-2.0", "record_id": "139575629932044", "update_time": "2026-07-02T00:00:00.000Z", "confidence": 0.9938693046569824, "between": null}, {"property": "/properties/confidence", "dataset": "Overture", "license": "CDLA-Permissive-2.0", "record_id": null, "update_time": "2026-07-14T20:34:55Z", "confidence": null, "between": null}], "basic_category": "restaurant", "taxonomy": {"primary": "vietnamese_restaurant", "hierarchy": ["food_and_drink", "restaurant", "asian_restaurant", "southeast_asian_restaurant", "vietnamese_restaurant"], "alternates": null}, "version": 8}}, {"id": "8226f517-d239-4047-a777-8c5ab20e1c97", "type": "Feature", "geometry": {"type": "Point", "coordinates": [11.567138892872254, 48.130619034317206]}, "properties": {"categories": {"primary": "bar", "alternate": null}, "confidence": 0.77, "websites": ["http://www.rostigerpudel.com"], "emails": ["info@rostigerpudel.com"], "socials": ["https://www.facebook.com/358636624169979"], "phones": ["089 46222460"], "addresses": [{"freeform": "Pestalozzistr. 20", "locality": "München", "postcode": "80469", "region": "Bayern", "country": "DE"}], "names": {"primary": "Rostiger Pudel", "common": null, "rules": null}, "sources": [{"property": "", "dataset": "Foursquare", "license": "Apache-2.0", "record_id": "4f5bd821e4b0d8f7b66c1c07", "update_time": "2026-03-12T00:00:00.000", "confidence": 0.77, "between": null}, {"property": "/properties/confidence", "dataset": "Overture", "license": "CDLA-Permissive-2.0", "record_id": null, "update_time": "2026-07-14T20:34:55Z", "confidence": null, "between": null}], "basic_category": "bar", "taxonomy": {"primary": "bar", "hierarchy": ["food_and_drink", "alcoholic_beverage_venue", "bar"], "alternates": null}, "version": 2}}, {"id": "0aa6af38-33ae-4137-8ba9-243146f6b160", "type": "Feature", "geometry": {"type": "Point", "coordinates": [11.56720966, 48.13032579]}, "properties": {"categories": {"primary": "cafe", "alternate": ["japanese_restaurant", "asian_restaurant"]}, "confidence": 0.9924609065055847, "websites": ["http://www.luffy-pancake.com/"], "emails": ["luffypancake089@gmail.com"], "socials": ["https://www.facebook.com/101051468995652"], "phones": ["+491795151912"], "brand": {"wikidata": null, "names": {"primary": null, "common": null, "rules": null}}, "addresses": [{"freeform": "Pestalozzistraße 24", "locality": "München", "postcode": "80469", "region": null, "country": "DE"}], "names": {"primary": "Luffy Pancake Café", "common": null, "rules": null}, "sources": [{"property": "", "dataset": "meta", "license": "CDLA-Permissive-2.0", "record_id": "101051468995652", "update_time": "2026-07-02T00:00:00.000Z", "confidence": 0.9924609065055847, "between": null}, {"property": "/properties/confidence", "dataset": "Overture", "license": "CDLA-Permissive-2.0", "record_id": null, "update_time": "2026-07-14T20:34:55Z", "confidence": null, "between": null}], "basic_category": "cafe", "taxonomy": {"primary": "cafe", "hierarchy": ["food_and_drink", "casual_eatery", "cafe"], "alternates": null}, "version": 10}}, {"id": "b25467c0-72f9-4815-abdb-2e2015ebce19", "type": "Feature", "geometry": {"type": "Point", "coordinates": [11.56710676, 48.13009534]}, "properties": {"categories": {"primary": "italian_restaurant", "alternate": ["german_restaurant", "european_restaurant"]}, "confidence": 0.8672133684158325, "websites": ["http://www.pastalozzi.de/"], "emails": ["servus@pastalozzi.de"], "socials": ["https://www.facebook.com/118924851306711"], "phones": ["+498924210113"], "brand": {"wikidata": null, "names": {"primary": null, "common": null, "rules": null}}, "addresses": [{"freeform": "Pestalozzistraße 28", "locality": "München", "postcode": "80469", "region": null, "country": "DE"}], "names": {"primary": "Pastalozzi", "common": null, "rules": null}, "sources": [{"property": "", "dataset": "meta", "license": "CDLA-Permissive-2.0", "record_id": "118924851306711", "update_time": "2026-07-02T00:00:00.000Z", "confidence": 0.8672133684158325, "between": null}, {"property": "/properties/confidence", "dataset": "Overture", "license": "CDLA-Permissive-2.0", "record_id": null, "update_time": "2026-07-14T20:34:55Z", "confidence": null, "between": null}], "basic_category": "restaurant", "taxonomy": {"primary": "italian_restaurant", "hierarchy": ["food_and_drink", "restaurant", "european_restaurant", "mediterranean_restaurant", "italian_restaurant"], "alternates": null}, "version": 11}}, {"id": "11bd455e-7c34-4712-8d44-af96186c8813", "type": "Feature", "geometry": {"type": "Point", "coordinates": [11.567091331603853, 48.13008162499615]}, "properties": {"categories": {"primary": "italian_restaurant", "alternate": null}, "confidence": 0.77, "websites": ["http://www.cafelamar.de"], "socials": ["https://www.facebook.com/308260569638"], "phones": ["089 54892327"], "addresses": [{"freeform": "Pestalozzistr. 28", "locality": "München", "postcode": "80469", "region": "Bayern", "country": "DE"}], "names": {"primary": "L'Amar", "common": null, "rules": null}, "sources": [{"property": "", "dataset": "Foursquare", "license": "Apache-2.0", "record_id": "4b7a9e00f964a520c1332fe3", "update_time": "2025-08-11T00:00:00.000", "confidence": 0.77, "between": null}, {"property": "/properties/confidence", "dataset": "Overture", "license": "CDLA-Permissive-2.0", "record_id": null, "update_time": "2026-07-14T20:34:55Z", "confidence": null, "between": null}], "basic_category": "restaurant", "taxonomy": {"primary": "italian_restaurant", "hierarchy": ["food_and_drink", "restaurant", "european_restaurant", "mediterranean_restaurant", "italian_restaurant"], "alternates": null}, "version": 4}}, {"id": "8b85e9b5-6948-4cbe-a137-87b406f50040", "type": "Feature", "geometry": {"type": "Point", "coordinates": [11.567081623311937, 48.130187629497044]}, "properties": {"categories": {"primary": "italian_restaurant", "alternate": null}, "confidence": 0.77, "websites": ["http://jungeroemer-muenchen.de"], "phones": ["089 23025246"], "addresses": [{"freeform": "Pestalozzistraße 28", "locality": "Munich", "postcode": "80469", "region": "Bayern", "country": "DE"}], "names": {"primary": "Junge Römer", "common": null, "rules": null}, "sources": [{"property": "", "dataset": "Foursquare", "license": "Apache-2.0", "record_id": "5f35188773e70d2612458839", "update_time": "2025-04-21T00:00:00.000", "confidence": 0.77, "between": null}, {"property": "/properties/confidence", "dataset": "Overture", "license": "CDLA-Permissive-2.0", "record_id": null, "update_time": "2026-07-14T20:34:55Z", "confidence": null, "between": null}], "basic_category": "restaurant", "taxonomy": {"primary": "italian_restaurant", "hierarchy": ["food_and_drink", "restaurant", "european_restaurant", "mediterranean_restaurant", "italian_restaurant"], "alternates": null}, "version": 4}}, {"id": "b47cd7cc-78b0-4a20-942c-828055bba05b", "type": "Feature", "geometry": {"type": "Point", "coordinates": [11.567881, 48.128861]}, "properties": {"categories": {"primary": "professional_services", "alternate": ["bar"]}, "confidence": 0.35340210795402527, "websites": ["http://www.diffferent.de"], "socials": ["https://www.facebook.com/535587566774993"], "phones": ["+498954022050"], "brand": {"wikidata": null, "names": {"primary": "diffferent", "common": null, "rules": null}}, "addresses": [{"freeform": "Holzstraße 30", "locality": "München", "postcode": "80469", "region": null, "country": "DE"}], "names": {"primary": "diffferent München", "common": null, "rules": null}, "sources": [{"property": "", "dataset": "meta", "license": "CDLA-Permissive-2.0", "record_id": "535587566774993", "update_time": "2026-07-02T00:00:00.000Z", "confidence": 0.35340210795402527, "between": null}, {"property": "/properties/confidence", "dataset": "Overture", "license": "CDLA-Permissive-2.0", "record_id": null, "update_time": "2026-07-14T20:34:55Z", "confidence": null, "between": null}], "basic_category": "professional_service", "taxonomy": {"primary": "professional_service", "hierarchy": ["services_and_business", "professional_service"], "alternates": null}, "version": 3}}, {"id": "ce60ef42-78bf-4ed4-ba18-cb848ef3d2ef", "type": "Feature", "geometry": {"type": "Point", "coordinates": [11.56787, 48.12886]}, "properties": {"categories": {"primary": "german_restaurant", "alternate": null}, "confidence": 0.09699784219264984, "websites": ["https://www.faz.net/kaufkompass/"], "emails": ["hallo@faz-kaufkompass.de"], "socials": ["https://www.facebook.com/571572089580178"], "phones": ["+498955274222"], "brand": {"wikidata": null, "names": {"primary": null, "common": null, "rules": null}}, "addresses": [{"freeform": null, "locality": "München", "postcode": null, "region": null, "country": "DE"}], "names": {"primary": "FAZ Kaufkompass", "common": null, "rules": null}, "sources": [{"property": "", "dataset": "meta", "license": "CDLA-Permissive-2.0", "record_id": "571572089580178", "update_time": "2026-07-02T00:00:00.000Z", "confidence": 0.09699784219264984, "between": null}, {"property": "/properties/confidence", "dataset": "Overture", "license": "CDLA-Permissive-2.0", "record_id": null, "update_time": "2026-07-14T20:34:55Z", "confidence": null, "between": null}], "basic_category": "restaurant", "taxonomy": {"primary": "german_restaurant", "hierarchy": ["food_and_drink", "restaurant", "european_restaurant", "central_european_restaurant", "german_restaurant"], "alternates": null}, "version": 2}}, {"id": "958e0938-a4a5-45ca-964b-056fd347967e", "type": "Feature", "geometry": {"type": "Point", "coordinates": [11.56778762, 48.12968962]}, "properties": {"categories": {"primary": "vegetarian_restaurant", "alternate": ["indian_restaurant"]}, "confidence": 0.9742101854085923, "websites": ["http://www.noams.de/"], "emails": ["kontakt@noams.de"], "socials": ["https://www.facebook.com/103561425134012"], "phones": ["+498927371760"], "brand": {"wikidata": null, "names": {"primary": "Noams", "common": null, "rules": null}}, "addresses": [{"freeform": "Holzstraße 19", "locality": "München", "postcode": "80469", "region": null, "country": "DE"}], "names": {"primary": "JOY OF MADHU München", "common": null, "rules": null}, "sources": [{"property": "", "dataset": "meta", "license": "CDLA-Permissive-2.0", "record_id": "103561425134012", "update_time": "2026-07-02T00:00:00.000Z", "confidence": 0.8878703713417053, "between": null}, {"property": "/properties/confidence", "dataset": "Overture", "license": "CDLA-Permissive-2.0", "record_id": null, "update_time": "2026-07-14T20:34:55Z", "confidence": null, "between": null}], "basic_category": "restaurant", "taxonomy": {"primary": "vegetarian_restaurant", "hierarchy": ["food_and_drink", "restaurant", "special_diet_restaurant", "vegetarian_restaurant"], "alternates": null}, "version": 5}}, {"id": "8081136d-3b98-4794-b516-df1c06b826f7", "type": "Feature", "geometry": {"type": "Point", "coordinates": [11.567764049271345, 48.130133340440906]}, "properties": {"categories": {"primary": "bar", "alternate": null}, "confidence": 0.77, "websites": ["http://www.komm-nachhause.de"], "socials": ["https://www.facebook.com/162670830453079"], "phones": ["089 23076414"], "addresses": [{"freeform": "Holzstr. 16", "locality": "München", "postcode": "80469", "region": "Bayern", "country": "DE"}], "names": {"primary": "Nach Hause", "common": null, "rules": null}, "sources": [{"property": "", "dataset": "Foursquare", "license": "Apache-2.0", "record_id": "4db9ef0ba86ede8c0f8ef459", "update_time": "2025-05-21T00:00:00.000", "confidence": 0.77, "between": null}, {"property": "/properties/confidence", "dataset": "Overture", "license": "CDLA-Permissive-2.0", "record_id": null, "update_time": "2026-07-14T20:34:55Z", "confidence": null, "between": null}], "basic_category": "bar", "taxonomy": {"primary": "bar", "hierarchy": ["food_and_drink", "alcoholic_beverage_venue", "bar"], "alternates": null}, "version": 5}}, {"id": "0c9872fe-2912-41d2-aad3-0e6471f8545b", "type": "Feature", "geometry": {"type": "Point", "coordinates": [11.567852497100828, 48.130121825265654]}, "properties": {"categories": {"primary": "gay_bar", "alternate": null}, "confidence": 0.77, "websites": ["http://www.jennifer-parks.com"], "socials": ["https://www.facebook.com/669804273188024"], "phones": ["0491 5172919512"], "addresses": [{"freeform": "Holzstr. 14", "locality": "München", "postcode": "80469", "region": "Bayern", "country": "DE"}], "names": {"primary": "Jenny was a friend of mine!", "common": null, "rules": null}, "sources": [{"property": "", "dataset": "Foursquare", "license": "Apache-2.0", "record_id": "59449c4f4c954c4ff5529b66", "update_time": "2024-11-25T00:00:00.000", "confidence": 0.77, "between": null}, {"property": "/properties/confidence", "dataset": "Overture", "license": "CDLA-Permissive-2.0", "record_id": null, "update_time": "2026-07-14T20:34:55Z", "confidence": null, "between": null}], "basic_category": "bar", "taxonomy": {"primary": "gay_bar", "hierarchy": ["food_and_drink", "alcoholic_beverage_venue", "bar", "gay_bar"], "alternates": null}, "version": 5}}, {"id": "ad992051-0c63-49bc-a59d-793692a5389c", "type": "Feature", "geometry": {"type": "Point", "coordinates": [11.567711144194034, 48.130182648942416]}, "properties": {"categories": {"primary": "cafe", "alternate": null}, "confidence": 0.77, "websites": ["http://cafetabularasa,de"], "socials": ["https://www.facebook.com/159604320767137"], "phones": ["089 23231871"], "addresses": [{"freeform": "Holzstr. 18", "locality": "München", "postcode": "80469", "region": "Bayern", "country": "DE"}], "names": {"primary": "Café Tabula Rasa", "common": null, "rules": null}, "sources": [{"property": "", "dataset": "Foursquare", "license": "Apache-2.0", "record_id": "4c013f49de3376b09681f9a4", "update_time": "2026-03-12T00:00:00.000", "confidence": 0.77, "between": null}, {"property": "/properties/confidence", "dataset": "Overture", "license": "CDLA-Permissive-2.0", "record_id": null, "update_time": "2026-07-14T20:34:55Z", "confidence": null, "between": null}], "basic_category": "cafe", "taxonomy": {"primary": "cafe", "hierarchy": ["food_and_drink", "casual_eatery", "cafe"], "alternates": null}, "version": 9}}, {"id": "a56efdfa-5f7a-41ba-8c8e-af1b48b2a4a8", "type": "Feature", "geometry": {"type": "Point", "coordinates": [11.56771366, 48.13009543]}, "properties": {"categories": {"primary": "german_restaurant", "alternate": ["european_restaurant", "bar"]}, "confidence": 0.9973605793714523, "websites": ["http://www.muenchen72.de/"], "emails": ["buero@muenchen72.de"], "socials": ["https://www.facebook.com/123460300999031"], "phones": ["+498997343785"], "brand": {"wikidata": null, "names": {"primary": null, "common": null, "rules": null}}, "addresses": [{"freeform": "Holzstraße 16", "locality": "München", "postcode": "80469", "region": null, "country": "DE"}], "names": {"primary": "München 72", "common": null, "rules": null}, "sources": [{"property": "", "dataset": "meta", "license": "CDLA-Permissive-2.0", "record_id": "123460300999031", "update_time": "2026-07-02T00:00:00.000Z", "confidence": 0.9885242581367493, "between": null}, {"property": "/properties/confidence", "dataset": "Overture", "license": "CDLA-Permissive-2.0", "record_id": null, "update_time": "2026-07-14T20:34:55Z", "confidence": null, "between": null}], "basic_category": "restaurant", "taxonomy": {"primary": "german_restaurant", "hierarchy": ["food_and_drink", "restaurant", "european_restaurant", "central_european_restaurant", "german_restaurant"], "alternates": null}, "version": 9}}, {"id": "aa96a989-6b2b-48de-bb24-5f889e8282f3", "type": "Feature", "geometry": {"type": "Point", "coordinates": [11.56753318, 48.13069476]}, "properties": {"categories": {"primary": "cafe", "alternate": ["bakery", "american_restaurant"]}, "confidence": 0.9789215654134751, "websites": ["http://www.lifeissweetmunich.com/"], "emails": ["hello@lifeissweetmunich.com"], "socials": ["https://www.facebook.com/427528100448546"], "brand": {"wikidata": null, "names": {"primary": null, "common": null, "rules": null}}, "addresses": [{"freeform": "Pestalozzistraße 17", "locality": "München", "postcode": "80469", "region": null, "country": "DE"}], "names": {"primary": "Life is Sweet Munich", "common": null, "rules": null}, "sources": [{"property": "", "dataset": "meta", "license": "CDLA-Permissive-2.0", "record_id": "427528100448546", "update_time": "2026-07-02T00:00:00.000Z", "confidence": 0.8594771027565002, "between": null}, {"property": "/properties/confidence", "dataset": "Overture", "license": "CDLA-Permissive-2.0", "record_id": null, "update_time": "2026-07-14T20:34:55Z", "confidence": null, "between": null}], "basic_category": "cafe", "taxonomy": {"primary": "cafe", "hierarchy": ["food_and_drink", "casual_eatery", "cafe"], "alternates": null}, "version": 10}}, {"id": "7c7bf808-236e-4465-b19e-2266eb6b42e2", "type": "Feature", "geometry": {"type": "Point", "coordinates": [11.567449, 48.130687]}, "properties": {"categories": {"primary": "wine_bar", "alternate": ["beer_wine_and_spirits", "bar", "food", "restaurant"]}, "confidence": 0.85, "websites": ["https://www.einfachgeniessen.de/"], "phones": ["08989043860"], "addresses": [{"freeform": "Augustenstr. 97", "locality": "München", "postcode": "80798", "region": "Bayern", "country": "DE"}], "names": {"primary": "einfach geniessen - Weinseminare in München", "common": null, "rules": null}, "sources": [{"property": "", "dataset": "Microsoft", "license": "CDLA-Permissive-2.0", "record_id": "1407374887125685", "update_time": "2025-09-08T00:09:08.653Z", "confidence": 0.85, "between": null}, {"property": "/properties/confidence", "dataset": "Overture", "license": "CDLA-Permissive-2.0", "record_id": null, "update_time": "2026-07-14T20:34:55Z", "confidence": null, "between": null}], "basic_category": "bar", "taxonomy": {"primary": "wine_bar", "hierarchy": ["food_and_drink", "alcoholic_beverage_venue", "bar", "wine_bar"], "alternates": null}, "version": 7}}, {"id": "36e2ea10-252a-4f82-8e56-fac5300665ec", "type": "Feature", "geometry": {"type": "Point", "coordinates": [11.56756072, 48.13009586]}, "properties": {"categories": {"primary": "restaurant", "alternate": ["cafe"]}, "confidence": 0.593927800655365, "websites": ["http://Cafecarlotta.de/"], "emails": ["info@cafecarlotta.de"], "socials": ["https://www.facebook.com/784120054786909"], "phones": ["+498944489897"], "brand": {"wikidata": null, "names": {"primary": null, "common": null, "rules": null}}, "addresses": [{"freeform": "Holzstraße 18", "locality": "München", "postcode": "80469", "region": null, "country": "DE"}], "names": {"primary": "Carlotta", "common": null, "rules": null}, "sources": [{"property": "", "dataset": "meta", "license": "CDLA-Permissive-2.0", "record_id": "784120054786909", "update_time": "2026-07-02T00:00:00.000Z", "confidence": 0.593927800655365, "between": null}, {"property": "/properties/confidence", "dataset": "Overture", "license": "CDLA-Permissive-2.0", "record_id": null, "update_time": "2026-07-14T20:34:55Z", "confidence": null, "between": null}], "basic_category": "restaurant", "taxonomy": {"primary": "restaurant", "hierarchy": ["food_and_drink", "restaurant"], "alternates": null}, "version": 2}}, {"id": "4acc7e9f-62af-42de-8a2b-3b22865b0af3", "type": "Feature", "geometry": {"type": "Point", "coordinates": [11.567450442150053, 48.12980900816315]}, "properties": {"categories": {"primary": "vietnamese_restaurant", "alternate": ["restaurant", "asian_restaurant"]}, "confidence": 0.9993823269605636, "websites": ["http://annam32.com/"], "emails": ["info@annam32.com"], "socials": ["https://www.facebook.com/197471106952283"], "phones": ["+498924203499"], "brand": {"wikidata": null, "names": {"primary": null, "common": null, "rules": null}}, "addresses": [{"freeform": "Pestalozzistraße 32", "locality": "München", "postcode": "80469", "region": null, "country": "DE"}], "names": {"primary": "Annam", "common": null, "rules": null}, "sources": [{"property": "", "dataset": "meta", "license": "CDLA-Permissive-2.0", "record_id": "197471106952283", "update_time": "2026-07-02T00:00:00.000Z", "confidence": 0.9820964336395264, "between": null}, {"property": "/properties/confidence", "dataset": "Overture", "license": "CDLA-Permissive-2.0", "record_id": null, "update_time": "2026-07-14T20:34:55Z", "confidence": null, "between": null}], "basic_category": "restaurant", "taxonomy": {"primary": "vietnamese_restaurant", "hierarchy": ["food_and_drink", "restaurant", "asian_restaurant", "southeast_asian_restaurant", "vietnamese_restaurant"], "alternates": null}, "version": 9}}, {"id": "1f336a9f-d501-4645-a26f-58d18c380e5c", "type": "Feature", "geometry": {"type": "Point", "coordinates": [11.567336487677926, 48.1303096484101]}, "properties": {"categories": {"primary": "cafe", "alternate": null}, "confidence": 0.77, "websites": ["http://www.aromakaffeebar.com"], "phones": ["089 26949249"], "addresses": [{"freeform": "Pestalozzistr. 24", "locality": "München", "postcode": "80469", "region": "Bayern", "country": "DE"}], "names": {"primary": "Aroma Kaffeebar", "common": null, "rules": null}, "sources": [{"property": "", "dataset": "Foursquare", "license": "Apache-2.0", "record_id": "4ade0ca8f964a5205a6821e3", "update_time": "2025-10-23T00:00:00.000", "confidence": 0.77, "between": null}, {"property": "/properties/confidence", "dataset": "Overture", "license": "CDLA-Permissive-2.0", "record_id": null, "update_time": "2026-07-14T20:34:55Z", "confidence": null, "between": null}], "basic_category": "cafe", "taxonomy": {"primary": "cafe", "hierarchy": ["food_and_drink", "casual_eatery", "cafe"], "alternates": null}, "version": 4}}, {"id": "e3f510ea-afd7-493d-b487-d810febc22a5", "type": "Feature", "geometry": {"type": "Point", "coordinates": [11.56740957, 48.13044916]}, "properties": {"categories": {"primary": "ice_cream_shop", "alternate": ["desserts", "cafe"]}, "confidence": 0.9844961267709732, "websites": ["http://www.daseismeer.de"], "emails": ["info@daseismeer.de"], "socials": ["https://www.facebook.com/130095983708921"], "phones": ["+498951088434"], "brand": {"wikidata": null, "names": {"primary": null, "common": null, "rules": null}}, "addresses": [{"freeform": "Pestalozzistraße 21", "locality": "München", "postcode": "80469", "region": null, "country": "DE"}], "names": {"primary": "Eiscafé Eismeer", "common": null, "rules": null}, "sources": [{"property": "", "dataset": "meta", "license": "CDLA-Permissive-2.0", "record_id": "130095983708921", "update_time": "2026-07-02T00:00:00.000Z", "confidence": 0.9325918555259705, "between": null}, {"property": "/properties/confidence", "dataset": "Overture", "license": "CDLA-Permissive-2.0", "record_id": null, "update_time": "2026-07-14T20:34:55Z", "confidence": null, "between": null}], "basic_category": "casual_eatery", "taxonomy": {"primary": "ice_cream_shop", "hierarchy": ["food_and_drink", "casual_eatery", "dessert_shop", "ice_cream_shop"], "alternates": null}, "version": 5}}, {"id": "d864ad32-3d39-490d-9e8d-f121f249f72a", "type": "Feature", "geometry": {"type": "Point", "coordinates": [11.5672836, 48.13095566]}, "properties": {"categories": {"primary": "cocktail_bar", "alternate": ["bar", "lounge"]}, "confidence": 0.9956140440702438, "websites": ["http://curtaincall.bar/"], "emails": ["info@curtaincall.bar"], "socials": ["https://www.facebook.com/280973599214834"], "phones": ["+498974835211"], "brand": {"wikidata": null, "names": {"primary": "CURTAIN CALL（カーテンコール）", "common": null, "rules": null}}, "addresses": [{"freeform": "Pestalozzistraße 16", "locality": "München", "postcode": "80469", "region": null, "country": "DE"}], "names": {"primary": "Curtain Call", "common": null, "rules": null}, "sources": [{"property": "", "dataset": "meta", "license": "CDLA-Permissive-2.0", "record_id": "280973599214834", "update_time": "2026-07-02T00:00:00.000Z", "confidence": 0.9809306263923645, "between": null}, {"property": "/properties/confidence", "dataset": "Overture", "license": "CDLA-Permissive-2.0", "record_id": null, "update_time": "2026-07-14T20:34:55Z", "confidence": null, "between": null}], "basic_category": "bar", "taxonomy": {"primary": "cocktail_bar", "hierarchy": ["food_and_drink", "alcoholic_beverage_venue", "bar", "cocktail_bar"], "alternates": null}, "version": 9}}, {"id": "2c78cdfa-5954-4553-9ad2-bd3caf98e1be", "type": "Feature", "geometry": {"type": "Point", "coordinates": [11.567287, 48.131645]}, "properties": {"categories": {"primary": "american_restaurant", "alternate": ["restaurant", "cafe"]}, "confidence": 0.30703428387641907, "websites": ["http://www.cafefreiraum.de/"], "emails": ["kontakt@cafefreiraum.de"], "socials": ["https://www.facebook.com/494443777266720"], "phones": ["+49892607749"], "brand": {"wikidata": null, "names": {"primary": null, "common": null, "rules": null}}, "addresses": [{"freeform": "Pestalozzistraße 8", "locality": "München", "postcode": "80469", "region": null, "country": "DE"}], "names": {"primary": "Freiraum München", "common": null, "rules": null}, "sources": [{"property": "", "dataset": "meta", "license": "CDLA-Permissive-2.0", "record_id": "494443777266720", "update_time": "2026-07-02T00:00:00.000Z", "confidence": 0.30703428387641907, "between": null}, {"property": "/properties/confidence", "dataset": "Overture", "license": "CDLA-Permissive-2.0", "record_id": null, "update_time": "2026-07-14T20:34:55Z", "confidence": null, "between": null}], "basic_category": "restaurant", "taxonomy": {"primary": "american_restaurant", "hierarchy": ["food_and_drink", "restaurant", "north_american_restaurant", "american_restaurant"], "alternates": null}, "version": 8}}, {"id": "eb4af7c0-6a02-4002-9f90-5a089a5f2eb4", "type": "Feature", "geometry": {"type": "Point", "coordinates": [11.567310705583361, 48.13191323547563]}, "properties": {"categories": {"primary": "asian_restaurant", "alternate": null}, "confidence": 0.77, "websites": ["https://www.hutong.de"], "phones": ["089 24216115"], "addresses": [{"freeform": "Müllerstraße 51", "locality": "München", "postcode": "80469", "region": "Bayern", "country": "DE"}], "names": {"primary": "The Drunken Dragon Bar", "common": null, "rules": null}, "sources": [{"property": "", "dataset": "Foursquare", "license": "Apache-2.0", "record_id": "57d1a4cb498e1af7a33e8b07", "update_time": "2025-05-22T00:00:00.000", "confidence": 0.77, "between": null}, {"property": "/properties/confidence", "dataset": "Overture", "license": "CDLA-Permissive-2.0", "record_id": null, "update_time": "2026-07-14T20:34:55Z", "confidence": null, "between": null}], "basic_category": "restaurant", "taxonomy": {"primary": "asian_restaurant", "hierarchy": ["food_and_drink", "restaurant", "asian_restaurant"], "alternates": null}, "version": 4}}, {"id": "fa8f4cae-d1f1-46bb-8e5e-039ccb9ae95a", "type": "Feature", "geometry": {"type": "Point", "coordinates": [11.5673473, 48.13167424]}, "properties": {"categories": {"primary": "cafe", "alternate": ["coffee_shop", "bar"]}, "confidence": 0.9892903524637222, "websites": ["https://www.cafelozzi.de"], "emails": ["info@gansamwasser.de"], "socials": ["https://www.facebook.com/105649474375298"], "phones": ["+498924594224"], "brand": {"wikidata": null, "names": {"primary": null, "common": null, "rules": null}}, "addresses": [{"freeform": "Pestalozzistraße 8", "locality": "München", "postcode": "80469", "region": null, "country": "DE"}], "names": {"primary": "Cafe Lozzi", "common": null, "rules": null}, "sources": [{"property": "", "dataset": "meta", "license": "CDLA-Permissive-2.0", "record_id": "105649474375298", "update_time": "2026-07-02T00:00:00.000Z", "confidence": 0.9534363150596619, "between": null}, {"property": "/properties/confidence", "dataset": "Overture", "license": "CDLA-Permissive-2.0", "record_id": null, "update_time": "2026-07-14T20:34:55Z", "confidence": null, "between": null}], "basic_category": "cafe", "taxonomy": {"primary": "cafe", "hierarchy": ["food_and_drink", "casual_eatery", "cafe"], "alternates": null}, "version": 9}}, {"id": "7dd15e86-c611-4128-8fc8-ed0608d9ac77", "type": "Feature", "geometry": {"type": "Point", "coordinates": [11.56737102, 48.13176255]}, "properties": {"categories": {"primary": "cafe", "alternate": ["bar", "coffee_shop"]}, "confidence": 0.9980760967731476, "websites": ["http://www.edelheiss.de/"], "emails": ["edelheiss@t-online.de"], "socials": ["https://www.facebook.com/164542160225200"], "phones": ["+4989265453"], "brand": {"wikidata": null, "names": {"primary": null, "common": null, "rules": null}}, "addresses": [{"freeform": "Pestalozzistraße 6", "locality": "München", "postcode": "80469", "region": null, "country": "DE"}], "names": {"primary": "Edelheiss", "common": null, "rules": null}, "sources": [{"property": "", "dataset": "meta", "license": "CDLA-Permissive-2.0", "record_id": "164542160225200", "update_time": "2026-07-02T00:00:00.000Z", "confidence": 0.9916352033615112, "between": null}, {"property": "/properties/confidence", "dataset": "Overture", "license": "CDLA-Permissive-2.0", "record_id": null, "update_time": "2026-07-14T20:34:55Z", "confidence": null, "between": null}], "basic_category": "cafe", "taxonomy": {"primary": "cafe", "hierarchy": ["food_and_drink", "casual_eatery", "cafe"], "alternates": null}, "version": 8}}, {"id": "4ad811e1-5887-4aa5-ae58-c8d3978fe6d1", "type": "Feature", "geometry": {"type": "Point", "coordinates": [11.567361677039566, 48.13109915913636]}, "properties": {"categories": {"primary": "vietnamese_restaurant", "alternate": null}, "confidence": 0.77, "websites": ["http://www.jamai-hanoifood.com"], "phones": ["089 23885822"], "addresses": [{"freeform": "Pestalozzistr. 9", "locality": "Muenchen", "postcode": "80469", "region": "Bayern", "country": "DE"}], "names": {"primary": "Ja Mai", "common": null, "rules": null}, "sources": [{"property": "", "dataset": "Foursquare", "license": "Apache-2.0", "record_id": "4c011d2219d8c92868468829", "update_time": "2024-08-18T00:00:00.000", "confidence": 0.77, "between": null}, {"property": "/properties/confidence", "dataset": "Overture", "license": "CDLA-Permissive-2.0", "record_id": null, "update_time": "2026-07-14T20:34:55Z", "confidence": null, "between": null}], "basic_category": "restaurant", "taxonomy": {"primary": "vietnamese_restaurant", "hierarchy": ["food_and_drink", "restaurant", "asian_restaurant", "southeast_asian_restaurant", "vietnamese_restaurant"], "alternates": null}, "version": 4}}, {"id": "95c712d1-3acf-4665-8a98-211bfcd8dcb2", "type": "Feature", "geometry": {"type": "Point", "coordinates": [11.567481, 48.131034]}, "properties": {"categories": {"primary": "restaurant", "alternate": null}, "confidence": 0.77, "websites": ["https://www.parasado.de"], "emails": ["malcom.praun@gmx.de"], "phones": ["089 85636152"], "addresses": [{"freeform": "Pestalozzistr. 9", "locality": "München", "postcode": "80469", "region": "Bayern", "country": "DE"}], "names": {"primary": "Parasado", "common": null, "rules": null}, "sources": [{"property": "", "dataset": "Foursquare", "license": "Apache-2.0", "record_id": "59c6befb016f14a803552698", "update_time": "2025-06-07T00:00:00.000", "confidence": 0.77, "between": null}, {"property": "/properties/confidence", "dataset": "Overture", "license": "CDLA-Permissive-2.0", "record_id": null, "update_time": "2026-07-14T20:34:55Z", "confidence": null, "between": null}], "basic_category": "restaurant", "taxonomy": {"primary": "restaurant", "hierarchy": ["food_and_drink", "restaurant"], "alternates": null}, "version": 4}}, {"id": "fcdf7d05-b509-4f19-9bee-6dc56057c35b", "type": "Feature", "geometry": {"type": "Point", "coordinates": [11.56754006, 48.13103969]}, "properties": {"categories": {"primary": "wine_bar", "alternate": ["liquor_store"]}, "confidence": 0.21762429177761078, "websites": ["https://www.vinovit.de/"], "socials": ["https://www.facebook.com/635129279689712"], "phones": ["+4917656029670"], "brand": {"wikidata": null, "names": {"primary": "Vinovit", "common": null, "rules": null}}, "addresses": [{"freeform": "Pestalozzistraße 11", "locality": "München", "postcode": "80469", "region": null, "country": "DE"}], "names": {"primary": "VINOVIT Weinbar & Concept Store - Glockenbach", "common": null, "rules": null}, "sources": [{"property": "", "dataset": "meta", "license": "CDLA-Permissive-2.0", "record_id": "635129279689712", "update_time": "2026-07-02T00:00:00.000Z", "confidence": 0.21762429177761078, "between": null}, {"property": "/properties/confidence", "dataset": "Overture", "license": "CDLA-Permissive-2.0", "record_id": null, "update_time": "2026-07-14T20:34:55Z", "confidence": null, "between": null}], "basic_category": "bar", "taxonomy": {"primary": "wine_bar", "hierarchy": ["food_and_drink", "alcoholic_beverage_venue", "bar", "wine_bar"], "alternates": null}, "version": 3}}, {"id": "4193ac46-4507-49bd-8aaf-0d9b52852b27", "type": "Feature", "geometry": {"type": "Point", "coordinates": [11.56757446, 48.13114237]}, "properties": {"categories": {"primary": "japanese_restaurant", "alternate": null}, "confidence": 0.8248526453971863, "websites": ["https://www.app.teburio.de/widget/l/gfjjrkkjfiakhbbA9?utm_source=google&fbclid=PAZXh0bgNhZW0CMTEAAacSIyCNCWV_2g-d5Sspf1PFZdprkTuDk1dT5r_Av0AgX9jXDOxuJIT0zPtsQw_aem_mzFX-zTGWiizHcqGdvt9Mg"], "emails": ["info@monacoramen.de"], "socials": ["https://www.facebook.com/100514378041229"], "phones": ["+4917631644813"], "brand": {"wikidata": null, "names": {"primary": null, "common": null, "rules": null}}, "addresses": [{"freeform": "Pestalozzistraße 9", "locality": "München", "postcode": "80469", "region": null, "country": "DE"}], "names": {"primary": "Monaco Ramen", "common": null, "rules": null}, "sources": [{"property": "", "dataset": "meta", "license": "CDLA-Permissive-2.0", "record_id": "100514378041229", "update_time": "2026-07-02T00:00:00.000Z", "confidence": 0.8248526453971863, "between": null}, {"property": "/properties/confidence", "dataset": "Overture", "license": "CDLA-Permissive-2.0", "record_id": null, "update_time": "2026-07-14T20:34:55Z", "confidence": null, "between": null}], "basic_category": "restaurant", "taxonomy": {"primary": "japanese_restaurant", "hierarchy": ["food_and_drink", "restaurant", "asian_restaurant", "east_asian_restaurant", "japanese_restaurant"], "alternates": null}, "version": 2}}, {"id": "319c1cdd-2141-4df5-9a0f-a3a9f8cc3389", "type": "Feature", "geometry": {"type": "Point", "coordinates": [11.567474, 48.132246]}, "properties": {"categories": {"primary": "pub", "alternate": ["bar", "dance_club"]}, "confidence": 0.8455622527003288, "websites": ["http://www.nachtbad.de/"], "emails": ["bademeister@nachtbad.de"], "socials": ["https://www.facebook.com/1418213288492888"], "phones": ["+491756688403"], "brand": {"wikidata": null, "names": {"primary": null, "common": null, "rules": null}}, "addresses": [{"freeform": "Müllerstraße 54", "locality": "München", "postcode": "80469", "region": null, "country": "DE"}], "names": {"primary": "Nachtbad", "common": null, "rules": null}, "sources": [{"property": "", "dataset": "meta", "license": "CDLA-Permissive-2.0", "record_id": "1418213288492888", "update_time": "2026-07-02T00:00:00.000Z", "confidence": 0.32853153347969055, "between": null}, {"property": "/properties/confidence", "dataset": "Overture", "license": "CDLA-Permissive-2.0", "record_id": null, "update_time": "2026-07-14T20:34:55Z", "confidence": null, "between": null}], "basic_category": "bar", "taxonomy": {"primary": "pub", "hierarchy": ["food_and_drink", "alcoholic_beverage_venue", "bar", "pub"], "alternates": null}, "version": 8}}, {"id": "2fa7ea85-11a5-43bd-87e1-da6b01734337", "type": "Feature", "geometry": {"type": "Point", "coordinates": [11.56740783, 48.13214994]}, "properties": {"categories": {"primary": "gay_bar", "alternate": ["bar", "pub"]}, "confidence": 0.997806288599968, "websites": ["http://www.bar-rendezvous.de/"], "emails": ["bar-r@gmx.de"], "socials": ["https://www.facebook.com/995963557104071"], "phones": ["+49892604125"], "brand": {"wikidata": null, "names": {"primary": null, "common": null, "rules": null}}, "addresses": [{"freeform": "Müllerstraße 54", "locality": "München", "postcode": "80469", "region": null, "country": "DE"}], "names": {"primary": "Bar Rendezvous", "common": null, "rules": null}, "sources": [{"property": "", "dataset": "meta", "license": "CDLA-Permissive-2.0", "record_id": "995963557104071", "update_time": "2026-07-02T00:00:00.000Z", "confidence": 0.9904621243476868, "between": null}, {"property": "/properties/confidence", "dataset": "Overture", "license": "CDLA-Permissive-2.0", "record_id": null, "update_time": "2026-07-14T20:34:55Z", "confidence": null, "between": null}], "basic_category": "bar", "taxonomy": {"primary": "gay_bar", "hierarchy": ["food_and_drink", "alcoholic_beverage_venue", "bar", "gay_bar"], "alternates": null}, "version": 10}}, {"id": "4d244855-9c8b-4675-bd26-0d131ba27628", "type": "Feature", "geometry": {"type": "Point", "coordinates": [11.56751214764735, 48.1350121039334]}, "properties": {"categories": {"primary": "italian_restaurant", "alternate": null}, "confidence": 0.77, "websites": ["http://www.tarullos.de"], "phones": ["089 21024496"], "addresses": [{"freeform": "Kreuzstr. 18", "locality": "München", "postcode": "80331", "region": "Bayern", "country": "DE"}], "names": {"primary": "Tarullo's", "common": null, "rules": null}, "sources": [{"property": "", "dataset": "Foursquare", "license": "Apache-2.0", "record_id": "4ef9aa8da69dea74fc99cf9d", "update_time": "2025-05-21T00:00:00.000", "confidence": 0.77, "between": null}, {"property": "/properties/confidence", "dataset": "Overture", "license": "CDLA-Permissive-2.0", "record_id": null, "update_time": "2026-07-14T20:34:55Z", "confidence": null, "between": null}], "basic_category": "restaurant", "taxonomy": {"primary": "italian_restaurant", "hierarchy": ["food_and_drink", "restaurant", "european_restaurant", "mediterranean_restaurant", "italian_restaurant"], "alternates": null}, "version": 3}}, {"id": "9f8a9674-74c0-4e0b-af76-d405d189e5c0", "type": "Feature", "geometry": {"type": "Point", "coordinates": [11.5676644, 48.1349647]}, "properties": {"categories": {"primary": "wine_bar", "alternate": ["beer_wine_and_spirits", "bar", "food", "restaurant"]}, "confidence": 0.85, "websites": ["https://www.delinat.com/weinshop-muenchen"], "phones": ["076243399972"], "addresses": [{"freeform": "Kreuzstrasse 21", "locality": "München", "postcode": "80331", "region": "", "country": "DE"}], "names": {"primary": "Delinat-Weinshop München", "common": null, "rules": null}, "sources": [{"property": "", "dataset": "Microsoft", "license": "CDLA-Permissive-2.0", "record_id": "2251799820863251", "update_time": "2025-09-05T18:01:02.510Z", "confidence": 0.85, "between": null}, {"property": "/properties/confidence", "dataset": "Overture", "license": "CDLA-Permissive-2.0", "record_id": null, "update_time": "2026-07-14T20:34:55Z", "confidence": null, "between": null}], "basic_category": "bar", "taxonomy": {"primary": "wine_bar", "hierarchy": ["food_and_drink", "alcoholic_beverage_venue", "bar", "wine_bar"], "alternates": null}, "version": 9}}, {"id": "d1d0a972-6a7a-4490-972b-75c501cf3800", "type": "Feature", "geometry": {"type": "Point", "coordinates": [11.56786458, 48.13401493]}, "properties": {"categories": {"primary": "ice_cream_shop", "alternate": ["coffee_shop", "cafe"]}, "confidence": 0.9973116654157639, "websites": ["https://www.instagram.com/keep.banana/"], "emails": ["kontakt@keepbanana.de"], "socials": ["https://www.facebook.com/105642238455181"], "phones": ["+4917660014490"], "brand": {"wikidata": null, "names": {"primary": null, "common": null, "rules": null}}, "addresses": [{"freeform": "Sendlinger Straße 49", "locality": "München", "postcode": "80331", "region": null, "country": "DE"}], "names": {"primary": "Keep Bañana", "common": null, "rules": null}, "sources": [{"property": "", "dataset": "meta", "license": "CDLA-Permissive-2.0", "record_id": "105642238455181", "update_time": "2026-07-02T00:00:00.000Z", "confidence": 0.9883115887641907, "between": null}, {"property": "/properties/confidence", "dataset": "Overture", "license": "CDLA-Permissive-2.0", "record_id": null, "update_time": "2026-07-14T20:34:55Z", "confidence": null, "between": null}], "basic_category": "casual_eatery", "taxonomy": {"primary": "ice_cream_shop", "hierarchy": ["food_and_drink", "casual_eatery", "dessert_shop", "ice_cream_shop"], "alternates": null}, "version": 9}}, {"id": "1dcd8eb0-1ace-4b7b-9e60-721a260a70a3", "type": "Feature", "geometry": {"type": "Point", "coordinates": [11.56782459, 48.13208746]}, "properties": {"categories": {"primary": "health_food_store", "alternate": ["grocery_store", "eat_and_drink"]}, "confidence": 0.9962516754865647, "websites": ["https://muenchner-kraeutergarten.com/"], "emails": ["info@muenchner-kraeutergarten.com"], "socials": ["https://www.facebook.com/889606854480786"], "phones": ["+498923249802"], "brand": {"wikidata": null, "names": {"primary": null, "common": null, "rules": null}}, "addresses": [{"freeform": "Pestalozzistraße 3", "locality": "München", "postcode": "80469", "region": null, "country": "DE"}], "names": {"primary": "Münchner Kräutergarten GmbH", "common": null, "rules": null}, "sources": [{"property": "", "dataset": "meta", "license": "CDLA-Permissive-2.0", "record_id": "889606854480786", "update_time": "2026-07-02T00:00:00.000Z", "confidence": 0.9750111699104309, "between": null}, {"property": "/properties/confidence", "dataset": "Overture", "license": "CDLA-Permissive-2.0", "record_id": null, "update_time": "2026-07-14T20:34:55Z", "confidence": null, "between": null}], "basic_category": "food_and_beverage_store", "taxonomy": {"primary": "health_food_store", "hierarchy": ["shopping", "food_and_beverage_store", "health_food_store"], "alternates": null}, "version": 8}}, {"id": "4b856164-5212-4285-83d3-d3cb6bf06210", "type": "Feature", "geometry": {"type": "Point", "coordinates": [11.567588, 48.132134]}, "properties": {"categories": {"primary": "bar", "alternate": ["pub"]}, "confidence": 0.47270694375038147, "websites": ["http://www.muenchengaysauna.de/"], "socials": ["https://www.facebook.com/144949729422008"], "phones": ["+498989058216"], "brand": {"wikidata": null, "names": {"primary": null, "common": null, "rules": null}}, "addresses": [{"freeform": "Müllerstraße 54", "locality": "München", "postcode": "80469", "region": null, "country": "DE"}], "names": {"primary": "Müllerstr 54 Event Location", "common": null, "rules": null}, "sources": [{"property": "", "dataset": "meta", "license": "CDLA-Permissive-2.0", "record_id": "144949729422008", "update_time": "2026-07-02T00:00:00.000Z", "confidence": 0.47270694375038147, "between": null}, {"property": "/properties/confidence", "dataset": "Overture", "license": "CDLA-Permissive-2.0", "record_id": null, "update_time": "2026-07-14T20:34:55Z", "confidence": null, "between": null}], "basic_category": "bar", "taxonomy": {"primary": "bar", "hierarchy": ["food_and_drink", "alcoholic_beverage_venue", "bar"], "alternates": null}, "version": 8}}, {"id": "485c8eef-ca54-485c-bb93-969ce4892330", "type": "Feature", "geometry": {"type": "Point", "coordinates": [11.56758146, 48.13126453]}, "properties": {"categories": {"primary": "coffee_shop", "alternate": ["cafe", "bakery"]}, "confidence": 0.8954306840896606, "websites": ["http://www.dapkies.de/"], "emails": ["dapkies.muenchen@gmail.com"], "socials": ["https://www.facebook.com/103718732349231"], "phones": ["+498923542216"], "brand": {"wikidata": null, "names": {"primary": null, "common": null, "rules": null}}, "addresses": [{"freeform": "Pestalozzistraße 7", "locality": "München", "postcode": "80469", "region": null, "country": "DE"}], "names": {"primary": "Dapkies", "common": null, "rules": null}, "sources": [{"property": "", "dataset": "meta", "license": "CDLA-Permissive-2.0", "record_id": "103718732349231", "update_time": "2026-07-02T00:00:00.000Z", "confidence": 0.8954306840896606, "between": null}, {"property": "/properties/confidence", "dataset": "Overture", "license": "CDLA-Permissive-2.0", "record_id": null, "update_time": "2026-07-14T20:34:55Z", "confidence": null, "between": null}], "basic_category": "coffee_shop", "taxonomy": {"primary": "coffee_shop", "hierarchy": ["food_and_drink", "non_alcoholic_beverage_venue", "coffee_shop"], "alternates": null}, "version": 8}}, {"id": "8ea98047-7c22-4033-8b76-46b06c4ddd52", "type": "Feature", "geometry": {"type": "Point", "coordinates": [11.567734, 48.131519]}, "properties": {"categories": {"primary": "bar", "alternate": ["pub", "music_venue"]}, "confidence": 0.6138212084770203, "websites": ["https://www.warnerchappell.com"], "socials": ["https://www.facebook.com/157408714290612"], "phones": ["+4989290690"], "brand": {"wikidata": null, "names": {"primary": null, "common": null, "rules": null}}, "addresses": [{"freeform": "Müllerstraße 47", "locality": "München", "postcode": "80469", "region": null, "country": "DE"}], "names": {"primary": "Warner Chappell Music GmbH & Co", "common": null, "rules": null}, "sources": [{"property": "", "dataset": "meta", "license": "CDLA-Permissive-2.0", "record_id": "157408714290612", "update_time": "2026-07-02T00:00:00.000Z", "confidence": 0.6138212084770203, "between": null}, {"property": "/properties/confidence", "dataset": "Overture", "license": "CDLA-Permissive-2.0", "record_id": null, "update_time": "2026-07-14T20:34:55Z", "confidence": null, "between": null}], "basic_category": "bar", "taxonomy": {"primary": "bar", "hierarchy": ["food_and_drink", "alcoholic_beverage_venue", "bar"], "alternates": null}, "version": 10}}, {"id": "1d08ef27-2a31-4f1f-8d28-6d2c56060cc9", "type": "Feature", "geometry": {"type": "Point", "coordinates": [11.5678007, 48.1317009]}, "properties": {"categories": {"primary": "coffee_shop", "alternate": ["bar", "breakfast_and_brunch_restaurant", "cafe", "restaurant"]}, "confidence": 0.9655, "websites": ["http://www.glockenbach.com/anfahrt.php"], "phones": ["08945240622"], "addresses": [{"freeform": "Müllerstr. 49", "locality": "München", "postcode": "80469", "region": "Bayern", "country": "DE"}], "names": {"primary": "Glockenbach GmbH", "common": null, "rules": null}, "sources": [{"property": "", "dataset": "Microsoft", "license": "CDLA-Permissive-2.0", "record_id": "2533274790406690", "update_time": "2016-12-06T09:12:42.560Z", "confidence": 0.85, "between": null}, {"property": "/properties/confidence", "dataset": "Overture", "license": "CDLA-Permissive-2.0", "record_id": null, "update_time": "2026-07-14T20:34:55Z", "confidence": null, "between": null}], "basic_category": "coffee_shop", "taxonomy": {"primary": "coffee_shop", "hierarchy": ["food_and_drink", "non_alcoholic_beverage_venue", "coffee_shop"], "alternates": null}, "version": 7}}, {"id": "78ebed69-8d8a-4ce3-8c64-58f932e2858a", "type": "Feature", "geometry": {"type": "Point", "coordinates": [11.56792726, 48.13147896]}, "properties": {"categories": {"primary": "gay_bar", "alternate": ["bar"]}, "confidence": 0.9984117496013641, "websites": ["http://www.ochsengarten.de/"], "emails": ["info@ochsengarten.de"], "socials": ["https://www.facebook.com/124717484227722"], "phones": ["+4989266446"], "brand": {"wikidata": null, "names": {"primary": null, "common": null, "rules": null}}, "addresses": [{"freeform": "Müllerstraße 47", "locality": "München", "postcode": "80469", "region": null, "country": "DE"}], "names": {"primary": "Ochsengarten", "common": null, "rules": null}, "sources": [{"property": "", "dataset": "meta", "license": "CDLA-Permissive-2.0", "record_id": "124717484227722", "update_time": "2026-07-02T00:00:00.000Z", "confidence": 0.9930945634841919, "between": null}, {"property": "/properties/confidence", "dataset": "Overture", "license": "CDLA-Permissive-2.0", "record_id": null, "update_time": "2026-07-14T20:34:55Z", "confidence": null, "between": null}], "basic_category": "bar", "taxonomy": {"primary": "gay_bar", "hierarchy": ["food_and_drink", "alcoholic_beverage_venue", "bar", "gay_bar"], "alternates": null}, "version": 10}}, {"id": "239b55f4-45bf-47ad-a908-88921d6d6ffc", "type": "Feature", "geometry": {"type": "Point", "coordinates": [11.56799661, 48.13162437]}, "properties": {"categories": {"primary": "bar", "alternate": ["lounge", "pub"]}, "confidence": 0.9882002758979798, "websites": ["http://www.loretta-bar.de"], "emails": ["lorettabar@freenet.de"], "socials": ["https://www.facebook.com/112314014476"], "phones": ["+498923077370"], "brand": {"wikidata": null, "names": {"primary": null, "common": null, "rules": null}}, "addresses": [{"freeform": "Müllerstraße 50", "locality": "München", "postcode": "80469", "region": null, "country": "DE"}], "names": {"primary": "Loretta Bar", "common": null, "rules": null}, "sources": [{"property": "", "dataset": "meta", "license": "CDLA-Permissive-2.0", "record_id": "112314014476", "update_time": "2026-07-02T00:00:00.000Z", "confidence": 0.9486968517303467, "between": null}, {"property": "/properties/confidence", "dataset": "Overture", "license": "CDLA-Permissive-2.0", "record_id": null, "update_time": "2026-07-14T20:34:55Z", "confidence": null, "between": null}], "basic_category": "bar", "taxonomy": {"primary": "bar", "hierarchy": ["food_and_drink", "alcoholic_beverage_venue", "bar"], "alternates": null}, "version": 9}}, {"id": "0badc2f9-623e-44c4-bc4b-8bcad000e3bc", "type": "Feature", "geometry": {"type": "Point", "coordinates": [11.567966, 48.134073]}, "properties": {"categories": {"primary": "italian_restaurant", "alternate": null}, "confidence": 0.77, "websites": ["https://punto-divino.de"], "emails": ["info@punto-divino.de"], "phones": ["089 26023101"], "addresses": [{"freeform": "Sendlinger Str. 62", "locality": "München", "postcode": "80331", "region": "Bayern", "country": "DE"}], "names": {"primary": "Punto DiVino Vinothek & Restaurant", "common": null, "rules": null}, "sources": [{"property": "", "dataset": "Foursquare", "license": "Apache-2.0", "record_id": "4bc47b52abf49521f60ec593", "update_time": "2026-03-31T00:00:00.000", "confidence": 0.77, "between": null}, {"property": "/properties/confidence", "dataset": "Overture", "license": "CDLA-Permissive-2.0", "record_id": null, "update_time": "2026-07-14T20:34:55Z", "confidence": null, "between": null}], "basic_category": "restaurant", "taxonomy": {"primary": "italian_restaurant", "hierarchy": ["food_and_drink", "restaurant", "european_restaurant", "mediterranean_restaurant", "italian_restaurant"], "alternates": null}, "version": 5}}, {"id": "691d06a5-f08d-463e-b051-920e20a1832d", "type": "Feature", "geometry": {"type": "Point", "coordinates": [11.56817053, 48.13433382]}, "properties": {"categories": {"primary": "tea_room", "alternate": ["cafe", "shopping"]}, "confidence": 0.9884914565086365, "websites": ["http://www.teahouse.de/"], "emails": ["info@teahouse.de"], "socials": ["https://www.facebook.com/550563068451199"], "phones": ["+4989268472"], "brand": {"wikidata": null, "names": {"primary": null, "common": null, "rules": null}}, "addresses": [{"freeform": "Sendlinger Straße 62", "locality": "München", "postcode": "80331", "region": null, "country": "DE"}], "names": {"primary": "TeaHouse", "common": null, "rules": null}, "sources": [{"property": "", "dataset": "meta", "license": "CDLA-Permissive-2.0", "record_id": "550563068451199", "update_time": "2026-07-02T00:00:00.000Z", "confidence": 0.949962854385376, "between": null}, {"property": "/properties/confidence", "dataset": "Overture", "license": "CDLA-Permissive-2.0", "record_id": null, "update_time": "2026-07-14T20:34:55Z", "confidence": null, "between": null}], "basic_category": "non_alcoholic_beverage_venue", "taxonomy": {"primary": "tea_room", "hierarchy": ["food_and_drink", "non_alcoholic_beverage_venue", "tea_room"], "alternates": null}, "version": 9}}, {"id": "3bb7cb88-3919-4dc9-aff9-6eda5c6341f5", "type": "Feature", "geometry": {"type": "Point", "coordinates": [11.56812541, 48.13427355]}, "properties": {"categories": {"primary": "cafe", "alternate": ["coffee_shop", "bar"]}, "confidence": 0.9985760527849198, "websites": ["http://www.patolli.net/"], "emails": ["info@patolli.net"], "socials": ["https://www.facebook.com/696740987003727"], "phones": ["+498989058312"], "brand": {"wikidata": null, "names": {"primary": null, "common": null, "rules": null}}, "addresses": [{"freeform": "Sendlinger Straße 62", "locality": "München", "postcode": "80331", "region": null, "country": "DE"}], "names": {"primary": "Patolli", "common": null, "rules": null}, "sources": [{"property": "", "dataset": "meta", "license": "CDLA-Permissive-2.0", "record_id": "696740987003727", "update_time": "2026-07-02T00:00:00.000Z", "confidence": 0.993808925151825, "between": null}, {"property": "/properties/confidence", "dataset": "Overture", "license": "CDLA-Permissive-2.0", "record_id": null, "update_time": "2026-07-14T20:34:55Z", "confidence": null, "between": null}], "basic_category": "cafe", "taxonomy": {"primary": "cafe", "hierarchy": ["food_and_drink", "casual_eatery", "cafe"], "alternates": null}, "version": 8}}, {"id": "f5920258-aac9-421f-a1e4-b011b68a2a1a", "type": "Feature", "geometry": {"type": "Point", "coordinates": [11.56823, 48.13399]}, "properties": {"categories": {"primary": "bakery", "alternate": ["coffee_shop"]}, "confidence": 0.941538473367691, "websites": ["http://www.kamps.de/"], "emails": ["kundenservice@kamps.de"], "socials": ["https://www.facebook.com/157337351585088"], "phones": ["+498923077955"], "brand": {"wikidata": null, "names": {"primary": null, "common": null, "rules": null}}, "addresses": [{"freeform": "Sendlinger Straße 47", "locality": "München", "postcode": "80331", "region": null, "country": "DE"}], "names": {"primary": "Kamps Backst", "common": null, "rules": null}, "sources": [{"property": "", "dataset": "meta", "license": "CDLA-Permissive-2.0", "record_id": "157337351585088", "update_time": "2026-07-02T00:00:00.000Z", "confidence": 0.7458194494247437, "between": null}, {"property": "/properties/confidence", "dataset": "Overture", "license": "CDLA-Permissive-2.0", "record_id": null, "update_time": "2026-07-14T20:34:55Z", "confidence": null, "between": null}], "basic_category": "casual_eatery", "taxonomy": {"primary": "bakery", "hierarchy": ["food_and_drink", "casual_eatery", "bakery"], "alternates": null}, "version": 11}}, {"id": "83004aee-0de7-4960-bd59-1fb927886247", "type": "Feature", "geometry": {"type": "Point", "coordinates": [11.56827329, 48.13421843]}, "properties": {"categories": {"primary": "caterer", "alternate": ["german_restaurant", "european_restaurant"]}, "confidence": 0.9384602802991867, "websites": ["http://www.ringlers.net/"], "emails": ["info@ringlers.net"], "socials": ["https://www.facebook.com/424464910922538"], "phones": ["+4915121288877"], "brand": {"wikidata": null, "names": {"primary": null, "common": null, "rules": null}}, "addresses": [{"freeform": "Sendlinger Straße 45", "locality": "München", "postcode": "80331", "region": null, "country": "DE"}], "names": {"primary": "Ringlers Catering", "common": null, "rules": null}, "sources": [{"property": "", "dataset": "meta", "license": "CDLA-Permissive-2.0", "record_id": "424464910922538", "update_time": "2026-07-02T00:00:00.000Z", "confidence": 0.7324360013008118, "between": null}, {"property": "/properties/confidence", "dataset": "Overture", "license": "CDLA-Permissive-2.0", "record_id": null, "update_time": "2026-07-14T20:34:55Z", "confidence": null, "between": null}], "basic_category": "event_or_party_service", "taxonomy": {"primary": "caterer", "hierarchy": ["services_and_business", "event_or_party_service", "caterer"], "alternates": null}, "version": 10}}, {"id": "e11b7327-b4fd-4d86-bbcc-d7bbcfed104a", "type": "Feature", "geometry": {"type": "Point", "coordinates": [11.56847913, 48.13410989]}, "properties": {"categories": {"primary": "coffee_shop", "alternate": ["cafe"]}, "confidence": 0.037890903651714325, "websites": ["https://beforcoffee.com/"], "emails": ["beforcoffee@gmail.com"], "socials": ["https://www.facebook.com/114240910009121"], "brand": {"wikidata": null, "names": {"primary": null, "common": null, "rules": null}}, "addresses": [{"freeform": "Sendlinger Str. 45", "locality": "München", "postcode": "80331", "region": null, "country": "DE"}], "names": {"primary": "Pour. Coffee & More", "common": null, "rules": null}, "sources": [{"property": "", "dataset": "meta", "license": "CDLA-Permissive-2.0", "record_id": "114240910009121", "update_time": "2026-07-02T00:00:00.000Z", "confidence": 0.037890903651714325, "between": null}, {"property": "/properties/confidence", "dataset": "Overture", "license": "CDLA-Permissive-2.0", "record_id": null, "update_time": "2026-07-14T20:34:55Z", "confidence": null, "between": null}], "basic_category": "coffee_shop", "taxonomy": {"primary": "coffee_shop", "hierarchy": ["food_and_drink", "non_alcoholic_beverage_venue", "coffee_shop"], "alternates": null}, "version": 1}}, {"id": "ac6bc312-1675-48ea-ad28-16c7c323bf6b", "type": "Feature", "geometry": {"type": "Point", "coordinates": [11.56833861, 48.13146438]}, "properties": {"categories": {"primary": "italian_restaurant", "alternate": ["restaurant", "european_restaurant"]}, "confidence": 0.9935987424850464, "websites": ["https://www.punktomuenchen.de"], "emails": ["hueseyin.yildirim@hotmail.de"], "socials": ["https://www.facebook.com/164448943571135"], "phones": ["+498932494439"], "brand": {"wikidata": null, "names": {"primary": null, "common": null, "rules": null}}, "addresses": [{"freeform": "Müllerstraße 48", "locality": "München", "postcode": "80469", "region": null, "country": "DE"}], "names": {"primary": "Punkto", "common": null, "rules": null}, "sources": [{"property": "", "dataset": "meta", "license": "CDLA-Permissive-2.0", "record_id": "164448943571135", "update_time": "2026-07-02T00:00:00.000Z", "confidence": 0.9721684455871582, "between": null}, {"property": "/properties/confidence", "dataset": "Overture", "license": "CDLA-Permissive-2.0", "record_id": null, "update_time": "2026-07-14T20:34:55Z", "confidence": null, "between": null}], "basic_category": "restaurant", "taxonomy": {"primary": "italian_restaurant", "hierarchy": ["food_and_drink", "restaurant", "european_restaurant", "mediterranean_restaurant", "italian_restaurant"], "alternates": null}, "version": 8}}, {"id": "eb12fae2-7963-46ab-9963-68d7e9c4fb95", "type": "Feature", "geometry": {"type": "Point", "coordinates": [11.568214478883265, 48.1315557157053]}, "properties": {"categories": {"primary": "cafe", "alternate": null}, "confidence": 0.77, "websites": ["http://www.danesi.info"], "phones": ["089 23077370"], "addresses": [{"freeform": "Müllerstr. 50", "locality": "Munich", "postcode": null, "region": "Bayern", "country": "DE"}], "names": {"primary": "danesi caffe", "common": null, "rules": null}, "sources": [{"property": "", "dataset": "Foursquare", "license": "Apache-2.0", "record_id": "533f340d11d293f55899c06f", "update_time": "2024-08-28T00:00:00.000", "confidence": 0.77, "between": null}, {"property": "/properties/confidence", "dataset": "Overture", "license": "CDLA-Permissive-2.0", "record_id": null, "update_time": "2026-07-14T20:34:55Z", "confidence": null, "between": null}], "basic_category": "cafe", "taxonomy": {"primary": "cafe", "hierarchy": ["food_and_drink", "casual_eatery", "cafe"], "alternates": null}, "version": 4}}, {"id": "f872bf19-7b83-44cc-bee4-4d9e1f9bae12", "type": "Feature", "geometry": {"type": "Point", "coordinates": [11.56834206, 48.13134657]}, "properties": {"categories": {"primary": "german_restaurant", "alternate": ["european_restaurant", "restaurant"]}, "confidence": 0.9623087644577026, "websites": ["http://www.BaziBox.de/"], "emails": ["info@bazibox.de"], "socials": ["https://www.facebook.com/298778273592628"], "phones": ["+498912629863"], "brand": {"wikidata": null, "names": {"primary": null, "common": null, "rules": null}}, "addresses": [{"freeform": "Müllerstraße 43", "locality": "München", "postcode": "80469", "region": null, "country": "DE"}], "names": {"primary": "Bazi's Schlemmerkucherl", "common": null, "rules": null}, "sources": [{"property": "", "dataset": "meta", "license": "CDLA-Permissive-2.0", "record_id": "298778273592628", "update_time": "2026-07-02T00:00:00.000Z", "confidence": 0.9623087644577026, "between": null}, {"property": "/properties/confidence", "dataset": "Overture", "license": "CDLA-Permissive-2.0", "record_id": null, "update_time": "2026-07-14T20:34:55Z", "confidence": null, "between": null}], "basic_category": "restaurant", "taxonomy": {"primary": "german_restaurant", "hierarchy": ["food_and_drink", "restaurant", "european_restaurant", "central_european_restaurant", "german_restaurant"], "alternates": null}, "version": 8}}, {"id": "c2200f6c-3c67-42c1-b3f9-6f8b149ee34f", "type": "Feature", "geometry": {"type": "Point", "coordinates": [11.5683698654175, 48.1311988830566]}, "properties": {"categories": {"primary": "bar", "alternate": ["coffee_and_tea_supplies", "food", "restaurant", "business_to_business"]}, "confidence": 0.9902948186397552, "websites": ["http://www.genussguerilla.de/"], "phones": ["08954806687"], "addresses": [{"freeform": "Müllerstr. 43", "locality": "München", "postcode": "80469", "region": "Bayern", "country": "DE"}], "names": {"primary": "genussguerilla GmbH", "common": null, "rules": null}, "sources": [{"property": "", "dataset": "Microsoft", "license": "CDLA-Permissive-2.0", "record_id": "844424932036808", "update_time": "2017-07-13T12:07:59.437Z", "confidence": 0.85, "between": null}, {"property": "/properties/confidence", "dataset": "Overture", "license": "CDLA-Permissive-2.0", "record_id": null, "update_time": "2026-07-14T20:34:55Z", "confidence": null, "between": null}], "basic_category": "bar", "taxonomy": {"primary": "bar", "hierarchy": ["food_and_drink", "alcoholic_beverage_venue", "bar"], "alternates": null}, "version": 10}}, {"id": "0233ab32-dee8-48c8-aa98-9c4ec38cec71", "type": "Feature", "geometry": {"type": "Point", "coordinates": [11.56843337, 48.13126535]}, "properties": {"categories": {"primary": "bar", "alternate": ["dance_club", "pub"]}, "confidence": 0.997133474946022, "websites": ["http://www.beverlykills.de/"], "emails": ["eberlein.marc@gmail.com"], "socials": ["https://www.facebook.com/110531362436189"], "phones": ["+4917663032244"], "brand": {"wikidata": null, "names": {"primary": null, "common": null, "rules": null}}, "addresses": [{"freeform": "Müllerstraße 43", "locality": "München", "postcode": "80469", "region": null, "country": "DE"}], "names": {"primary": "Beverly Kills", "common": null, "rules": null}, "sources": [{"property": "", "dataset": "meta", "license": "CDLA-Permissive-2.0", "record_id": "110531362436189", "update_time": "2026-07-02T00:00:00.000Z", "confidence": 0.9875368475914001, "between": null}, {"property": "/properties/confidence", "dataset": "Overture", "license": "CDLA-Permissive-2.0", "record_id": null, "update_time": "2026-07-14T20:34:55Z", "confidence": null, "between": null}], "basic_category": "bar", "taxonomy": {"primary": "bar", "hierarchy": ["food_and_drink", "alcoholic_beverage_venue", "bar"], "alternates": null}, "version": 10}}, {"id": "0eebaf7e-54f5-404d-9867-492e68e04580", "type": "Feature", "geometry": {"type": "Point", "coordinates": [11.56846151641006, 48.12938631807688]}, "properties": {"categories": {"primary": "restaurant", "alternate": null}, "confidence": 0.77, "websites": ["https://www.italianshot.com/italianshot-glockenbach"], "emails": ["glockenbach@italianshot.com"], "phones": ["089 45214977"], "addresses": [{"freeform": "Holzstr. 25", "locality": "München", "postcode": "80469", "region": "Bayern", "country": "DE"}], "names": {"primary": "Foodarts GmbH Italienisches Restaurant", "common": null, "rules": null}, "sources": [{"property": "", "dataset": "Foursquare", "license": "Apache-2.0", "record_id": "2094dc53a2044ea29ae22c7e", "update_time": "2025-08-11T00:00:00.000", "confidence": 0.77, "between": null}, {"property": "/properties/confidence", "dataset": "Overture", "license": "CDLA-Permissive-2.0", "record_id": null, "update_time": "2026-07-14T20:34:55Z", "confidence": null, "between": null}], "basic_category": "restaurant", "taxonomy": {"primary": "restaurant", "hierarchy": ["food_and_drink", "restaurant"], "alternates": null}, "version": 4}}, {"id": "02ebc561-f03a-4c2a-9759-9812ed81c996", "type": "Feature", "geometry": {"type": "Point", "coordinates": [11.56822356, 48.12930331]}, "properties": {"categories": {"primary": "italian_restaurant", "alternate": ["european_restaurant", "mediterranean_restaurant"]}, "confidence": 0.9887101984024048, "websites": ["http://www.italianshot.de"], "socials": ["https://www.facebook.com/348889504985350"], "phones": ["+498945214977"], "brand": {"wikidata": null, "names": {"primary": null, "common": null, "rules": null}}, "addresses": [{"freeform": "Holzstraße 25", "locality": "München", "postcode": "80469", "region": null, "country": "DE"}], "names": {"primary": "The Italian Shot", "common": null, "rules": null}, "sources": [{"property": "", "dataset": "meta", "license": "CDLA-Permissive-2.0", "record_id": "348889504985350", "update_time": "2026-07-02T00:00:00.000Z", "confidence": 0.9509139060974121, "between": null}, {"property": "/properties/confidence", "dataset": "Overture", "license": "CDLA-Permissive-2.0", "record_id": null, "update_time": "2026-07-14T20:34:55Z", "confidence": null, "between": null}], "basic_category": "restaurant", "taxonomy": {"primary": "italian_restaurant", "hierarchy": ["food_and_drink", "restaurant", "european_restaurant", "mediterranean_restaurant", "italian_restaurant"], "alternates": null}, "version": 10}}, {"id": "8b6b6b52-4756-4519-98c0-66ba0728d494", "type": "Feature", "geometry": {"type": "Point", "coordinates": [11.567908687870688, 48.129610702559056]}, "properties": {"categories": {"primary": "vegan_restaurant", "alternate": null}, "confidence": 0.77, "websites": ["https://www.noams.de/muenchen"], "phones": ["089 27371760"], "addresses": [{"freeform": "Holzstraße 19", "locality": "Munich", "postcode": "80469", "region": "Bayern", "country": "DE"}], "names": {"primary": "NOAMS deli München", "common": null, "rules": null}, "sources": [{"property": "", "dataset": "Foursquare", "license": "Apache-2.0", "record_id": "627bb925c2f8363527168c7e", "update_time": "2024-11-05T00:00:00.000", "confidence": 0.77, "between": null}, {"property": "/properties/confidence", "dataset": "Overture", "license": "CDLA-Permissive-2.0", "record_id": null, "update_time": "2026-07-14T20:34:55Z", "confidence": null, "between": null}], "basic_category": "restaurant", "taxonomy": {"primary": "vegan_restaurant", "hierarchy": ["food_and_drink", "restaurant", "special_diet_restaurant", "vegan_restaurant"], "alternates": null}, "version": 4}}, {"id": "8250d482-41d7-48e8-98c2-491ca3a94112", "type": "Feature", "geometry": {"type": "Point", "coordinates": [11.567908687870688, 48.129610702559056]}, "properties": {"categories": {"primary": "vietnamese_restaurant", "alternate": null}, "confidence": 0.77, "websites": ["https://bamihouse.de"], "phones": ["089 30700411"], "addresses": [{"freeform": "Holzstraße 19", "locality": "München", "postcode": "80469", "region": "BAYERN", "country": "DE"}], "names": {"primary": "Bami House", "common": null, "rules": null}, "sources": [{"property": "", "dataset": "Foursquare", "license": "Apache-2.0", "record_id": "5d2468d29d81e300238856a2", "update_time": "2026-03-22T00:00:00.000", "confidence": 0.77, "between": null}, {"property": "/properties/confidence", "dataset": "Overture", "license": "CDLA-Permissive-2.0", "record_id": null, "update_time": "2026-07-14T20:34:55Z", "confidence": null, "between": null}], "basic_category": "restaurant", "taxonomy": {"primary": "vietnamese_restaurant", "hierarchy": ["food_and_drink", "restaurant", "asian_restaurant", "southeast_asian_restaurant", "vietnamese_restaurant"], "alternates": null}, "version": 4}}, {"id": "c7c29100-7a66-4b28-8e81-ab45e72ef4aa", "type": "Feature", "geometry": {"type": "Point", "coordinates": [11.5678975, 48.1292696]}, "properties": {"categories": {"primary": "wine_bar", "alternate": ["beer_wine_and_spirits", "bar", "food", "restaurant"]}, "confidence": 0.85, "websites": ["https://munichwinerebels.de/"], "phones": ["08995428296"], "addresses": [{"freeform": "Holzstr. 24", "locality": "München", "postcode": "80469", "region": "", "country": "DE"}], "names": {"primary": "Munich Wine Rebels", "common": null, "rules": null}, "sources": [{"property": "", "dataset": "Microsoft", "license": "CDLA-Permissive-2.0", "record_id": "562949962308568", "update_time": "2025-08-05T00:01:22.583Z", "confidence": 0.85, "between": null}, {"property": "/properties/confidence", "dataset": "Overture", "license": "CDLA-Permissive-2.0", "record_id": null, "update_time": "2026-07-14T20:34:55Z", "confidence": null, "between": null}], "basic_category": "bar", "taxonomy": {"primary": "wine_bar", "hierarchy": ["food_and_drink", "alcoholic_beverage_venue", "bar", "wine_bar"], "alternates": null}, "version": 7}}, {"id": "763d269a-f90a-4a58-8231-52b22c533ec5", "type": "Feature", "geometry": {"type": "Point", "coordinates": [11.56812842, 48.12956543]}, "properties": {"categories": {"primary": "delicatessen", "alternate": ["specialty_grocery_store", "french_restaurant"]}, "confidence": 0.9065456986427307, "socials": ["https://www.facebook.com/104649672742535"], "phones": ["+498932602976"], "brand": {"wikidata": null, "names": {"primary": "Coucou Food Market", "common": null, "rules": null}}, "addresses": [{"freeform": "Holzstraße 21", "locality": "München", "postcode": "80469", "region": null, "country": "DE"}], "names": {"primary": "Coucou Food Market", "common": null, "rules": null}, "sources": [{"property": "", "dataset": "meta", "license": "CDLA-Permissive-2.0", "record_id": "104649672742535", "update_time": "2026-07-02T00:00:00.000Z", "confidence": 0.9065456986427307, "between": null}, {"property": "/properties/confidence", "dataset": "Overture", "license": "CDLA-Permissive-2.0", "record_id": null, "update_time": "2026-07-14T20:34:55Z", "confidence": null, "between": null}], "basic_category": "casual_eatery", "taxonomy": {"primary": "delicatessen", "hierarchy": ["food_and_drink", "casual_eatery", "delicatessen"], "alternates": null}, "version": 10}}, {"id": "d9f4bc81-aa64-46f8-9785-4b5543bc46af", "type": "Feature", "geometry": {"type": "Point", "coordinates": [11.5680485, 48.128838]}, "properties": {"categories": {"primary": "schnitzel_restaurant", "alternate": null}, "confidence": 0.77, "websites": ["https://www.rumpler.bayern"], "phones": ["089 37507078"], "addresses": [{"freeform": "Holzstrasse", "locality": "Munich", "postcode": "80469", "region": "Germany", "country": "DE"}], "names": {"primary": "Augustiner Gaststätte Rumpel", "common": null, "rules": null}, "sources": [{"property": "", "dataset": "Foursquare", "license": "Apache-2.0", "record_id": "57069102cd1068fe9ffdefea", "update_time": "2025-05-14T00:00:00.000", "confidence": 0.77, "between": null}, {"property": "/properties/confidence", "dataset": "Overture", "license": "CDLA-Permissive-2.0", "record_id": null, "update_time": "2026-07-14T20:34:55Z", "confidence": null, "between": null}], "basic_category": "restaurant", "taxonomy": {"primary": "schnitzel_restaurant", "hierarchy": ["food_and_drink", "restaurant", "european_restaurant", "central_european_restaurant", "schnitzel_restaurant"], "alternates": null}, "version": 4}}, {"id": "a270653c-acf8-448c-9964-8b2622102d17", "type": "Feature", "geometry": {"type": "Point", "coordinates": [11.5683636, 48.12883225]}, "properties": {"categories": {"primary": "italian_restaurant", "alternate": ["european_restaurant", "restaurant"]}, "confidence": 0.9948777025938034, "websites": ["http://www.heyluigi.de/"], "emails": ["info@heyluigi.de"], "socials": ["https://www.facebook.com/75806802741"], "phones": ["+498946134741"], "brand": {"wikidata": null, "names": {"primary": null, "common": null, "rules": null}}, "addresses": [{"freeform": "Holzstraße 29", "locality": "München", "postcode": "80469", "region": null, "country": "DE"}], "names": {"primary": "Heyluigi", "common": null, "rules": null}, "sources": [{"property": "", "dataset": "meta", "license": "CDLA-Permissive-2.0", "record_id": "75806802741", "update_time": "2026-07-02T00:00:00.000Z", "confidence": 0.9777291417121887, "between": null}, {"property": "/properties/confidence", "dataset": "Overture", "license": "CDLA-Permissive-2.0", "record_id": null, "update_time": "2026-07-14T20:34:55Z", "confidence": null, "between": null}], "basic_category": "restaurant", "taxonomy": {"primary": "italian_restaurant", "hierarchy": ["food_and_drink", "restaurant", "european_restaurant", "mediterranean_restaurant", "italian_restaurant"], "alternates": null}, "version": 10}}, {"id": "66f0335e-a480-4574-8c84-e074e8ce7b11", "type": "Feature", "geometry": {"type": "Point", "coordinates": [11.56897332, 48.12867903]}, "properties": {"categories": {"primary": "cafe", "alternate": ["german_restaurant", "restaurant"]}, "confidence": 0.9968418282270431, "websites": ["http://kaiserotto.de/"], "emails": ["post@kaiserotto.de"], "socials": ["https://www.facebook.com/316307445653268"], "phones": ["+498921019697"], "brand": {"wikidata": null, "names": {"primary": null, "common": null, "rules": null}}, "addresses": [{"freeform": "Westermühlstraße 8", "locality": "München", "postcode": "80469", "region": null, "country": "DE"}], "names": {"primary": "Kaiser Otto", "common": null, "rules": null}, "sources": [{"property": "", "dataset": "meta", "license": "CDLA-Permissive-2.0", "record_id": "316307445653268", "update_time": "2026-07-02T00:00:00.000Z", "confidence": 0.9862688183784485, "between": null}, {"property": "/properties/confidence", "dataset": "Overture", "license": "CDLA-Permissive-2.0", "record_id": null, "update_time": "2026-07-14T20:34:55Z", "confidence": null, "between": null}], "basic_category": "cafe", "taxonomy": {"primary": "cafe", "hierarchy": ["food_and_drink", "casual_eatery", "cafe"], "alternates": null}, "version": 10}}, {"id": "fa1e7b5c-12ce-4848-b66f-a60b11c089db", "type": "Feature", "geometry": {"type": "Point", "coordinates": [11.5689797, 48.1309463]}, "properties": {"categories": {"primary": "pub", "alternate": ["wine_bar", "beer_wine_and_spirits", "bar", "food", "restaurant"]}, "confidence": 0.85, "websites": ["http://www.champagne-characters.com/"], "phones": ["01774900519"], "addresses": [{"freeform": "Holzstrasse 1", "locality": "München", "postcode": "80469", "region": "Bayern", "country": "DE"}], "names": {"primary": "Champagne Characters", "common": null, "rules": null}, "sources": [{"property": "", "dataset": "Microsoft", "license": "CDLA-Permissive-2.0", "record_id": "1688849863103145", "update_time": "2017-01-07T22:26:18.077Z", "confidence": 0.85, "between": null}, {"property": "/properties/confidence", "dataset": "Overture", "license": "CDLA-Permissive-2.0", "record_id": null, "update_time": "2026-07-14T20:34:55Z", "confidence": null, "between": null}], "basic_category": "bar", "taxonomy": {"primary": "pub", "hierarchy": ["food_and_drink", "alcoholic_beverage_venue", "bar", "pub"], "alternates": null}, "version": 7}}, {"id": "bd89a80e-959f-4b5f-aa2e-e293d506384b", "type": "Feature", "geometry": {"type": "Point", "coordinates": [11.56892, 48.1306299]}, "properties": {"categories": {"primary": "cafe", "alternate": ["grocery_store", "soul_food"]}, "confidence": 0.590700626373291, "websites": ["http://thecocoashop.de/"], "emails": ["michael@experiment.team"], "socials": ["https://www.facebook.com/157970197559100"], "phones": ["+498950009894"], "brand": {"wikidata": null, "names": {"primary": null, "common": null, "rules": null}}, "addresses": [{"freeform": null, "locality": "München", "postcode": null, "region": null, "country": "DE"}], "names": {"primary": "The Cocoa Shop", "common": null, "rules": null}, "sources": [{"property": "", "dataset": "meta", "license": "CDLA-Permissive-2.0", "record_id": "157970197559100", "update_time": "2026-07-02T00:00:00.000Z", "confidence": 0.590700626373291, "between": null}, {"property": "/properties/confidence", "dataset": "Overture", "license": "CDLA-Permissive-2.0", "record_id": null, "update_time": "2026-07-14T20:34:55Z", "confidence": null, "between": null}], "basic_category": "cafe", "taxonomy": {"primary": "cafe", "hierarchy": ["food_and_drink", "casual_eatery", "cafe"], "alternates": null}, "version": 10}}, {"id": "5051136d-2e88-4df4-9eb9-5a5c539ed5c6", "type": "Feature", "geometry": {"type": "Point", "coordinates": [11.568541619457525, 48.13115386443382]}, "properties": {"categories": {"primary": "cocktail_bar", "alternate": null}, "confidence": 0.77, "websites": ["http://trisoux.com"], "emails": ["bar@trisoux.com"], "socials": ["https://www.facebook.com/1185158324963997", "https://www.instagram.com/trisoux_bar"], "phones": ["089 23027755"], "addresses": [{"freeform": "Müllerstr. 41", "locality": "München", "postcode": "80469", "region": "Bayern", "country": "DE"}], "names": {"primary": "Trisoux", "common": null, "rules": null}, "sources": [{"property": "", "dataset": "Foursquare", "license": "Apache-2.0", "record_id": "59f613ad002f4c06558fc22c", "update_time": "2026-03-14T00:00:00.000", "confidence": 0.77, "between": null}, {"property": "/properties/confidence", "dataset": "Overture", "license": "CDLA-Permissive-2.0", "record_id": null, "update_time": "2026-07-14T20:34:55Z", "confidence": null, "between": null}], "basic_category": "bar", "taxonomy": {"primary": "cocktail_bar", "hierarchy": ["food_and_drink", "alcoholic_beverage_venue", "bar", "cocktail_bar"], "alternates": null}, "version": 5}}, {"id": "173958af-2ab7-4532-8470-9cc7ddf83938", "type": "Feature", "geometry": {"type": "Point", "coordinates": [11.56850597, 48.13130126]}, "properties": {"categories": {"primary": "turkish_restaurant", "alternate": ["middle_eastern_restaurant", "restaurant"]}, "confidence": 0.9598013162612915, "socials": ["https://www.facebook.com/1583056971906582"], "phones": ["+491716580988"], "brand": {"wikidata": null, "names": {"primary": null, "common": null, "rules": null}}, "addresses": [{"freeform": "Müllerstraße 43", "locality": "München", "postcode": "80469", "region": null, "country": "DE"}], "names": {"primary": "M43 Döner", "common": null, "rules": null}, "sources": [{"property": "", "dataset": "meta", "license": "CDLA-Permissive-2.0", "record_id": "1583056971906582", "update_time": "2026-07-02T00:00:00.000Z", "confidence": 0.9598013162612915, "between": null}, {"property": "/properties/confidence", "dataset": "Overture", "license": "CDLA-Permissive-2.0", "record_id": null, "update_time": "2026-07-14T20:34:55Z", "confidence": null, "between": null}], "basic_category": "restaurant", "taxonomy": {"primary": "turkish_restaurant", "hierarchy": ["food_and_drink", "restaurant", "middle_eastern_restaurant", "turkish_restaurant"], "alternates": null}, "version": 9}}, {"id": "955f601c-2e4b-4dc1-aa45-291f52892a3f", "type": "Feature", "geometry": {"type": "Point", "coordinates": [11.5686158, 48.13140683]}, "properties": {"categories": {"primary": "bakery", "alternate": null}, "confidence": 0.9776233321428299, "websites": ["https://suuapinga.com/pages/bakery"], "emails": ["bakery@suuapinga.com"], "socials": ["https://www.facebook.com/714880568380872"], "phones": ["+4915777383567"], "brand": {"wikidata": null, "names": {"primary": null, "common": null, "rules": null}}, "addresses": [{"freeform": "Müllerstraße 46", "locality": "München", "postcode": "80469", "region": null, "country": "DE"}], "names": {"primary": "Suuapinga Bakery", "common": null, "rules": null}, "sources": [{"property": "", "dataset": "meta", "license": "CDLA-Permissive-2.0", "record_id": "714880568380872", "update_time": "2026-07-02T00:00:00.000Z", "confidence": 0.9027101397514343, "between": null}, {"property": "/properties/confidence", "dataset": "Overture", "license": "CDLA-Permissive-2.0", "record_id": null, "update_time": "2026-07-14T20:34:55Z", "confidence": null, "between": null}], "basic_category": "casual_eatery", "taxonomy": {"primary": "bakery", "hierarchy": ["food_and_drink", "casual_eatery", "bakery"], "alternates": null}, "version": 6}}, {"id": "cacf3290-63a3-4a38-b48e-612913be2dd3", "type": "Feature", "geometry": {"type": "Point", "coordinates": [11.56862624, 48.13116561]}, "properties": {"categories": {"primary": "bar", "alternate": ["cocktail_bar"]}, "confidence": 0.3167690634727478, "websites": ["https://thehedgehogevents.de/"], "emails": ["info@thehedgehog.eu"], "socials": ["https://www.facebook.com/750061034867776"], "brand": {"wikidata": null, "names": {"primary": null, "common": null, "rules": null}}, "addresses": [{"freeform": "Müllerstraße 41", "locality": "München", "postcode": "80469", "region": null, "country": "DE"}], "names": {"primary": "The Hedgehog", "common": null, "rules": null}, "sources": [{"property": "", "dataset": "meta", "license": "CDLA-Permissive-2.0", "record_id": "750061034867776", "update_time": "2026-07-02T00:00:00.000Z", "confidence": 0.3167690634727478, "between": null}, {"property": "/properties/confidence", "dataset": "Overture", "license": "CDLA-Permissive-2.0", "record_id": null, "update_time": "2026-07-14T20:34:55Z", "confidence": null, "between": null}], "basic_category": "bar", "taxonomy": {"primary": "bar", "hierarchy": ["food_and_drink", "alcoholic_beverage_venue", "bar"], "alternates": null}, "version": 2}}, {"id": "27e66b99-e574-48cb-b707-950863006d72", "type": "Feature", "geometry": {"type": "Point", "coordinates": [11.5685608, 48.1344557]}, "properties": {"categories": {"primary": "cafe", "alternate": ["restaurant", "retail"]}, "confidence": 0.9931, "websites": ["https://www.tchibo.de/service/storefinder/store/100006197"], "phones": ["08941324219"], "addresses": [{"freeform": "Sendlinger Strasse 41", "locality": "Muenchen", "postcode": "80331", "region": "", "country": "DE"}], "names": {"primary": "Tchibo Filiale", "common": null, "rules": null}, "sources": [{"property": "", "dataset": "Microsoft", "license": "CDLA-Permissive-2.0", "record_id": "1970324839288041", "update_time": "2024-10-29T15:54:01.010Z", "confidence": 0.85, "between": null}, {"property": "/properties/confidence", "dataset": "Overture", "license": "CDLA-Permissive-2.0", "record_id": null, "update_time": "2026-07-14T20:34:55Z", "confidence": null, "between": null}], "basic_category": "cafe", "taxonomy": {"primary": "cafe", "hierarchy": ["food_and_drink", "casual_eatery", "cafe"], "alternates": null}, "version": 6}}, {"id": "3aeb675c-f982-4bc0-9baf-f46ad3b85996", "type": "Feature", "geometry": {"type": "Point", "coordinates": [11.56875, 48.13431]}, "properties": {"categories": {"primary": "breakfast_and_brunch_restaurant", "alternate": null}, "confidence": 0.5409097671508789, "websites": ["https://www.stempelbock.de/"], "emails": ["info@stempelbock.de"], "socials": ["https://www.facebook.com/1341825785955122"], "phones": ["+4989265543"], "brand": {"wikidata": null, "names": {"primary": "GLATZ", "common": null, "rules": null}}, "addresses": [{"freeform": "Sendlinger Straße 41", "locality": "München", "postcode": "80331", "region": null, "country": "DE"}], "names": {"primary": "GLATZ", "common": null, "rules": null}, "sources": [{"property": "", "dataset": "meta", "license": "CDLA-Permissive-2.0", "record_id": "1341825785955122", "update_time": "2026-07-02T00:00:00.000Z", "confidence": 0.5409097671508789, "between": null}, {"property": "/properties/confidence", "dataset": "Overture", "license": "CDLA-Permissive-2.0", "record_id": null, "update_time": "2026-07-14T20:34:55Z", "confidence": null, "between": null}], "basic_category": "restaurant", "taxonomy": {"primary": "breakfast_and_brunch_restaurant", "hierarchy": ["food_and_drink", "restaurant", "breakfast_and_brunch_restaurant"], "alternates": null}, "version": 1}}, {"id": "198f837b-637d-4cb5-9f59-b2374f712c3b", "type": "Feature", "geometry": {"type": "Point", "coordinates": [11.56890503, 48.13473252]}, "properties": {"categories": {"primary": "cocktail_bar", "alternate": ["bar", "lounge"]}, "confidence": 0.9970297038555145, "websites": ["https://www.amanogroup.de/"], "socials": ["https://www.facebook.com/110966150682904"], "phones": ["+49896142110"], "brand": {"wikidata": null, "names": {"primary": null, "common": null, "rules": null}}, "addresses": [{"freeform": "Sendlinger Straße 46", "locality": "München", "postcode": "80331", "region": null, "country": "DE"}], "names": {"primary": "AMANO Bar Munich", "common": null, "rules": null}, "sources": [{"property": "", "dataset": "meta", "license": "CDLA-Permissive-2.0", "record_id": "110966150682904", "update_time": "2026-07-02T00:00:00.000Z", "confidence": 0.9801980257034302, "between": null}, {"property": "/properties/confidence", "dataset": "Overture", "license": "CDLA-Permissive-2.0", "record_id": null, "update_time": "2026-07-14T20:34:55Z", "confidence": null, "between": null}], "basic_category": "bar", "taxonomy": {"primary": "cocktail_bar", "hierarchy": ["food_and_drink", "alcoholic_beverage_venue", "bar", "cocktail_bar"], "alternates": null}, "version": 11}}, {"id": "bd69b460-316d-48bf-895a-271303d58a92", "type": "Feature", "geometry": {"type": "Point", "coordinates": [11.56896, 48.13452]}, "properties": {"categories": {"primary": "coffee_shop", "alternate": ["cafe", "coffee_roastery"]}, "confidence": 0.954, "websites": ["https://www.starbucks.co.uk/store-locator/81107-308909/muenchen,-sendlinger-strasse-3"], "brand": {"wikidata": "Q37158", "names": {"primary": "Starbucks", "common": null, "rules": []}}, "addresses": [{"freeform": "Sendlinger Strasse 37", "locality": "Muenchen", "postcode": "80331", "region": null, "country": "DE"}], "names": {"primary": "Starbucks", "common": null, "rules": [{"variant": "official", "language": null, "perspectives": null, "value": "Starbucks Coffee", "between": null, "side": null}]}, "sources": [{"property": "", "dataset": "AllThePlaces", "license": "CC0-1.0", "record_id": "K61OSQfpijUrrogzr_i52Wl9YYQ=", "update_time": "2026-07-07T19:10:41.000Z", "confidence": 0.8, "between": null}, {"property": "/properties/confidence", "dataset": "Overture", "license": "CDLA-Permissive-2.0", "record_id": null, "update_time": "2026-07-14T20:34:55Z", "confidence": null, "between": null}], "basic_category": "coffee_shop", "taxonomy": {"primary": "coffee_shop", "hierarchy": ["food_and_drink", "non_alcoholic_beverage_venue", "coffee_shop"], "alternates": null}, "version": 5}}, {"id": "82e28516-c0d7-4043-a09c-d09fb7b3df3f", "type": "Feature", "geometry": {"type": "Point", "coordinates": [11.56906666, 48.13487339]}, "properties": {"categories": {"primary": "thai_restaurant", "alternate": ["restaurant", "asian_restaurant"]}, "confidence": 0.9899436032772064, "websites": ["http://www.kaimug.de/"], "emails": ["mail@kaimug.de"], "socials": ["https://www.facebook.com/408923212453104"], "phones": ["+498926949008"], "brand": {"wikidata": null, "names": {"primary": "KAIMUG", "common": null, "rules": null}}, "addresses": [{"freeform": "Sendlinger Straße 42", "locality": "München", "postcode": "80331", "region": null, "country": "DE"}], "names": {"primary": "KAIMUG Taste Thai", "common": null, "rules": null}, "sources": [{"property": "", "dataset": "meta", "license": "CDLA-Permissive-2.0", "record_id": "408923212453104", "update_time": "2026-07-02T00:00:00.000Z", "confidence": 0.956276535987854, "between": null}, {"property": "/properties/confidence", "dataset": "Overture", "license": "CDLA-Permissive-2.0", "record_id": null, "update_time": "2026-07-14T20:34:55Z", "confidence": null, "between": null}], "basic_category": "restaurant", "taxonomy": {"primary": "thai_restaurant", "hierarchy": ["food_and_drink", "restaurant", "asian_restaurant", "southeast_asian_restaurant", "thai_restaurant"], "alternates": null}, "version": 9}}, {"id": "dea555d1-bc9f-4fe8-b61a-d54efe0965f5", "type": "Feature", "geometry": {"type": "Point", "coordinates": [11.568833107719152, 48.13230109951887]}, "properties": {"categories": {"primary": "cocktail_bar", "alternate": null}, "confidence": 0.77, "websites": ["http://www.padres.de"], "phones": ["089 264263"], "addresses": [{"freeform": "Blumenstr. 43", "locality": "München", "postcode": "80331", "region": "Bayern", "country": "DE"}], "names": {"primary": "Padres", "common": null, "rules": null}, "sources": [{"property": "", "dataset": "Foursquare", "license": "Apache-2.0", "record_id": "4ade0caff964a520806821e3", "update_time": "2025-08-11T00:00:00.000", "confidence": 0.77, "between": null}, {"property": "/properties/confidence", "dataset": "Overture", "license": "CDLA-Permissive-2.0", "record_id": null, "update_time": "2026-07-14T20:34:55Z", "confidence": null, "between": null}], "basic_category": "bar", "taxonomy": {"primary": "cocktail_bar", "hierarchy": ["food_and_drink", "alcoholic_beverage_venue", "bar", "cocktail_bar"], "alternates": null}, "version": 5}}, {"id": "063bebe8-3720-4ef0-be38-b6932c18332c", "type": "Feature", "geometry": {"type": "Point", "coordinates": [11.56883515, 48.13221023]}, "properties": {"categories": {"primary": "cocktail_bar", "alternate": ["bar", "lounge"]}, "confidence": 0.9934079647064209, "websites": ["http://www.vertigo.bar/"], "emails": ["whatanight@vertigo.bar"], "socials": ["https://www.facebook.com/575042732964409"], "phones": ["+4989264263"], "brand": {"wikidata": null, "names": {"primary": null, "common": null, "rules": null}}, "addresses": [{"freeform": "Blumenstraße 43", "locality": "München", "postcode": "80331", "region": null, "country": "DE"}], "names": {"primary": "Vertigo", "common": null, "rules": null}, "sources": [{"property": "", "dataset": "meta", "license": "CDLA-Permissive-2.0", "record_id": "575042732964409", "update_time": "2026-07-02T00:00:00.000Z", "confidence": 0.9934079647064209, "between": null}, {"property": "/properties/confidence", "dataset": "Overture", "license": "CDLA-Permissive-2.0", "record_id": null, "update_time": "2026-07-14T20:34:55Z", "confidence": null, "between": null}], "basic_category": "bar", "taxonomy": {"primary": "cocktail_bar", "hierarchy": ["food_and_drink", "alcoholic_beverage_venue", "bar", "cocktail_bar"], "alternates": null}, "version": 9}}, {"id": "da2994cc-91d9-486c-9f54-1be18844dcb8", "type": "Feature", "geometry": {"type": "Point", "coordinates": [11.568839639079632, 48.13107002175057]}, "properties": {"categories": {"primary": "thai_restaurant", "alternate": null}, "confidence": 0.77, "websites": ["http://www.bamboo-heimservice.de"], "phones": ["089 2605630"], "addresses": [{"freeform": "Muellerstr. 44", "locality": "Munich", "postcode": "80469", "region": null, "country": "DE"}], "names": {"primary": "Thai-China Bamboo Bar", "common": null, "rules": null}, "sources": [{"property": "", "dataset": "Foursquare", "license": "Apache-2.0", "record_id": "4c94bac5533aa093dcc8c145", "update_time": "2025-10-23T00:00:00.000", "confidence": 0.77, "between": null}, {"property": "/properties/confidence", "dataset": "Overture", "license": "CDLA-Permissive-2.0", "record_id": null, "update_time": "2026-07-14T20:34:55Z", "confidence": null, "between": null}], "basic_category": "restaurant", "taxonomy": {"primary": "thai_restaurant", "hierarchy": ["food_and_drink", "restaurant", "asian_restaurant", "southeast_asian_restaurant", "thai_restaurant"], "alternates": null}, "version": 2}}, {"id": "861ad82c-afab-4b61-a8b0-b9c1c5b7f3e4", "type": "Feature", "geometry": {"type": "Point", "coordinates": [11.569048, 48.131297]}, "properties": {"categories": {"primary": "bar", "alternate": ["cocktail_bar", "gastropub"]}, "confidence": 0.8670037770271302, "socials": ["https://www.facebook.com/641537882548803"], "phones": ["+4915233748160"], "brand": {"wikidata": null, "names": {"primary": null, "common": null, "rules": null}}, "addresses": [{"freeform": "Müllerstraße 44", "locality": "München", "postcode": "80469", "region": null, "country": "DE"}], "names": {"primary": "Whatever Makes You Happy", "common": null, "rules": null}, "sources": [{"property": "", "dataset": "meta", "license": "CDLA-Permissive-2.0", "record_id": "641537882548803", "update_time": "2026-07-02T00:00:00.000Z", "confidence": 0.4217555522918701, "between": null}, {"property": "/properties/confidence", "dataset": "Overture", "license": "CDLA-Permissive-2.0", "record_id": null, "update_time": "2026-07-14T20:34:55Z", "confidence": null, "between": null}], "basic_category": "bar", "taxonomy": {"primary": "bar", "hierarchy": ["food_and_drink", "alcoholic_beverage_venue", "bar"], "alternates": null}, "version": 7}}, {"id": "1c80bd0e-d459-48bd-b44f-f1c3689f5b25", "type": "Feature", "geometry": {"type": "Point", "coordinates": [11.569091, 48.1311843]}, "properties": {"categories": {"primary": "bar", "alternate": null}, "confidence": 0.77, "websites": ["http://www.die-bank.com"], "phones": ["089 23684171"], "addresses": [{"freeform": "Müllerstr. 42", "locality": "München", "postcode": "80469", "region": "Bayern", "country": "DE"}], "names": {"primary": "Die Bank", "common": null, "rules": null}, "sources": [{"property": "", "dataset": "Foursquare", "license": "Apache-2.0", "record_id": "4ade0cb2f964a520956821e3", "update_time": "2025-10-23T00:00:00.000", "confidence": 0.77, "between": null}, {"property": "/properties/confidence", "dataset": "Overture", "license": "CDLA-Permissive-2.0", "record_id": null, "update_time": "2026-07-14T20:34:55Z", "confidence": null, "between": null}], "basic_category": "bar", "taxonomy": {"primary": "bar", "hierarchy": ["food_and_drink", "alcoholic_beverage_venue", "bar"], "alternates": null}, "version": 5}}, {"id": "361f6de5-8f99-4d76-9701-0f758863dd00", "type": "Feature", "geometry": {"type": "Point", "coordinates": [11.56933578, 48.13501205]}, "properties": {"categories": {"primary": "bakery", "alternate": ["cafe"]}, "confidence": 0.987216567993164, "websites": ["https://www.cinnamood.de/"], "socials": ["https://www.facebook.com/419183541270787"], "brand": {"wikidata": null, "names": {"primary": "Cinnamood Dublin", "common": null, "rules": null}}, "addresses": [{"freeform": "Sendlinger Straße 38", "locality": "München", "postcode": "80331", "region": null, "country": "DE"}], "names": {"primary": "CINNAMOOD", "common": null, "rules": null}, "sources": [{"property": "", "dataset": "meta", "license": "CDLA-Permissive-2.0", "record_id": "419183541270787", "update_time": "2026-07-02T00:00:00.000Z", "confidence": 0.9444198608398438, "between": null}, {"property": "/properties/confidence", "dataset": "Overture", "license": "CDLA-Permissive-2.0", "record_id": null, "update_time": "2026-07-14T20:34:55Z", "confidence": null, "between": null}], "basic_category": "casual_eatery", "taxonomy": {"primary": "bakery", "hierarchy": ["food_and_drink", "casual_eatery", "bakery"], "alternates": null}, "version": 11}}, {"id": "b77515cc-5fbb-4563-8c05-96563cd3e47a", "type": "Feature", "geometry": {"type": "Point", "coordinates": [11.56940036, 48.13499073]}, "properties": {"categories": {"primary": "butcher_shop", "alternate": ["delicatessen", "german_restaurant"]}, "confidence": 0.9761534929275513, "websites": ["https://vinzenzmurr.de/metzgerei/muenchen-altstadt-angerviertel/"], "emails": ["info@vinzenzmurr.de"], "socials": ["https://www.facebook.com/108019964926789"], "phones": ["+4989264189"], "brand": {"wikidata": null, "names": {"primary": "Vinzenzmurr", "common": null, "rules": null}}, "addresses": [{"freeform": "Sendlinger Straße 38", "locality": "München", "postcode": "80331", "region": null, "country": "DE"}], "names": {"primary": "Vinzenzmurr", "common": null, "rules": null}, "sources": [{"property": "", "dataset": "meta", "license": "CDLA-Permissive-2.0", "record_id": "108019964926789", "update_time": "2026-07-02T00:00:00.000Z", "confidence": 0.9761534929275513, "between": null}, {"property": "/properties/confidence", "dataset": "Overture", "license": "CDLA-Permissive-2.0", "record_id": null, "update_time": "2026-07-14T20:34:55Z", "confidence": null, "between": null}], "basic_category": "food_and_beverage_store", "taxonomy": {"primary": "butcher_shop", "hierarchy": ["shopping", "food_and_beverage_store", "butcher_shop"], "alternates": null}, "version": 9}}, {"id": "bbd59194-bd0e-4266-b412-48084302db30", "type": "Feature", "geometry": {"type": "Point", "coordinates": [11.56938, 48.134154]}, "properties": {"categories": {"primary": "theatre", "alternate": ["gay_bar", "opera_and_ballet"]}, "confidence": 0.839885039627552, "websites": ["http://www.oberanger-theater.de"], "emails": ["info@oberangertheater.com"], "socials": ["https://www.facebook.com/153928641327962"], "phones": ["+498926018010"], "brand": {"wikidata": null, "names": {"primary": null, "common": null, "rules": null}}, "addresses": [{"freeform": "Oberanger 38", "locality": "München", "postcode": "80331", "region": null, "country": "DE"}], "names": {"primary": "Vollmarhaus Theater", "common": null, "rules": null}, "sources": [{"property": "", "dataset": "meta", "license": "CDLA-Permissive-2.0", "record_id": "153928641327962", "update_time": "2026-07-02T00:00:00.000Z", "confidence": 0.303847998380661, "between": null}, {"property": "/properties/confidence", "dataset": "Overture", "license": "CDLA-Permissive-2.0", "record_id": null, "update_time": "2026-07-14T20:34:55Z", "confidence": null, "between": null}], "basic_category": "theatre_venue", "taxonomy": {"primary": "theatre_venue", "hierarchy": ["arts_and_entertainment", "performing_arts_venue", "theatre_venue"], "alternates": null}, "version": 9}}, {"id": "2f5c3bcb-bb4c-4156-8447-f0867c5b99e9", "type": "Feature", "geometry": {"type": "Point", "coordinates": [11.569379928602894, 48.134153862625574]}, "properties": {"categories": {"primary": "cafe", "alternate": null}, "confidence": 0.77, "websites": ["http://www.oberangertheater.de"], "phones": ["089 23259826"], "addresses": [{"freeform": "Oberanger 38", "locality": "München", "postcode": "80331", "region": "Bayern", "country": "DE"}], "names": {"primary": "Foyer", "common": null, "rules": null}, "sources": [{"property": "", "dataset": "Foursquare", "license": "Apache-2.0", "record_id": "dac3756910af419613041f92", "update_time": "2025-07-03T00:00:00.000", "confidence": 0.77, "between": null}, {"property": "/properties/confidence", "dataset": "Overture", "license": "CDLA-Permissive-2.0", "record_id": null, "update_time": "2026-07-14T20:34:55Z", "confidence": null, "between": null}], "basic_category": "cafe", "taxonomy": {"primary": "cafe", "hierarchy": ["food_and_drink", "casual_eatery", "cafe"], "alternates": null}, "version": 4}}, {"id": "ecb598e2-fbd6-4c47-bd6d-3bab275f6b3e", "type": "Feature", "geometry": {"type": "Point", "coordinates": [11.569680791575058, 48.13086779702056]}, "properties": {"categories": {"primary": "sushi_restaurant", "alternate": null}, "confidence": 0.77, "websites": ["http://www.sushi-sakura.de"], "phones": ["089 26022550"], "addresses": [{"freeform": "Müllerstr. 33", "locality": "München", "postcode": "80469", "region": "Bayern", "country": "DE"}], "names": {"primary": "Sushi Sakura", "common": null, "rules": null}, "sources": [{"property": "", "dataset": "Foursquare", "license": "Apache-2.0", "record_id": "4c0e4f59d64c0f476eee275d", "update_time": "2025-10-23T00:00:00.000", "confidence": 0.77, "between": null}, {"property": "/properties/confidence", "dataset": "Overture", "license": "CDLA-Permissive-2.0", "record_id": null, "update_time": "2026-07-14T20:34:55Z", "confidence": null, "between": null}], "basic_category": "restaurant", "taxonomy": {"primary": "sushi_restaurant", "hierarchy": ["food_and_drink", "restaurant", "asian_restaurant", "east_asian_restaurant", "japanese_restaurant", "sushi_restaurant"], "alternates": null}, "version": 4}}, {"id": "0a841466-417a-44a8-9f95-8f947ae9cafd", "type": "Feature", "geometry": {"type": "Point", "coordinates": [11.56961337, 48.1290618]}, "properties": {"categories": {"primary": "cocktail_bar", "alternate": ["bar", "lounge"]}, "confidence": 0.9981405293941498, "websites": ["http://www.auroom.de/"], "emails": ["hallo@auroom.de"], "socials": ["https://www.facebook.com/124359467588613"], "phones": ["+498920009090"], "brand": {"wikidata": null, "names": {"primary": null, "common": null, "rules": null}}, "addresses": [{"freeform": "Hans-Sachs-Straße 20", "locality": "München", "postcode": "80469", "region": null, "country": "DE"}], "names": {"primary": "Auroom", "common": null, "rules": null}, "sources": [{"property": "", "dataset": "meta", "license": "CDLA-Permissive-2.0", "record_id": "124359467588613", "update_time": "2026-07-02T00:00:00.000Z", "confidence": 0.9919153451919556, "between": null}, {"property": "/properties/confidence", "dataset": "Overture", "license": "CDLA-Permissive-2.0", "record_id": null, "update_time": "2026-07-14T20:34:55Z", "confidence": null, "between": null}], "basic_category": "bar", "taxonomy": {"primary": "cocktail_bar", "hierarchy": ["food_and_drink", "alcoholic_beverage_venue", "bar", "cocktail_bar"], "alternates": null}, "version": 8}}, {"id": "460c3908-0b55-4544-8ec4-1cb1d6ff958c", "type": "Feature", "geometry": {"type": "Point", "coordinates": [11.5694643, 48.13090501]}, "properties": {"categories": {"primary": "cafe", "alternate": ["bakery", "coffee_shop"]}, "confidence": 0.5518434643745422, "websites": ["https://www.gastroguide.de/restaurant/298399/pastel-de-nata/muenchen/"], "emails": ["kontakt@pasteldenata-muenchen.de"], "socials": ["https://www.facebook.com/923846987485055"], "phones": ["+498937033338"], "brand": {"wikidata": null, "names": {"primary": null, "common": null, "rules": null}}, "addresses": [{"freeform": "Müllerstraße 35", "locality": "München", "postcode": "80469", "region": null, "country": "DE"}], "names": {"primary": "Pastel De Nata - München", "common": null, "rules": null}, "sources": [{"property": "", "dataset": "meta", "license": "CDLA-Permissive-2.0", "record_id": "923846987485055", "update_time": "2026-07-02T00:00:00.000Z", "confidence": 0.5518434643745422, "between": null}, {"property": "/properties/confidence", "dataset": "Overture", "license": "CDLA-Permissive-2.0", "record_id": null, "update_time": "2026-07-14T20:34:55Z", "confidence": null, "between": null}], "basic_category": "cafe", "taxonomy": {"primary": "cafe", "hierarchy": ["food_and_drink", "casual_eatery", "cafe"], "alternates": null}, "version": 2}}, {"id": "70b93897-3e03-4586-8a4f-d98fa542e00f", "type": "Feature", "geometry": {"type": "Point", "coordinates": [11.569392477834553, 48.13084563816017]}, "properties": {"categories": {"primary": "bakery", "alternate": null}, "confidence": 0.77, "websites": ["http://www.zoettl.de"], "emails": ["info@zoettl.de"], "phones": ["089 85630602"], "addresses": [{"freeform": "Müllerstraße 35", "locality": "München", "postcode": "80469", "region": "Bayern", "country": "DE"}], "names": {"primary": "Zöttl Vinzenz Bäckerei - Konditorei GmbH & Co", "common": null, "rules": null}, "sources": [{"property": "", "dataset": "Foursquare", "license": "Apache-2.0", "record_id": "f558ccbfcef94ec3e0318139", "update_time": "2025-10-23T00:00:00.000", "confidence": 0.77, "between": null}, {"property": "/properties/confidence", "dataset": "Overture", "license": "CDLA-Permissive-2.0", "record_id": null, "update_time": "2026-07-14T20:34:55Z", "confidence": null, "between": null}], "basic_category": "casual_eatery", "taxonomy": {"primary": "bakery", "hierarchy": ["food_and_drink", "casual_eatery", "bakery"], "alternates": null}, "version": 3}}, {"id": "331c6bd7-cde9-44bf-9f72-1138d627f52a", "type": "Feature", "geometry": {"type": "Point", "coordinates": [11.569413783264617, 48.12849873693429]}, "properties": {"categories": {"primary": "french_restaurant", "alternate": null}, "confidence": 0.77, "websites": ["http://www.restaurant-la-bouche.de"], "emails": ["info@restaurant-la-bouche.de"], "phones": ["089 265626"], "addresses": [{"freeform": "Jahnstraße 30", "locality": "Munich", "postcode": "80469", "region": "Germany", "country": "DE"}], "names": {"primary": "La Bouche", "common": null, "rules": null}, "sources": [{"property": "", "dataset": "Foursquare", "license": "Apache-2.0", "record_id": "4b06b869f964a52015ef22e3", "update_time": "2025-05-19T00:00:00.000", "confidence": 0.77, "between": null}, {"property": "/properties/confidence", "dataset": "Overture", "license": "CDLA-Permissive-2.0", "record_id": null, "update_time": "2026-07-14T20:34:55Z", "confidence": null, "between": null}], "basic_category": "restaurant", "taxonomy": {"primary": "french_restaurant", "hierarchy": ["food_and_drink", "restaurant", "european_restaurant", "western_european_restaurant", "french_restaurant"], "alternates": null}, "version": 4}}, {"id": "1daf9be5-66ae-4972-827f-748af76f6521", "type": "Feature", "geometry": {"type": "Point", "coordinates": [11.569264778527916, 48.12854066136476]}, "properties": {"categories": {"primary": "burger_restaurant", "alternate": null}, "confidence": 0.77, "websites": ["http://theburgerhouse.com/burgerhouse/de/"], "emails": ["info@theburgerhouse.com"], "socials": ["https://www.facebook.com/133253853452690"], "phones": ["089 46227289"], "addresses": [{"freeform": "Jahnstr. 30", "locality": "Munich", "postcode": null, "region": "Bayern", "country": "DE"}], "names": {"primary": "Burger House", "common": null, "rules": null}, "sources": [{"property": "", "dataset": "Foursquare", "license": "Apache-2.0", "record_id": "56a9fc0f498ead151d31820d", "update_time": "2023-05-13T00:00:00.000", "confidence": 0.77, "between": null}, {"property": "/properties/confidence", "dataset": "Overture", "license": "CDLA-Permissive-2.0", "record_id": null, "update_time": "2026-07-14T20:34:55Z", "confidence": null, "between": null}], "basic_category": "restaurant", "taxonomy": {"primary": "burger_restaurant", "hierarchy": ["food_and_drink", "restaurant", "meat_restaurant", "burger_restaurant"], "alternates": null}, "version": 4}}, {"id": "02d6548b-3571-4076-9d09-396241e54f46", "type": "Feature", "geometry": {"type": "Point", "coordinates": [11.569195, 48.128526]}, "properties": {"categories": {"primary": "pub", "alternate": ["bar", "cafe"]}, "confidence": 0.7944573163986206, "emails": ["korner@korner-cafebar.de"], "socials": ["https://www.facebook.com/1434808373196706"], "phones": ["+49491752044175"], "brand": {"wikidata": null, "names": {"primary": null, "common": null, "rules": null}}, "addresses": [{"freeform": "Westermühlstraße 10", "locality": "München", "postcode": "80469", "region": null, "country": "DE"}], "names": {"primary": "Korner", "common": null, "rules": null}, "sources": [{"property": "", "dataset": "meta", "license": "CDLA-Permissive-2.0", "record_id": "1434808373196706", "update_time": "2026-07-02T00:00:00.000Z", "confidence": 0.7944573163986206, "between": null}, {"property": "/properties/confidence", "dataset": "Overture", "license": "CDLA-Permissive-2.0", "record_id": null, "update_time": "2026-07-14T20:34:55Z", "confidence": null, "between": null}], "basic_category": "bar", "taxonomy": {"primary": "pub", "hierarchy": ["food_and_drink", "alcoholic_beverage_venue", "bar", "pub"], "alternates": null}, "version": 7}}, {"id": "48a65e76-d659-4ad9-8054-a7dc88d876a9", "type": "Feature", "geometry": {"type": "Point", "coordinates": [11.569437571855332, 48.12876744808878]}, "properties": {"categories": {"primary": "cafe", "alternate": null}, "confidence": 0.77, "websites": ["http://www.desfleurs.de"], "phones": ["089 17958400"], "addresses": [{"freeform": "Westermühlstr. 10", "locality": "München", "postcode": "80469", "region": "Bayern", "country": "DE"}], "names": {"primary": "Madame Des Fleurs", "common": null, "rules": null}, "sources": [{"property": "", "dataset": "Foursquare", "license": "Apache-2.0", "record_id": "4d657cc189238cfaba589a36", "update_time": "2024-08-11T00:00:00.000", "confidence": 0.77, "between": null}, {"property": "/properties/confidence", "dataset": "Overture", "license": "CDLA-Permissive-2.0", "record_id": null, "update_time": "2026-07-14T20:34:55Z", "confidence": null, "between": null}], "basic_category": "cafe", "taxonomy": {"primary": "cafe", "hierarchy": ["food_and_drink", "casual_eatery", "cafe"], "alternates": null}, "version": 4}}, {"id": "a7647a85-a84d-453b-a26d-99bb2e545bc0", "type": "Feature", "geometry": {"type": "Point", "coordinates": [11.56952686, 48.12851766]}, "properties": {"categories": {"primary": "cafe", "alternate": ["chocolatier", "coffee_shop"]}, "confidence": 0.9955269366502761, "websites": ["http://www.goetterspeise.info/shop/"], "emails": ["info@goetterspeise.info"], "socials": ["https://www.facebook.com/289322991160386"], "phones": ["+498923887374"], "brand": {"wikidata": null, "names": {"primary": null, "common": null, "rules": null}}, "addresses": [{"freeform": "Jahnstraße 30", "locality": "München", "postcode": "80469", "region": null, "country": "DE"}], "names": {"primary": "Götterspeise Chocolaterie und Cafe", "common": null, "rules": null}, "sources": [{"property": "", "dataset": "meta", "license": "CDLA-Permissive-2.0", "record_id": "289322991160386", "update_time": "2026-07-02T00:00:00.000Z", "confidence": 0.9805518984794617, "between": null}, {"property": "/properties/confidence", "dataset": "Overture", "license": "CDLA-Permissive-2.0", "record_id": null, "update_time": "2026-07-14T20:34:55Z", "confidence": null, "between": null}], "basic_category": "cafe", "taxonomy": {"primary": "cafe", "hierarchy": ["food_and_drink", "casual_eatery", "cafe"], "alternates": null}, "version": 9}}, {"id": "17bebd99-816d-430d-abfa-8da8a6235ccf", "type": "Feature", "geometry": {"type": "Point", "coordinates": [11.5697207, 48.12877094]}, "properties": {"categories": {"primary": "german_restaurant", "alternate": ["restaurant", "gastropub"]}, "confidence": 0.996389799118042, "websites": ["http://www.augustiner-faun.de/"], "emails": ["info@faun-muenchen.de"], "socials": ["https://www.facebook.com/156178407749528"], "phones": ["+4989263798"], "brand": {"wikidata": null, "names": {"primary": null, "common": null, "rules": null}}, "addresses": [{"freeform": "Hans-Sachs-Straße 17", "locality": "München", "postcode": "80469", "region": null, "country": "DE"}], "names": {"primary": "Faun", "common": null, "rules": null}, "sources": [{"property": "", "dataset": "meta", "license": "CDLA-Permissive-2.0", "record_id": "156178407749528", "update_time": "2026-07-02T00:00:00.000Z", "confidence": 0.9843034744262695, "between": null}, {"property": "/properties/confidence", "dataset": "Overture", "license": "CDLA-Permissive-2.0", "record_id": null, "update_time": "2026-07-14T20:34:55Z", "confidence": null, "between": null}], "basic_category": "restaurant", "taxonomy": {"primary": "german_restaurant", "hierarchy": ["food_and_drink", "restaurant", "european_restaurant", "central_european_restaurant", "german_restaurant"], "alternates": null}, "version": 8}}, {"id": "79e0aa20-c68f-48a0-be40-708488ed295c", "type": "Feature", "geometry": {"type": "Point", "coordinates": [11.570033, 48.129667]}, "properties": {"categories": {"primary": "theatre", "alternate": ["french_restaurant"]}, "confidence": 0.8863874810934067, "websites": ["http://www.daskranz.de/"], "emails": ["reservierung@daskranz.de"], "socials": ["https://www.facebook.com/329404033765966"], "phones": ["+498921668250"], "brand": {"wikidata": null, "names": {"primary": null, "common": null, "rules": null}}, "addresses": [{"freeform": "Hans-Sachs-Straße 12", "locality": "München", "postcode": "80469", "region": null, "country": "DE"}], "names": {"primary": "Kranz Theater", "common": null, "rules": null}, "sources": [{"property": "", "dataset": "meta", "license": "CDLA-Permissive-2.0", "record_id": "329404033765966", "update_time": "2026-07-02T00:00:00.000Z", "confidence": 0.5060325264930725, "between": null}, {"property": "/properties/confidence", "dataset": "Overture", "license": "CDLA-Permissive-2.0", "record_id": null, "update_time": "2026-07-14T20:34:55Z", "confidence": null, "between": null}], "basic_category": "theatre_venue", "taxonomy": {"primary": "theatre_venue", "hierarchy": ["arts_and_entertainment", "performing_arts_venue", "theatre_venue"], "alternates": null}, "version": 7}}, {"id": "cc54f4e6-cb3c-45ee-9344-43b3172eb20d", "type": "Feature", "geometry": {"type": "Point", "coordinates": [11.57016011, 48.1297034]}, "properties": {"categories": {"primary": "food", "alternate": ["restaurant"]}, "confidence": 0.9655, "websites": ["http://www.monsoonrestaurant.de/"], "phones": ["08938666298"], "addresses": [{"freeform": "Hans-Sachs-Str. 9", "locality": "München", "postcode": "80469", "region": "Bayern", "country": "DE"}], "names": {"primary": "Monsoon Glockenbach", "common": null, "rules": null}, "sources": [{"property": "", "dataset": "Microsoft", "license": "CDLA-Permissive-2.0", "record_id": "562949956952310", "update_time": "2019-03-29T07:37:30.523Z", "confidence": 0.85, "between": null}, {"property": "/properties/confidence", "dataset": "Overture", "license": "CDLA-Permissive-2.0", "record_id": null, "update_time": "2026-07-14T20:34:55Z", "confidence": null, "between": null}], "basic_category": "food_and_beverage_store", "taxonomy": {"primary": "food_and_beverage_store", "hierarchy": ["shopping", "food_and_beverage_store"], "alternates": null}, "version": 7}}, {"id": "13708def-1a47-476c-b64a-49fd79ae7402", "type": "Feature", "geometry": {"type": "Point", "coordinates": [11.5702313, 48.130391]}, "properties": {"categories": {"primary": "mediterranean_restaurant", "alternate": ["european_restaurant", "restaurant"]}, "confidence": 0.9973135983943939, "websites": ["http://www.blauelibelle.de/"], "emails": ["info@blauelibelle.de"], "socials": ["https://www.facebook.com/106314272042433"], "brand": {"wikidata": null, "names": {"primary": null, "common": null, "rules": null}}, "addresses": [{"freeform": "Hans-Sachs-Straße 3", "locality": "München", "postcode": "80469", "region": null, "country": "DE"}], "names": {"primary": "Blaue Libelle", "common": null, "rules": null}, "sources": [{"property": "", "dataset": "meta", "license": "CDLA-Permissive-2.0", "record_id": "106314272042433", "update_time": "2026-07-02T00:00:00.000Z", "confidence": 0.988319993019104, "between": null}, {"property": "/properties/confidence", "dataset": "Overture", "license": "CDLA-Permissive-2.0", "record_id": null, "update_time": "2026-07-14T20:34:55Z", "confidence": null, "between": null}], "basic_category": "restaurant", "taxonomy": {"primary": "mediterranean_restaurant", "hierarchy": ["food_and_drink", "restaurant", "european_restaurant", "mediterranean_restaurant"], "alternates": null}, "version": 10}}, {"id": "c92ae98b-3c7c-4993-9160-124795ce8dc9", "type": "Feature", "geometry": {"type": "Point", "coordinates": [11.570222641683186, 48.1304871485241]}, "properties": {"categories": {"primary": "afghan_restaurant", "alternate": null}, "confidence": 0.77, "websites": ["http://www.bamyan.de"], "emails": ["narges@bamyan.de"], "phones": ["089 23888878"], "addresses": [{"freeform": "Hans-Sachs-Str. 3", "locality": "München", "postcode": "80469", "region": "Bayern", "country": "DE"}], "names": {"primary": "Bamyan Narges", "common": null, "rules": null}, "sources": [{"property": "", "dataset": "Foursquare", "license": "Apache-2.0", "record_id": "4f32c218e4b010a3c1959446", "update_time": "2024-08-18T00:00:00.000", "confidence": 0.77, "between": null}, {"property": "/properties/confidence", "dataset": "Overture", "license": "CDLA-Permissive-2.0", "record_id": null, "update_time": "2026-07-14T20:34:55Z", "confidence": null, "between": null}], "basic_category": "restaurant", "taxonomy": {"primary": "afghani_restaurant", "hierarchy": ["food_and_drink", "restaurant", "asian_restaurant", "central_asian_restaurant", "afghani_restaurant"], "alternates": null}, "version": 4}}, {"id": "f6ab9a30-6831-40b0-be7b-677902d1a9cb", "type": "Feature", "geometry": {"type": "Point", "coordinates": [11.570148, 48.13061433]}, "properties": {"categories": {"primary": "gay_bar", "alternate": ["bar", "bar_and_grill_restaurant"]}, "confidence": 0.997154381275177, "websites": ["http://www.cafenil.com"], "emails": ["nilgmbh@aol.com"], "socials": ["https://www.facebook.com/103378809730016"], "phones": ["+498923889595"], "brand": {"wikidata": null, "names": {"primary": null, "common": null, "rules": null}}, "addresses": [{"freeform": "Hans-Sachs-Straße 2", "locality": "München", "postcode": "80469", "region": null, "country": "DE"}], "names": {"primary": "NIL Café & Bar", "common": null, "rules": null}, "sources": [{"property": "", "dataset": "meta", "license": "CDLA-Permissive-2.0", "record_id": "103378809730016", "update_time": "2026-07-02T00:00:00.000Z", "confidence": 0.9876277446746826, "between": null}, {"property": "/properties/confidence", "dataset": "Overture", "license": "CDLA-Permissive-2.0", "record_id": null, "update_time": "2026-07-14T20:34:55Z", "confidence": null, "between": null}], "basic_category": "bar", "taxonomy": {"primary": "gay_bar", "hierarchy": ["food_and_drink", "alcoholic_beverage_venue", "bar", "gay_bar"], "alternates": null}, "version": 9}}, {"id": "3d6da508-0388-4233-b786-07cf189c58d4", "type": "Feature", "geometry": {"type": "Point", "coordinates": [11.56976567, 48.12972966]}, "properties": {"categories": {"primary": "italian_restaurant", "alternate": ["mediterranean_restaurant", "european_restaurant"]}, "confidence": 0.9978818941116333, "websites": ["https://www.pepe-nero.de"], "emails": ["gustare@pepe-nero.de"], "socials": ["https://www.facebook.com/331355990389474"], "phones": ["+498924231613"], "brand": {"wikidata": null, "names": {"primary": "Pepenero", "common": null, "rules": null}}, "addresses": [{"freeform": "Hans-Sachs-Straße 12", "locality": "München", "postcode": "80469", "region": null, "country": "DE"}], "names": {"primary": "Pepenero Glockenbach", "common": null, "rules": null}, "sources": [{"property": "", "dataset": "meta", "license": "CDLA-Permissive-2.0", "record_id": "331355990389474", "update_time": "2026-07-02T00:00:00.000Z", "confidence": 0.990790843963623, "between": null}, {"property": "/properties/confidence", "dataset": "Overture", "license": "CDLA-Permissive-2.0", "record_id": null, "update_time": "2026-07-14T20:34:55Z", "confidence": null, "between": null}], "basic_category": "restaurant", "taxonomy": {"primary": "italian_restaurant", "hierarchy": ["food_and_drink", "restaurant", "european_restaurant", "mediterranean_restaurant", "italian_restaurant"], "alternates": null}, "version": 9}}, {"id": "cde45ef5-81d0-4f05-b440-d7c6e9da70c6", "type": "Feature", "geometry": {"type": "Point", "coordinates": [11.56977748, 48.1296654]}, "properties": {"categories": {"primary": "bakery", "alternate": ["cafe", "desserts"]}, "confidence": 0.9996248684823513, "websites": ["https://www.baeckereialof.de/"], "emails": ["stingl@alofstingl.de"], "socials": ["https://www.facebook.com/428366153871741"], "phones": ["+498937955694"], "brand": {"wikidata": null, "names": {"primary": null, "common": null, "rules": null}}, "addresses": [{"freeform": "Hans-Sachs-Straße 12", "locality": "München", "postcode": "80469", "region": null, "country": "DE"}], "names": {"primary": "Bäckerei Alof Ohg", "common": null, "rules": null}, "sources": [{"property": "", "dataset": "meta", "license": "CDLA-Permissive-2.0", "record_id": "428366153871741", "update_time": "2026-07-02T00:00:00.000Z", "confidence": 0.9891266226768494, "between": null}, {"property": "/properties/confidence", "dataset": "Overture", "license": "CDLA-Permissive-2.0", "record_id": null, "update_time": "2026-07-14T20:34:55Z", "confidence": null, "between": null}], "basic_category": "casual_eatery", "taxonomy": {"primary": "bakery", "hierarchy": ["food_and_drink", "casual_eatery", "bakery"], "alternates": null}, "version": 8}}, {"id": "31beb15d-23a8-4f11-b5b6-eadb3a517604", "type": "Feature", "geometry": {"type": "Point", "coordinates": [11.569724934625182, 48.12985705620788]}, "properties": {"categories": {"primary": "asian_restaurant", "alternate": null}, "confidence": 0.77, "websites": ["http://www.lotuslounge.eu"], "emails": ["info@lotuslounge.eu"], "socials": ["https://www.facebook.com/142528589135727"], "phones": ["089 21899755"], "addresses": [{"freeform": "Hans-Sachs-Str. 10", "locality": "München", "postcode": "80469", "region": "Bayern", "country": "DE"}], "names": {"primary": "Lotus Lounge", "common": null, "rules": null}, "sources": [{"property": "", "dataset": "Foursquare", "license": "Apache-2.0", "record_id": "4b6f013bf964a5203cd62ce3", "update_time": "2026-03-12T00:00:00.000", "confidence": 0.77, "between": null}, {"property": "/properties/confidence", "dataset": "Overture", "license": "CDLA-Permissive-2.0", "record_id": null, "update_time": "2026-07-14T20:34:55Z", "confidence": null, "between": null}], "basic_category": "restaurant", "taxonomy": {"primary": "asian_restaurant", "hierarchy": ["food_and_drink", "restaurant", "asian_restaurant"], "alternates": null}, "version": 9}}, {"id": "bc09c102-1fa2-4de0-a9b0-d2ee15a91543", "type": "Feature", "geometry": {"type": "Point", "coordinates": [11.56984094, 48.13002882]}, "properties": {"categories": {"primary": "pub", "alternate": ["bar", "beer_bar"]}, "confidence": 0.9003444314002991, "websites": ["http://drei-glocklein.placestars.com"], "socials": ["https://www.facebook.com/129643307086984"], "phones": ["+4989266175"], "brand": {"wikidata": null, "names": {"primary": null, "common": null, "rules": null}}, "addresses": [{"freeform": "Hans-Sachs-Straße 8", "locality": "München", "postcode": "80469", "region": null, "country": "DE"}], "names": {"primary": "Drei Glöcklein", "common": null, "rules": null}, "sources": [{"property": "", "dataset": "meta", "license": "CDLA-Permissive-2.0", "record_id": "129643307086984", "update_time": "2026-07-02T00:00:00.000Z", "confidence": 0.9003444314002991, "between": null}, {"property": "/properties/confidence", "dataset": "Overture", "license": "CDLA-Permissive-2.0", "record_id": null, "update_time": "2026-07-14T20:34:55Z", "confidence": null, "between": null}], "basic_category": "bar", "taxonomy": {"primary": "pub", "hierarchy": ["food_and_drink", "alcoholic_beverage_venue", "bar", "pub"], "alternates": null}, "version": 8}}, {"id": "dc3f88a7-dcd2-4112-b049-8bc5503ef118", "type": "Feature", "geometry": {"type": "Point", "coordinates": [11.5698752, 48.13003799]}, "properties": {"categories": {"primary": "indian_restaurant", "alternate": ["restaurant", "diner"]}, "confidence": 0.9990468482375146, "websites": ["http://palastderwinde.de/"], "emails": ["palastderwinde@hotmail.de"], "socials": ["https://www.facebook.com/274947229861557"], "phones": ["+4989263278"], "brand": {"wikidata": null, "names": {"primary": null, "common": null, "rules": null}}, "addresses": [{"freeform": "Hans-Sachs-Straße 8", "locality": "München", "postcode": "80469", "region": null, "country": "DE"}], "names": {"primary": "Palast der Winde", "common": null, "rules": null}, "sources": [{"property": "", "dataset": "meta", "license": "CDLA-Permissive-2.0", "record_id": "274947229861557", "update_time": "2026-07-02T00:00:00.000Z", "confidence": 0.9723724126815796, "between": null}, {"property": "/properties/confidence", "dataset": "Overture", "license": "CDLA-Permissive-2.0", "record_id": null, "update_time": "2026-07-14T20:34:55Z", "confidence": null, "between": null}], "basic_category": "restaurant", "taxonomy": {"primary": "indian_restaurant", "hierarchy": ["food_and_drink", "restaurant", "asian_restaurant", "south_asian_restaurant", "indian_restaurant"], "alternates": null}, "version": 9}}, {"id": "1002fae4-a865-4646-a600-4b628130e0a4", "type": "Feature", "geometry": {"type": "Point", "coordinates": [11.569861, 48.131048]}, "properties": {"categories": {"primary": "cafe", "alternate": null}, "confidence": 1.0, "websites": ["https://thebarn.de/"], "emails": ["webshop@thebarn.de"], "phones": ["+49 30 44046292"], "addresses": [{"freeform": "Müllerstraße 38", "locality": "München", "postcode": "80469", "region": "", "country": "DE"}], "names": {"primary": "THE BARN Coffee Roasters Berlin", "common": null, "rules": null}, "sources": [{"property": "", "dataset": "PinMeTo", "license": "CDLA-Permissive-2.0", "record_id": "678e47f14bff5e3c4e9bddee", "update_time": "2026-07-14T06:28:11.655Z", "confidence": 1.0, "between": null}, {"property": "/properties/confidence", "dataset": "Overture", "license": "CDLA-Permissive-2.0", "record_id": null, "update_time": "2026-07-14T20:34:55Z", "confidence": null, "between": null}], "operating_status": "open", "basic_category": "cafe", "taxonomy": {"primary": "cafe", "hierarchy": ["food_and_drink", "casual_eatery", "cafe"], "alternates": null}, "version": 3}}, {"id": "d47bd96f-c66b-4c29-9da6-f30b0a902f38", "type": "Feature", "geometry": {"type": "Point", "coordinates": [11.569896792067166, 48.13115127275522]}, "properties": {"categories": {"primary": "italian_restaurant", "alternate": null}, "confidence": 0.77, "websites": ["http://www.merlins-muenchen.de"], "socials": ["https://www.facebook.com/214930278545841"], "phones": ["089 92566134"], "addresses": [{"freeform": "Angertorstr. 4", "locality": "München", "postcode": "80469", "region": "Bayern", "country": "DE"}], "names": {"primary": "Merlins - vino e bocconcino", "common": null, "rules": null}, "sources": [{"property": "", "dataset": "Foursquare", "license": "Apache-2.0", "record_id": "4e57a0b6b0fb4c4d61f2f6c3", "update_time": "2021-07-14T00:00:00.000", "confidence": 0.77, "between": null}, {"property": "/properties/confidence", "dataset": "Overture", "license": "CDLA-Permissive-2.0", "record_id": null, "update_time": "2026-07-14T20:34:55Z", "confidence": null, "between": null}], "basic_category": "restaurant", "taxonomy": {"primary": "italian_restaurant", "hierarchy": ["food_and_drink", "restaurant", "european_restaurant", "mediterranean_restaurant", "italian_restaurant"], "alternates": null}, "version": 4}}, {"id": "0081145a-a9e7-4b91-b5a9-efb051835c48", "type": "Feature", "geometry": {"type": "Point", "coordinates": [11.569930287843349, 48.13131397167375]}, "properties": {"categories": {"primary": "italian_restaurant", "alternate": null}, "confidence": 0.77, "websites": ["https://www.rustikeria.de"], "phones": ["089 45204502"], "addresses": [{"freeform": "Angertorstr. 4", "locality": "münchen", "postcode": null, "region": "Bayern", "country": "DE"}], "names": {"primary": "Rustikeria", "common": null, "rules": null}, "sources": [{"property": "", "dataset": "Foursquare", "license": "Apache-2.0", "record_id": "5af5f11a56c89f002cb45179", "update_time": "2025-05-21T00:00:00.000", "confidence": 0.77, "between": null}, {"property": "/properties/confidence", "dataset": "Overture", "license": "CDLA-Permissive-2.0", "record_id": null, "update_time": "2026-07-14T20:34:55Z", "confidence": null, "between": null}], "basic_category": "restaurant", "taxonomy": {"primary": "italian_restaurant", "hierarchy": ["food_and_drink", "restaurant", "european_restaurant", "mediterranean_restaurant", "italian_restaurant"], "alternates": null}, "version": 4}}, {"id": "bfad2073-59ac-4fcc-9a6a-dd4f2891be06", "type": "Feature", "geometry": {"type": "Point", "coordinates": [11.56995184, 48.131208]}, "properties": {"categories": {"primary": "cafe", "alternate": ["bar", "coffee_shop"]}, "confidence": 0.9466547966003418, "emails": ["enjoy@daddeeblu.de"], "socials": ["https://www.facebook.com/293239227212216"], "brand": {"wikidata": null, "names": {"primary": null, "common": null, "rules": null}}, "addresses": [{"freeform": "Angertorstraße 4", "locality": "München", "postcode": "80469", "region": null, "country": "DE"}], "names": {"primary": "Daddee Blu", "common": null, "rules": null}, "sources": [{"property": "", "dataset": "meta", "license": "CDLA-Permissive-2.0", "record_id": "293239227212216", "update_time": "2026-07-02T00:00:00.000Z", "confidence": 0.9466547966003418, "between": null}, {"property": "/properties/confidence", "dataset": "Overture", "license": "CDLA-Permissive-2.0", "record_id": null, "update_time": "2026-07-14T20:34:55Z", "confidence": null, "between": null}], "basic_category": "cafe", "taxonomy": {"primary": "cafe", "hierarchy": ["food_and_drink", "casual_eatery", "cafe"], "alternates": null}, "version": 8}}, {"id": "c5185b7d-0c6d-4efc-9727-fd5898cf2e2d", "type": "Feature", "geometry": {"type": "Point", "coordinates": [11.56976015, 48.13469113]}, "properties": {"categories": {"primary": "cafe", "alternate": ["desserts", "ice_cream_shop"]}, "confidence": 0.9980351203680038, "websites": ["https://www.wonderwaffel.de/index.php/de/"], "emails": ["info@wonderwaffel.de"], "socials": ["https://www.facebook.com/286594888591937"], "phones": ["+498946227899"], "brand": {"wikidata": null, "names": {"primary": "Wonderwaffel", "common": null, "rules": null}}, "addresses": [{"freeform": "Sendlinger Straße 31", "locality": "München", "postcode": "80331", "region": null, "country": "DE"}], "names": {"primary": "Wonder Waffel München", "common": null, "rules": null}, "sources": [{"property": "", "dataset": "meta", "license": "CDLA-Permissive-2.0", "record_id": "286594888591937", "update_time": "2026-07-02T00:00:00.000Z", "confidence": 0.9914570450782776, "between": null}, {"property": "/properties/confidence", "dataset": "Overture", "license": "CDLA-Permissive-2.0", "record_id": null, "update_time": "2026-07-14T20:34:55Z", "confidence": null, "between": null}], "basic_category": "cafe", "taxonomy": {"primary": "cafe", "hierarchy": ["food_and_drink", "casual_eatery", "cafe"], "alternates": null}, "version": 9}}, {"id": "abf863ff-6019-4959-ac51-94f3d2bcbb97", "type": "Feature", "geometry": {"type": "Point", "coordinates": [11.570076, 48.134474]}, "properties": {"categories": {"primary": "restaurant", "alternate": null}, "confidence": 0.41810429096221924, "websites": ["http://www.laxbar.com"], "emails": ["info@miura-bar.de"], "socials": ["https://www.facebook.com/518511215191763"], "phones": ["+498945201714"], "brand": {"wikidata": null, "names": {"primary": null, "common": null, "rules": null}}, "addresses": [{"freeform": "Oberanger 32", "locality": "München", "postcode": "80331", "region": null, "country": "DE"}], "names": {"primary": "LaxBar München", "common": null, "rules": null}, "sources": [{"property": "", "dataset": "meta", "license": "CDLA-Permissive-2.0", "record_id": "518511215191763", "update_time": "2026-07-02T00:00:00.000Z", "confidence": 0.41810429096221924, "between": null}, {"property": "/properties/confidence", "dataset": "Overture", "license": "CDLA-Permissive-2.0", "record_id": null, "update_time": "2026-07-14T20:34:55Z", "confidence": null, "between": null}], "basic_category": "restaurant", "taxonomy": {"primary": "restaurant", "hierarchy": ["food_and_drink", "restaurant"], "alternates": null}, "version": 9}}, {"id": "ab91c12d-aa03-4379-b594-84d400562b31", "type": "Feature", "geometry": {"type": "Point", "coordinates": [11.5702, 48.13453]}, "properties": {"categories": {"primary": "motorcycle_dealer", "alternate": ["automotive", "japanese_restaurant"]}, "confidence": 0.6081705093383789, "websites": ["http://www.miura-bar.de/"], "socials": ["https://www.facebook.com/1416337881959425"], "phones": ["+498923076775"], "brand": {"wikidata": null, "names": {"primary": null, "common": null, "rules": null}}, "addresses": [{"freeform": "Oberanger 32", "locality": "München", "postcode": "80331", "region": null, "country": "DE"}], "names": {"primary": "Scooter Boyz Munich", "common": null, "rules": null}, "sources": [{"property": "", "dataset": "meta", "license": "CDLA-Permissive-2.0", "record_id": "1416337881959425", "update_time": "2026-07-02T00:00:00.000Z", "confidence": 0.6081705093383789, "between": null}, {"property": "/properties/confidence", "dataset": "Overture", "license": "CDLA-Permissive-2.0", "record_id": null, "update_time": "2026-07-14T20:34:55Z", "confidence": null, "between": null}], "basic_category": "vehicle_dealer", "taxonomy": {"primary": "motorcycle_dealer", "hierarchy": ["shopping", "vehicle_dealer", "motorcycle_dealer"], "alternates": null}, "version": 8}}, {"id": "d05e4ba3-8861-413c-bbfe-bda845f5d571", "type": "Feature", "geometry": {"type": "Point", "coordinates": [11.570258998377573, 48.13459503322073]}, "properties": {"categories": {"primary": "tapas_bar", "alternate": null}, "confidence": 0.77, "websites": ["http://www.miura-bar.de"], "socials": ["https://www.facebook.com/192604727422179"], "phones": ["089 23076775"], "addresses": [{"freeform": "Oberanger 32", "locality": "Munich", "postcode": "80331", "region": "Bayern", "country": "DE"}], "names": {"primary": "MIURA Tapas-Bar & Restaurant", "common": null, "rules": null}, "sources": [{"property": "", "dataset": "Foursquare", "license": "Apache-2.0", "record_id": "4daf2f94f7b17488f4a19cfb", "update_time": "2025-10-23T00:00:00.000", "confidence": 0.77, "between": null}, {"property": "/properties/confidence", "dataset": "Overture", "license": "CDLA-Permissive-2.0", "record_id": null, "update_time": "2026-07-14T20:34:55Z", "confidence": null, "between": null}], "basic_category": "casual_eatery", "taxonomy": {"primary": "tapas_bar", "hierarchy": ["food_and_drink", "casual_eatery", "tapas_bar"], "alternates": null}, "version": 2}}, {"id": "9dd46d22-236e-46cb-bea7-1a45ac1232ac", "type": "Feature", "geometry": {"type": "Point", "coordinates": [11.5702772, 48.1344615]}, "properties": {"categories": {"primary": "bar", "alternate": ["asian_fusion_restaurant", "fast_food_restaurant", "pan_asian_restaurant", "soul_food", "vegan_restaurant", "health_and_medical", "restaurant"]}, "confidence": 0.9655, "websites": ["https://www.myindigo.com/"], "phones": ["08928779356"], "addresses": [{"freeform": "Oberanger 32", "locality": "München", "postcode": "80331", "region": "Bavaria", "country": "DE"}], "names": {"primary": "my Indigo Oberanger", "common": null, "rules": null}, "sources": [{"property": "", "dataset": "Microsoft", "license": "CDLA-Permissive-2.0", "record_id": "562949962027520", "update_time": "2025-09-27T09:10:45.383Z", "confidence": 0.85, "between": null}, {"property": "/properties/confidence", "dataset": "Overture", "license": "CDLA-Permissive-2.0", "record_id": null, "update_time": "2026-07-14T20:34:55Z", "confidence": null, "between": null}], "basic_category": "bar", "taxonomy": {"primary": "bar", "hierarchy": ["food_and_drink", "alcoholic_beverage_venue", "bar"], "alternates": null}, "version": 7}}, {"id": "f78aa846-50a3-44c8-8cb4-ee51daa624c7", "type": "Feature", "geometry": {"type": "Point", "coordinates": [11.570234419786466, 48.13104022978545]}, "properties": {"categories": {"primary": "cocktail_bar", "alternate": null}, "confidence": 0.77, "websites": ["http://www.ksar-barclub.com"], "phones": ["089 55298479"], "addresses": [{"freeform": "Müllerstr. 31", "locality": "München", "postcode": "80469", "region": "Bayern", "country": "DE"}], "names": {"primary": "Ksar Club", "common": null, "rules": null}, "sources": [{"property": "", "dataset": "Foursquare", "license": "Apache-2.0", "record_id": "4ade0caff964a520826821e3", "update_time": "2025-01-20T00:00:00.000", "confidence": 0.77, "between": null}, {"property": "/properties/confidence", "dataset": "Overture", "license": "CDLA-Permissive-2.0", "record_id": null, "update_time": "2026-07-14T20:34:55Z", "confidence": null, "between": null}], "basic_category": "bar", "taxonomy": {"primary": "cocktail_bar", "hierarchy": ["food_and_drink", "alcoholic_beverage_venue", "bar", "cocktail_bar"], "alternates": null}, "version": 5}}, {"id": "65a98b4c-04fa-438c-87a7-2e0e4dd06e53", "type": "Feature", "geometry": {"type": "Point", "coordinates": [11.5706349, 48.13434099]}, "properties": {"categories": {"primary": "steakhouse", "alternate": ["bar_and_grill_restaurant", "restaurant"]}, "confidence": 0.9989944069385529, "websites": ["https://www.abaccos-steakhouse.de/muenchen.html"], "emails": ["muenchen@abaccos-steakhouse.de"], "socials": ["https://www.facebook.com/107884560992837"], "phones": ["+498924212444"], "brand": {"wikidata": null, "names": {"primary": null, "common": null, "rules": null}}, "addresses": [{"freeform": "Oberanger 31", "locality": "München", "postcode": "80331", "region": null, "country": "DE"}], "names": {"primary": "Abacco's Steakhouse", "common": null, "rules": null}, "sources": [{"property": "", "dataset": "meta", "license": "CDLA-Permissive-2.0", "record_id": "107884560992837", "update_time": "2026-07-02T00:00:00.000Z", "confidence": 0.9708523750305176, "between": null}, {"property": "/properties/confidence", "dataset": "Overture", "license": "CDLA-Permissive-2.0", "record_id": null, "update_time": "2026-07-14T20:34:55Z", "confidence": null, "between": null}], "basic_category": "restaurant", "taxonomy": {"primary": "steakhouse", "hierarchy": ["food_and_drink", "restaurant", "meat_restaurant", "steakhouse"], "alternates": null}, "version": 9}}, {"id": "24d29b96-2a93-43fe-b701-45efb7867796", "type": "Feature", "geometry": {"type": "Point", "coordinates": [11.57085531, 48.13488074]}, "properties": {"categories": {"primary": "tapas_bar", "alternate": ["vegetarian_restaurant", "vietnamese_restaurant"]}, "confidence": 0.9023993015289307, "websites": ["https://sauvage-muenchen.de/"], "emails": ["info@sauvage-muenchen.de"], "socials": ["https://www.facebook.com/135382166332716"], "phones": ["+498992744251"], "brand": {"wikidata": null, "names": {"primary": null, "common": null, "rules": null}}, "addresses": [{"freeform": "Oberanger 28", "locality": "München", "postcode": "80331", "region": null, "country": "DE"}], "names": {"primary": "Sauvage Vegan Tapas Bar", "common": null, "rules": null}, "sources": [{"property": "", "dataset": "meta", "license": "CDLA-Permissive-2.0", "record_id": "135382166332716", "update_time": "2026-07-02T00:00:00.000Z", "confidence": 0.9023993015289307, "between": null}, {"property": "/properties/confidence", "dataset": "Overture", "license": "CDLA-Permissive-2.0", "record_id": null, "update_time": "2026-07-14T20:34:55Z", "confidence": null, "between": null}], "basic_category": "casual_eatery", "taxonomy": {"primary": "tapas_bar", "hierarchy": ["food_and_drink", "casual_eatery", "tapas_bar"], "alternates": null}, "version": 8}}, {"id": "0819fd6e-fccf-40c0-885c-6dd411e6d017", "type": "Feature", "geometry": {"type": "Point", "coordinates": [11.57093, 48.1345]}, "properties": {"categories": {"primary": "restaurant", "alternate": ["eat_and_drink", "mexican_restaurant"]}, "confidence": 0.9075490832328796, "socials": ["https://www.facebook.com/491050550923046"], "brand": {"wikidata": null, "names": {"primary": null, "common": null, "rules": null}}, "addresses": [{"freeform": "Oberanger 31", "locality": "München", "postcode": "80331", "region": null, "country": "DE"}], "names": {"primary": "Speisenkarte", "common": null, "rules": null}, "sources": [{"property": "", "dataset": "meta", "license": "CDLA-Permissive-2.0", "record_id": "491050550923046", "update_time": "2026-07-02T00:00:00.000Z", "confidence": 0.9075490832328796, "between": null}, {"property": "/properties/confidence", "dataset": "Overture", "license": "CDLA-Permissive-2.0", "record_id": null, "update_time": "2026-07-14T20:34:55Z", "confidence": null, "between": null}], "basic_category": "restaurant", "taxonomy": {"primary": "restaurant", "hierarchy": ["food_and_drink", "restaurant"], "alternates": null}, "version": 7}}, {"id": "a19f80a4-dc30-48f7-9a7f-011fe1250c33", "type": "Feature", "geometry": {"type": "Point", "coordinates": [11.570846288821388, 48.133465957793135]}, "properties": {"categories": {"primary": "italian_restaurant", "alternate": null}, "confidence": 0.77, "websites": ["http://www.segafredo.de"], "phones": ["089 23702762"], "addresses": [{"freeform": "Unterer Anger 16", "locality": "München", "postcode": "80331", "region": null, "country": "DE"}], "names": {"primary": "Café Segafredo", "common": null, "rules": null}, "sources": [{"property": "", "dataset": "Foursquare", "license": "Apache-2.0", "record_id": "4bc4c3354cdfc9b68c1f9921", "update_time": "2024-06-26T00:00:00.000", "confidence": 0.77, "between": null}, {"property": "/properties/confidence", "dataset": "Overture", "license": "CDLA-Permissive-2.0", "record_id": null, "update_time": "2026-07-14T20:34:55Z", "confidence": null, "between": null}], "basic_category": "restaurant", "taxonomy": {"primary": "italian_restaurant", "hierarchy": ["food_and_drink", "restaurant", "european_restaurant", "mediterranean_restaurant", "italian_restaurant"], "alternates": null}, "version": 4}}, {"id": "3f525769-8154-4809-a9a3-b92dd99f639a", "type": "Feature", "geometry": {"type": "Point", "coordinates": [11.57073473, 48.13170427]}, "properties": {"categories": {"primary": "cafe", "alternate": ["youth_organizations", "coffee_shop"]}, "confidence": 0.9884610176086426, "websites": ["https://diversity-cafe.de/"], "emails": ["info@diversity-muenchen.de"], "socials": ["https://www.facebook.com/1757875574454514"], "phones": ["+498955266986"], "brand": {"wikidata": null, "names": {"primary": null, "common": null, "rules": null}}, "addresses": [{"freeform": "Blumenstraße 29", "locality": "München", "postcode": "80331", "region": null, "country": "DE"}], "names": {"primary": "diversity Café", "common": null, "rules": null}, "sources": [{"property": "", "dataset": "meta", "license": "CDLA-Permissive-2.0", "record_id": "1757875574454514", "update_time": "2026-07-02T00:00:00.000Z", "confidence": 0.9884610176086426, "between": null}, {"property": "/properties/confidence", "dataset": "Overture", "license": "CDLA-Permissive-2.0", "record_id": null, "update_time": "2026-07-14T20:34:55Z", "confidence": null, "between": null}], "basic_category": "cafe", "taxonomy": {"primary": "cafe", "hierarchy": ["food_and_drink", "casual_eatery", "cafe"], "alternates": null}, "version": 11}}, {"id": "63b6f678-7e3d-4a49-8974-da5615746f06", "type": "Feature", "geometry": {"type": "Point", "coordinates": [11.570824, 48.129835]}, "properties": {"categories": {"primary": "restaurant", "alternate": null}, "confidence": 0.9871833749115467, "websites": ["https://www.eathappy.de/standorte/?q=80469"], "phones": ["02216699360"], "addresses": [{"freeform": "Ickstattstr. 1", "locality": "München", "postcode": "80469", "region": "Bavaria", "country": "DE"}], "names": {"primary": "EAT HAPPY", "common": null, "rules": null}, "sources": [{"property": "", "dataset": "Microsoft", "license": "CDLA-Permissive-2.0", "record_id": "1407374891209547", "update_time": "2025-09-13T00:09:24.300Z", "confidence": 0.85, "between": null}, {"property": "/properties/confidence", "dataset": "Overture", "license": "CDLA-Permissive-2.0", "record_id": null, "update_time": "2026-07-14T20:34:55Z", "confidence": null, "between": null}], "basic_category": "restaurant", "taxonomy": {"primary": "restaurant", "hierarchy": ["food_and_drink", "restaurant"], "alternates": null}, "version": 10}}, {"id": "9952b5f5-8bf7-4dbd-860e-0714d690a783", "type": "Feature", "geometry": {"type": "Point", "coordinates": [11.57064908, 48.12975993]}, "properties": {"categories": {"primary": "bar", "alternate": ["cocktail_bar", "lounge"]}, "confidence": 0.9862521213293075, "websites": ["http://www.lola-bar.de/"], "socials": ["https://www.facebook.com/145492045570810"], "phones": ["+498944141777"], "brand": {"wikidata": null, "names": {"primary": null, "common": null, "rules": null}}, "addresses": [{"freeform": "Ickstattstraße 2A", "locality": "München", "postcode": "80469", "region": null, "country": "DE"}], "names": {"primary": "LOLA", "common": null, "rules": null}, "sources": [{"property": "", "dataset": "meta", "license": "CDLA-Permissive-2.0", "record_id": "145492045570810", "update_time": "2026-07-02T00:00:00.000Z", "confidence": 0.9402266144752502, "between": null}, {"property": "/properties/confidence", "dataset": "Overture", "license": "CDLA-Permissive-2.0", "record_id": null, "update_time": "2026-07-14T20:34:55Z", "confidence": null, "between": null}], "basic_category": "bar", "taxonomy": {"primary": "bar", "hierarchy": ["food_and_drink", "alcoholic_beverage_venue", "bar"], "alternates": null}, "version": 10}}, {"id": "4d45157e-f31d-4308-ad20-13f66b4d54d3", "type": "Feature", "geometry": {"type": "Point", "coordinates": [11.570512, 48.130772]}, "properties": {"categories": {"primary": "travel_services", "alternate": ["airlines", "bar"]}, "confidence": 0.3191317915916443, "socials": ["https://www.facebook.com/148345341873847"], "phones": ["+49892323630"], "brand": {"wikidata": null, "names": {"primary": null, "common": null, "rules": null}}, "addresses": [{"freeform": "Müllerstraße 27", "locality": "München", "postcode": "80469", "region": null, "country": "DE"}], "names": {"primary": "Flugbazar", "common": null, "rules": null}, "sources": [{"property": "", "dataset": "meta", "license": "CDLA-Permissive-2.0", "record_id": "148345341873847", "update_time": "2026-07-02T00:00:00.000Z", "confidence": 0.3191317915916443, "between": null}, {"property": "/properties/confidence", "dataset": "Overture", "license": "CDLA-Permissive-2.0", "record_id": null, "update_time": "2026-07-14T20:34:55Z", "confidence": null, "between": null}], "basic_category": "travel_service", "taxonomy": {"primary": "travel_service", "hierarchy": ["travel_and_transportation", "travel_service"], "alternates": null}, "version": 1}}, {"id": "a63a4fa9-abf0-4196-acba-91bd964b4805", "type": "Feature", "geometry": {"type": "Point", "coordinates": [11.57034485, 48.13058893]}, "properties": {"categories": {"primary": "bakery", "alternate": ["french_restaurant", "cafe"]}, "confidence": 0.9962307327985763, "websites": ["https://www.dompierre.de/boulangeries"], "socials": ["https://www.facebook.com/267123793839797"], "phones": ["+498923237093"], "brand": {"wikidata": null, "names": {"primary": "Boulangerie Dompierre", "common": null, "rules": null}}, "addresses": [{"freeform": "Hans-Sachs-Straße 1", "locality": "München", "postcode": "80469", "region": null, "country": "DE"}], "names": {"primary": "Boulangerie Dompierre", "common": null, "rules": null}, "sources": [{"property": "", "dataset": "meta", "license": "CDLA-Permissive-2.0", "record_id": "267123793839797", "update_time": "2026-07-02T00:00:00.000Z", "confidence": 0.9836118817329407, "between": null}, {"property": "/properties/confidence", "dataset": "Overture", "license": "CDLA-Permissive-2.0", "record_id": null, "update_time": "2026-07-14T20:34:55Z", "confidence": null, "between": null}], "basic_category": "casual_eatery", "taxonomy": {"primary": "bakery", "hierarchy": ["food_and_drink", "casual_eatery", "bakery"], "alternates": null}, "version": 9}}, {"id": "69669732-84d4-4234-9a44-f7a81cc7d56e", "type": "Feature", "geometry": {"type": "Point", "coordinates": [11.57044485, 48.13004937]}, "properties": {"categories": {"primary": "german_restaurant", "alternate": ["beer_garden", "restaurant"]}, "confidence": 0.9953594255447388, "websites": ["http://www.sax-muenchen.de"], "emails": ["saxgmbh@web.de"], "socials": ["https://www.facebook.com/105559545681559"], "phones": ["+4989268835"], "brand": {"wikidata": null, "names": {"primary": null, "common": null, "rules": null}}, "addresses": [{"freeform": "Hans-Sachs-Straße 5", "locality": "München", "postcode": "80469", "region": null, "country": "DE"}], "names": {"primary": "SAX Essen und Trinken", "common": null, "rules": null}, "sources": [{"property": "", "dataset": "meta", "license": "CDLA-Permissive-2.0", "record_id": "105559545681559", "update_time": "2026-07-02T00:00:00.000Z", "confidence": 0.9798235893249512, "between": null}, {"property": "/properties/confidence", "dataset": "Overture", "license": "CDLA-Permissive-2.0", "record_id": null, "update_time": "2026-07-14T20:34:55Z", "confidence": null, "between": null}], "basic_category": "restaurant", "taxonomy": {"primary": "german_restaurant", "hierarchy": ["food_and_drink", "restaurant", "european_restaurant", "central_european_restaurant", "german_restaurant"], "alternates": null}, "version": 8}}, {"id": "a4eea1e4-85b3-44ba-baaa-225c18bafb47", "type": "Feature", "geometry": {"type": "Point", "coordinates": [11.57048734, 48.12984233]}, "properties": {"categories": {"primary": "cafe", "alternate": ["bar", "restaurant"]}, "confidence": 0.9903750276565552, "websites": ["http://www.hooverundfloyd.de"], "emails": ["info@hooverundfloyd.de"], "socials": ["https://www.facebook.com/1038895162959995"], "phones": ["+498926949015"], "brand": {"wikidata": null, "names": {"primary": null, "common": null, "rules": null}}, "addresses": [{"freeform": "Ickstattstraße 2", "locality": "München", "postcode": "80469", "region": null, "country": "DE"}], "names": {"primary": "Mucki and Floyd", "common": null, "rules": null}, "sources": [{"property": "", "dataset": "meta", "license": "CDLA-Permissive-2.0", "record_id": "1038895162959995", "update_time": "2026-07-02T00:00:00.000Z", "confidence": 0.9581522941589355, "between": null}, {"property": "/properties/confidence", "dataset": "Overture", "license": "CDLA-Permissive-2.0", "record_id": null, "update_time": "2026-07-14T20:34:55Z", "confidence": null, "between": null}], "basic_category": "cafe", "taxonomy": {"primary": "cafe", "hierarchy": ["food_and_drink", "casual_eatery", "cafe"], "alternates": null}, "version": 10}}, {"id": "8775fdb1-a7c6-4a5e-9666-9c8e3e6d2bd9", "type": "Feature", "geometry": {"type": "Point", "coordinates": [11.571532423010533, 48.12914193861354]}, "properties": {"categories": {"primary": "pizza_restaurant", "alternate": null}, "confidence": 0.77, "websites": ["http://www.sorrento-muenchen.de"], "emails": ["kontakt@sorrento-muenchen.de"], "phones": ["089 264141"], "addresses": [{"freeform": "Klenzestr. 50", "locality": "Munich", "postcode": "80469", "region": "Bayern", "country": "DE"}], "names": {"primary": "Sorrento", "common": null, "rules": null}, "sources": [{"property": "", "dataset": "Foursquare", "license": "Apache-2.0", "record_id": "4b157742f964a52042ad23e3", "update_time": "2025-10-18T00:00:00.000", "confidence": 0.77, "between": null}, {"property": "/properties/confidence", "dataset": "Overture", "license": "CDLA-Permissive-2.0", "record_id": null, "update_time": "2026-07-14T20:34:55Z", "confidence": null, "between": null}], "basic_category": "restaurant", "taxonomy": {"primary": "pizza_restaurant", "hierarchy": ["food_and_drink", "restaurant", "european_restaurant", "mediterranean_restaurant", "italian_restaurant", "pizza_restaurant"], "alternates": null}, "version": 5}}, {"id": "f275d33c-4363-46cb-b9c8-8532d8a43254", "type": "Feature", "geometry": {"type": "Point", "coordinates": [11.571468899724234, 48.13036470458398]}, "properties": {"categories": {"primary": "restaurant", "alternate": null}, "confidence": 0.77, "websites": ["https://feischo.com"], "emails": ["jns.plk23@gmail.com"], "phones": ["089 6754362"], "addresses": [{"freeform": "Kolosseumstraße 5", "locality": "München", "postcode": "80469", "region": "Bayern", "country": "DE"}], "names": {"primary": "Cafe Junus", "common": null, "rules": null}, "sources": [{"property": "", "dataset": "Foursquare", "license": "Apache-2.0", "record_id": "5ffe701f08642374d7044949", "update_time": "2025-07-05T00:00:00.000", "confidence": 0.77, "between": null}, {"property": "/properties/confidence", "dataset": "Overture", "license": "CDLA-Permissive-2.0", "record_id": null, "update_time": "2026-07-14T20:34:55Z", "confidence": null, "between": null}], "basic_category": "restaurant", "taxonomy": {"primary": "restaurant", "hierarchy": ["food_and_drink", "restaurant"], "alternates": null}, "version": 4}}, {"id": "354318db-2812-4108-bc92-0f35fa23e8c2", "type": "Feature", "geometry": {"type": "Point", "coordinates": [11.571083556563295, 48.131402598320484]}, "properties": {"categories": {"primary": "german_restaurant", "alternate": null}, "confidence": 0.77, "websites": ["https://wirtshaus-fesch.de"], "phones": ["089 23002992"], "addresses": [{"freeform": "Müllerstr. 30", "locality": "München", "postcode": "80469", "region": "Bayern", "country": "DE"}], "names": {"primary": "\"fesch\" Wirtshaus & Stehausschank", "common": null, "rules": null}, "sources": [{"property": "", "dataset": "Foursquare", "license": "Apache-2.0", "record_id": "63e6d7f07564540e85cf961e", "update_time": "2026-04-11T00:00:00.000", "confidence": 0.77, "between": null}, {"property": "/properties/confidence", "dataset": "Overture", "license": "CDLA-Permissive-2.0", "record_id": null, "update_time": "2026-07-14T20:34:55Z", "confidence": null, "between": null}], "basic_category": "restaurant", "taxonomy": {"primary": "german_restaurant", "hierarchy": ["food_and_drink", "restaurant", "european_restaurant", "central_european_restaurant", "german_restaurant"], "alternates": null}, "version": 4}}, {"id": "a21cef70-d34b-4e10-bb3f-7dea0479908d", "type": "Feature", "geometry": {"type": "Point", "coordinates": [11.57112275, 48.13101833]}, "properties": {"categories": {"primary": "coffee_shop", "alternate": ["cafe"]}, "confidence": 0.9955034530162812, "websites": ["http://www.mvsm.coffee/"], "socials": ["https://www.facebook.com/614827295302828"], "phones": ["+498954847777"], "brand": {"wikidata": null, "names": {"primary": null, "common": null, "rules": null}}, "addresses": [{"freeform": "Müllerstraße 23", "locality": "München", "postcode": "80469", "region": null, "country": "DE"}], "names": {"primary": "Man Versus Machine Coffee Roasters", "common": null, "rules": null}, "sources": [{"property": "", "dataset": "meta", "license": "CDLA-Permissive-2.0", "record_id": "614827295302828", "update_time": "2026-07-02T00:00:00.000Z", "confidence": 0.9804497957229614, "between": null}, {"property": "/properties/confidence", "dataset": "Overture", "license": "CDLA-Permissive-2.0", "record_id": null, "update_time": "2026-07-14T20:34:55Z", "confidence": null, "between": null}], "basic_category": "coffee_shop", "taxonomy": {"primary": "coffee_shop", "hierarchy": ["food_and_drink", "non_alcoholic_beverage_venue", "coffee_shop"], "alternates": null}, "version": 8}}, {"id": "6a551015-ee70-4487-b881-c06205b94809", "type": "Feature", "geometry": {"type": "Point", "coordinates": [11.571227, 48.131947]}, "properties": {"categories": {"primary": "pizza_restaurant", "alternate": ["restaurant", "italian_restaurant"]}, "confidence": 0.8261290788650513, "websites": ["http://www.santoanger.de"], "emails": ["info@santoanger.de"], "socials": ["https://www.facebook.com/264589427021387"], "phones": ["+498925547688"], "brand": {"wikidata": null, "names": {"primary": null, "common": null, "rules": null}}, "addresses": [{"freeform": "Blumenstraße 25", "locality": "München", "postcode": "80331", "region": null, "country": "DE"}], "names": {"primary": "Santo Anger - Rock 'n' Roll Pizzeria", "common": null, "rules": null}, "sources": [{"property": "", "dataset": "meta", "license": "CDLA-Permissive-2.0", "record_id": "264589427021387", "update_time": "2026-07-02T00:00:00.000Z", "confidence": 0.8261290788650513, "between": null}, {"property": "/properties/confidence", "dataset": "Overture", "license": "CDLA-Permissive-2.0", "record_id": null, "update_time": "2026-07-14T20:34:55Z", "confidence": null, "between": null}], "basic_category": "restaurant", "taxonomy": {"primary": "pizza_restaurant", "hierarchy": ["food_and_drink", "restaurant", "european_restaurant", "mediterranean_restaurant", "italian_restaurant", "pizza_restaurant"], "alternates": null}, "version": 8}}, {"id": "d4eaff65-f7ea-4469-9ad7-ea3aed493913", "type": "Feature", "geometry": {"type": "Point", "coordinates": [11.57104973, 48.13344221]}, "properties": {"categories": {"primary": "afghan_restaurant", "alternate": ["middle_eastern_restaurant", "restaurant"]}, "confidence": 0.9980438297390938, "websites": ["https://hewad-restaurant.de"], "emails": ["info@hewad-restaurant.de"], "socials": ["https://www.facebook.com/106020051855954"], "phones": ["+498918902440"], "brand": {"wikidata": null, "names": {"primary": null, "common": null, "rules": null}}, "addresses": [{"freeform": "Unterer Anger 16", "locality": "München", "postcode": "80331", "region": null, "country": "DE"}], "names": {"primary": "Hewad Restaurant", "common": null, "rules": null}, "sources": [{"property": "", "dataset": "meta", "license": "CDLA-Permissive-2.0", "record_id": "106020051855954", "update_time": "2026-07-02T00:00:00.000Z", "confidence": 0.943299412727356, "between": null}, {"property": "/properties/confidence", "dataset": "Overture", "license": "CDLA-Permissive-2.0", "record_id": null, "update_time": "2026-07-14T20:34:55Z", "confidence": null, "between": null}], "basic_category": "restaurant", "taxonomy": {"primary": "afghani_restaurant", "hierarchy": ["food_and_drink", "restaurant", "asian_restaurant", "central_asian_restaurant", "afghani_restaurant"], "alternates": null}, "version": 8}}, {"id": "267fd853-cd0d-4095-bcc8-700e39e19420", "type": "Feature", "geometry": {"type": "Point", "coordinates": [11.57124073, 48.13499308]}, "properties": {"categories": {"primary": "music_venue", "alternate": ["topic_concert_venue", "bar"]}, "confidence": 0.9962305134534836, "socials": ["https://www.facebook.com/114226635428228"], "phones": ["+498924293711"], "brand": {"wikidata": null, "names": {"primary": null, "common": null, "rules": null}}, "addresses": [{"freeform": "Oberanger 26", "locality": "München", "postcode": "80331", "region": null, "country": "DE"}], "names": {"primary": "Unter Deck", "common": null, "rules": null}, "sources": [{"property": "", "dataset": "meta", "license": "CDLA-Permissive-2.0", "record_id": "114226635428228", "update_time": "2026-07-02T00:00:00.000Z", "confidence": 0.9836109280586243, "between": null}, {"property": "/properties/confidence", "dataset": "Overture", "license": "CDLA-Permissive-2.0", "record_id": null, "update_time": "2026-07-14T20:34:55Z", "confidence": null, "between": null}], "basic_category": "music_venue", "taxonomy": {"primary": "music_venue", "hierarchy": ["arts_and_entertainment", "performing_arts_venue", "music_venue"], "alternates": null}, "version": 9}}, {"id": "755b9576-1ba8-4122-9102-8db100d36d18", "type": "Feature", "geometry": {"type": "Point", "coordinates": [11.57145999, 48.13435197]}, "properties": {"categories": {"primary": "coffee_shop", "alternate": ["cafe"]}, "confidence": 0.8976505398750305, "websites": ["https://turmkaffee.de/munich"], "socials": ["https://www.facebook.com/454879271046471"], "phones": ["+498006646887"], "brand": {"wikidata": null, "names": {"primary": "Turm Kaffee", "common": null, "rules": null}}, "addresses": [{"freeform": "Unterer Anger 20", "locality": "München", "postcode": "80331", "region": null, "country": "DE"}], "names": {"primary": "Turm Kaffee GmbH", "common": null, "rules": null}, "sources": [{"property": "", "dataset": "meta", "license": "CDLA-Permissive-2.0", "record_id": "454879271046471", "update_time": "2026-07-02T00:00:00.000Z", "confidence": 0.8976505398750305, "between": null}, {"property": "/properties/confidence", "dataset": "Overture", "license": "CDLA-Permissive-2.0", "record_id": null, "update_time": "2026-07-14T20:34:55Z", "confidence": null, "between": null}], "basic_category": "coffee_shop", "taxonomy": {"primary": "coffee_shop", "hierarchy": ["food_and_drink", "non_alcoholic_beverage_venue", "coffee_shop"], "alternates": null}, "version": 8}}, {"id": "d7b9b8e8-af8e-43d9-b3c8-015d6152ed06", "type": "Feature", "geometry": {"type": "Point", "coordinates": [11.57138117, 48.13241969]}, "properties": {"categories": {"primary": "cafe", "alternate": ["coffee_shop"]}, "confidence": 0.527996838092804, "socials": ["https://www.facebook.com/277296905477242"], "brand": {"wikidata": null, "names": {"primary": null, "common": null, "rules": null}}, "addresses": [{"freeform": "Blumenstraße 28B", "locality": "München", "postcode": "80331", "region": null, "country": "DE"}], "names": {"primary": "Ciccios Cafe", "common": null, "rules": null}, "sources": [{"property": "", "dataset": "meta", "license": "CDLA-Permissive-2.0", "record_id": "277296905477242", "update_time": "2026-07-02T00:00:00.000Z", "confidence": 0.527996838092804, "between": null}, {"property": "/properties/confidence", "dataset": "Overture", "license": "CDLA-Permissive-2.0", "record_id": null, "update_time": "2026-07-14T20:34:55Z", "confidence": null, "between": null}], "basic_category": "cafe", "taxonomy": {"primary": "cafe", "hierarchy": ["food_and_drink", "casual_eatery", "cafe"], "alternates": null}, "version": 5}}, {"id": "a7b84146-66bd-4788-a54d-1df067b3dd1a", "type": "Feature", "geometry": {"type": "Point", "coordinates": [11.57129524, 48.13179663]}, "properties": {"categories": {"primary": "indian_restaurant", "alternate": ["asian_restaurant", "restaurant"]}, "confidence": 0.9996516073346138, "websites": ["http://samrat-restaurant.de/"], "emails": ["samrat.muenchen@web.de"], "socials": ["https://www.facebook.com/191682104553146"], "phones": ["+4989263177"], "brand": {"wikidata": null, "names": {"primary": null, "common": null, "rules": null}}, "addresses": [{"freeform": "Papa-Schmid-Straße 1", "locality": "München", "postcode": "80469", "region": null, "country": "DE"}], "names": {"primary": "Indisches Restaurant Samrat", "common": null, "rules": null}, "sources": [{"property": "", "dataset": "meta", "license": "CDLA-Permissive-2.0", "record_id": "191682104553146", "update_time": "2026-07-02T00:00:00.000Z", "confidence": 0.9899016618728638, "between": null}, {"property": "/properties/confidence", "dataset": "Overture", "license": "CDLA-Permissive-2.0", "record_id": null, "update_time": "2026-07-14T20:34:55Z", "confidence": null, "between": null}], "basic_category": "restaurant", "taxonomy": {"primary": "indian_restaurant", "hierarchy": ["food_and_drink", "restaurant", "asian_restaurant", "south_asian_restaurant", "indian_restaurant"], "alternates": null}, "version": 9}}, {"id": "36fb92f3-5cfa-40d7-bf3f-1bb8f564b82d", "type": "Feature", "geometry": {"type": "Point", "coordinates": [11.57153023, 48.1312026]}, "properties": {"categories": {"primary": "burger_restaurant", "alternate": ["bar_and_grill_restaurant", "german_restaurant"]}, "confidence": 0.9977511096000672, "websites": ["http://www.mcmueller.org/"], "emails": ["francis@mcmueller.org"], "socials": ["https://www.facebook.com/41032167131"], "phones": ["+498918910039"], "brand": {"wikidata": null, "names": {"primary": null, "common": null, "rules": null}}, "addresses": [{"freeform": "Fraunhoferstraße 2", "locality": "München", "postcode": "80469", "region": null, "country": "DE"}], "names": {"primary": "M.C. Müller Burger und Bar", "common": null, "rules": null}, "sources": [{"property": "", "dataset": "meta", "license": "CDLA-Permissive-2.0", "record_id": "41032167131", "update_time": "2026-07-02T00:00:00.000Z", "confidence": 0.9902222156524658, "between": null}, {"property": "/properties/confidence", "dataset": "Overture", "license": "CDLA-Permissive-2.0", "record_id": null, "update_time": "2026-07-14T20:34:55Z", "confidence": null, "between": null}], "basic_category": "restaurant", "taxonomy": {"primary": "burger_restaurant", "hierarchy": ["food_and_drink", "restaurant", "meat_restaurant", "burger_restaurant"], "alternates": null}, "version": 6}}, {"id": "56a50839-2717-48a1-a752-5130be4c5188", "type": "Feature", "geometry": {"type": "Point", "coordinates": [11.5715865, 48.1311584]}, "properties": {"categories": {"primary": "restaurant", "alternate": ["hotel", "real_estate"]}, "confidence": 0.91560959815979, "websites": ["http://www.deraghotels.de"], "emails": ["info@deraghotels.de"], "socials": ["https://www.facebook.com/150541355589099"], "phones": ["+498923701250"], "brand": {"wikidata": null, "names": {"primary": null, "common": null, "rules": null}}, "addresses": [{"freeform": "Fraunhoferstraße 2", "locality": "München", "postcode": "80469", "region": null, "country": "DE"}], "names": {"primary": "Derag Hotel And Living", "common": null, "rules": null}, "sources": [{"property": "", "dataset": "meta", "license": "CDLA-Permissive-2.0", "record_id": "150541355589099", "update_time": "2026-07-02T00:00:00.000Z", "confidence": 0.91560959815979, "between": null}, {"property": "/properties/confidence", "dataset": "Overture", "license": "CDLA-Permissive-2.0", "record_id": null, "update_time": "2026-07-14T20:34:55Z", "confidence": null, "between": null}], "basic_category": "restaurant", "taxonomy": {"primary": "restaurant", "hierarchy": ["food_and_drink", "restaurant"], "alternates": null}, "version": 10}}, {"id": "1769fa05-695d-40e5-976e-73dcec6ed690", "type": "Feature", "geometry": {"type": "Point", "coordinates": [11.571789800815274, 48.13161699048942]}, "properties": {"categories": {"primary": "bar", "alternate": null}, "confidence": 0.77, "websites": ["http://www.sunshine-pub.de"], "socials": ["https://www.facebook.com/162688090420525"], "phones": ["089 80926745"], "addresses": [{"freeform": "Müllerstr. 17", "locality": "Munich", "postcode": "80469", "region": "Bayern", "country": "DE"}], "names": {"primary": "Sunshine Pub", "common": null, "rules": null}, "sources": [{"property": "", "dataset": "Foursquare", "license": "Apache-2.0", "record_id": "4b909a3df964a520ce9133e3", "update_time": "2024-12-07T00:00:00.000", "confidence": 0.77, "between": null}, {"property": "/properties/confidence", "dataset": "Overture", "license": "CDLA-Permissive-2.0", "record_id": null, "update_time": "2026-07-14T20:34:55Z", "confidence": null, "between": null}], "basic_category": "bar", "taxonomy": {"primary": "bar", "hierarchy": ["food_and_drink", "alcoholic_beverage_venue", "bar"], "alternates": null}, "version": 5}}, {"id": "12bb3602-41ee-4e60-a4ce-84ee5795ab0e", "type": "Feature", "geometry": {"type": "Point", "coordinates": [11.571827695554187, 48.132260396648306]}, "properties": {"categories": {"primary": "gay_bar", "alternate": null}, "confidence": 0.77, "websites": ["http://www.bar-zur-feuerwache.de"], "emails": ["klug@mnet-online.de"], "socials": ["https://www.facebook.com/166858983364210"], "phones": ["089 2604430"], "addresses": [{"freeform": "Blumenstr. 21a", "locality": "München", "postcode": "80331", "region": "Bayern", "country": "DE"}], "names": {"primary": "Zur Feuerwache", "common": null, "rules": null}, "sources": [{"property": "", "dataset": "Foursquare", "license": "Apache-2.0", "record_id": "4de68c1dfa764cf4bee24413", "update_time": "2025-10-23T00:00:00.000", "confidence": 0.77, "between": null}, {"property": "/properties/confidence", "dataset": "Overture", "license": "CDLA-Permissive-2.0", "record_id": null, "update_time": "2026-07-14T20:34:55Z", "confidence": null, "between": null}], "basic_category": "bar", "taxonomy": {"primary": "gay_bar", "hierarchy": ["food_and_drink", "alcoholic_beverage_venue", "bar", "gay_bar"], "alternates": null}, "version": 5}}, {"id": "26aa2202-78ec-463a-85e6-a50e0bd1eebc", "type": "Feature", "geometry": {"type": "Point", "coordinates": [11.57208848, 48.1342912]}, "properties": {"categories": {"primary": "delicatessen", "alternate": ["french_restaurant", "european_restaurant"]}, "confidence": 0.9862328112125397, "socials": ["https://www.facebook.com/141801742352322"], "phones": ["+498955918037"], "brand": {"wikidata": null, "names": {"primary": "Coucou Food Market", "common": null, "rules": null}}, "addresses": [{"freeform": "Sankt-Jakobs-Platz 16", "locality": "München", "postcode": "80331", "region": null, "country": "DE"}], "names": {"primary": "Coucou Food Market", "common": null, "rules": null}, "sources": [{"property": "", "dataset": "meta", "license": "CDLA-Permissive-2.0", "record_id": "141801742352322", "update_time": "2026-07-02T00:00:00.000Z", "confidence": 0.9082187414169312, "between": null}, {"property": "/properties/confidence", "dataset": "Overture", "license": "CDLA-Permissive-2.0", "record_id": null, "update_time": "2026-07-14T20:34:55Z", "confidence": null, "between": null}], "basic_category": "casual_eatery", "taxonomy": {"primary": "delicatessen", "hierarchy": ["food_and_drink", "casual_eatery", "delicatessen"], "alternates": null}, "version": 10}}, {"id": "aa3cbb04-dc75-4378-8e55-fbc6c95fe232", "type": "Feature", "geometry": {"type": "Point", "coordinates": [11.57210494, 48.13453219]}, "properties": {"categories": {"primary": "kosher_restaurant", "alternate": ["european_restaurant", "restaurant"]}, "confidence": 0.9971300476789474, "websites": ["http://www.einstein-restaurant.de/"], "emails": ["restaurant@ikg-m.de"], "socials": ["https://www.facebook.com/164855666918784"], "phones": ["+4989202400332"], "brand": {"wikidata": null, "names": {"primary": null, "common": null, "rules": null}}, "addresses": [{"freeform": "Sankt-Jakobs-Platz 18", "locality": "München", "postcode": "80331", "region": null, "country": "DE"}], "names": {"primary": "Restaurant Einstein", "common": null, "rules": null}, "sources": [{"property": "", "dataset": "meta", "license": "CDLA-Permissive-2.0", "record_id": "164855666918784", "update_time": "2026-07-02T00:00:00.000Z", "confidence": 0.9875219464302063, "between": null}, {"property": "/properties/confidence", "dataset": "Overture", "license": "CDLA-Permissive-2.0", "record_id": null, "update_time": "2026-07-14T20:34:55Z", "confidence": null, "between": null}], "basic_category": "restaurant", "taxonomy": {"primary": "kosher_restaurant", "hierarchy": ["food_and_drink", "restaurant", "special_diet_restaurant", "kosher_restaurant"], "alternates": null}, "version": 9}}, {"id": "9befce97-c7c3-4096-a6b9-471ebc8d8e9e", "type": "Feature", "geometry": {"type": "Point", "coordinates": [11.57203, 48.13297]}, "properties": {"categories": {"primary": "community_services_non_profits", "alternate": ["sports_club_and_league", "indonesian_restaurant"]}, "confidence": 0.23000840842723846, "websites": ["https://www.viprize.org/"], "emails": ["info@viprize.org"], "socials": ["https://www.facebook.com/1630465017215720"], "brand": {"wikidata": null, "names": {"primary": null, "common": null, "rules": null}}, "addresses": [{"freeform": null, "locality": "München", "postcode": null, "region": null, "country": "DE"}], "names": {"primary": "viprize", "common": null, "rules": null}, "sources": [{"property": "", "dataset": "meta", "license": "CDLA-Permissive-2.0", "record_id": "1630465017215720", "update_time": "2026-07-02T00:00:00.000Z", "confidence": 0.23000840842723846, "between": null}, {"property": "/properties/confidence", "dataset": "Overture", "license": "CDLA-Permissive-2.0", "record_id": null, "update_time": "2026-07-14T20:34:55Z", "confidence": null, "between": null}], "basic_category": "social_or_community_service", "taxonomy": {"primary": "social_or_community_service", "hierarchy": ["community_and_government", "social_or_community_service"], "alternates": null}, "version": 1}}, {"id": "8b248587-1d4a-4ac7-92ab-833b993b3d95", "type": "Feature", "geometry": {"type": "Point", "coordinates": [11.57203947, 48.1310827]}, "properties": {"categories": {"primary": "cafe", "alternate": ["restaurant", "wine_bar"]}, "confidence": 0.9218031764030457, "websites": ["https://village-tagesbar.de/"], "emails": ["villagecafemunich@gmail.com"], "socials": ["https://www.facebook.com/110462244022184"], "phones": ["+4915565190956"], "brand": {"wikidata": null, "names": {"primary": null, "common": null, "rules": null}}, "addresses": [{"freeform": "Fraunhoferstraße 3", "locality": "München", "postcode": "80469", "region": null, "country": "DE"}], "names": {"primary": "VILLAGE Tagesbar", "common": null, "rules": null}, "sources": [{"property": "", "dataset": "meta", "license": "CDLA-Permissive-2.0", "record_id": "110462244022184", "update_time": "2026-07-02T00:00:00.000Z", "confidence": 0.9218031764030457, "between": null}, {"property": "/properties/confidence", "dataset": "Overture", "license": "CDLA-Permissive-2.0", "record_id": null, "update_time": "2026-07-14T20:34:55Z", "confidence": null, "between": null}], "basic_category": "cafe", "taxonomy": {"primary": "cafe", "hierarchy": ["food_and_drink", "casual_eatery", "cafe"], "alternates": null}, "version": 3}}, {"id": "b50b956a-29a0-41bd-a5ee-61ef62363edd", "type": "Feature", "geometry": {"type": "Point", "coordinates": [11.572113, 48.130734]}, "properties": {"categories": {"primary": "hotel", "alternate": ["hostel", "restaurant"]}, "confidence": 0.5111320614814758, "websites": ["http://www.fraunhofertheater.de"], "emails": ["info@fraunhofertheater.de"], "socials": ["https://www.facebook.com/151174308252952"], "phones": ["+49892607238"], "brand": {"wikidata": null, "names": {"primary": null, "common": null, "rules": null}}, "addresses": [{"freeform": "Fraunhoferstraße 10", "locality": "München", "postcode": "80469", "region": null, "country": "DE"}], "names": {"primary": "Hotel-Pension Fraunhofer", "common": null, "rules": null}, "sources": [{"property": "", "dataset": "meta", "license": "CDLA-Permissive-2.0", "record_id": "151174308252952", "update_time": "2026-07-02T00:00:00.000Z", "confidence": 0.5111320614814758, "between": null}, {"property": "/properties/confidence", "dataset": "Overture", "license": "CDLA-Permissive-2.0", "record_id": null, "update_time": "2026-07-14T20:34:55Z", "confidence": null, "between": null}], "basic_category": "hotel", "taxonomy": {"primary": "hotel", "hierarchy": ["lodging", "hotel"], "alternates": null}, "version": 9}}, {"id": "1f94fe8f-7020-4bec-a05e-02449fc21665", "type": "Feature", "geometry": {"type": "Point", "coordinates": [11.57208372, 48.13084224]}, "properties": {"categories": {"primary": "vietnamese_restaurant", "alternate": ["asian_restaurant", "restaurant"]}, "confidence": 0.9981615728139878, "websites": ["https://sen-muenchen.de/"], "emails": ["info@sen-muenchen.de"], "socials": ["https://www.facebook.com/288360711660249"], "phones": ["+498926026057"], "brand": {"wikidata": null, "names": {"primary": null, "common": null, "rules": null}}, "addresses": [{"freeform": "Fraunhoferstraße 6", "locality": "München", "postcode": "80469", "region": null, "country": "DE"}], "names": {"primary": "Sen Restaurant", "common": null, "rules": null}, "sources": [{"property": "", "dataset": "meta", "license": "CDLA-Permissive-2.0", "record_id": "288360711660249", "update_time": "2026-07-02T00:00:00.000Z", "confidence": 0.9920068383216858, "between": null}, {"property": "/properties/confidence", "dataset": "Overture", "license": "CDLA-Permissive-2.0", "record_id": null, "update_time": "2026-07-14T20:34:55Z", "confidence": null, "between": null}], "basic_category": "restaurant", "taxonomy": {"primary": "vietnamese_restaurant", "hierarchy": ["food_and_drink", "restaurant", "asian_restaurant", "southeast_asian_restaurant", "vietnamese_restaurant"], "alternates": null}, "version": 8}}, {"id": "1a2b5e3d-1b40-4b98-bdb2-b6a332bdde77", "type": "Feature", "geometry": {"type": "Point", "coordinates": [11.57200633, 48.12898784]}, "properties": {"categories": {"primary": "tapas_bar", "alternate": ["bar", "spanish_restaurant"]}, "confidence": 0.9988422828912735, "websites": ["http://www.cordo-bar.de"], "emails": ["info@cordo-bar.de"], "socials": ["https://www.facebook.com/380552512036441"], "phones": ["+4989603202"], "brand": {"wikidata": null, "names": {"primary": null, "common": null, "rules": null}}, "addresses": [{"freeform": "Ickstattstraße 1A", "locality": "München", "postcode": "80469", "region": null, "country": "DE"}], "names": {"primary": "Cordo Bar", "common": null, "rules": null}, "sources": [{"property": "", "dataset": "meta", "license": "CDLA-Permissive-2.0", "record_id": "380552512036441", "update_time": "2026-07-02T00:00:00.000Z", "confidence": 0.994966447353363, "between": null}, {"property": "/properties/confidence", "dataset": "Overture", "license": "CDLA-Permissive-2.0", "record_id": null, "update_time": "2026-07-14T20:34:55Z", "confidence": null, "between": null}], "basic_category": "casual_eatery", "taxonomy": {"primary": "tapas_bar", "hierarchy": ["food_and_drink", "casual_eatery", "tapas_bar"], "alternates": null}, "version": 9}}, {"id": "f3f4e1de-24f6-47c6-af0c-15c9af99626e", "type": "Feature", "geometry": {"type": "Point", "coordinates": [11.57176434, 48.13022586]}, "properties": {"categories": {"primary": "restaurant", "alternate": ["bar", "cafe"]}, "confidence": 0.9977110517024994, "websites": ["http://www.madamannaekke.de/"], "emails": ["glockenbach@madamannaekke.de"], "socials": ["https://www.facebook.com/108624464211434"], "phones": ["+498945240141"], "brand": {"wikidata": null, "names": {"primary": null, "common": null, "rules": null}}, "addresses": [{"freeform": "Kolosseumstraße 6", "locality": "München", "postcode": "80469", "region": null, "country": "DE"}], "names": {"primary": "Madam Anna Ekke", "common": null, "rules": null}, "sources": [{"property": "", "dataset": "meta", "license": "CDLA-Permissive-2.0", "record_id": "108624464211434", "update_time": "2026-07-02T00:00:00.000Z", "confidence": 0.9900480508804321, "between": null}, {"property": "/properties/confidence", "dataset": "Overture", "license": "CDLA-Permissive-2.0", "record_id": null, "update_time": "2026-07-14T20:34:55Z", "confidence": null, "between": null}], "basic_category": "restaurant", "taxonomy": {"primary": "restaurant", "hierarchy": ["food_and_drink", "restaurant"], "alternates": null}, "version": 9}}, {"id": "bc59cda5-9f26-4ec3-a79d-7e2b8b6da657", "type": "Feature", "geometry": {"type": "Point", "coordinates": [11.571765324974711, 48.13011795879339]}, "properties": {"categories": {"primary": "asian_restaurant", "alternate": null}, "confidence": 0.77, "websites": ["http://feischo.com"], "emails": ["feischo@gmail.com"], "socials": ["https://www.facebook.com/236375173078186"], "phones": ["089 55062299"], "addresses": [{"freeform": "Kolosseumstr. 6", "locality": "München", "postcode": "80469", "region": "Bayern", "country": "DE"}], "names": {"primary": "Fei Scho", "common": null, "rules": null}, "sources": [{"property": "", "dataset": "Foursquare", "license": "Apache-2.0", "record_id": "4e8b51018231cd82544e42b3", "update_time": "2025-07-25T00:00:00.000", "confidence": 0.77, "between": null}, {"property": "/properties/confidence", "dataset": "Overture", "license": "CDLA-Permissive-2.0", "record_id": null, "update_time": "2026-07-14T20:34:55Z", "confidence": null, "between": null}], "basic_category": "restaurant", "taxonomy": {"primary": "asian_restaurant", "hierarchy": ["food_and_drink", "restaurant", "asian_restaurant"], "alternates": null}, "version": 4}}, {"id": "816ed5a2-286d-4a00-9126-3e299c45f94f", "type": "Feature", "geometry": {"type": "Point", "coordinates": [11.57268252, 48.13055581]}, "properties": {"categories": {"primary": "cafe", "alternate": ["smoothie_juice_bar"]}, "confidence": 0.5773550271987915, "emails": ["info@orno.cafe"], "socials": ["https://www.facebook.com/109825225179096"], "phones": ["+498924207624"], "brand": {"wikidata": null, "names": {"primary": null, "common": null, "rules": null}}, "addresses": [{"freeform": "Fraunhoferstraße 11", "locality": "München", "postcode": "80469", "region": null, "country": "DE"}], "names": {"primary": "Orno Café", "common": null, "rules": null}, "sources": [{"property": "", "dataset": "meta", "license": "CDLA-Permissive-2.0", "record_id": "109825225179096", "update_time": "2026-07-02T00:00:00.000Z", "confidence": 0.5773550271987915, "between": null}, {"property": "/properties/confidence", "dataset": "Overture", "license": "CDLA-Permissive-2.0", "record_id": null, "update_time": "2026-07-14T20:34:55Z", "confidence": null, "between": null}], "basic_category": "cafe", "taxonomy": {"primary": "cafe", "hierarchy": ["food_and_drink", "casual_eatery", "cafe"], "alternates": null}, "version": 9}}, {"id": "61e1731d-df43-488e-bde7-a54ce899d2da", "type": "Feature", "geometry": {"type": "Point", "coordinates": [11.57253917, 48.13070774]}, "properties": {"categories": {"primary": "theatrical_productions", "alternate": ["theatre", "pub"]}, "confidence": 0.998145135641098, "websites": ["http://www.fraunhofertheater.de/"], "emails": ["info@fraunhofertheater.de"], "socials": ["https://www.facebook.com/128330537319363"], "phones": ["+4989266460"], "brand": {"wikidata": null, "names": {"primary": null, "common": null, "rules": null}}, "addresses": [{"freeform": "Fraunhoferstraße 9", "locality": "München", "postcode": "80469", "region": null, "country": "DE"}], "names": {"primary": "Fraunhofer Wirtshaus und Theater", "common": null, "rules": null}, "sources": [{"property": "", "dataset": "meta", "license": "CDLA-Permissive-2.0", "record_id": "128330537319363", "update_time": "2026-07-02T00:00:00.000Z", "confidence": 0.9919353723526001, "between": null}, {"property": "/properties/confidence", "dataset": "Overture", "license": "CDLA-Permissive-2.0", "record_id": null, "update_time": "2026-07-14T20:34:55Z", "confidence": null, "between": null}], "basic_category": "theatre_venue", "taxonomy": {"primary": "theatrical_production", "hierarchy": ["services_and_business", "media_service", "theatrical_production"], "alternates": null}, "version": 12}}, {"id": "03993fa2-4f6d-4d55-82f9-b619a61420b3", "type": "Feature", "geometry": {"type": "Point", "coordinates": [11.57239511, 48.13093038]}, "properties": {"categories": {"primary": "liquor_store", "alternate": ["eat_and_drink"]}, "confidence": 0.863290548324585, "websites": ["http://www.forever-thirsty.com/"], "emails": ["lutz@forever-thirsty.com"], "socials": ["https://www.facebook.com/101102026229396"], "phones": ["+4989904291391"], "brand": {"wikidata": null, "names": {"primary": null, "common": null, "rules": null}}, "addresses": [{"freeform": "Fraunhoferstraße 7", "locality": "München", "postcode": "80469", "region": null, "country": "DE"}], "names": {"primary": "Forever Thirsty", "common": null, "rules": null}, "sources": [{"property": "", "dataset": "meta", "license": "CDLA-Permissive-2.0", "record_id": "101102026229396", "update_time": "2026-07-02T00:00:00.000Z", "confidence": 0.863290548324585, "between": null}, {"property": "/properties/confidence", "dataset": "Overture", "license": "CDLA-Permissive-2.0", "record_id": null, "update_time": "2026-07-14T20:34:55Z", "confidence": null, "between": null}], "basic_category": "food_and_beverage_store", "taxonomy": {"primary": "liquor_store", "hierarchy": ["shopping", "food_and_beverage_store", "liquor_store"], "alternates": null}, "version": 9}}, {"id": "b99350f5-f3de-4647-a6b7-415fa2a737f1", "type": "Feature", "geometry": {"type": "Point", "coordinates": [11.57238943992678, 48.13053646267907]}, "properties": {"categories": {"primary": "korean_restaurant", "alternate": null}, "confidence": 0.77, "websites": ["http://www.thecupfood.de"], "socials": ["https://www.facebook.com/458516637595604"], "phones": ["089 24207624"], "addresses": [{"freeform": "Fraunhoferstr. 11", "locality": "München", "postcode": "80469", "region": null, "country": "DE"}], "names": {"primary": "The Cup", "common": null, "rules": null}, "sources": [{"property": "", "dataset": "Foursquare", "license": "Apache-2.0", "record_id": "52a9aab411d27069338ad02d", "update_time": "2025-05-21T00:00:00.000", "confidence": 0.77, "between": null}, {"property": "/properties/confidence", "dataset": "Overture", "license": "CDLA-Permissive-2.0", "record_id": null, "update_time": "2026-07-14T20:34:55Z", "confidence": null, "between": null}], "basic_category": "restaurant", "taxonomy": {"primary": "korean_restaurant", "hierarchy": ["food_and_drink", "restaurant", "asian_restaurant", "east_asian_restaurant", "korean_restaurant"], "alternates": null}, "version": 4}}, {"id": "dabf2af3-ef4b-413d-852a-57a3bd952a78", "type": "Feature", "geometry": {"type": "Point", "coordinates": [11.5722828, 48.13055543]}, "properties": {"categories": {"primary": "cafe", "alternate": ["bicycle_shop", "clothing_store"]}, "confidence": 0.9276718604564667, "websites": ["https://pasnormalstudios.com/pages/munich"], "emails": ["munich@pasnormalstudios.com"], "socials": ["https://www.facebook.com/111357248729003"], "phones": ["+4915150117787"], "brand": {"wikidata": null, "names": {"primary": null, "common": null, "rules": null}}, "addresses": [{"freeform": "Fraunhoferstraße 10", "locality": "München", "postcode": "80469", "region": null, "country": "DE"}], "names": {"primary": "Pas Normal Studios Munich", "common": null, "rules": null}, "sources": [{"property": "", "dataset": "meta", "license": "CDLA-Permissive-2.0", "record_id": "111357248729003", "update_time": "2026-07-02T00:00:00.000Z", "confidence": 0.6855298280715942, "between": null}, {"property": "/properties/confidence", "dataset": "Overture", "license": "CDLA-Permissive-2.0", "record_id": null, "update_time": "2026-07-14T20:34:55Z", "confidence": null, "between": null}], "basic_category": "cafe", "taxonomy": {"primary": "cafe", "hierarchy": ["food_and_drink", "casual_eatery", "cafe"], "alternates": null}, "version": 10}}, {"id": "eb4f2abb-ed49-4f42-9919-e0446d21e0fa", "type": "Feature", "geometry": {"type": "Point", "coordinates": [11.572317456918414, 48.13089374713722]}, "properties": {"categories": {"primary": "korean_restaurant", "alternate": null}, "confidence": 0.34655502438545227, "websites": ["https://onni-koreandelights.de/home"], "socials": ["https://www.facebook.com/926705747192750"], "brand": {"wikidata": null, "names": {"primary": null, "common": null, "rules": null}}, "addresses": [{"freeform": "Fraunhoferstraße 11", "locality": "München", "postcode": "80469", "region": null, "country": "DE"}], "names": {"primary": "HEY LIA - Taste Korea. Love Lia", "common": null, "rules": null}, "sources": [{"property": "", "dataset": "meta", "license": "CDLA-Permissive-2.0", "record_id": "926705747192750", "update_time": "2026-07-02T00:00:00.000Z", "confidence": 0.34655502438545227, "between": null}, {"property": "/properties/confidence", "dataset": "Overture", "license": "CDLA-Permissive-2.0", "record_id": null, "update_time": "2026-07-14T20:34:55Z", "confidence": null, "between": null}], "basic_category": "restaurant", "taxonomy": {"primary": "korean_restaurant", "hierarchy": ["food_and_drink", "restaurant", "asian_restaurant", "east_asian_restaurant", "korean_restaurant"], "alternates": null}, "version": 1}}, {"id": "c028fa4e-2ab6-4262-87b6-9d137f03df76", "type": "Feature", "geometry": {"type": "Point", "coordinates": [11.57218, 48.13106]}, "properties": {"categories": {"primary": "japanese_restaurant", "alternate": ["restaurant", "sushi_restaurant"]}, "confidence": 0.9567232954502106, "websites": ["http://www.sushi-wrap.de"], "socials": ["https://www.facebook.com/197412923728525"], "phones": ["+4989208048000"], "brand": {"wikidata": null, "names": {"primary": null, "common": null, "rules": null}}, "addresses": [{"freeform": "Fraunhoferstraße 3", "locality": "München", "postcode": "80469", "region": null, "country": "DE"}], "names": {"primary": "Sushi Wrap GmbH", "common": null, "rules": null}, "sources": [{"property": "", "dataset": "meta", "license": "CDLA-Permissive-2.0", "record_id": "197412923728525", "update_time": "2026-07-02T00:00:00.000Z", "confidence": 0.8118404150009155, "between": null}, {"property": "/properties/confidence", "dataset": "Overture", "license": "CDLA-Permissive-2.0", "record_id": null, "update_time": "2026-07-14T20:34:55Z", "confidence": null, "between": null}], "basic_category": "restaurant", "taxonomy": {"primary": "japanese_restaurant", "hierarchy": ["food_and_drink", "restaurant", "asian_restaurant", "east_asian_restaurant", "japanese_restaurant"], "alternates": null}, "version": 8}}, {"id": "d1e8fdaa-fc81-436d-aaa1-580c23aedf28", "type": "Feature", "geometry": {"type": "Point", "coordinates": [11.572316, 48.134326]}, "properties": {"categories": {"primary": "coffee_shop", "alternate": ["cafe", "sandwich_shop"]}, "confidence": 0.9896797996759414, "websites": ["http://www.cafe-exponat.de"], "emails": ["info@cafe-exponat.de"], "socials": ["https://www.facebook.com/1669685716604670"], "phones": ["+498925547799"], "brand": {"wikidata": null, "names": {"primary": null, "common": null, "rules": null}}, "addresses": [{"freeform": "Sankt-Jakobs-Platz 16", "locality": "München", "postcode": "80331", "region": null, "country": "DE"}], "names": {"primary": "Café Exponat", "common": null, "rules": null}, "sources": [{"property": "", "dataset": "meta", "license": "CDLA-Permissive-2.0", "record_id": "1669685716604670", "update_time": "2026-07-02T00:00:00.000Z", "confidence": 0.9551295638084412, "between": null}, {"property": "/properties/confidence", "dataset": "Overture", "license": "CDLA-Permissive-2.0", "record_id": null, "update_time": "2026-07-14T20:34:55Z", "confidence": null, "between": null}], "basic_category": "coffee_shop", "taxonomy": {"primary": "coffee_shop", "hierarchy": ["food_and_drink", "non_alcoholic_beverage_venue", "coffee_shop"], "alternates": null}, "version": 10}}, {"id": "ffe32b49-f99e-44e8-88ee-0cc9bdc73078", "type": "Feature", "geometry": {"type": "Point", "coordinates": [11.572745373122226, 48.13475392640028]}, "properties": {"categories": {"primary": "cafe", "alternate": null}, "confidence": 0.77, "emails": ["cafe@stadtcafe-muenchen.de"], "socials": ["https://www.facebook.com/170060106358451"], "phones": ["089 266949"], "addresses": [{"freeform": "St-Jakobs-Platz 1", "locality": "München", "postcode": "80331", "region": "Bayern", "country": "DE"}], "names": {"primary": "Stadtcafé", "common": null, "rules": null}, "sources": [{"property": "", "dataset": "Foursquare", "license": "Apache-2.0", "record_id": "4ade0c9df964a520196821e3", "update_time": "2025-11-08T00:00:00.000", "confidence": 0.77, "between": null}, {"property": "/properties/confidence", "dataset": "Overture", "license": "CDLA-Permissive-2.0", "record_id": null, "update_time": "2026-07-14T20:34:55Z", "confidence": null, "between": null}], "basic_category": "cafe", "taxonomy": {"primary": "cafe", "hierarchy": ["food_and_drink", "casual_eatery", "cafe"], "alternates": null}, "version": 5}}, {"id": "ff0803c3-681d-4402-b2d2-ccb0f0ea2867", "type": "Feature", "geometry": {"type": "Point", "coordinates": [11.57293682, 48.13250337]}, "properties": {"categories": {"primary": "gay_bar", "alternate": ["bar", "dance_club"]}, "confidence": 0.99792760014534, "websites": ["http://www.prosecco-munich.de/"], "emails": ["info@prosecco-bar.com"], "socials": ["https://www.facebook.com/735378349883454"], "phones": ["+498923032329"], "brand": {"wikidata": null, "names": {"primary": null, "common": null, "rules": null}}, "addresses": [{"freeform": "Theklastraße 1", "locality": "München", "postcode": "80469", "region": null, "country": "DE"}], "names": {"primary": "Prosecco Bar", "common": null, "rules": null}, "sources": [{"property": "", "dataset": "meta", "license": "CDLA-Permissive-2.0", "record_id": "735378349883454", "update_time": "2026-07-02T00:00:00.000Z", "confidence": 0.9909895658493042, "between": null}, {"property": "/properties/confidence", "dataset": "Overture", "license": "CDLA-Permissive-2.0", "record_id": null, "update_time": "2026-07-14T20:34:55Z", "confidence": null, "between": null}], "basic_category": "bar", "taxonomy": {"primary": "gay_bar", "hierarchy": ["food_and_drink", "alcoholic_beverage_venue", "bar", "gay_bar"], "alternates": null}, "version": 10}}, {"id": "6bc56cc7-072d-4898-9269-38b798fc4ee4", "type": "Feature", "geometry": {"type": "Point", "coordinates": [11.5728164, 48.1325022]}, "properties": {"categories": {"primary": "cocktail_bar", "alternate": ["bar", "restaurant"]}, "confidence": 0.85, "websites": ["http://www.distillers.bar/"], "phones": ["089336900"], "addresses": [{"freeform": "Theklastr. 1", "locality": "München", "postcode": "80469", "region": "", "country": "DE"}], "names": {"primary": "Distillers Bar", "common": null, "rules": null}, "sources": [{"property": "", "dataset": "Microsoft", "license": "CDLA-Permissive-2.0", "record_id": "1970324839109015", "update_time": "2021-08-29T14:24:36.340Z", "confidence": 0.85, "between": null}, {"property": "/properties/confidence", "dataset": "Overture", "license": "CDLA-Permissive-2.0", "record_id": null, "update_time": "2026-07-14T20:34:55Z", "confidence": null, "between": null}], "basic_category": "bar", "taxonomy": {"primary": "cocktail_bar", "hierarchy": ["food_and_drink", "alcoholic_beverage_venue", "bar", "cocktail_bar"], "alternates": null}, "version": 7}}, {"id": "a5294294-0576-4f65-84dc-5db2c2286d1e", "type": "Feature", "geometry": {"type": "Point", "coordinates": [11.5729746, 48.13480878]}, "properties": {"categories": {"primary": "kosher_restaurant", "alternate": ["restaurant", "cafe"]}, "confidence": 0.9102401769161225, "emails": ["info@nashmuc.com"], "socials": ["https://www.facebook.com/821246631063580"], "phones": ["+498958988900"], "brand": {"wikidata": null, "names": {"primary": null, "common": null, "rules": null}}, "addresses": [{"freeform": "Sankt-Jakobs-Platz 1", "locality": "München", "postcode": "80331", "region": null, "country": "DE"}], "names": {"primary": "Nash", "common": null, "rules": null}, "sources": [{"property": "", "dataset": "meta", "license": "CDLA-Permissive-2.0", "record_id": "821246631063580", "update_time": "2026-07-02T00:00:00.000Z", "confidence": 0.6097398996353149, "between": null}, {"property": "/properties/confidence", "dataset": "Overture", "license": "CDLA-Permissive-2.0", "record_id": null, "update_time": "2026-07-14T20:34:55Z", "confidence": null, "between": null}], "basic_category": "restaurant", "taxonomy": {"primary": "kosher_restaurant", "hierarchy": ["food_and_drink", "restaurant", "special_diet_restaurant", "kosher_restaurant"], "alternates": null}, "version": 6}}, {"id": "a7922fa5-a05e-4c65-8300-5d615aa1572e", "type": "Feature", "geometry": {"type": "Point", "coordinates": [11.57304727, 48.13302119]}, "properties": {"categories": {"primary": "cocktail_bar", "alternate": ["bar"]}, "confidence": 0.994829803109169, "websites": ["http://www.drinkourballs.de/"], "emails": ["info@drinkourballs.de"], "socials": ["https://www.facebook.com/489417667925189"], "phones": ["+4989089089"], "brand": {"wikidata": null, "names": {"primary": null, "common": null, "rules": null}}, "addresses": [{"freeform": "Blumenstraße 15", "locality": "München", "postcode": "80331", "region": null, "country": "DE"}], "names": {"primary": "the High", "common": null, "rules": null}, "sources": [{"property": "", "dataset": "meta", "license": "CDLA-Permissive-2.0", "record_id": "489417667925189", "update_time": "2026-07-02T00:00:00.000Z", "confidence": 0.9775208830833435, "between": null}, {"property": "/properties/confidence", "dataset": "Overture", "license": "CDLA-Permissive-2.0", "record_id": null, "update_time": "2026-07-14T20:34:55Z", "confidence": null, "between": null}], "basic_category": "bar", "taxonomy": {"primary": "cocktail_bar", "hierarchy": ["food_and_drink", "alcoholic_beverage_venue", "bar", "cocktail_bar"], "alternates": null}, "version": 9}}, {"id": "3a60c971-a7a8-4922-8a65-00a183407ebf", "type": "Feature", "geometry": {"type": "Point", "coordinates": [11.57336583, 48.13022928]}, "properties": {"categories": {"primary": "cafe", "alternate": ["coffee_shop"]}, "confidence": 0.8827451467514038, "socials": ["https://www.facebook.com/315771478278634"], "brand": {"wikidata": null, "names": {"primary": null, "common": null, "rules": null}}, "addresses": [{"freeform": "Fraunhoferstraße 17", "locality": "München", "postcode": "80469", "region": null, "country": "DE"}], "names": {"primary": "Mocca Monaco", "common": null, "rules": null}, "sources": [{"property": "", "dataset": "meta", "license": "CDLA-Permissive-2.0", "record_id": "315771478278634", "update_time": "2026-07-02T00:00:00.000Z", "confidence": 0.8827451467514038, "between": null}, {"property": "/properties/confidence", "dataset": "Overture", "license": "CDLA-Permissive-2.0", "record_id": null, "update_time": "2026-07-14T20:34:55Z", "confidence": null, "between": null}], "basic_category": "cafe", "taxonomy": {"primary": "cafe", "hierarchy": ["food_and_drink", "casual_eatery", "cafe"], "alternates": null}, "version": 8}}, {"id": "d766325e-32aa-4209-a769-086bf788d83f", "type": "Feature", "geometry": {"type": "Point", "coordinates": [11.5731109, 48.12983444]}, "properties": {"categories": {"primary": "bar", "alternate": ["beer_bar", "pub"]}, "confidence": 0.9983674830198288, "websites": ["http://www.fraubartels.de/"], "emails": ["reservierung@fraubartels.de"], "socials": ["https://www.facebook.com/707610112724611"], "phones": ["+498999730568"], "brand": {"wikidata": null, "names": {"primary": null, "common": null, "rules": null}}, "addresses": [{"freeform": "Klenzestraße 51", "locality": "München", "postcode": "80469", "region": null, "country": "DE"}], "names": {"primary": "Frau Bartels", "common": null, "rules": null}, "sources": [{"property": "", "dataset": "meta", "license": "CDLA-Permissive-2.0", "record_id": "707610112724611", "update_time": "2026-07-02T00:00:00.000Z", "confidence": 0.9929021000862122, "between": null}, {"property": "/properties/confidence", "dataset": "Overture", "license": "CDLA-Permissive-2.0", "record_id": null, "update_time": "2026-07-14T20:34:55Z", "confidence": null, "between": null}], "basic_category": "bar", "taxonomy": {"primary": "bar", "hierarchy": ["food_and_drink", "alcoholic_beverage_venue", "bar"], "alternates": null}, "version": 9}}, {"id": "c3932f75-2b38-4f2e-b557-f70c445d7423", "type": "Feature", "geometry": {"type": "Point", "coordinates": [11.57310386, 48.1297327]}, "properties": {"categories": {"primary": "tea_room", "alternate": ["cafe"]}, "confidence": 0.98717116355896, "websites": ["https://tushita.eu/"], "emails": ["teehaus@tushita.eu"], "socials": ["https://www.facebook.com/40906769086"], "phones": ["+498918975594"], "brand": {"wikidata": null, "names": {"primary": "Tushita", "common": null, "rules": null}}, "addresses": [{"freeform": "Klenzestraße 53", "locality": "München", "postcode": "80469", "region": null, "country": "DE"}], "names": {"primary": "Tushita Teehaus", "common": null, "rules": null}, "sources": [{"property": "", "dataset": "meta", "license": "CDLA-Permissive-2.0", "record_id": "40906769086", "update_time": "2026-07-02T00:00:00.000Z", "confidence": 0.9442224502563477, "between": null}, {"property": "/properties/confidence", "dataset": "Overture", "license": "CDLA-Permissive-2.0", "record_id": null, "update_time": "2026-07-14T20:34:55Z", "confidence": null, "between": null}], "basic_category": "non_alcoholic_beverage_venue", "taxonomy": {"primary": "tea_room", "hierarchy": ["food_and_drink", "non_alcoholic_beverage_venue", "tea_room"], "alternates": null}, "version": 11}}, {"id": "cc18bda9-9658-4f60-a6de-1f3093f61b8f", "type": "Feature", "geometry": {"type": "Point", "coordinates": [11.573163459899261, 48.130007089140996]}, "properties": {"categories": {"primary": "cocktail_bar", "alternate": null}, "confidence": 0.77, "websites": ["http://www.konsulat-bar.de"], "phones": ["089 41878038"], "addresses": [{"freeform": "Klenzestr. 51", "locality": "München", "postcode": "80469", "region": "Bayern", "country": "DE"}], "names": {"primary": "Konsulat", "common": null, "rules": null}, "sources": [{"property": "", "dataset": "Foursquare", "license": "Apache-2.0", "record_id": "4b5a2530f964a5201cb028e3", "update_time": "2025-08-11T00:00:00.000", "confidence": 0.77, "between": null}, {"property": "/properties/confidence", "dataset": "Overture", "license": "CDLA-Permissive-2.0", "record_id": null, "update_time": "2026-07-14T20:34:55Z", "confidence": null, "between": null}], "basic_category": "bar", "taxonomy": {"primary": "cocktail_bar", "hierarchy": ["food_and_drink", "alcoholic_beverage_venue", "bar", "cocktail_bar"], "alternates": null}, "version": 5}}, {"id": "3c11dbb4-aa23-4fe6-9a28-f721801b4a49", "type": "Feature", "geometry": {"type": "Point", "coordinates": [11.573241, 48.130121]}, "properties": {"categories": {"primary": "taiwanese_restaurant", "alternate": null}, "confidence": 0.77, "websites": ["http://taipei-fusionfood.de"], "phones": ["089 23795065"], "addresses": [{"freeform": "Fraunhoferstr. 17", "locality": "München", "postcode": "80469", "region": null, "country": "DE"}], "names": {"primary": "Taipei", "common": null, "rules": null}, "sources": [{"property": "", "dataset": "Foursquare", "license": "Apache-2.0", "record_id": "676026ea7f1e9a2fdc306f1f", "update_time": "2025-11-06T00:00:00.000", "confidence": 0.77, "between": null}, {"property": "/properties/confidence", "dataset": "Overture", "license": "CDLA-Permissive-2.0", "record_id": null, "update_time": "2026-07-14T20:34:55Z", "confidence": null, "between": null}], "basic_category": "restaurant", "taxonomy": {"primary": "taiwanese_restaurant", "hierarchy": ["food_and_drink", "restaurant", "asian_restaurant", "east_asian_restaurant", "taiwanese_restaurant"], "alternates": null}, "version": 4}}, {"id": "5242056c-cda7-4f51-8568-74a9d0fcd736", "type": "Feature", "geometry": {"type": "Point", "coordinates": [11.572947517274667, 48.1303539518951]}, "properties": {"categories": {"primary": "seafood_restaurant", "alternate": null}, "confidence": 0.77, "websites": ["http://www.pescheria.de"], "phones": ["089 24214027"], "addresses": [{"freeform": "Fraunhoferstr. 13", "locality": "München", "postcode": "80469", "region": "Bayern", "country": "DE"}], "names": {"primary": "Pescheria", "common": null, "rules": null}, "sources": [{"property": "", "dataset": "Foursquare", "license": "Apache-2.0", "record_id": "50c675171648e0a516aeca1c", "update_time": "2025-07-25T00:00:00.000", "confidence": 0.77, "between": null}, {"property": "/properties/confidence", "dataset": "Overture", "license": "CDLA-Permissive-2.0", "record_id": null, "update_time": "2026-07-14T20:34:55Z", "confidence": null, "between": null}], "basic_category": "restaurant", "taxonomy": {"primary": "seafood_restaurant", "hierarchy": ["food_and_drink", "restaurant", "seafood_restaurant"], "alternates": null}, "version": 4}}, {"id": "7427a1e2-0f79-4360-9f53-8b7c941550f9", "type": "Feature", "geometry": {"type": "Point", "coordinates": [11.572953683553903, 48.13053216023529]}, "properties": {"categories": {"primary": "korean_restaurant", "alternate": null}, "confidence": 0.77, "websites": ["http://www.yuyumi.de"], "phones": ["089 24207624"], "addresses": [{"freeform": "Fraunhoferstr. 11", "locality": "München", "postcode": "80469", "region": "Bayern", "country": "DE"}], "names": {"primary": "Yuyumi", "common": null, "rules": null}, "sources": [{"property": "", "dataset": "Foursquare", "license": "Apache-2.0", "record_id": "556a0169498ec0ef5f53f644", "update_time": "2025-12-26T00:00:00.000", "confidence": 0.77, "between": null}, {"property": "/properties/confidence", "dataset": "Overture", "license": "CDLA-Permissive-2.0", "record_id": null, "update_time": "2026-07-14T20:34:55Z", "confidence": null, "between": null}], "basic_category": "restaurant", "taxonomy": {"primary": "korean_restaurant", "hierarchy": ["food_and_drink", "restaurant", "asian_restaurant", "east_asian_restaurant", "korean_restaurant"], "alternates": null}, "version": 4}}, {"id": "a8b14631-0a77-4104-8a46-393435522867", "type": "Feature", "geometry": {"type": "Point", "coordinates": [11.573857435836569, 48.13017458295057]}, "properties": {"categories": {"primary": "bar", "alternate": null}, "confidence": 0.77, "websites": ["http://www.firn-bar.de"], "phones": ["089 20019697"], "addresses": [{"freeform": "Klenzestr. 47", "locality": "München", "postcode": "80469", "region": "Bayern", "country": "DE"}], "names": {"primary": "Gallerie Cafe - Bar", "common": null, "rules": null}, "sources": [{"property": "", "dataset": "Foursquare", "license": "Apache-2.0", "record_id": "27e6aeb6e9e946312fec64d4", "update_time": "2025-10-23T00:00:00.000", "confidence": 0.77, "between": null}, {"property": "/properties/confidence", "dataset": "Overture", "license": "CDLA-Permissive-2.0", "record_id": null, "update_time": "2026-07-14T20:34:55Z", "confidence": null, "between": null}], "basic_category": "bar", "taxonomy": {"primary": "bar", "hierarchy": ["food_and_drink", "alcoholic_beverage_venue", "bar"], "alternates": null}, "version": 5}}, {"id": "d84e68b0-776b-4cac-851a-42996f1f9305", "type": "Feature", "geometry": {"type": "Point", "coordinates": [11.57386783, 48.13018554]}, "properties": {"categories": {"primary": "german_restaurant", "alternate": ["beer_garden", "gastropub"]}, "confidence": 0.8862267136573792, "websites": ["http://theater-klause.de/"], "socials": ["https://www.facebook.com/104202191327103"], "phones": ["+498924595889"], "brand": {"wikidata": null, "names": {"primary": null, "common": null, "rules": null}}, "addresses": [{"freeform": "Klenzestraße 30", "locality": "München", "postcode": "80469", "region": null, "country": "DE"}], "names": {"primary": "Giesinger Bräu - Stehausschank Gärtnerplatz", "common": null, "rules": null}, "sources": [{"property": "", "dataset": "meta", "license": "CDLA-Permissive-2.0", "record_id": "104202191327103", "update_time": "2026-07-02T00:00:00.000Z", "confidence": 0.8862267136573792, "between": null}, {"property": "/properties/confidence", "dataset": "Overture", "license": "CDLA-Permissive-2.0", "record_id": null, "update_time": "2026-07-14T20:34:55Z", "confidence": null, "between": null}], "basic_category": "restaurant", "taxonomy": {"primary": "german_restaurant", "hierarchy": ["food_and_drink", "restaurant", "european_restaurant", "central_european_restaurant", "german_restaurant"], "alternates": null}, "version": 1}}, {"id": "a9248766-e629-44c8-af2e-c779a6427e66", "type": "Feature", "geometry": {"type": "Point", "coordinates": [11.57386579, 48.1302906]}, "properties": {"categories": {"primary": "cafe", "alternate": ["coffee_shop", "italian_restaurant"]}, "confidence": 0.9983376520872116, "websites": ["http://www.cafepini.de/"], "emails": ["paulo-e-pini@web.de"], "socials": ["https://www.facebook.com/280556505366908"], "phones": ["+498955274103"], "brand": {"wikidata": null, "names": {"primary": null, "common": null, "rules": null}}, "addresses": [{"freeform": "Klenzestraße 45", "locality": "München", "postcode": "80469", "region": null, "country": "DE"}], "names": {"primary": "Paulo e Pini", "common": null, "rules": null}, "sources": [{"property": "", "dataset": "meta", "license": "CDLA-Permissive-2.0", "record_id": "280556505366908", "update_time": "2026-07-02T00:00:00.000Z", "confidence": 0.9927724003791809, "between": null}, {"property": "/properties/confidence", "dataset": "Overture", "license": "CDLA-Permissive-2.0", "record_id": null, "update_time": "2026-07-14T20:34:55Z", "confidence": null, "between": null}], "basic_category": "cafe", "taxonomy": {"primary": "cafe", "hierarchy": ["food_and_drink", "casual_eatery", "cafe"], "alternates": null}, "version": 10}}, {"id": "86f58e58-3ea9-4aa3-99ba-eb30a5cc8b75", "type": "Feature", "geometry": {"type": "Point", "coordinates": [11.5740034, 48.13034082]}, "properties": {"categories": {"primary": "cafe", "alternate": ["bar", "lounge"]}, "confidence": 0.461429238319397, "websites": ["http://www.cozy-muenchen.de/"], "socials": ["https://www.facebook.com/221646827848343"], "phones": ["+49897897"], "brand": {"wikidata": null, "names": {"primary": null, "common": null, "rules": null}}, "addresses": [{"freeform": "Fraunhoferstraße 27A", "locality": "München", "postcode": "80469", "region": null, "country": "DE"}], "names": {"primary": "Cozy - Listening Bar • Cafe & Food", "common": null, "rules": null}, "sources": [{"property": "", "dataset": "meta", "license": "CDLA-Permissive-2.0", "record_id": "221646827848343", "update_time": "2026-07-02T00:00:00.000Z", "confidence": 0.461429238319397, "between": null}, {"property": "/properties/confidence", "dataset": "Overture", "license": "CDLA-Permissive-2.0", "record_id": null, "update_time": "2026-07-14T20:34:55Z", "confidence": null, "between": null}], "basic_category": "cafe", "taxonomy": {"primary": "cafe", "hierarchy": ["food_and_drink", "casual_eatery", "cafe"], "alternates": null}, "version": 3}}, {"id": "b068e7c6-c38a-4f68-98b8-48febb0bf0a0", "type": "Feature", "geometry": {"type": "Point", "coordinates": [11.573689028795316, 48.13042852481531]}, "properties": {"categories": {"primary": "afghan_restaurant", "alternate": null}, "confidence": 0.77, "websites": ["http://www.bamyan.de"], "phones": ["089 18985336"], "addresses": [{"freeform": "Klenzestr. 47", "locality": "München", "postcode": "80469", "region": "Bayern", "country": "DE"}], "names": {"primary": "Bamyan Narges", "common": null, "rules": null}, "sources": [{"property": "", "dataset": "Foursquare", "license": "Apache-2.0", "record_id": "55aa425a498e079a2b1fa5b8", "update_time": "2026-03-12T00:00:00.000", "confidence": 0.77, "between": null}, {"property": "/properties/confidence", "dataset": "Overture", "license": "CDLA-Permissive-2.0", "record_id": null, "update_time": "2026-07-14T20:34:55Z", "confidence": null, "between": null}], "basic_category": "restaurant", "taxonomy": {"primary": "afghani_restaurant", "hierarchy": ["food_and_drink", "restaurant", "asian_restaurant", "central_asian_restaurant", "afghani_restaurant"], "alternates": null}, "version": 3}}, {"id": "6b290ece-0fe1-4eba-9cac-c591c641f179", "type": "Feature", "geometry": {"type": "Point", "coordinates": [11.57349813, 48.13017755]}, "properties": {"categories": {"primary": "sports_bar", "alternate": ["bar", "pub"]}, "confidence": 0.9967951625585556, "websites": ["http://www.bergwolf.sportkneipe.de"], "emails": ["info@bergwolf-muenchen.de"], "socials": ["https://www.facebook.com/157593660926959"], "phones": ["+498923259858"], "brand": {"wikidata": null, "names": {"primary": null, "common": null, "rules": null}}, "addresses": [{"freeform": "Fraunhoferstraße 17", "locality": "München", "postcode": "80469", "region": null, "country": "DE"}], "names": {"primary": "Bergwolf", "common": null, "rules": null}, "sources": [{"property": "", "dataset": "meta", "license": "CDLA-Permissive-2.0", "record_id": "157593660926959", "update_time": "2026-07-02T00:00:00.000Z", "confidence": 0.9860659241676331, "between": null}, {"property": "/properties/confidence", "dataset": "Overture", "license": "CDLA-Permissive-2.0", "record_id": null, "update_time": "2026-07-14T20:34:55Z", "confidence": null, "between": null}], "basic_category": "bar", "taxonomy": {"primary": "sports_bar", "hierarchy": ["food_and_drink", "alcoholic_beverage_venue", "bar", "sports_bar"], "alternates": null}, "version": 8}}, {"id": "f5d018d1-c949-43d6-a0dc-4eba6531a3ba", "type": "Feature", "geometry": {"type": "Point", "coordinates": [11.573478451348, 48.132439907458]}, "properties": {"categories": {"primary": "arts_and_entertainment", "alternate": ["bar"]}, "confidence": 0.35386964678764343, "websites": ["http://www.magicbartour.de/"], "emails": ["magicbartour@subonline.org"], "socials": ["https://www.facebook.com/272039887735"], "brand": {"wikidata": null, "names": {"primary": null, "common": null, "rules": null}}, "addresses": [{"freeform": "Schwules Kommunikations und Kulturzentrum, Müllerstraße 14", "locality": "München", "postcode": "80469", "region": null, "country": "DE"}], "names": {"primary": "Magic Bar Tour", "common": null, "rules": null}, "sources": [{"property": "", "dataset": "meta", "license": "CDLA-Permissive-2.0", "record_id": "272039887735", "update_time": "2026-07-02T00:00:00.000Z", "confidence": 0.35386964678764343, "between": null}, {"property": "/properties/confidence", "dataset": "Overture", "license": "CDLA-Permissive-2.0", "record_id": null, "update_time": "2026-07-14T20:34:55Z", "confidence": null, "between": null}], "taxonomy": {"primary": "arts_and_entertainment", "hierarchy": ["arts_and_entertainment"], "alternates": null}, "version": 2}}, {"id": "619ba85e-2207-4d3d-9b9b-5f1b9f918b10", "type": "Feature", "geometry": {"type": "Point", "coordinates": [11.57359906, 48.13445729]}, "properties": {"categories": {"primary": "italian_restaurant", "alternate": ["european_restaurant", "restaurant"]}, "confidence": 0.9841059529781342, "websites": ["http://www.gusto-casalingo.de"], "emails": ["info@gusto-casalingo.de"], "socials": ["https://www.facebook.com/867307023401296"], "phones": ["+498923001963"], "brand": {"wikidata": null, "names": {"primary": null, "common": null, "rules": null}}, "addresses": [{"freeform": "Sebastiansplatz 12", "locality": "München", "postcode": "80331", "region": null, "country": "DE"}], "names": {"primary": "Ristorante Casalingo", "common": null, "rules": null}, "sources": [{"property": "", "dataset": "meta", "license": "CDLA-Permissive-2.0", "record_id": "867307023401296", "update_time": "2026-07-02T00:00:00.000Z", "confidence": 0.9308954477310181, "between": null}, {"property": "/properties/confidence", "dataset": "Overture", "license": "CDLA-Permissive-2.0", "record_id": null, "update_time": "2026-07-14T20:34:55Z", "confidence": null, "between": null}], "basic_category": "restaurant", "taxonomy": {"primary": "italian_restaurant", "hierarchy": ["food_and_drink", "restaurant", "european_restaurant", "mediterranean_restaurant", "italian_restaurant"], "alternates": null}, "version": 9}}, {"id": "21465331-5dc4-4f25-b269-7f6d9ec3b785", "type": "Feature", "geometry": {"type": "Point", "coordinates": [11.573781592973308, 48.13470557512185]}, "properties": {"categories": {"primary": "italian_restaurant", "alternate": null}, "confidence": 0.77, "websites": ["http://www.baricentro.de"], "socials": ["https://www.facebook.com/143784395666108"], "phones": ["089 23259980"], "addresses": [{"freeform": "Sebastiansplatz 5", "locality": "München", "postcode": "80331", "region": "Bayern", "country": "DE"}], "names": {"primary": "Baricentro", "common": null, "rules": null}, "sources": [{"property": "", "dataset": "Foursquare", "license": "Apache-2.0", "record_id": "4bd87e7c35aad13a840591f3", "update_time": "2025-11-12T00:00:00.000", "confidence": 0.77, "between": null}, {"property": "/properties/confidence", "dataset": "Overture", "license": "CDLA-Permissive-2.0", "record_id": null, "update_time": "2026-07-14T20:34:55Z", "confidence": null, "between": null}], "basic_category": "restaurant", "taxonomy": {"primary": "italian_restaurant", "hierarchy": ["food_and_drink", "restaurant", "european_restaurant", "mediterranean_restaurant", "italian_restaurant"], "alternates": null}, "version": 4}}, {"id": "00d36c54-c3ec-4e0d-8ffd-1778c517968d", "type": "Feature", "geometry": {"type": "Point", "coordinates": [11.573782, 48.134706]}, "properties": {"categories": {"primary": "cafe", "alternate": null}, "confidence": 0.77, "websites": ["http://baricentro.de"], "emails": ["barista1@t-online.de"], "phones": ["089 23259980"], "addresses": [{"freeform": "Sebastiansplatz 5", "locality": "München", "postcode": "80331", "region": "Bayern", "country": "DE"}], "names": {"primary": "Barictenro Barista GmbH", "common": null, "rules": null}, "sources": [{"property": "", "dataset": "Foursquare", "license": "Apache-2.0", "record_id": "9cdccc4c8ea048e6a408afce", "update_time": "2025-10-23T00:00:00.000", "confidence": 0.77, "between": null}, {"property": "/properties/confidence", "dataset": "Overture", "license": "CDLA-Permissive-2.0", "record_id": null, "update_time": "2026-07-14T20:34:55Z", "confidence": null, "between": null}], "basic_category": "cafe", "taxonomy": {"primary": "cafe", "hierarchy": ["food_and_drink", "casual_eatery", "cafe"], "alternates": null}, "version": 2}}, {"id": "a4e03f25-c306-4edc-ae33-601361ac7240", "type": "Feature", "geometry": {"type": "Point", "coordinates": [11.57384860580242, 48.13503095941267]}, "properties": {"categories": {"primary": "german_restaurant", "alternate": null}, "confidence": 0.77, "websites": ["http://www.restaurant-kleinschmecker.de"], "emails": ["info@restaurant-kleinschmecker.de"], "phones": ["089 26949120"], "addresses": [{"freeform": "Sebastiansplatz 3", "locality": "München", "postcode": "80331", "region": "Bayern", "country": "DE"}], "names": {"primary": "Kleinschmecker", "common": null, "rules": null}, "sources": [{"property": "", "dataset": "Foursquare", "license": "Apache-2.0", "record_id": "5309e3c3498ec2100f36f9b9", "update_time": "2025-08-11T00:00:00.000", "confidence": 0.77, "between": null}, {"property": "/properties/confidence", "dataset": "Overture", "license": "CDLA-Permissive-2.0", "record_id": null, "update_time": "2026-07-14T20:34:55Z", "confidence": null, "between": null}], "basic_category": "restaurant", "taxonomy": {"primary": "german_restaurant", "hierarchy": ["food_and_drink", "restaurant", "european_restaurant", "central_european_restaurant", "german_restaurant"], "alternates": null}, "version": 4}}, {"id": "5266d062-09ca-451a-9861-493979384064", "type": "Feature", "geometry": {"type": "Point", "coordinates": [11.57391422, 48.13430048]}, "properties": {"categories": {"primary": "german_restaurant", "alternate": ["restaurant"]}, "confidence": 0.9985836613178253, "websites": ["https://menu.happz.de/l/restaurant-blauer-bock"], "emails": ["mail@restaurant-blauerbock.de"], "socials": ["https://www.facebook.com/115857961767416"], "phones": ["+498945222333"], "brand": {"wikidata": null, "names": {"primary": null, "common": null, "rules": null}}, "addresses": [{"freeform": "Sebastiansplatz 9", "locality": "München", "postcode": "80331", "region": null, "country": "DE"}], "names": {"primary": "Restaurant Blauer Bock", "common": null, "rules": null}, "sources": [{"property": "", "dataset": "meta", "license": "CDLA-Permissive-2.0", "record_id": "115857961767416", "update_time": "2026-07-02T00:00:00.000Z", "confidence": 0.9938420057296753, "between": null}, {"property": "/properties/confidence", "dataset": "Overture", "license": "CDLA-Permissive-2.0", "record_id": null, "update_time": "2026-07-14T20:34:55Z", "confidence": null, "between": null}], "basic_category": "restaurant", "taxonomy": {"primary": "german_restaurant", "hierarchy": ["food_and_drink", "restaurant", "european_restaurant", "central_european_restaurant", "german_restaurant"], "alternates": null}, "version": 6}}, {"id": "f9f011f2-9b85-40d3-be71-d08f2299b52c", "type": "Feature", "geometry": {"type": "Point", "coordinates": [11.57391624, 48.13475908]}, "properties": {"categories": {"primary": "cafe", "alternate": ["coffee_shop", "ice_cream_shop"]}, "confidence": 0.9922954171895981, "emails": ["gt@creambrothers.de"], "socials": ["https://www.facebook.com/304232009443940"], "phones": ["+498997318082"], "brand": {"wikidata": null, "names": {"primary": null, "common": null, "rules": null}}, "addresses": [{"freeform": "Sebastiansplatz 4", "locality": "München", "postcode": "80331", "region": null, "country": "DE"}], "names": {"primary": "Sebastian's coffee-breakfast-drinks", "common": null, "rules": null}, "sources": [{"property": "", "dataset": "meta", "license": "CDLA-Permissive-2.0", "record_id": "304232009443940", "update_time": "2026-07-02T00:00:00.000Z", "confidence": 0.9486361145973206, "between": null}, {"property": "/properties/confidence", "dataset": "Overture", "license": "CDLA-Permissive-2.0", "record_id": null, "update_time": "2026-07-14T20:34:55Z", "confidence": null, "between": null}], "basic_category": "cafe", "taxonomy": {"primary": "cafe", "hierarchy": ["food_and_drink", "casual_eatery", "cafe"], "alternates": null}, "version": 10}}, {"id": "8f3c0067-1c5c-4fdf-9648-99c586176b59", "type": "Feature", "geometry": {"type": "Point", "coordinates": [11.57395354, 48.13466913]}, "properties": {"categories": {"primary": "italian_restaurant", "alternate": ["european_restaurant", "restaurant"]}, "confidence": 0.9996847558617592, "websites": ["http://www.noahsrestaurant.de/"], "emails": ["altstadt@noahsrestaurant.de"], "socials": ["https://www.facebook.com/2168424660089154"], "phones": ["+498970066724"], "brand": {"wikidata": null, "names": {"primary": null, "common": null, "rules": null}}, "addresses": [{"freeform": "Sebastiansplatz 3", "locality": "München", "postcode": "80331", "region": null, "country": "DE"}], "names": {"primary": "Noah's Pizzeria", "common": null, "rules": null}, "sources": [{"property": "", "dataset": "meta", "license": "CDLA-Permissive-2.0", "record_id": "2168424660089154", "update_time": "2026-07-02T00:00:00.000Z", "confidence": 0.9908624887466431, "between": null}, {"property": "/properties/confidence", "dataset": "Overture", "license": "CDLA-Permissive-2.0", "record_id": null, "update_time": "2026-07-14T20:34:55Z", "confidence": null, "between": null}], "basic_category": "restaurant", "taxonomy": {"primary": "italian_restaurant", "hierarchy": ["food_and_drink", "restaurant", "european_restaurant", "mediterranean_restaurant", "italian_restaurant"], "alternates": null}, "version": 8}}, {"id": "f8b364aa-ed63-4dc5-9974-1977c2af14e5", "type": "Feature", "geometry": {"type": "Point", "coordinates": [11.57394044, 48.13475895]}, "properties": {"categories": {"primary": "italian_restaurant", "alternate": ["pizza_restaurant", "restaurant"]}, "confidence": 0.9977556747198105, "websites": ["http://grano.cafelists.com"], "socials": ["https://www.facebook.com/403130886416863"], "phones": ["+498923269939"], "brand": {"wikidata": null, "names": {"primary": null, "common": null, "rules": null}}, "addresses": [{"freeform": "Sebastiansplatz 3", "locality": "München", "postcode": "80331", "region": null, "country": "DE"}], "names": {"primary": "Pizzeria Grano", "common": null, "rules": null}, "sources": [{"property": "", "dataset": "meta", "license": "CDLA-Permissive-2.0", "record_id": "403130886416863", "update_time": "2026-07-02T00:00:00.000Z", "confidence": 0.990242063999176, "between": null}, {"property": "/properties/confidence", "dataset": "Overture", "license": "CDLA-Permissive-2.0", "record_id": null, "update_time": "2026-07-14T20:34:55Z", "confidence": null, "between": null}], "basic_category": "restaurant", "taxonomy": {"primary": "italian_restaurant", "hierarchy": ["food_and_drink", "restaurant", "european_restaurant", "mediterranean_restaurant", "italian_restaurant"], "alternates": null}, "version": 10}}, {"id": "f9eac08a-6668-4703-9e14-339cde5ca29c", "type": "Feature", "geometry": {"type": "Point", "coordinates": [11.573946, 48.132904]}, "properties": {"categories": {"primary": "contractor", "alternate": ["post_office", "japanese_restaurant"]}, "confidence": 0.9046909654140473, "websites": ["http://www.jim-thompson.com"], "emails": ["info@jimthompson.de"], "socials": ["https://www.facebook.com/131659940951971"], "phones": ["+4989287247770"], "brand": {"wikidata": null, "names": {"primary": null, "common": null, "rules": null}}, "addresses": [{"freeform": "Müllerstraße 10", "locality": "München", "postcode": "80469", "region": null, "country": "DE"}], "names": {"primary": "Jim Thompson Europe GmbH", "common": null, "rules": null}, "sources": [{"property": "", "dataset": "meta", "license": "CDLA-Permissive-2.0", "record_id": "131659940951971", "update_time": "2026-07-02T00:00:00.000Z", "confidence": 0.5856128931045532, "between": null}, {"property": "/properties/confidence", "dataset": "Overture", "license": "CDLA-Permissive-2.0", "record_id": null, "update_time": "2026-07-14T20:34:55Z", "confidence": null, "between": null}], "basic_category": "home_service", "taxonomy": {"primary": "contractor", "hierarchy": ["services_and_business", "home_service", "contractor"], "alternates": null}, "version": 8}}, {"id": "68c6536b-0009-4e3a-a03d-b3027e7608ef", "type": "Feature", "geometry": {"type": "Point", "coordinates": [11.5738588, 48.1324376]}, "properties": {"categories": {"primary": "bakery", "alternate": null}, "confidence": 0.77, "websites": ["https://www.ihle.de"], "phones": ["089 23032371"], "addresses": [{"freeform": "Müllerstr. 3", "locality": "München", "postcode": "80469", "region": "Bayern", "country": "DE"}], "names": {"primary": "Ihle GmbH Landbäckerei", "common": null, "rules": null}, "sources": [{"property": "", "dataset": "Foursquare", "license": "Apache-2.0", "record_id": "68bcce1d67f5ab3be01eb114", "update_time": "2026-04-08T00:00:00.000", "confidence": 0.77, "between": null}, {"property": "/properties/confidence", "dataset": "Overture", "license": "CDLA-Permissive-2.0", "record_id": null, "update_time": "2026-07-14T20:34:55Z", "confidence": null, "between": null}], "basic_category": "casual_eatery", "taxonomy": {"primary": "bakery", "hierarchy": ["food_and_drink", "casual_eatery", "bakery"], "alternates": null}, "version": 5}}, {"id": "4ce4e7c7-1ffa-490a-8e8b-725e33cb63ee", "type": "Feature", "geometry": {"type": "Point", "coordinates": [11.574254210893693, 48.132713687060864]}, "properties": {"categories": {"primary": "thai_restaurant", "alternate": null}, "confidence": 0.77, "websites": ["http://www.rainbow-thai.de"], "emails": ["rainbow-thai@gmx.de"], "phones": ["089 23032346"], "addresses": [{"freeform": "Corneliusstr. 1", "locality": "Munich", "postcode": "80469", "region": "Bayern", "country": "DE"}], "names": {"primary": "Rainbow", "common": null, "rules": null}, "sources": [{"property": "", "dataset": "Foursquare", "license": "Apache-2.0", "record_id": "4bb6596746d4a5933117c6c0", "update_time": "2025-10-23T00:00:00.000", "confidence": 0.77, "between": null}, {"property": "/properties/confidence", "dataset": "Overture", "license": "CDLA-Permissive-2.0", "record_id": null, "update_time": "2026-07-14T20:34:55Z", "confidence": null, "between": null}], "basic_category": "restaurant", "taxonomy": {"primary": "thai_restaurant", "hierarchy": ["food_and_drink", "restaurant", "asian_restaurant", "southeast_asian_restaurant", "thai_restaurant"], "alternates": null}, "version": 2}}, {"id": "8e48f509-a6eb-4c06-8e5b-8ec5a77b2869", "type": "Feature", "geometry": {"type": "Point", "coordinates": [11.57405, 48.132747]}, "properties": {"categories": {"primary": "restaurant", "alternate": null}, "confidence": 0.77, "websites": ["http://www.forumrestaurant.de"], "socials": ["https://www.facebook.com/159332247427630"], "phones": ["089 268818"], "addresses": [{"freeform": "Corneliusstr. 2", "locality": "München", "postcode": "80469", "region": "Bayern", "country": "DE"}], "names": {"primary": "Forum Essen. Trinken.", "common": null, "rules": null}, "sources": [{"property": "", "dataset": "Foursquare", "license": "Apache-2.0", "record_id": "4ade0cb0f964a520866821e3", "update_time": "2023-07-10T00:00:00.000", "confidence": 0.77, "between": null}, {"property": "/properties/confidence", "dataset": "Overture", "license": "CDLA-Permissive-2.0", "record_id": null, "update_time": "2026-07-14T20:34:55Z", "confidence": null, "between": null}], "basic_category": "restaurant", "taxonomy": {"primary": "restaurant", "hierarchy": ["food_and_drink", "restaurant"], "alternates": null}, "version": 4}}, {"id": "deb2aaf4-41bf-41ad-9e14-2a0145b5bb37", "type": "Feature", "geometry": {"type": "Point", "coordinates": [11.57411842, 48.13368691]}, "properties": {"categories": {"primary": "restaurant", "alternate": ["diner"]}, "confidence": 0.6937083005905151, "socials": ["https://www.facebook.com/387871441253860"], "brand": {"wikidata": null, "names": {"primary": null, "common": null, "rules": null}}, "addresses": [{"freeform": "Blumenstraße 7", "locality": "München", "postcode": "80469", "region": null, "country": "DE"}], "names": {"primary": "Radler Garten", "common": null, "rules": null}, "sources": [{"property": "", "dataset": "meta", "license": "CDLA-Permissive-2.0", "record_id": "387871441253860", "update_time": "2026-07-02T00:00:00.000Z", "confidence": 0.6937083005905151, "between": null}, {"property": "/properties/confidence", "dataset": "Overture", "license": "CDLA-Permissive-2.0", "record_id": null, "update_time": "2026-07-14T20:34:55Z", "confidence": null, "between": null}], "basic_category": "restaurant", "taxonomy": {"primary": "restaurant", "hierarchy": ["food_and_drink", "restaurant"], "alternates": null}, "version": 9}}, {"id": "149d604d-a7ac-4d8f-bb00-dc50266db409", "type": "Feature", "geometry": {"type": "Point", "coordinates": [11.5740631, 48.13469582]}, "properties": {"categories": {"primary": "tapas_bar", "alternate": ["spanish_restaurant", "mediterranean_restaurant"]}, "confidence": 0.9926493167877197, "emails": ["reservierungen@tapas-by-noahs.de"], "socials": ["https://www.facebook.com/485996864594863"], "phones": ["+498935049855"], "brand": {"wikidata": null, "names": {"primary": null, "common": null, "rules": null}}, "addresses": [{"freeform": "Sebastiansplatz 6", "locality": "München", "postcode": "80331", "region": null, "country": "DE"}], "names": {"primary": "Tapas by Noah`s", "common": null, "rules": null}, "sources": [{"property": "", "dataset": "meta", "license": "CDLA-Permissive-2.0", "record_id": "485996864594863", "update_time": "2026-07-02T00:00:00.000Z", "confidence": 0.9509954452514648, "between": null}, {"property": "/properties/confidence", "dataset": "Overture", "license": "CDLA-Permissive-2.0", "record_id": null, "update_time": "2026-07-14T20:34:55Z", "confidence": null, "between": null}], "basic_category": "casual_eatery", "taxonomy": {"primary": "tapas_bar", "hierarchy": ["food_and_drink", "casual_eatery", "tapas_bar"], "alternates": null}, "version": 9}}, {"id": "670de355-50b0-42e7-b4b9-45541391d105", "type": "Feature", "geometry": {"type": "Point", "coordinates": [11.574088, 48.134694]}, "properties": {"categories": {"primary": "fast_food_restaurant", "alternate": null}, "confidence": 0.954, "brand": {"wikidata": "Q66132404", "names": {"primary": "dean&david", "common": null, "rules": []}}, "addresses": [{"freeform": "Sebastiansplatz 6, München", "locality": null, "postcode": null, "region": "Bavaria", "country": "DE"}], "names": {"primary": "dean&david", "common": null, "rules": []}, "sources": [{"property": "", "dataset": "AllThePlaces", "license": "CC0-1.0", "record_id": "34VsRR-7w0-cMTaOmylIOJgmxNE=", "update_time": "2026-07-07T19:10:41.000Z", "confidence": 0.8, "between": null}, {"property": "/properties/confidence", "dataset": "Overture", "license": "CDLA-Permissive-2.0", "record_id": null, "update_time": "2026-07-14T20:34:55Z", "confidence": null, "between": null}], "basic_category": "fast_food_restaurant", "taxonomy": {"primary": "fast_food_restaurant", "hierarchy": ["food_and_drink", "casual_eatery", "fast_food_restaurant"], "alternates": null}, "version": 2}}, {"id": "82a545e5-5e3b-49e2-b163-c022281601c9", "type": "Feature", "geometry": {"type": "Point", "coordinates": [11.57431234, 48.13453764]}, "properties": {"categories": {"primary": "thai_restaurant", "alternate": ["asian_restaurant", "restaurant"]}, "confidence": 0.9910414391756057, "websites": ["https://www.yum2take.de/"], "emails": ["info@yum2take.de"], "socials": ["https://www.facebook.com/107744938893897"], "phones": ["+498966063613"], "brand": {"wikidata": null, "names": {"primary": null, "common": null, "rules": null}}, "addresses": [{"freeform": "Sebastiansplatz 8", "locality": "München", "postcode": "80331", "region": null, "country": "DE"}], "names": {"primary": "Yum2take", "common": null, "rules": null}, "sources": [{"property": "", "dataset": "meta", "license": "CDLA-Permissive-2.0", "record_id": "107744938893897", "update_time": "2026-07-02T00:00:00.000Z", "confidence": 0.9610497355461121, "between": null}, {"property": "/properties/confidence", "dataset": "Overture", "license": "CDLA-Permissive-2.0", "record_id": null, "update_time": "2026-07-14T20:34:55Z", "confidence": null, "between": null}], "basic_category": "restaurant", "taxonomy": {"primary": "thai_restaurant", "hierarchy": ["food_and_drink", "restaurant", "asian_restaurant", "southeast_asian_restaurant", "thai_restaurant"], "alternates": null}, "version": 10}}, {"id": "e2a7473b-e22e-42e2-9693-e2a53ab8123a", "type": "Feature", "geometry": {"type": "Point", "coordinates": [11.57428406, 48.13382732]}, "properties": {"categories": {"primary": "german_restaurant", "alternate": ["european_restaurant", "gastropub"]}, "confidence": 0.9997471746206283, "websites": ["http://www.zumstraubinger.de/"], "emails": ["info@zumstraubinger.de"], "socials": ["https://www.facebook.com/179251365116"], "phones": ["+498923238323"], "brand": {"wikidata": null, "names": {"primary": null, "common": null, "rules": null}}, "addresses": [{"freeform": "Blumenstraße 5", "locality": "München", "postcode": "80331", "region": null, "country": "DE"}], "names": {"primary": "Wirtshaus Zum Straubinger", "common": null, "rules": null}, "sources": [{"property": "", "dataset": "meta", "license": "CDLA-Permissive-2.0", "record_id": "179251365116", "update_time": "2026-07-02T00:00:00.000Z", "confidence": 0.9926717281341553, "between": null}, {"property": "/properties/confidence", "dataset": "Overture", "license": "CDLA-Permissive-2.0", "record_id": null, "update_time": "2026-07-14T20:34:55Z", "confidence": null, "between": null}], "basic_category": "restaurant", "taxonomy": {"primary": "german_restaurant", "hierarchy": ["food_and_drink", "restaurant", "european_restaurant", "central_european_restaurant", "german_restaurant"], "alternates": null}, "version": 11}}, {"id": "04588401-0d64-48c2-a049-fcc065541cc3", "type": "Feature", "geometry": {"type": "Point", "coordinates": [11.5742, 48.1332]}, "properties": {"categories": {"primary": "restaurant", "alternate": null}, "confidence": 0.77, "websites": ["http://www.bellevuedimonaco.de/cafe"], "phones": ["089 55057755"], "addresses": [{"freeform": "Müllerstr. 6", "locality": "München", "postcode": "80469", "region": "Bayern", "country": "DE"}], "names": {"primary": "Café des Bellevue di Monaco", "common": null, "rules": null}, "sources": [{"property": "", "dataset": "Foursquare", "license": "Apache-2.0", "record_id": "68dee6e26df92867b3c15918", "update_time": "2026-04-08T00:00:00.000", "confidence": 0.77, "between": null}, {"property": "/properties/confidence", "dataset": "Overture", "license": "CDLA-Permissive-2.0", "record_id": null, "update_time": "2026-07-14T20:34:55Z", "confidence": null, "between": null}], "basic_category": "restaurant", "taxonomy": {"primary": "restaurant", "hierarchy": ["food_and_drink", "restaurant"], "alternates": null}, "version": 2}}, {"id": "c2e86281-936e-4e5a-998c-3c72b1367fb5", "type": "Feature", "geometry": {"type": "Point", "coordinates": [11.574401470909168, 48.13480656511566]}, "properties": {"categories": {"primary": "cafe", "alternate": null}, "confidence": 0.77, "websites": ["https://www.coleandporter.de"], "emails": ["tagesbar@coleandporter.de"], "socials": ["https://www.facebook.com/1859463477600255"], "phones": ["089 26018847"], "addresses": [{"freeform": "Prälat-Zistl-Str. 12", "locality": "Munich", "postcode": "80331", "region": "Bayern", "country": "DE"}], "names": {"primary": "Cole & Porter Tagesbar", "common": null, "rules": null}, "sources": [{"property": "", "dataset": "Foursquare", "license": "Apache-2.0", "record_id": "58eb681f26a953247d9a001c", "update_time": "2025-10-03T00:00:00.000", "confidence": 0.77, "between": null}, {"property": "/properties/confidence", "dataset": "Overture", "license": "CDLA-Permissive-2.0", "record_id": null, "update_time": "2026-07-14T20:34:55Z", "confidence": null, "between": null}], "basic_category": "cafe", "taxonomy": {"primary": "cafe", "hierarchy": ["food_and_drink", "casual_eatery", "cafe"], "alternates": null}, "version": 5}}, {"id": "98cbb711-8543-4cc9-bb32-37b4a3a423e4", "type": "Feature", "geometry": {"type": "Point", "coordinates": [11.5744601, 48.13475261]}, "properties": {"categories": {"primary": "german_restaurant", "alternate": ["beer_garden", "restaurant"]}, "confidence": 0.9825056111812591, "websites": ["https://www.zum-stiftl.de/restaurant/stehausschank/"], "emails": ["stehausschank@stiftl.de"], "socials": ["https://www.facebook.com/581594645030952"], "phones": ["+4989350966627"], "brand": {"wikidata": null, "names": {"primary": null, "common": null, "rules": null}}, "addresses": [{"freeform": "Prälat-Zistl-Straße 10", "locality": "München", "postcode": "80331", "region": null, "country": "DE"}], "names": {"primary": "Zum Stiftl Stehausschank", "common": null, "rules": null}, "sources": [{"property": "", "dataset": "meta", "license": "CDLA-Permissive-2.0", "record_id": "581594645030952", "update_time": "2026-07-02T00:00:00.000Z", "confidence": 0.9239374399185181, "between": null}, {"property": "/properties/confidence", "dataset": "Overture", "license": "CDLA-Permissive-2.0", "record_id": null, "update_time": "2026-07-14T20:34:55Z", "confidence": null, "between": null}], "basic_category": "restaurant", "taxonomy": {"primary": "german_restaurant", "hierarchy": ["food_and_drink", "restaurant", "european_restaurant", "central_european_restaurant", "german_restaurant"], "alternates": null}, "version": 9}}, {"id": "75aced62-b0f5-466c-9d21-4ca162ff90f3", "type": "Feature", "geometry": {"type": "Point", "coordinates": [11.574424342788951, 48.134301897175256]}, "properties": {"categories": {"primary": "restaurant", "alternate": ["cafe", "ice_cream_shop"]}, "confidence": 0.9947131937742233, "websites": ["http://www.venchi.com/uk/stores/munich-eataly"], "socials": ["https://www.facebook.com/293589034409262"], "phones": ["+4989248817722"], "brand": {"wikidata": null, "names": {"primary": "Venchi", "common": null, "rules": null}}, "addresses": [{"freeform": "Blumenstraße 4", "locality": "München", "postcode": "80331", "region": null, "country": "DE"}], "names": {"primary": "Venchi", "common": null, "rules": null}, "sources": [{"property": "", "dataset": "meta", "license": "CDLA-Permissive-2.0", "record_id": "293589034409262", "update_time": "2026-07-02T00:00:00.000Z", "confidence": 0.977013885974884, "between": null}, {"property": "/properties/confidence", "dataset": "Overture", "license": "CDLA-Permissive-2.0", "record_id": null, "update_time": "2026-07-14T20:34:55Z", "confidence": null, "between": null}], "basic_category": "restaurant", "taxonomy": {"primary": "restaurant", "hierarchy": ["food_and_drink", "restaurant"], "alternates": null}, "version": 10}}, {"id": "2f438bb0-ef88-4f8a-b4a9-8db204a03048", "type": "Feature", "geometry": {"type": "Point", "coordinates": [11.574506, 48.134408]}, "properties": {"categories": {"primary": "italian_restaurant", "alternate": null}, "confidence": 0.77, "websites": ["https://www.trattoria-la-piazza.de"], "phones": ["089 3675980"], "addresses": [{"freeform": "Kölner Platz 7, 80804 Munich, Germany", "locality": "Munich", "postcode": null, "region": "Bayern", "country": "DE"}], "names": {"primary": "La Piazza", "common": null, "rules": null}, "sources": [{"property": "", "dataset": "Foursquare", "license": "Apache-2.0", "record_id": "597c97405455b250bd3c1700", "update_time": "2025-07-17T00:00:00.000", "confidence": 0.77, "between": null}, {"property": "/properties/confidence", "dataset": "Overture", "license": "CDLA-Permissive-2.0", "record_id": null, "update_time": "2026-07-14T20:34:55Z", "confidence": null, "between": null}], "basic_category": "restaurant", "taxonomy": {"primary": "italian_restaurant", "hierarchy": ["food_and_drink", "restaurant", "european_restaurant", "mediterranean_restaurant", "italian_restaurant"], "alternates": null}, "version": 4}}, {"id": "b9d22995-c30d-4494-95e5-0934e0103bc8", "type": "Feature", "geometry": {"type": "Point", "coordinates": [11.574540553484768, 48.13443778881656]}, "properties": {"categories": {"primary": "greek_restaurant", "alternate": null}, "confidence": 0.77, "websites": ["http://www.kytaro.de"], "phones": ["089 21268230"], "addresses": [{"freeform": "Viktualienmarkt 15", "locality": "Munich", "postcode": "80331", "region": "Bayern", "country": "DE"}], "names": {"primary": "Kytaro", "common": null, "rules": null}, "sources": [{"property": "", "dataset": "Foursquare", "license": "Apache-2.0", "record_id": "5335c9d6498e72792bf438ed", "update_time": "2025-05-21T00:00:00.000", "confidence": 0.77, "between": null}, {"property": "/properties/confidence", "dataset": "Overture", "license": "CDLA-Permissive-2.0", "record_id": null, "update_time": "2026-07-14T20:34:55Z", "confidence": null, "between": null}], "basic_category": "restaurant", "taxonomy": {"primary": "greek_restaurant", "hierarchy": ["food_and_drink", "restaurant", "european_restaurant", "mediterranean_restaurant", "greek_restaurant"], "alternates": null}, "version": 4}}, {"id": "2e8c64d6-03d9-4b92-bfd2-6d5fc079dcf6", "type": "Feature", "geometry": {"type": "Point", "coordinates": [11.574551, 48.133697]}, "properties": {"categories": {"primary": "restaurant", "alternate": ["gas_station", "coffee_shop"]}, "confidence": 0.4130392074584961, "socials": ["https://www.facebook.com/1653697507976922"], "phones": ["+498926022811"], "brand": {"wikidata": null, "names": {"primary": null, "common": null, "rules": null}}, "addresses": [{"freeform": "Am Einlaß 2", "locality": "München", "postcode": "80469", "region": null, "country": "DE"}], "names": {"primary": "Cafe Tankstelle", "common": null, "rules": null}, "sources": [{"property": "", "dataset": "meta", "license": "CDLA-Permissive-2.0", "record_id": "1653697507976922", "update_time": "2026-07-02T00:00:00.000Z", "confidence": 0.4130392074584961, "between": null}, {"property": "/properties/confidence", "dataset": "Overture", "license": "CDLA-Permissive-2.0", "record_id": null, "update_time": "2026-07-14T20:34:55Z", "confidence": null, "between": null}], "basic_category": "restaurant", "taxonomy": {"primary": "restaurant", "hierarchy": ["food_and_drink", "restaurant"], "alternates": null}, "version": 8}}, {"id": "5f87bd8f-827c-4cac-8305-92d75d9ffaa1", "type": "Feature", "geometry": {"type": "Point", "coordinates": [11.57458662, 48.13293344]}, "properties": {"categories": {"primary": "vietnamese_restaurant", "alternate": ["vegetarian_restaurant", "asian_restaurant"]}, "confidence": 0.9827921032905579, "websites": ["http://akimy.de/"], "emails": ["info@akimy.de"], "socials": ["https://www.facebook.com/128624080332395"], "phones": ["+498932791868"], "brand": {"wikidata": null, "names": {"primary": null, "common": null, "rules": null}}, "addresses": [{"freeform": "Corneliusstraße 1", "locality": "München", "postcode": "80469", "region": null, "country": "DE"}], "names": {"primary": "Akimy", "common": null, "rules": null}, "sources": [{"property": "", "dataset": "meta", "license": "CDLA-Permissive-2.0", "record_id": "128624080332395", "update_time": "2026-07-02T00:00:00.000Z", "confidence": 0.9251830577850342, "between": null}, {"property": "/properties/confidence", "dataset": "Overture", "license": "CDLA-Permissive-2.0", "record_id": null, "update_time": "2026-07-14T20:34:55Z", "confidence": null, "between": null}], "basic_category": "restaurant", "taxonomy": {"primary": "vietnamese_restaurant", "hierarchy": ["food_and_drink", "restaurant", "asian_restaurant", "southeast_asian_restaurant", "vietnamese_restaurant"], "alternates": null}, "version": 9}}, {"id": "5db268d8-2a85-4888-8984-94b7fedee268", "type": "Feature", "geometry": {"type": "Point", "coordinates": [11.57440081, 48.13079911]}, "properties": {"categories": {"primary": "cafe", "alternate": ["coffee_shop", "european_restaurant"]}, "confidence": 0.9955117344856262, "emails": ["mirelamea@googlemail.com"], "socials": ["https://www.facebook.com/300803117294556"], "phones": ["+498923056477"], "brand": {"wikidata": null, "names": {"primary": null, "common": null, "rules": null}}, "addresses": [{"freeform": "Klenzestraße 36", "locality": "München", "postcode": "80469", "region": null, "country": "DE"}], "names": {"primary": "Cafe 36", "common": null, "rules": null}, "sources": [{"property": "", "dataset": "meta", "license": "CDLA-Permissive-2.0", "record_id": "300803117294556", "update_time": "2026-07-02T00:00:00.000Z", "confidence": 0.9700782299041748, "between": null}, {"property": "/properties/confidence", "dataset": "Overture", "license": "CDLA-Permissive-2.0", "record_id": null, "update_time": "2026-07-14T20:34:55Z", "confidence": null, "between": null}], "basic_category": "cafe", "taxonomy": {"primary": "cafe", "hierarchy": ["food_and_drink", "casual_eatery", "cafe"], "alternates": null}, "version": 8}}, {"id": "3b8869e0-deb4-49f3-9d63-53e08210b718", "type": "Feature", "geometry": {"type": "Point", "coordinates": [11.574376, 48.130855]}, "properties": {"categories": {"primary": "bakery", "alternate": null}, "confidence": 0.5420939326286316, "websites": ["http://www.backspielhaus.de"], "socials": ["https://www.facebook.com/262757747519324"], "phones": ["+498923032384"], "brand": {"wikidata": null, "names": {"primary": "Backspielhaus", "common": null, "rules": null}}, "addresses": [{"freeform": "Klenzestraße 36", "locality": "München", "postcode": "80469", "region": null, "country": "DE"}], "names": {"primary": "Backspielhaus", "common": null, "rules": null}, "sources": [{"property": "", "dataset": "meta", "license": "CDLA-Permissive-2.0", "record_id": "262757747519324", "update_time": "2026-07-02T00:00:00.000Z", "confidence": 0.5420939326286316, "between": null}, {"property": "/properties/confidence", "dataset": "Overture", "license": "CDLA-Permissive-2.0", "record_id": null, "update_time": "2026-07-14T20:34:55Z", "confidence": null, "between": null}], "basic_category": "casual_eatery", "taxonomy": {"primary": "bakery", "hierarchy": ["food_and_drink", "casual_eatery", "bakery"], "alternates": null}, "version": 1}}, {"id": "122b9a41-440f-4592-b09c-7576fcf69e30", "type": "Feature", "geometry": {"type": "Point", "coordinates": [11.57434888, 48.13083037]}, "properties": {"categories": {"primary": "gelato", "alternate": ["ice_cream_shop", "italian_restaurant"]}, "confidence": 0.2649276554584503, "emails": ["rivareno.muenchen@gmail.com"], "socials": ["https://www.facebook.com/821638184358135"], "phones": ["+498994475354"], "brand": {"wikidata": null, "names": {"primary": "Rivareno", "common": null, "rules": null}}, "addresses": [{"freeform": "Klenzestraße 36", "locality": "München", "postcode": "80469", "region": null, "country": "DE"}], "names": {"primary": "RivaReno Eis Café München", "common": null, "rules": null}, "sources": [{"property": "", "dataset": "meta", "license": "CDLA-Permissive-2.0", "record_id": "821638184358135", "update_time": "2026-07-02T00:00:00.000Z", "confidence": 0.2649276554584503, "between": null}, {"property": "/properties/confidence", "dataset": "Overture", "license": "CDLA-Permissive-2.0", "record_id": null, "update_time": "2026-07-14T20:34:55Z", "confidence": null, "between": null}], "basic_category": "casual_eatery", "taxonomy": {"primary": "gelato_shop", "hierarchy": ["food_and_drink", "casual_eatery", "dessert_shop", "gelato_shop"], "alternates": null}, "version": 7}}, {"id": "40274861-b30a-4b51-840e-510dde0ce692", "type": "Feature", "geometry": {"type": "Point", "coordinates": [11.574279775565463, 48.130847532944564]}, "properties": {"categories": {"primary": "bakery", "alternate": null}, "confidence": 0.77, "websites": ["http://www.sepplszuckerbaeckerei.de"], "emails": ["info@sepplszuckerbaeckerei.de"], "phones": ["089 23032384"], "addresses": [{"freeform": "Klenzestr. 36", "locality": "München", "postcode": "80469", "region": "Bayern", "country": "DE"}], "names": {"primary": "Seppls Zuckerbäckerei Bäckerei und Konditorei", "common": null, "rules": null}, "sources": [{"property": "", "dataset": "Foursquare", "license": "Apache-2.0", "record_id": "850d9d1273eb4c6ad45d1efb", "update_time": "2025-10-23T00:00:00.000", "confidence": 0.77, "between": null}, {"property": "/properties/confidence", "dataset": "Overture", "license": "CDLA-Permissive-2.0", "record_id": null, "update_time": "2026-07-14T20:34:55Z", "confidence": null, "between": null}], "basic_category": "casual_eatery", "taxonomy": {"primary": "bakery", "hierarchy": ["food_and_drink", "casual_eatery", "bakery"], "alternates": null}, "version": 5}}, {"id": "74bdec0a-1d51-4fd3-bc8b-dbc730e7eca8", "type": "Feature", "geometry": {"type": "Point", "coordinates": [11.574237, 48.130791]}, "properties": {"categories": {"primary": "park", "alternate": ["bar", "attractions_and_activities"]}, "confidence": 0.3494885265827179, "socials": ["https://www.facebook.com/160385378049881"], "brand": {"wikidata": null, "names": {"primary": null, "common": null, "rules": null}}, "addresses": [{"freeform": "Klenzestraße 42", "locality": "München", "postcode": "80469", "region": null, "country": "DE"}], "names": {"primary": "Berni's Balkon", "common": null, "rules": null}, "sources": [{"property": "", "dataset": "meta", "license": "CDLA-Permissive-2.0", "record_id": "160385378049881", "update_time": "2026-07-02T00:00:00.000Z", "confidence": 0.3494885265827179, "between": null}, {"property": "/properties/confidence", "dataset": "Overture", "license": "CDLA-Permissive-2.0", "record_id": null, "update_time": "2026-07-14T20:34:55Z", "confidence": null, "between": null}], "basic_category": "park", "taxonomy": {"primary": "park", "hierarchy": ["sports_and_recreation", "park"], "alternates": null}, "version": 1}}, {"id": "e7913b97-2631-48be-add8-d0951ff2f85d", "type": "Feature", "geometry": {"type": "Point", "coordinates": [11.57415, 48.130677]}, "properties": {"categories": {"primary": "bar", "alternate": ["cafe", "coffee_shop"]}, "confidence": 0.20194795727729797, "websites": ["www.firn-bar.de"], "socials": ["https://www.facebook.com/168306283193295"], "phones": ["+498972632644"], "brand": {"wikidata": null, "names": {"primary": null, "common": null, "rules": null}}, "addresses": [{"freeform": "Klenzestraße 40", "locality": "München", "postcode": "80469", "region": null, "country": "DE"}], "names": {"primary": "firn Gaststättenbetriebs-GmbH", "common": null, "rules": null}, "sources": [{"property": "", "dataset": "meta", "license": "CDLA-Permissive-2.0", "record_id": "168306283193295", "update_time": "2026-07-02T00:00:00.000Z", "confidence": 0.20194795727729797, "between": null}, {"property": "/properties/confidence", "dataset": "Overture", "license": "CDLA-Permissive-2.0", "record_id": null, "update_time": "2026-07-14T20:34:55Z", "confidence": null, "between": null}], "basic_category": "bar", "taxonomy": {"primary": "bar", "hierarchy": ["food_and_drink", "alcoholic_beverage_venue", "bar"], "alternates": null}, "version": 1}}, {"id": "12b5ac3d-ad2a-44d9-99bb-11afd70032cf", "type": "Feature", "geometry": {"type": "Point", "coordinates": [11.57402619, 48.13053108]}, "properties": {"categories": {"primary": "italian_restaurant", "alternate": ["austrian_restaurant", "european_restaurant"]}, "confidence": 0.9943871647119522, "websites": ["http://www.finks.eu/"], "emails": ["knoedel@finks.eu"], "socials": ["https://www.facebook.com/630645794052903"], "phones": ["+498924206602"], "brand": {"wikidata": null, "names": {"primary": "Fink's", "common": null, "rules": null}}, "addresses": [{"freeform": "Klenzestraße 40", "locality": "München", "postcode": "80469", "region": null, "country": "DE"}], "names": {"primary": "Fink's Südtiroler Knödelküche", "common": null, "rules": null}, "sources": [{"property": "", "dataset": "meta", "license": "CDLA-Permissive-2.0", "record_id": "630645794052903", "update_time": "2026-07-02T00:00:00.000Z", "confidence": 0.9755963683128357, "between": null}, {"property": "/properties/confidence", "dataset": "Overture", "license": "CDLA-Permissive-2.0", "record_id": null, "update_time": "2026-07-14T20:34:55Z", "confidence": null, "between": null}], "basic_category": "restaurant", "taxonomy": {"primary": "italian_restaurant", "hierarchy": ["food_and_drink", "restaurant", "european_restaurant", "mediterranean_restaurant", "italian_restaurant"], "alternates": null}, "version": 9}}, {"id": "f3a114cd-af93-4e5e-bdc6-cf849a694522", "type": "Feature", "geometry": {"type": "Point", "coordinates": [11.57402553710707, 48.130447241733165]}, "properties": {"categories": {"primary": "burger_restaurant", "alternate": null}, "confidence": 0.77, "websites": ["http://www.burger-n-bier.de"], "phones": ["089 72632644"], "addresses": [{"freeform": "Klenzestr. 40", "locality": "München", "postcode": "80469", "region": "Bayern", "country": "DE"}], "names": {"primary": "Burger & Bier", "common": null, "rules": null}, "sources": [{"property": "", "dataset": "Foursquare", "license": "Apache-2.0", "record_id": "4b02bf41f964a520a04922e3", "update_time": "2025-08-11T00:00:00.000", "confidence": 0.77, "between": null}, {"property": "/properties/confidence", "dataset": "Overture", "license": "CDLA-Permissive-2.0", "record_id": null, "update_time": "2026-07-14T20:34:55Z", "confidence": null, "between": null}], "basic_category": "restaurant", "taxonomy": {"primary": "burger_restaurant", "hierarchy": ["food_and_drink", "restaurant", "meat_restaurant", "burger_restaurant"], "alternates": null}, "version": 4}}, {"id": "d592f665-ae30-4797-aac4-d9af7b2f6135", "type": "Feature", "geometry": {"type": "Point", "coordinates": [11.5748598, 48.13242325]}, "properties": {"categories": {"primary": "turkish_restaurant", "alternate": ["middle_eastern_restaurant", "restaurant"]}, "confidence": 0.998294797539711, "websites": ["https://lezizel.de/shop/"], "emails": ["info@lezizel.de"], "socials": ["https://www.facebook.com/1441092209458263"], "phones": ["+498924203411"], "brand": {"wikidata": null, "names": {"primary": "Lezizel Manti - Türkische Teigtaschen", "common": null, "rules": null}}, "addresses": [{"freeform": "Corneliusstraße 6", "locality": "München", "postcode": "80469", "region": null, "country": "DE"}], "names": {"primary": "Lezizel Manti - München Gärtnerplatz", "common": null, "rules": null}, "sources": [{"property": "", "dataset": "meta", "license": "CDLA-Permissive-2.0", "record_id": "1441092209458263", "update_time": "2026-07-02T00:00:00.000Z", "confidence": 0.992586076259613, "between": null}, {"property": "/properties/confidence", "dataset": "Overture", "license": "CDLA-Permissive-2.0", "record_id": null, "update_time": "2026-07-14T20:34:55Z", "confidence": null, "between": null}], "basic_category": "restaurant", "taxonomy": {"primary": "turkish_restaurant", "hierarchy": ["food_and_drink", "restaurant", "middle_eastern_restaurant", "turkish_restaurant"], "alternates": null}, "version": 9}}, {"id": "617ed1fd-b7e3-4675-9476-3459f116a78b", "type": "Feature", "geometry": {"type": "Point", "coordinates": [11.57472106, 48.13359842]}, "properties": {"categories": {"primary": "colombian_restaurant", "alternate": ["latin_american_restaurant", "restaurant"]}, "confidence": 0.9886876344680786, "websites": ["http://www.mi-casa-restaurant.de/"], "emails": ["info@mi-casa-restaurant.de"], "socials": ["https://www.facebook.com/119158166156419"], "phones": ["+498923718651"], "brand": {"wikidata": null, "names": {"primary": null, "common": null, "rules": null}}, "addresses": [{"freeform": "Am Einlaß 4", "locality": "München", "postcode": "80469", "region": null, "country": "DE"}], "names": {"primary": "Mi Casa Restaurant", "common": null, "rules": null}, "sources": [{"property": "", "dataset": "meta", "license": "CDLA-Permissive-2.0", "record_id": "119158166156419", "update_time": "2026-07-02T00:00:00.000Z", "confidence": 0.9886876344680786, "between": null}, {"property": "/properties/confidence", "dataset": "Overture", "license": "CDLA-Permissive-2.0", "record_id": null, "update_time": "2026-07-14T20:34:55Z", "confidence": null, "between": null}], "basic_category": "restaurant", "taxonomy": {"primary": "colombian_restaurant", "hierarchy": ["food_and_drink", "restaurant", "latin_american_restaurant", "south_american_restaurant", "colombian_restaurant"], "alternates": null}, "version": 9}}, {"id": "fa1e37a9-abb0-43ab-953a-bf21b31d4055", "type": "Feature", "geometry": {"type": "Point", "coordinates": [11.57466959, 48.13364874]}, "properties": {"categories": {"primary": "bar", "alternate": ["latin_american_restaurant", "restaurant"]}, "confidence": 0.9966456788778305, "websites": ["http://www.buena-vista-bar.de/"], "emails": ["info@buena-vista-bar.de"], "socials": ["https://www.facebook.com/1413451838929318"], "phones": ["+498926022811"], "brand": {"wikidata": null, "names": {"primary": null, "common": null, "rules": null}}, "addresses": [{"freeform": "Am Einlaß 2A", "locality": "München", "postcode": "80469", "region": null, "country": "DE"}], "names": {"primary": "Buena Vista Bar", "common": null, "rules": null}, "sources": [{"property": "", "dataset": "meta", "license": "CDLA-Permissive-2.0", "record_id": "1413451838929318", "update_time": "2026-07-02T00:00:00.000Z", "confidence": 0.9854159951210022, "between": null}, {"property": "/properties/confidence", "dataset": "Overture", "license": "CDLA-Permissive-2.0", "record_id": null, "update_time": "2026-07-14T20:34:55Z", "confidence": null, "between": null}], "basic_category": "bar", "taxonomy": {"primary": "bar", "hierarchy": ["food_and_drink", "alcoholic_beverage_venue", "bar"], "alternates": null}, "version": 10}}, {"id": "7c3aac4c-454f-4730-9470-be3359b4758e", "type": "Feature", "geometry": {"type": "Point", "coordinates": [11.57466211, 48.13486236]}, "properties": {"categories": {"primary": "coffee_shop", "alternate": ["cafe", "bakery"]}, "confidence": 0.9960756558179855, "websites": ["http://prinz.de/muenchen/locations/54858-cafe-frischhut"], "socials": ["https://www.facebook.com/276057742495191"], "phones": ["+4989268237"], "brand": {"wikidata": null, "names": {"primary": null, "common": null, "rules": null}}, "addresses": [{"freeform": "Prälat-Zistl-Straße 8", "locality": "München", "postcode": "80331", "region": null, "country": "DE"}], "names": {"primary": "Schmalznudel", "common": null, "rules": null}, "sources": [{"property": "", "dataset": "meta", "license": "CDLA-Permissive-2.0", "record_id": "276057742495191", "update_time": "2026-07-02T00:00:00.000Z", "confidence": 0.9829376339912415, "between": null}, {"property": "/properties/confidence", "dataset": "Overture", "license": "CDLA-Permissive-2.0", "record_id": null, "update_time": "2026-07-14T20:34:55Z", "confidence": null, "between": null}], "basic_category": "coffee_shop", "taxonomy": {"primary": "coffee_shop", "hierarchy": ["food_and_drink", "non_alcoholic_beverage_venue", "coffee_shop"], "alternates": null}, "version": 9}}, {"id": "5ac5f173-de22-4437-a2b0-c98c8da196fe", "type": "Feature", "geometry": {"type": "Point", "coordinates": [11.5747053, 48.1347398]}, "properties": {"categories": {"primary": "pub", "alternate": ["specialty_foods", "bar", "diner", "salad_bar", "seafood_restaurant", "steakhouse", "international_restaurant", "food", "restaurant"]}, "confidence": 0.9655, "websites": ["https://doma-restaurant.de/"], "phones": ["08946225315"], "addresses": [{"freeform": "Prälat-Zistl-Str. 10", "locality": "München", "postcode": "80331", "region": "", "country": "DE"}], "names": {"primary": "Doma - Restaurant & Bar", "common": null, "rules": null}, "sources": [{"property": "", "dataset": "Microsoft", "license": "CDLA-Permissive-2.0", "record_id": "1125899912356067", "update_time": "2023-08-16T19:45:22.183Z", "confidence": 0.85, "between": null}, {"property": "/properties/confidence", "dataset": "Overture", "license": "CDLA-Permissive-2.0", "record_id": null, "update_time": "2026-07-14T20:34:55Z", "confidence": null, "between": null}], "basic_category": "bar", "taxonomy": {"primary": "pub", "hierarchy": ["food_and_drink", "alcoholic_beverage_venue", "bar", "pub"], "alternates": null}, "version": 6}}, {"id": "356c0be9-bceb-40ad-8810-aeff23c68acb", "type": "Feature", "geometry": {"type": "Point", "coordinates": [11.57476255, 48.13463536]}, "properties": {"categories": {"primary": "italian_restaurant", "alternate": ["restaurant", "grocery_store"]}, "confidence": 0.9994847912788392, "websites": ["http://www.eataly.net/de_de/geschaefte/muenchen/"], "emails": ["info.muenchen@eataly.de"], "socials": ["https://www.facebook.com/799330700156138"], "phones": ["+4989248817711"], "brand": {"wikidata": null, "names": {"primary": "Eataly", "common": null, "rules": null}}, "addresses": [{"freeform": "Blumenstraße 4", "locality": "München", "postcode": "80331", "region": null, "country": "DE"}], "names": {"primary": "Eataly München", "common": null, "rules": null}, "sources": [{"property": "", "dataset": "meta", "license": "CDLA-Permissive-2.0", "record_id": "799330700156138", "update_time": "2026-07-02T00:00:00.000Z", "confidence": 0.9850664138793945, "between": null}, {"property": "/properties/confidence", "dataset": "Overture", "license": "CDLA-Permissive-2.0", "record_id": null, "update_time": "2026-07-14T20:34:55Z", "confidence": null, "between": null}], "basic_category": "restaurant", "taxonomy": {"primary": "italian_restaurant", "hierarchy": ["food_and_drink", "restaurant", "european_restaurant", "mediterranean_restaurant", "italian_restaurant"], "alternates": null}, "version": 9}}, {"id": "357e8db8-b894-4370-aac5-24d0122b720b", "type": "Feature", "geometry": {"type": "Point", "coordinates": [11.5748622, 48.13324941]}, "properties": {"categories": {"primary": "dance_club", "alternate": ["bar", "topic_concert_venue"]}, "confidence": 0.9979306709766388, "websites": ["http://www.paradiso-tanzbar.de/"], "emails": ["info@paradiso-tanzbar.de"], "socials": ["https://www.facebook.com/179125715471964"], "phones": ["+4989263469"], "brand": {"wikidata": null, "names": {"primary": null, "common": null, "rules": null}}, "addresses": [{"freeform": "Rumfordstraße 2", "locality": "München", "postcode": "80469", "region": null, "country": "DE"}], "names": {"primary": "Paradiso Tanzbar", "common": null, "rules": null}, "sources": [{"property": "", "dataset": "meta", "license": "CDLA-Permissive-2.0", "record_id": "179125715471964", "update_time": "2026-07-02T00:00:00.000Z", "confidence": 0.9910029172897339, "between": null}, {"property": "/properties/confidence", "dataset": "Overture", "license": "CDLA-Permissive-2.0", "record_id": null, "update_time": "2026-07-14T20:34:55Z", "confidence": null, "between": null}], "basic_category": "dance_club", "taxonomy": {"primary": "dance_club", "hierarchy": ["arts_and_entertainment", "nightlife_venue", "dance_club"], "alternates": null}, "version": 9}}, {"id": "64f2b0d4-6375-4d57-9b54-88898b900046", "type": "Feature", "geometry": {"type": "Point", "coordinates": [11.574989, 48.13332]}, "properties": {"categories": {"primary": "pizza_restaurant", "alternate": null}, "confidence": 0.77, "websites": ["http://www.casa-della-pizza.de"], "phones": ["089 23077390"], "addresses": [{"freeform": "Rumfordstr. 2", "locality": "München", "postcode": "80469", "region": "Bayern", "country": "DE"}], "names": {"primary": "Casa della Pizza", "common": null, "rules": null}, "sources": [{"property": "", "dataset": "Foursquare", "license": "Apache-2.0", "record_id": "4ba3d342f964a520a26338e3", "update_time": "2025-10-23T00:00:00.000", "confidence": 0.77, "between": null}, {"property": "/properties/confidence", "dataset": "Overture", "license": "CDLA-Permissive-2.0", "record_id": null, "update_time": "2026-07-14T20:34:55Z", "confidence": null, "between": null}], "basic_category": "restaurant", "taxonomy": {"primary": "pizza_restaurant", "hierarchy": ["food_and_drink", "restaurant", "european_restaurant", "mediterranean_restaurant", "italian_restaurant", "pizza_restaurant"], "alternates": null}, "version": 3}}, {"id": "5228c547-6d63-4466-ab1c-0da7b5cd216d", "type": "Feature", "geometry": {"type": "Point", "coordinates": [11.574954, 48.134582]}, "properties": {"categories": {"primary": "restaurant", "alternate": ["italian_restaurant", "hotel"]}, "confidence": 0.51006019115448, "emails": ["locandagamba@acquarello.com"], "socials": ["https://www.facebook.com/488977908164942"], "phones": ["+4989248817713"], "brand": {"wikidata": null, "names": {"primary": null, "common": null, "rules": null}}, "addresses": [{"freeform": "Viktualienmarkt 15", "locality": "München", "postcode": "80331", "region": null, "country": "DE"}], "names": {"primary": "Locanda Gamba", "common": null, "rules": null}, "sources": [{"property": "", "dataset": "meta", "license": "CDLA-Permissive-2.0", "record_id": "488977908164942", "update_time": "2026-07-02T00:00:00.000Z", "confidence": 0.51006019115448, "between": null}, {"property": "/properties/confidence", "dataset": "Overture", "license": "CDLA-Permissive-2.0", "record_id": null, "update_time": "2026-07-14T20:34:55Z", "confidence": null, "between": null}], "basic_category": "restaurant", "taxonomy": {"primary": "restaurant", "hierarchy": ["food_and_drink", "restaurant"], "alternates": null}, "version": 8}}, {"id": "50df0f30-afb0-4853-8ed8-611c118998c4", "type": "Feature", "geometry": {"type": "Point", "coordinates": [11.575031050243895, 48.13480155118336]}, "properties": {"categories": {"primary": "pizza_restaurant", "alternate": null}, "confidence": 0.77, "websites": ["https://www.eataly.net/de_de/geschaefte/muenchen/slider-muenchen/restaurant-muenchen/"], "phones": ["089 2488177711"], "addresses": [{"freeform": "Viktualienmarkt 15", "locality": "Munich", "postcode": "80331", "region": "Bayern", "country": "DE"}], "names": {"primary": "Rossopomodoro Pizzeria Napoletana", "common": null, "rules": null}, "sources": [{"property": "", "dataset": "Foursquare", "license": "Apache-2.0", "record_id": "5895ad934f218a63bfb6b4a2", "update_time": "2026-04-08T00:00:00.000", "confidence": 0.77, "between": null}, {"property": "/properties/confidence", "dataset": "Overture", "license": "CDLA-Permissive-2.0", "record_id": null, "update_time": "2026-07-14T20:34:55Z", "confidence": null, "between": null}], "basic_category": "restaurant", "taxonomy": {"primary": "pizza_restaurant", "hierarchy": ["food_and_drink", "restaurant", "european_restaurant", "mediterranean_restaurant", "italian_restaurant", "pizza_restaurant"], "alternates": null}, "version": 3}}, {"id": "8a7fa875-1262-487d-be8c-c6b95de8a870", "type": "Feature", "geometry": {"type": "Point", "coordinates": [11.575072562778002, 48.134577054444]}, "properties": {"categories": {"primary": "cafe", "alternate": ["coffee_shop", "italian_restaurant"]}, "confidence": 0.7512984871864319, "websites": ["http://www.pasticceria.cc/"], "socials": ["https://www.facebook.com/269720229727917"], "phones": ["+498988998388"], "brand": {"wikidata": null, "names": {"primary": "Pasticceria", "common": null, "rules": null}}, "addresses": [{"freeform": "Viktualienmarkt 15", "locality": "München", "postcode": "80331", "region": null, "country": "DE"}], "names": {"primary": "Pasticceria Monaco di Baviera", "common": null, "rules": null}, "sources": [{"property": "", "dataset": "meta", "license": "CDLA-Permissive-2.0", "record_id": "269720229727917", "update_time": "2026-07-02T00:00:00.000Z", "confidence": 0.7512984871864319, "between": null}, {"property": "/properties/confidence", "dataset": "Overture", "license": "CDLA-Permissive-2.0", "record_id": null, "update_time": "2026-07-14T20:34:55Z", "confidence": null, "between": null}], "basic_category": "cafe", "taxonomy": {"primary": "cafe", "hierarchy": ["food_and_drink", "casual_eatery", "cafe"], "alternates": null}, "version": 4}}, {"id": "d8f5a9b8-f8a4-4041-9ac5-0053fe8900f3", "type": "Feature", "geometry": {"type": "Point", "coordinates": [11.57506, 48.13417]}, "properties": {"categories": {"primary": "restaurant", "alternate": ["cafe", "coffee_shop"]}, "confidence": 0.5930706858634949, "socials": ["https://www.facebook.com/107373767834688"], "brand": {"wikidata": null, "names": {"primary": null, "common": null, "rules": null}}, "addresses": [{"freeform": "Utzschneiderstraße 2", "locality": "München", "postcode": "80469", "region": null, "country": "DE"}], "names": {"primary": "Coophee", "common": null, "rules": null}, "sources": [{"property": "", "dataset": "meta", "license": "CDLA-Permissive-2.0", "record_id": "107373767834688", "update_time": "2026-07-02T00:00:00.000Z", "confidence": 0.5930706858634949, "between": null}, {"property": "/properties/confidence", "dataset": "Overture", "license": "CDLA-Permissive-2.0", "record_id": null, "update_time": "2026-07-14T20:34:55Z", "confidence": null, "between": null}], "basic_category": "restaurant", "taxonomy": {"primary": "restaurant", "hierarchy": ["food_and_drink", "restaurant"], "alternates": null}, "version": 9}}, {"id": "257e1ca3-277d-44fe-b754-80f59f108948", "type": "Feature", "geometry": {"type": "Point", "coordinates": [11.57518, 48.13475]}, "properties": {"categories": {"primary": "seafood_restaurant", "alternate": ["restaurant", "japanese_restaurant"]}, "confidence": 0.5542135834693909, "socials": ["https://www.facebook.com/176385209205328"], "brand": {"wikidata": null, "names": {"primary": null, "common": null, "rules": null}}, "addresses": [{"freeform": "Viktualienmarkt 15", "locality": "München", "postcode": "80331", "region": null, "country": "DE"}], "names": {"primary": "Powfox International", "common": null, "rules": null}, "sources": [{"property": "", "dataset": "meta", "license": "CDLA-Permissive-2.0", "record_id": "176385209205328", "update_time": "2026-07-02T00:00:00.000Z", "confidence": 0.5542135834693909, "between": null}, {"property": "/properties/confidence", "dataset": "Overture", "license": "CDLA-Permissive-2.0", "record_id": null, "update_time": "2026-07-14T20:34:55Z", "confidence": null, "between": null}], "basic_category": "restaurant", "taxonomy": {"primary": "seafood_restaurant", "hierarchy": ["food_and_drink", "restaurant", "seafood_restaurant"], "alternates": null}, "version": 6}}, {"id": "405801dd-94f5-4134-bea5-a01b1d5be463", "type": "Feature", "geometry": {"type": "Point", "coordinates": [11.57520468, 48.13436943]}, "properties": {"categories": {"primary": "steakhouse", "alternate": ["german_restaurant", "restaurant"]}, "confidence": 0.9983912819623947, "websites": ["http://www.zumgoldenenkalb.de/"], "emails": ["reservierung@zum-goldenen-kalb.de"], "socials": ["https://www.facebook.com/170768999633745"], "phones": ["+498923542290"], "brand": {"wikidata": null, "names": {"primary": null, "common": null, "rules": null}}, "addresses": [{"freeform": "Utzschneiderstraße 1", "locality": "München", "postcode": "80469", "region": null, "country": "DE"}], "names": {"primary": "Zum Goldenen Kalb", "common": null, "rules": null}, "sources": [{"property": "", "dataset": "meta", "license": "CDLA-Permissive-2.0", "record_id": "170768999633745", "update_time": "2026-07-02T00:00:00.000Z", "confidence": 0.9930055737495422, "between": null}, {"property": "/properties/confidence", "dataset": "Overture", "license": "CDLA-Permissive-2.0", "record_id": null, "update_time": "2026-07-14T20:34:55Z", "confidence": null, "between": null}], "basic_category": "restaurant", "taxonomy": {"primary": "steakhouse", "hierarchy": ["food_and_drink", "restaurant", "meat_restaurant", "steakhouse"], "alternates": null}, "version": 10}}, {"id": "17a4b410-8519-4aa6-8f01-d47d1e009996", "type": "Feature", "geometry": {"type": "Point", "coordinates": [11.57508, 48.133204]}, "properties": {"categories": {"primary": "bar", "alternate": ["dance_club", "pub"]}, "confidence": 0.9124273657798767, "websites": ["https://www.rodman.bar/"], "socials": ["https://www.facebook.com/404192083535717"], "brand": {"wikidata": null, "names": {"primary": null, "common": null, "rules": null}}, "addresses": [{"freeform": "Rumfordstraße 2", "locality": "München", "postcode": "80469", "region": null, "country": "DE"}], "names": {"primary": "Rodman Bar München", "common": null, "rules": null}, "sources": [{"property": "", "dataset": "meta", "license": "CDLA-Permissive-2.0", "record_id": "404192083535717", "update_time": "2026-07-02T00:00:00.000Z", "confidence": 0.9124273657798767, "between": null}, {"property": "/properties/confidence", "dataset": "Overture", "license": "CDLA-Permissive-2.0", "record_id": null, "update_time": "2026-07-14T20:34:55Z", "confidence": null, "between": null}], "basic_category": "bar", "taxonomy": {"primary": "bar", "hierarchy": ["food_and_drink", "alcoholic_beverage_venue", "bar"], "alternates": null}, "version": 10}}, {"id": "e8f78a07-ce17-4cca-9c42-83cacb5cc818", "type": "Feature", "geometry": {"type": "Point", "coordinates": [11.57530852, 48.13408544]}, "properties": {"categories": {"primary": "bar", "alternate": ["cafe", "lounge"]}, "confidence": 0.9977358651161193, "websites": ["http://www.bar-garcon.de/"], "emails": ["info@bar-garcon.de"], "socials": ["https://www.facebook.com/579343738910329"], "phones": ["+4940386666307"], "brand": {"wikidata": null, "names": {"primary": null, "common": null, "rules": null}}, "addresses": [{"freeform": "Utzschneiderstraße 4", "locality": "München", "postcode": "80469", "region": null, "country": "DE"}], "names": {"primary": "Garçon", "common": null, "rules": null}, "sources": [{"property": "", "dataset": "meta", "license": "CDLA-Permissive-2.0", "record_id": "579343738910329", "update_time": "2026-07-02T00:00:00.000Z", "confidence": 0.9901559352874756, "between": null}, {"property": "/properties/confidence", "dataset": "Overture", "license": "CDLA-Permissive-2.0", "record_id": null, "update_time": "2026-07-14T20:34:55Z", "confidence": null, "between": null}], "basic_category": "bar", "taxonomy": {"primary": "bar", "hierarchy": ["food_and_drink", "alcoholic_beverage_venue", "bar"], "alternates": null}, "version": 10}}, {"id": "5a4ef3f2-c8fa-4bb6-ad1e-c4b096236317", "type": "Feature", "geometry": {"type": "Point", "coordinates": [11.57530748, 48.13412765]}, "properties": {"categories": {"primary": "italian_restaurant", "alternate": ["restaurant", "european_restaurant"]}, "confidence": 0.9973152846097946, "websites": ["http://www.osteria-veneta.de"], "emails": ["info@osteriaveneto.de"], "socials": ["https://www.facebook.com/1963113060459476"], "phones": ["+498926022093"], "brand": {"wikidata": null, "names": {"primary": null, "common": null, "rules": null}}, "addresses": [{"freeform": "Utzschneiderstraße 4", "locality": "München", "postcode": "80469", "region": null, "country": "DE"}], "names": {"primary": "Osteria Veneta", "common": null, "rules": null}, "sources": [{"property": "", "dataset": "meta", "license": "CDLA-Permissive-2.0", "record_id": "1963113060459476", "update_time": "2026-07-02T00:00:00.000Z", "confidence": 0.9883273243904114, "between": null}, {"property": "/properties/confidence", "dataset": "Overture", "license": "CDLA-Permissive-2.0", "record_id": null, "update_time": "2026-07-14T20:34:55Z", "confidence": null, "between": null}], "basic_category": "restaurant", "taxonomy": {"primary": "italian_restaurant", "hierarchy": ["food_and_drink", "restaurant", "european_restaurant", "mediterranean_restaurant", "italian_restaurant"], "alternates": null}, "version": 9}}, {"id": "7dc5f88e-61f1-4822-9fba-e28923dd85fa", "type": "Feature", "geometry": {"type": "Point", "coordinates": [11.575262066196712, 48.13439231099149]}, "properties": {"categories": {"primary": "restaurant", "alternate": null}, "confidence": 0.77, "websites": ["http://www.zum-goldenen-kalb.de"], "emails": ["reservierung@zum-goldenen-kalb.de"], "socials": ["https://www.facebook.com/170768999633745"], "phones": ["0491 735774724"], "addresses": [{"freeform": "Utzschneiderstr. 1", "locality": "München", "postcode": "80469", "region": "Bayern", "country": "DE"}], "names": {"primary": "Viki Gastronomie GmbH", "common": null, "rules": null}, "sources": [{"property": "", "dataset": "Foursquare", "license": "Apache-2.0", "record_id": "42a7defea7c84adc733cff35", "update_time": "2025-08-11T00:00:00.000", "confidence": 0.77, "between": null}, {"property": "/properties/confidence", "dataset": "Overture", "license": "CDLA-Permissive-2.0", "record_id": null, "update_time": "2026-07-14T20:34:55Z", "confidence": null, "between": null}], "basic_category": "restaurant", "taxonomy": {"primary": "restaurant", "hierarchy": ["food_and_drink", "restaurant"], "alternates": null}, "version": 4}}, {"id": "170b970e-48c4-44ba-ad7b-8ef0cc4fb876", "type": "Feature", "geometry": {"type": "Point", "coordinates": [11.575402248202735, 48.13338898179687]}, "properties": {"categories": {"primary": "wine_bar", "alternate": null}, "confidence": 0.77, "websites": ["https://www.manu-muenchen.de"], "emails": ["mail@manu-muenchen.de"], "phones": ["089 26024174"], "addresses": [{"freeform": "Rumfordstr. 1", "locality": "München", "postcode": "80469", "region": "Bayern", "country": "DE"}], "names": {"primary": "manu. Weinbar & Restaurant", "common": null, "rules": null}, "sources": [{"property": "", "dataset": "Foursquare", "license": "Apache-2.0", "record_id": "6117b8e74013a0632522e4c6", "update_time": "2026-03-20T00:00:00.000", "confidence": 0.77, "between": null}, {"property": "/properties/confidence", "dataset": "Overture", "license": "CDLA-Permissive-2.0", "record_id": null, "update_time": "2026-07-14T20:34:55Z", "confidence": null, "between": null}], "basic_category": "bar", "taxonomy": {"primary": "wine_bar", "hierarchy": ["food_and_drink", "alcoholic_beverage_venue", "bar", "wine_bar"], "alternates": null}, "version": 6}}, {"id": "bb34d553-17a2-4c98-8f33-0443ed99ce7f", "type": "Feature", "geometry": {"type": "Point", "coordinates": [11.56078296, 48.13595243]}, "properties": {"categories": {"primary": "middle_eastern_restaurant", "alternate": ["restaurant", "diner"]}, "confidence": 0.9968982273340226, "websites": ["http://www.derya-restaurant.de/index.html/"], "emails": ["info@derya-grill.de"], "socials": ["https://www.facebook.com/950490128319682"], "phones": ["+498954541822"], "brand": {"wikidata": null, "names": {"primary": null, "common": null, "rules": null}}, "addresses": [{"freeform": "Schillerstraße 34", "locality": "München", "postcode": "80336", "region": null, "country": "DE"}], "names": {"primary": "Derya Restaurant", "common": null, "rules": null}, "sources": [{"property": "", "dataset": "meta", "license": "CDLA-Permissive-2.0", "record_id": "950490128319682", "update_time": "2026-07-02T00:00:00.000Z", "confidence": 0.9865140318870544, "between": null}, {"property": "/properties/confidence", "dataset": "Overture", "license": "CDLA-Permissive-2.0", "record_id": null, "update_time": "2026-07-14T20:34:55Z", "confidence": null, "between": null}], "basic_category": "restaurant", "taxonomy": {"primary": "middle_eastern_restaurant", "hierarchy": ["food_and_drink", "restaurant", "middle_eastern_restaurant"], "alternates": null}, "version": 10}}, {"id": "9ec94424-9f4f-4965-98f5-cbd70f3e0c04", "type": "Feature", "geometry": {"type": "Point", "coordinates": [11.5607953, 48.136037]}, "properties": {"categories": {"primary": "bakery", "alternate": ["coffee_shop"]}, "confidence": 0.43742620944976807, "websites": ["http://www.muenchen-baeckerei.de"], "socials": ["https://www.facebook.com/106668166062934"], "phones": ["+4989593535"], "brand": {"wikidata": null, "names": {"primary": null, "common": null, "rules": null}}, "addresses": [{"freeform": "Schillerstraße 32", "locality": "München", "postcode": "80336", "region": null, "country": "DE"}], "names": {"primary": "Backhaus Bergbauer GmbH", "common": null, "rules": null}, "sources": [{"property": "", "dataset": "meta", "license": "CDLA-Permissive-2.0", "record_id": "106668166062934", "update_time": "2026-07-02T00:00:00.000Z", "confidence": 0.43742620944976807, "between": null}, {"property": "/properties/confidence", "dataset": "Overture", "license": "CDLA-Permissive-2.0", "record_id": null, "update_time": "2026-07-14T20:34:55Z", "confidence": null, "between": null}], "basic_category": "casual_eatery", "taxonomy": {"primary": "bakery", "hierarchy": ["food_and_drink", "casual_eatery", "bakery"], "alternates": null}, "version": 8}}, {"id": "26574baa-6316-4a63-8dd4-42f08e0a0509", "type": "Feature", "geometry": {"type": "Point", "coordinates": [11.56099959, 48.13590649]}, "properties": {"categories": {"primary": "grocery_store", "alternate": ["supermarket", "bakery"]}, "confidence": 0.9712269902229309, "emails": ["euromarketnazar@yahoo.com"], "socials": ["https://www.facebook.com/100956668089490"], "phones": ["+498990170889"], "brand": {"wikidata": null, "names": {"primary": null, "common": null, "rules": null}}, "addresses": [{"freeform": "Schillerstraße 29", "locality": "München", "postcode": "80336", "region": null, "country": "DE"}], "names": {"primary": "Euromarket Nazar München", "common": null, "rules": null}, "sources": [{"property": "", "dataset": "meta", "license": "CDLA-Permissive-2.0", "record_id": "100956668089490", "update_time": "2026-07-02T00:00:00.000Z", "confidence": 0.9712269902229309, "between": null}, {"property": "/properties/confidence", "dataset": "Overture", "license": "CDLA-Permissive-2.0", "record_id": null, "update_time": "2026-07-14T20:34:55Z", "confidence": null, "between": null}], "basic_category": "food_and_beverage_store", "taxonomy": {"primary": "grocery_store", "hierarchy": ["shopping", "food_and_beverage_store", "grocery_store"], "alternates": null}, "version": 8}}, {"id": "ca6d2f83-3b71-42d9-8be1-6ea2fbbb8ddb", "type": "Feature", "geometry": {"type": "Point", "coordinates": [11.560708808312642, 48.13583544506898]}, "properties": {"categories": {"primary": "turkish_restaurant", "alternate": null}, "confidence": 0.77, "websites": ["http://www.bosporus-kebap-haus.de"], "phones": ["089 95470459"], "addresses": [{"freeform": "Schillerstr. 34", "locality": "München", "postcode": "80336", "region": "Bayern", "country": "DE"}], "names": {"primary": "Bosporus", "common": null, "rules": null}, "sources": [{"property": "", "dataset": "Foursquare", "license": "Apache-2.0", "record_id": "b218190bda48420c6a96fbb9", "update_time": "2025-07-03T00:00:00.000", "confidence": 0.77, "between": null}, {"property": "/properties/confidence", "dataset": "Overture", "license": "CDLA-Permissive-2.0", "record_id": null, "update_time": "2026-07-14T20:34:55Z", "confidence": null, "between": null}], "basic_category": "restaurant", "taxonomy": {"primary": "turkish_restaurant", "hierarchy": ["food_and_drink", "restaurant", "middle_eastern_restaurant", "turkish_restaurant"], "alternates": null}, "version": 4}}, {"id": "ee534c8a-4db4-48e7-9530-d25c9e9cae5d", "type": "Feature", "geometry": {"type": "Point", "coordinates": [11.56288524, 48.13637898]}, "properties": {"categories": {"primary": "ice_cream_shop", "alternate": ["desserts"]}, "confidence": 0.9548598527908325, "socials": ["https://www.facebook.com/871748076327420"], "phones": ["+498937914386"], "brand": {"wikidata": null, "names": {"primary": null, "common": null, "rules": null}}, "addresses": [{"freeform": "Landwehrstraße 14", "locality": "München", "postcode": "80336", "region": null, "country": "DE"}], "names": {"primary": "Crema Gelato", "common": null, "rules": null}, "sources": [{"property": "", "dataset": "meta", "license": "CDLA-Permissive-2.0", "record_id": "871748076327420", "update_time": "2026-07-02T00:00:00.000Z", "confidence": 0.9548598527908325, "between": null}, {"property": "/properties/confidence", "dataset": "Overture", "license": "CDLA-Permissive-2.0", "record_id": null, "update_time": "2026-07-14T20:34:55Z", "confidence": null, "between": null}], "basic_category": "casual_eatery", "taxonomy": {"primary": "ice_cream_shop", "hierarchy": ["food_and_drink", "casual_eatery", "dessert_shop", "ice_cream_shop"], "alternates": null}, "version": 8}}, {"id": "abf96511-d101-420d-ad88-788570a953d6", "type": "Feature", "geometry": {"type": "Point", "coordinates": [11.56348552, 48.13640341]}, "properties": {"categories": {"primary": "middle_eastern_restaurant", "alternate": ["arabian_restaurant", "syrian_restaurant"]}, "confidence": 0.9905102849006653, "websites": ["http://www.tiktok.com/@babalyaman"], "emails": ["babalyaman70@gmail.com"], "socials": ["https://www.facebook.com/106588865076271"], "phones": ["+491743556000"], "brand": {"wikidata": null, "names": {"primary": null, "common": null, "rules": null}}, "addresses": [{"freeform": "Landwehrstraße 8", "locality": "München", "postcode": "80336", "region": null, "country": "DE"}], "names": {"primary": "Bab Al Yemen", "common": null, "rules": null}, "sources": [{"property": "", "dataset": "meta", "license": "CDLA-Permissive-2.0", "record_id": "106588865076271", "update_time": "2026-07-02T00:00:00.000Z", "confidence": 0.9905102849006653, "between": null}, {"property": "/properties/confidence", "dataset": "Overture", "license": "CDLA-Permissive-2.0", "record_id": null, "update_time": "2026-07-14T20:34:55Z", "confidence": null, "between": null}], "basic_category": "restaurant", "taxonomy": {"primary": "middle_eastern_restaurant", "hierarchy": ["food_and_drink", "restaurant", "middle_eastern_restaurant"], "alternates": null}, "version": 4}}, {"id": "512e5883-4094-4583-bd3b-0fcd1b1e02b8", "type": "Feature", "geometry": {"type": "Point", "coordinates": [11.5635, 48.13645]}, "properties": {"categories": {"primary": "restaurant", "alternate": ["american_restaurant"]}, "confidence": 0.5248339772224426, "websites": ["https://thecastlerestaurant.de/"], "socials": ["https://www.facebook.com/107430453964992"], "phones": ["+491739524400"], "brand": {"wikidata": null, "names": {"primary": null, "common": null, "rules": null}}, "addresses": [{"freeform": "Landwehrstraße 8", "locality": "München", "postcode": "80336", "region": null, "country": "DE"}], "names": {"primary": "The Castle Restaurant", "common": null, "rules": null}, "sources": [{"property": "", "dataset": "meta", "license": "CDLA-Permissive-2.0", "record_id": "107430453964992", "update_time": "2026-07-02T00:00:00.000Z", "confidence": 0.5248339772224426, "between": null}, {"property": "/properties/confidence", "dataset": "Overture", "license": "CDLA-Permissive-2.0", "record_id": null, "update_time": "2026-07-14T20:34:55Z", "confidence": null, "between": null}], "basic_category": "restaurant", "taxonomy": {"primary": "restaurant", "hierarchy": ["food_and_drink", "restaurant"], "alternates": null}, "version": 8}}, {"id": "a9f9787a-62ad-4ee7-93a5-f30e35e45c77", "type": "Feature", "geometry": {"type": "Point", "coordinates": [11.56357302, 48.13639172]}, "properties": {"categories": {"primary": "arabian_restaurant", "alternate": ["restaurant", "diner"]}, "confidence": 0.44547125697135925, "socials": ["https://www.facebook.com/150138288393143"], "brand": {"wikidata": null, "names": {"primary": null, "common": null, "rules": null}}, "addresses": [{"freeform": "Landwehrstraße 8", "locality": "München", "postcode": "80336", "region": null, "country": "DE"}], "names": {"primary": "مطعم يمني", "common": null, "rules": null}, "sources": [{"property": "", "dataset": "meta", "license": "CDLA-Permissive-2.0", "record_id": "150138288393143", "update_time": "2026-07-02T00:00:00.000Z", "confidence": 0.44547125697135925, "between": null}, {"property": "/properties/confidence", "dataset": "Overture", "license": "CDLA-Permissive-2.0", "record_id": null, "update_time": "2026-07-14T20:34:55Z", "confidence": null, "between": null}], "basic_category": "restaurant", "taxonomy": {"primary": "arabian_restaurant", "hierarchy": ["food_and_drink", "restaurant", "middle_eastern_restaurant", "arabian_restaurant"], "alternates": null}, "version": 4}}, {"id": "ea5781b0-61fb-401f-8d6c-53d1dd1f11c5", "type": "Feature", "geometry": {"type": "Point", "coordinates": [11.564572155475616, 48.13617598123038]}, "properties": {"categories": {"primary": "restaurant", "alternate": null}, "confidence": 0.77, "websites": ["http://www.city-restaurant-muenchen.de"], "phones": ["089 461353225"], "addresses": [{"freeform": "Sonnenstr. 18b", "locality": "München", "postcode": "80331", "region": "Bayern", "country": "DE"}], "names": {"primary": "City Restaurant Bar & Cafe", "common": null, "rules": null}, "sources": [{"property": "", "dataset": "Foursquare", "license": "Apache-2.0", "record_id": "52383856498e505db2275f8e", "update_time": "2025-05-21T00:00:00.000", "confidence": 0.77, "between": null}, {"property": "/properties/confidence", "dataset": "Overture", "license": "CDLA-Permissive-2.0", "record_id": null, "update_time": "2026-07-14T20:34:55Z", "confidence": null, "between": null}], "basic_category": "restaurant", "taxonomy": {"primary": "restaurant", "hierarchy": ["food_and_drink", "restaurant"], "alternates": null}, "version": 4}}, {"id": "66232956-9d78-4f7e-93a1-2e24453550c1", "type": "Feature", "geometry": {"type": "Point", "coordinates": [11.56435998, 48.13644335]}, "properties": {"categories": {"primary": "hookah_bar", "alternate": ["lounge", "bar"]}, "confidence": 0.9981260937452316, "websites": ["http://royals-lounge.de/"], "emails": ["bar@royals-lounge.de"], "socials": ["https://www.facebook.com/444659949611650"], "phones": ["+498945208989"], "brand": {"wikidata": null, "names": {"primary": null, "common": null, "rules": null}}, "addresses": [{"freeform": "Sonnenstraße 18", "locality": "München", "postcode": "80331", "region": null, "country": "DE"}], "names": {"primary": "Royal Shisha Lounge", "common": null, "rules": null}, "sources": [{"property": "", "dataset": "meta", "license": "CDLA-Permissive-2.0", "record_id": "444659949611650", "update_time": "2026-07-02T00:00:00.000Z", "confidence": 0.9918525815010071, "between": null}, {"property": "/properties/confidence", "dataset": "Overture", "license": "CDLA-Permissive-2.0", "record_id": null, "update_time": "2026-07-14T20:34:55Z", "confidence": null, "between": null}], "basic_category": "bar", "taxonomy": {"primary": "hookah_bar", "hierarchy": ["food_and_drink", "alcoholic_beverage_venue", "bar", "hookah_bar"], "alternates": null}, "version": 11}}, {"id": "20354419-c0f3-4a35-b457-a1ae31640cb5", "type": "Feature", "geometry": {"type": "Point", "coordinates": [11.5646004, 48.1364622]}, "properties": {"categories": {"primary": "coffee_shop", "alternate": ["cafe", "restaurant", "retail"]}, "confidence": 0.9931, "websites": ["https://www.tchibo.de/service/storefinder/store/100006087?utm_medium=organic&utm_source=bing&utm_campaign=business_profile-filiale&utm_content=100006087"], "phones": ["08941324211"], "addresses": [{"freeform": "Sonnenstrasse 18", "locality": "Muenchen", "postcode": "80331", "region": "", "country": "DE"}], "names": {"primary": "Tchibo Filiale", "common": null, "rules": null}, "sources": [{"property": "", "dataset": "Microsoft", "license": "CDLA-Permissive-2.0", "record_id": "562949963161756", "update_time": "2022-06-14T13:47:48.893Z", "confidence": 0.85, "between": null}, {"property": "/properties/confidence", "dataset": "Overture", "license": "CDLA-Permissive-2.0", "record_id": null, "update_time": "2026-07-14T20:34:55Z", "confidence": null, "between": null}], "basic_category": "coffee_shop", "taxonomy": {"primary": "coffee_shop", "hierarchy": ["food_and_drink", "non_alcoholic_beverage_venue", "coffee_shop"], "alternates": null}, "version": 10}}, {"id": "5a397035-28ca-4ee7-ac69-534138432152", "type": "Feature", "geometry": {"type": "Point", "coordinates": [11.564321139272, 48.13655558677]}, "properties": {"categories": {"primary": "bar", "alternate": ["bar_and_grill_restaurant", "topic_concert_venue"]}, "confidence": 0.8479810953140259, "socials": ["https://www.facebook.com/348223768971772"], "phones": ["+498974054761"], "brand": {"wikidata": null, "names": {"primary": null, "common": null, "rules": null}}, "addresses": [{"freeform": "Schlosserstraße 4", "locality": "München", "postcode": "80336", "region": null, "country": "DE"}], "names": {"primary": "Barvaria", "common": null, "rules": null}, "sources": [{"property": "", "dataset": "meta", "license": "CDLA-Permissive-2.0", "record_id": "348223768971772", "update_time": "2026-07-02T00:00:00.000Z", "confidence": 0.8479810953140259, "between": null}, {"property": "/properties/confidence", "dataset": "Overture", "license": "CDLA-Permissive-2.0", "record_id": null, "update_time": "2026-07-14T20:34:55Z", "confidence": null, "between": null}], "basic_category": "bar", "taxonomy": {"primary": "bar", "hierarchy": ["food_and_drink", "alcoholic_beverage_venue", "bar"], "alternates": null}, "version": 1}}, {"id": "1e04dc34-2c28-4175-9601-0dcf6e63f31e", "type": "Feature", "geometry": {"type": "Point", "coordinates": [11.56424, 48.13656]}, "properties": {"categories": {"primary": "restaurant", "alternate": ["persian_iranian_restaurant"]}, "confidence": 0.5732799768447876, "socials": ["https://www.facebook.com/553395908508061"], "phones": ["+4917679008827"], "brand": {"wikidata": null, "names": {"primary": null, "common": null, "rules": null}}, "addresses": [{"freeform": "Sonnenstraße 16", "locality": "München", "postcode": "80331", "region": null, "country": "DE"}], "names": {"primary": "Arbil Restaurant München", "common": null, "rules": null}, "sources": [{"property": "", "dataset": "meta", "license": "CDLA-Permissive-2.0", "record_id": "553395908508061", "update_time": "2026-07-02T00:00:00.000Z", "confidence": 0.5732799768447876, "between": null}, {"property": "/properties/confidence", "dataset": "Overture", "license": "CDLA-Permissive-2.0", "record_id": null, "update_time": "2026-07-14T20:34:55Z", "confidence": null, "between": null}], "basic_category": "restaurant", "taxonomy": {"primary": "restaurant", "hierarchy": ["food_and_drink", "restaurant"], "alternates": null}, "version": 6}}, {"id": "f0e4afd9-b028-4c46-8e86-8625c3f98807", "type": "Feature", "geometry": {"type": "Point", "coordinates": [11.563702, 48.136439]}, "properties": {"categories": {"primary": "engineering_services", "alternate": ["professional_services", "eat_and_drink"]}, "confidence": 0.5370661020278931, "socials": ["https://www.facebook.com/1763337907308126"], "phones": ["+498954349750"], "brand": {"wikidata": null, "names": {"primary": null, "common": null, "rules": null}}, "addresses": [{"freeform": "Landwehrstraße 8", "locality": "München", "postcode": "80336", "region": null, "country": "DE"}], "names": {"primary": "ÖZPA GmbH", "common": null, "rules": null}, "sources": [{"property": "", "dataset": "meta", "license": "CDLA-Permissive-2.0", "record_id": "1763337907308126", "update_time": "2026-07-02T00:00:00.000Z", "confidence": 0.5370661020278931, "between": null}, {"property": "/properties/confidence", "dataset": "Overture", "license": "CDLA-Permissive-2.0", "record_id": null, "update_time": "2026-07-14T20:34:55Z", "confidence": null, "between": null}], "basic_category": "building_or_construction_service", "taxonomy": {"primary": "engineering_service", "hierarchy": ["services_and_business", "building_or_construction_service", "engineering_service"], "alternates": null}, "version": 2}}, {"id": "120fe120-afbb-4dc0-af4d-3bb216b2f1c0", "type": "Feature", "geometry": {"type": "Point", "coordinates": [11.563745345868, 48.136834021524]}, "properties": {"categories": {"primary": "cafe", "alternate": ["lounge"]}, "confidence": 0.5403293967247009, "socials": ["https://www.facebook.com/201252900786210"], "brand": {"wikidata": null, "names": {"primary": null, "common": null, "rules": null}}, "addresses": [{"freeform": null, "locality": "München", "postcode": null, "region": null, "country": "DE"}], "names": {"primary": "Sisha Palast Cafe Bar Sisha Lounge", "common": null, "rules": null}, "sources": [{"property": "", "dataset": "meta", "license": "CDLA-Permissive-2.0", "record_id": "201252900786210", "update_time": "2026-07-02T00:00:00.000Z", "confidence": 0.5403293967247009, "between": null}, {"property": "/properties/confidence", "dataset": "Overture", "license": "CDLA-Permissive-2.0", "record_id": null, "update_time": "2026-07-14T20:34:55Z", "confidence": null, "between": null}], "basic_category": "cafe", "taxonomy": {"primary": "cafe", "hierarchy": ["food_and_drink", "casual_eatery", "cafe"], "alternates": null}, "version": 8}}, {"id": "95bb905d-21ae-45ea-849b-ae912624f949", "type": "Feature", "geometry": {"type": "Point", "coordinates": [11.56432598, 48.13696222]}, "properties": {"categories": {"primary": "dance_club", "alternate": ["bar", "music_venue"]}, "confidence": 0.9274600148200989, "websites": ["https://holy-munich.de/"], "emails": ["holycrownsteam@gmail.com"], "socials": ["https://www.facebook.com/150201375078508"], "phones": ["+498916090339991"], "brand": {"wikidata": null, "names": {"primary": null, "common": null, "rules": null}}, "addresses": [{"freeform": "Sonnenstraße 12", "locality": "München", "postcode": "80331", "region": null, "country": "DE"}], "names": {"primary": "Holy Club", "common": null, "rules": null}, "sources": [{"property": "", "dataset": "meta", "license": "CDLA-Permissive-2.0", "record_id": "150201375078508", "update_time": "2026-07-02T00:00:00.000Z", "confidence": 0.9274600148200989, "between": null}, {"property": "/properties/confidence", "dataset": "Overture", "license": "CDLA-Permissive-2.0", "record_id": null, "update_time": "2026-07-14T20:34:55Z", "confidence": null, "between": null}], "basic_category": "dance_club", "taxonomy": {"primary": "dance_club", "hierarchy": ["arts_and_entertainment", "nightlife_venue", "dance_club"], "alternates": null}, "version": 8}}, {"id": "ed84000c-e348-4a68-89a5-18be138d2e04", "type": "Feature", "geometry": {"type": "Point", "coordinates": [11.56447439, 48.13694864]}, "properties": {"categories": {"primary": "tapas_bar", "alternate": ["cocktail_bar", "bar"]}, "confidence": 0.8817694783210754, "websites": ["http://www.dobrasil-city.de/"], "emails": ["info@dobrasil-bar.de"], "socials": ["https://www.facebook.com/667033530081546"], "phones": ["+491624247075"], "brand": {"wikidata": null, "names": {"primary": null, "common": null, "rules": null}}, "addresses": [{"freeform": "Sonnenstraße 24", "locality": "München", "postcode": "80331", "region": null, "country": "DE"}], "names": {"primary": "Do Brasil", "common": null, "rules": null}, "sources": [{"property": "", "dataset": "meta", "license": "CDLA-Permissive-2.0", "record_id": "667033530081546", "update_time": "2026-07-02T00:00:00.000Z", "confidence": 0.8817694783210754, "between": null}, {"property": "/properties/confidence", "dataset": "Overture", "license": "CDLA-Permissive-2.0", "record_id": null, "update_time": "2026-07-14T20:34:55Z", "confidence": null, "between": null}], "basic_category": "casual_eatery", "taxonomy": {"primary": "tapas_bar", "hierarchy": ["food_and_drink", "casual_eatery", "tapas_bar"], "alternates": null}, "version": 10}}, {"id": "93bdf2b1-07d0-4104-ba87-c826e4fb42e2", "type": "Feature", "geometry": {"type": "Point", "coordinates": [11.56445997, 48.13693729]}, "properties": {"categories": {"primary": "bar", "alternate": ["restaurant", "cocktail_bar"]}, "confidence": 0.9994184037446976, "websites": ["https://www.sausalitos.de/stores/muenchen-sonnenstrasse"], "emails": ["sonnenstrasse@sausalitos.de"], "socials": ["https://www.facebook.com/644033885805565"], "phones": ["+498963899836"], "brand": {"wikidata": null, "names": {"primary": "SAUSALITOS", "common": null, "rules": null}}, "addresses": [{"freeform": "Sonnenstraße 12", "locality": "München", "postcode": "80331", "region": null, "country": "DE"}], "names": {"primary": "Sausalitos", "common": null, "rules": null}, "sources": [{"property": "", "dataset": "meta", "license": "CDLA-Permissive-2.0", "record_id": "644033885805565", "update_time": "2026-07-02T00:00:00.000Z", "confidence": 0.9831421375274658, "between": null}, {"property": "/properties/confidence", "dataset": "Overture", "license": "CDLA-Permissive-2.0", "record_id": null, "update_time": "2026-07-14T20:34:55Z", "confidence": null, "between": null}], "basic_category": "bar", "taxonomy": {"primary": "bar", "hierarchy": ["food_and_drink", "alcoholic_beverage_venue", "bar"], "alternates": null}, "version": 10}}, {"id": "07463187-3b87-4188-bc8b-39c827f2a0b5", "type": "Feature", "geometry": {"type": "Point", "coordinates": [11.56443641, 48.13708127]}, "properties": {"categories": {"primary": "dance_club", "alternate": ["bar", "cocktail_bar"]}, "confidence": 0.9669539928436279, "websites": ["http://www.mojclub.de/"], "emails": ["info@mojclub.de"], "socials": ["https://www.facebook.com/561648473954761"], "phones": ["+4915227122717"], "brand": {"wikidata": null, "names": {"primary": null, "common": null, "rules": null}}, "addresses": [{"freeform": "Sonnenstraße 12", "locality": "München", "postcode": "80331", "region": null, "country": "DE"}], "names": {"primary": "Moj Club", "common": null, "rules": null}, "sources": [{"property": "", "dataset": "meta", "license": "CDLA-Permissive-2.0", "record_id": "561648473954761", "update_time": "2026-07-02T00:00:00.000Z", "confidence": 0.9669539928436279, "between": null}, {"property": "/properties/confidence", "dataset": "Overture", "license": "CDLA-Permissive-2.0", "record_id": null, "update_time": "2026-07-14T20:34:55Z", "confidence": null, "between": null}], "basic_category": "dance_club", "taxonomy": {"primary": "dance_club", "hierarchy": ["arts_and_entertainment", "nightlife_venue", "dance_club"], "alternates": null}, "version": 3}}, {"id": "7e440997-cc9d-4f09-a8e6-1e8c6bcc4e3c", "type": "Feature", "geometry": {"type": "Point", "coordinates": [11.564177, 48.137063]}, "properties": {"categories": {"primary": "arts_and_entertainment", "alternate": ["dance_club", "bar"]}, "confidence": 0.39994969964027405, "emails": ["derschwarzepeter@outlook.com"], "socials": ["https://www.facebook.com/609519339123660"], "phones": ["+4915111690970"], "brand": {"wikidata": null, "names": {"primary": null, "common": null, "rules": null}}, "addresses": [{"freeform": "Sonnenstraße 12", "locality": "München", "postcode": "80331", "region": null, "country": "DE"}], "names": {"primary": "Der Schwarze Peter", "common": null, "rules": null}, "sources": [{"property": "", "dataset": "meta", "license": "CDLA-Permissive-2.0", "record_id": "609519339123660", "update_time": "2026-07-02T00:00:00.000Z", "confidence": 0.39994969964027405, "between": null}, {"property": "/properties/confidence", "dataset": "Overture", "license": "CDLA-Permissive-2.0", "record_id": null, "update_time": "2026-07-14T20:34:55Z", "confidence": null, "between": null}], "taxonomy": {"primary": "arts_and_entertainment", "hierarchy": ["arts_and_entertainment"], "alternates": null}, "version": 10}}, {"id": "4a2e6c73-9426-40e7-8500-569d2761927e", "type": "Feature", "geometry": {"type": "Point", "coordinates": [11.56365247, 48.13704286]}, "properties": {"categories": {"primary": "cafe", "alternate": ["restaurant", "bar"]}, "confidence": 0.9264941811561584, "websites": ["http://www.city-kinos.de/citypage/cityplus/filmwirtschaft"], "socials": ["https://www.facebook.com/114062791987341"], "phones": ["+498921588880"], "brand": {"wikidata": null, "names": {"primary": null, "common": null, "rules": null}}, "addresses": [{"freeform": "Sonnenstraße 12", "locality": "München", "postcode": "80331", "region": null, "country": "DE"}], "names": {"primary": "Filmwirtschaft", "common": null, "rules": null}, "sources": [{"property": "", "dataset": "meta", "license": "CDLA-Permissive-2.0", "record_id": "114062791987341", "update_time": "2026-07-02T00:00:00.000Z", "confidence": 0.9264941811561584, "between": null}, {"property": "/properties/confidence", "dataset": "Overture", "license": "CDLA-Permissive-2.0", "record_id": null, "update_time": "2026-07-14T20:34:55Z", "confidence": null, "between": null}], "basic_category": "cafe", "taxonomy": {"primary": "cafe", "hierarchy": ["food_and_drink", "casual_eatery", "cafe"], "alternates": null}, "version": 8}}, {"id": "eea8041e-e32b-4f3a-8692-b44a0e7b16cf", "type": "Feature", "geometry": {"type": "Point", "coordinates": [11.56334, 48.13719]}, "properties": {"categories": {"primary": "hookah_bar", "alternate": ["tobacco_shop", "shopping"]}, "confidence": 0.7716161608695984, "socials": ["https://www.facebook.com/1027507523929552"], "phones": ["+498935049500"], "brand": {"wikidata": null, "names": {"primary": null, "common": null, "rules": null}}, "addresses": [{"freeform": "Schwanthalerstraße 7", "locality": "München", "postcode": "80336", "region": null, "country": "DE"}], "names": {"primary": "Hookah 4U", "common": null, "rules": null}, "sources": [{"property": "", "dataset": "meta", "license": "CDLA-Permissive-2.0", "record_id": "1027507523929552", "update_time": "2026-07-02T00:00:00.000Z", "confidence": 0.7716161608695984, "between": null}, {"property": "/properties/confidence", "dataset": "Overture", "license": "CDLA-Permissive-2.0", "record_id": null, "update_time": "2026-07-14T20:34:55Z", "confidence": null, "between": null}], "basic_category": "bar", "taxonomy": {"primary": "hookah_bar", "hierarchy": ["food_and_drink", "alcoholic_beverage_venue", "bar", "hookah_bar"], "alternates": null}, "version": 8}}, {"id": "ea4d1b1b-fa1d-4343-bba5-d072e3e99d24", "type": "Feature", "geometry": {"type": "Point", "coordinates": [11.563101, 48.137194]}, "properties": {"categories": {"primary": "hookah_bar", "alternate": null}, "confidence": 0.3978407084941864, "socials": ["https://www.facebook.com/414217989381988"], "phones": ["+498954444691"], "brand": {"wikidata": null, "names": {"primary": null, "common": null, "rules": null}}, "addresses": [{"freeform": "Schwanthalerstraße 7", "locality": "München", "postcode": "80336", "region": null, "country": "DE"}], "names": {"primary": "Amy Shisha Shop München", "common": null, "rules": null}, "sources": [{"property": "", "dataset": "meta", "license": "CDLA-Permissive-2.0", "record_id": "414217989381988", "update_time": "2026-07-02T00:00:00.000Z", "confidence": 0.3978407084941864, "between": null}, {"property": "/properties/confidence", "dataset": "Overture", "license": "CDLA-Permissive-2.0", "record_id": null, "update_time": "2026-07-14T20:34:55Z", "confidence": null, "between": null}], "basic_category": "bar", "taxonomy": {"primary": "hookah_bar", "hierarchy": ["food_and_drink", "alcoholic_beverage_venue", "bar", "hookah_bar"], "alternates": null}, "version": 1}}, {"id": "9f1c0f08-e166-4ef4-a820-217834424f24", "type": "Feature", "geometry": {"type": "Point", "coordinates": [11.562145, 48.136533]}, "properties": {"categories": {"primary": "dance_club", "alternate": ["adult_entertainment", "bar"]}, "confidence": 0.8682248163223267, "websites": ["http://www.hauptstadtklub.de/"], "socials": ["https://www.facebook.com/370865513031560"], "brand": {"wikidata": null, "names": {"primary": null, "common": null, "rules": null}}, "addresses": [{"freeform": "Sonnenstraße 12", "locality": "München", "postcode": "80331", "region": null, "country": "DE"}], "names": {"primary": "Hauptstadtklub", "common": null, "rules": null}, "sources": [{"property": "", "dataset": "meta", "license": "CDLA-Permissive-2.0", "record_id": "370865513031560", "update_time": "2026-07-02T00:00:00.000Z", "confidence": 0.4270644187927246, "between": null}, {"property": "/properties/confidence", "dataset": "Overture", "license": "CDLA-Permissive-2.0", "record_id": null, "update_time": "2026-07-14T20:34:55Z", "confidence": null, "between": null}], "basic_category": "dance_club", "taxonomy": {"primary": "dance_club", "hierarchy": ["arts_and_entertainment", "nightlife_venue", "dance_club"], "alternates": null}, "version": 3}}, {"id": "e19a13a0-988c-4fe2-9162-2d736e74a6da", "type": "Feature", "geometry": {"type": "Point", "coordinates": [11.56189177, 48.13639847]}, "properties": {"categories": {"primary": "lounge", "alternate": ["bar", "cocktail_bar"]}, "confidence": 0.9930889010429382, "socials": ["https://www.facebook.com/774611342650437"], "phones": ["+4917674833206"], "brand": {"wikidata": null, "names": {"primary": null, "common": null, "rules": null}}, "addresses": [{"freeform": "Landwehrstraße 24", "locality": "München", "postcode": "80336", "region": null, "country": "DE"}], "names": {"primary": "Infinity Lounge", "common": null, "rules": null}, "sources": [{"property": "", "dataset": "meta", "license": "CDLA-Permissive-2.0", "record_id": "774611342650437", "update_time": "2026-07-02T00:00:00.000Z", "confidence": 0.9930889010429382, "between": null}, {"property": "/properties/confidence", "dataset": "Overture", "license": "CDLA-Permissive-2.0", "record_id": null, "update_time": "2026-07-14T20:34:55Z", "confidence": null, "between": null}], "basic_category": "lounge", "taxonomy": {"primary": "lounge", "hierarchy": ["food_and_drink", "alcoholic_beverage_venue", "lounge"], "alternates": null}, "version": 10}}, {"id": "d982c82f-a446-48da-88d9-eef6a7f91088", "type": "Feature", "geometry": {"type": "Point", "coordinates": [11.56154097, 48.13641955]}, "properties": {"categories": {"primary": "turkish_restaurant", "alternate": ["restaurant", "middle_eastern_restaurant"]}, "confidence": 0.9460967779159546, "websites": ["http://www.karawanserei-muenchen.de"], "emails": ["khaledchibane313@gmail.com"], "socials": ["https://www.facebook.com/1374445902645978"], "phones": ["+498959946930"], "brand": {"wikidata": null, "names": {"primary": null, "common": null, "rules": null}}, "addresses": [{"freeform": "Bayerstraße 33", "locality": "München", "postcode": "80335", "region": null, "country": "DE"}], "names": {"primary": "restaurante", "common": null, "rules": null}, "sources": [{"property": "", "dataset": "meta", "license": "CDLA-Permissive-2.0", "record_id": "1374445902645978", "update_time": "2026-07-02T00:00:00.000Z", "confidence": 0.9460967779159546, "between": null}, {"property": "/properties/confidence", "dataset": "Overture", "license": "CDLA-Permissive-2.0", "record_id": null, "update_time": "2026-07-14T20:34:55Z", "confidence": null, "between": null}], "basic_category": "restaurant", "taxonomy": {"primary": "turkish_restaurant", "hierarchy": ["food_and_drink", "restaurant", "middle_eastern_restaurant", "turkish_restaurant"], "alternates": null}, "version": 1}}, {"id": "89933fc2-df4e-4375-9d27-4ee0c2336856", "type": "Feature", "geometry": {"type": "Point", "coordinates": [11.561530584946519, 48.136401017335245]}, "properties": {"categories": {"primary": "theme_restaurant", "alternate": ["restaurant", "fast_food_restaurant"]}, "confidence": 0.8683276772499084, "socials": ["https://www.facebook.com/1960350024210984"], "brand": {"wikidata": null, "names": {"primary": null, "common": null, "rules": null}}, "addresses": [{"freeform": "Landwehrstraße 26", "locality": "München", "postcode": "80336", "region": null, "country": "DE"}], "names": {"primary": "باب الحارة Müchen", "common": null, "rules": null}, "sources": [{"property": "", "dataset": "meta", "license": "CDLA-Permissive-2.0", "record_id": "1960350024210984", "update_time": "2026-07-02T00:00:00.000Z", "confidence": 0.8683276772499084, "between": null}, {"property": "/properties/confidence", "dataset": "Overture", "license": "CDLA-Permissive-2.0", "record_id": null, "update_time": "2026-07-14T20:34:55Z", "confidence": null, "between": null}], "basic_category": "restaurant", "taxonomy": {"primary": "theme_restaurant", "hierarchy": ["food_and_drink", "restaurant", "theme_restaurant"], "alternates": null}, "version": 4}}, {"id": "01a38928-658f-4918-85e8-09c5ccef78f0", "type": "Feature", "geometry": {"type": "Point", "coordinates": [11.5609482, 48.1364959]}, "properties": {"categories": {"primary": "casino", "alternate": ["betting_center", "arts_and_entertainment", "restaurant"]}, "confidence": 0.85, "websites": ["https://sports.tipico.de/de"], "phones": [""], "addresses": [{"freeform": "Schillerstr. 30", "locality": "München", "postcode": "80336", "region": "Bavaria", "country": "DE"}], "names": {"primary": "Tipico", "common": null, "rules": null}, "sources": [{"property": "", "dataset": "Microsoft", "license": "CDLA-Permissive-2.0", "record_id": "1407374889597427", "update_time": "2024-04-18T11:16:18.963Z", "confidence": 0.85, "between": null}, {"property": "/properties/confidence", "dataset": "Overture", "license": "CDLA-Permissive-2.0", "record_id": null, "update_time": "2026-07-14T20:34:55Z", "confidence": null, "between": null}], "basic_category": "casino", "taxonomy": {"primary": "casino", "hierarchy": ["arts_and_entertainment", "gaming_venue", "casino"], "alternates": null}, "version": 8}}, {"id": "52fd9972-24c8-4bf6-96be-5cc43ddbb6e2", "type": "Feature", "geometry": {"type": "Point", "coordinates": [11.5607, 48.136215]}, "properties": {"categories": {"primary": "middle_eastern_restaurant", "alternate": ["restaurant", "grocery_store"]}, "confidence": 0.9462970495223999, "emails": ["schirini.nawa@yahoo.de"], "socials": ["https://www.facebook.com/315365585273118"], "phones": ["+4917662103383"], "brand": {"wikidata": null, "names": {"primary": null, "common": null, "rules": null}}, "addresses": [{"freeform": "Landwehrstraße 31", "locality": "München", "postcode": "80336", "region": null, "country": "DE"}], "names": {"primary": "Schirini Nawa", "common": null, "rules": null}, "sources": [{"property": "", "dataset": "meta", "license": "CDLA-Permissive-2.0", "record_id": "315365585273118", "update_time": "2026-07-02T00:00:00.000Z", "confidence": 0.9462970495223999, "between": null}, {"property": "/properties/confidence", "dataset": "Overture", "license": "CDLA-Permissive-2.0", "record_id": null, "update_time": "2026-07-14T20:34:55Z", "confidence": null, "between": null}], "basic_category": "restaurant", "taxonomy": {"primary": "middle_eastern_restaurant", "hierarchy": ["food_and_drink", "restaurant", "middle_eastern_restaurant"], "alternates": null}, "version": 10}}, {"id": "c8ff0fc6-cac7-4806-9339-c6d17097c1ef", "type": "Feature", "geometry": {"type": "Point", "coordinates": [11.56075911, 48.13630993]}, "properties": {"categories": {"primary": "cafe", "alternate": ["bakery", "restaurant"]}, "confidence": 0.9982524228096008, "websites": ["http://www.cafe-mauerer.de/"], "emails": ["info@cafe-mauerer.de"], "socials": ["https://www.facebook.com/182265998516136"], "phones": ["+4989716717761"], "brand": {"wikidata": null, "names": {"primary": null, "common": null, "rules": null}}, "addresses": [{"freeform": "Landwehrstraße 31", "locality": "München", "postcode": "80336", "region": null, "country": "DE"}], "names": {"primary": "Cafe und Bäckerei Mauerer", "common": null, "rules": null}, "sources": [{"property": "", "dataset": "meta", "license": "CDLA-Permissive-2.0", "record_id": "182265998516136", "update_time": "2026-07-02T00:00:00.000Z", "confidence": 0.9924018383026123, "between": null}, {"property": "/properties/confidence", "dataset": "Overture", "license": "CDLA-Permissive-2.0", "record_id": null, "update_time": "2026-07-14T20:34:55Z", "confidence": null, "between": null}], "basic_category": "cafe", "taxonomy": {"primary": "cafe", "hierarchy": ["food_and_drink", "casual_eatery", "cafe"], "alternates": null}, "version": 9}}, {"id": "fa92c3ce-93aa-4f06-a036-b049bf0834da", "type": "Feature", "geometry": {"type": "Point", "coordinates": [11.56107839, 48.13670296]}, "properties": {"categories": {"primary": "brewery", "alternate": ["german_restaurant", "restaurant"]}, "confidence": 0.9997186631858349, "websites": ["http://www.schiller-braeu.de/"], "emails": ["servus@schiller-braeu.de"], "socials": ["https://www.facebook.com/411569389050425"], "phones": ["+4989890584820"], "brand": {"wikidata": null, "names": {"primary": null, "common": null, "rules": null}}, "addresses": [{"freeform": "Schillerstraße 23", "locality": "München", "postcode": "80336", "region": null, "country": "DE"}], "names": {"primary": "Rüsselsheimer Bräu", "common": null, "rules": null}, "sources": [{"property": "", "dataset": "meta", "license": "CDLA-Permissive-2.0", "record_id": "411569389050425", "update_time": "2026-07-02T00:00:00.000Z", "confidence": 0.9918453097343445, "between": null}, {"property": "/properties/confidence", "dataset": "Overture", "license": "CDLA-Permissive-2.0", "record_id": null, "update_time": "2026-07-14T20:34:55Z", "confidence": null, "between": null}], "basic_category": "brewery", "taxonomy": {"primary": "brewery", "hierarchy": ["food_and_drink", "alcoholic_beverage_venue", "brewery"], "alternates": null}, "version": 1}}, {"id": "6cfc66b4-ae71-4699-9e22-a6fc57748bae", "type": "Feature", "geometry": {"type": "Point", "coordinates": [11.562042832374573, 48.13726787305856]}, "properties": {"categories": {"primary": "german_restaurant", "alternate": null}, "confidence": 0.77, "websites": ["http://www.hotel-deutsches-theater.com"], "phones": ["089 8899950"], "addresses": [{"freeform": "Schwanthalerstr. 15", "locality": "Munich", "postcode": "80336", "region": "Bayern", "country": "DE"}], "names": {"primary": "Deutsches Weingold", "common": null, "rules": null}, "sources": [{"property": "", "dataset": "Foursquare", "license": "Apache-2.0", "record_id": "534eeaeb498efe766bf9b67b", "update_time": "2025-05-23T00:00:00.000", "confidence": 0.77, "between": null}, {"property": "/properties/confidence", "dataset": "Overture", "license": "CDLA-Permissive-2.0", "record_id": null, "update_time": "2026-07-14T20:34:55Z", "confidence": null, "between": null}], "basic_category": "restaurant", "taxonomy": {"primary": "german_restaurant", "hierarchy": ["food_and_drink", "restaurant", "european_restaurant", "central_european_restaurant", "german_restaurant"], "alternates": null}, "version": 4}}, {"id": "2383cd9b-a1f1-406c-ad19-b729bab5b77c", "type": "Feature", "geometry": {"type": "Point", "coordinates": [11.56236751, 48.13731386]}, "properties": {"categories": {"primary": "restaurant", "alternate": ["italian_restaurant", "diner"]}, "confidence": 0.44580787420272827, "websites": ["http://www.tuerkischesrestaurantmuenchen.de/"], "socials": ["https://www.facebook.com/125931234615732"], "phones": ["+498959083953"], "brand": {"wikidata": null, "names": {"primary": null, "common": null, "rules": null}}, "addresses": [{"freeform": "Schwanthalerstraße 15", "locality": "München", "postcode": "80336", "region": null, "country": "DE"}], "names": {"primary": "Al Teatro", "common": null, "rules": null}, "sources": [{"property": "", "dataset": "meta", "license": "CDLA-Permissive-2.0", "record_id": "125931234615732", "update_time": "2026-07-02T00:00:00.000Z", "confidence": 0.44580787420272827, "between": null}, {"property": "/properties/confidence", "dataset": "Overture", "license": "CDLA-Permissive-2.0", "record_id": null, "update_time": "2026-07-14T20:34:55Z", "confidence": null, "between": null}], "basic_category": "restaurant", "taxonomy": {"primary": "restaurant", "hierarchy": ["food_and_drink", "restaurant"], "alternates": null}, "version": 9}}, {"id": "6bd8fb70-fdb2-4bca-afee-a7b5b8a95123", "type": "Feature", "geometry": {"type": "Point", "coordinates": [11.56262, 48.13723]}, "properties": {"categories": {"primary": "german_restaurant", "alternate": ["restaurant", "diner"]}, "confidence": 0.27665603160858154, "websites": ["https://www.stiftl-theater.de/"], "emails": ["theater@stiftl.de"], "socials": ["https://www.facebook.com/537291122805973"], "phones": ["+4989350966619"], "brand": {"wikidata": null, "names": {"primary": null, "common": null, "rules": null}}, "addresses": [{"freeform": "Schwanthalerstraße 13", "locality": "München", "postcode": "80336", "region": null, "country": "DE"}], "names": {"primary": "Stiftl Gastronomie im Deutschen Theater", "common": null, "rules": null}, "sources": [{"property": "", "dataset": "meta", "license": "CDLA-Permissive-2.0", "record_id": "537291122805973", "update_time": "2026-07-02T00:00:00.000Z", "confidence": 0.27665603160858154, "between": null}, {"property": "/properties/confidence", "dataset": "Overture", "license": "CDLA-Permissive-2.0", "record_id": null, "update_time": "2026-07-14T20:34:55Z", "confidence": null, "between": null}], "basic_category": "restaurant", "taxonomy": {"primary": "german_restaurant", "hierarchy": ["food_and_drink", "restaurant", "european_restaurant", "central_european_restaurant", "german_restaurant"], "alternates": null}, "version": 1}}, {"id": "c24869a8-8cf9-4e55-941f-8e6472b6ecd1", "type": "Feature", "geometry": {"type": "Point", "coordinates": [11.56262, 48.13723]}, "properties": {"categories": {"primary": "restaurant", "alternate": ["bar", "pub"]}, "confidence": 0.9238851070404053, "websites": ["https://vathos-muenchen.de/"], "socials": ["https://www.facebook.com/433543950724599"], "phones": ["+498951519233"], "brand": {"wikidata": null, "names": {"primary": null, "common": null, "rules": null}}, "addresses": [{"freeform": "Schwanthalerstraße 13", "locality": "München", "postcode": "80336", "region": null, "country": "DE"}], "names": {"primary": "Vathos", "common": null, "rules": null}, "sources": [{"property": "", "dataset": "meta", "license": "CDLA-Permissive-2.0", "record_id": "433543950724599", "update_time": "2026-07-02T00:00:00.000Z", "confidence": 0.9238851070404053, "between": null}, {"property": "/properties/confidence", "dataset": "Overture", "license": "CDLA-Permissive-2.0", "record_id": null, "update_time": "2026-07-14T20:34:55Z", "confidence": null, "between": null}], "basic_category": "restaurant", "taxonomy": {"primary": "restaurant", "hierarchy": ["food_and_drink", "restaurant"], "alternates": null}, "version": 11}}, {"id": "30a9a191-f436-4c15-8bd1-d32bdc21bace", "type": "Feature", "geometry": {"type": "Point", "coordinates": [11.562634, 48.137218]}, "properties": {"categories": {"primary": "restaurant", "alternate": ["asian_restaurant"]}, "confidence": 0.9601516723632812, "websites": ["http://www.sojo-munich.de/"], "socials": ["https://www.facebook.com/107539418367088"], "phones": ["+498951519233"], "brand": {"wikidata": null, "names": {"primary": null, "common": null, "rules": null}}, "addresses": [{"freeform": "Schwanthalerstraße 13", "locality": "München", "postcode": "80336", "region": null, "country": "DE"}], "names": {"primary": "SOJO Restaurant", "common": null, "rules": null}, "sources": [{"property": "", "dataset": "meta", "license": "CDLA-Permissive-2.0", "record_id": "107539418367088", "update_time": "2026-07-02T00:00:00.000Z", "confidence": 0.9601516723632812, "between": null}, {"property": "/properties/confidence", "dataset": "Overture", "license": "CDLA-Permissive-2.0", "record_id": null, "update_time": "2026-07-14T20:34:55Z", "confidence": null, "between": null}], "basic_category": "restaurant", "taxonomy": {"primary": "restaurant", "hierarchy": ["food_and_drink", "restaurant"], "alternates": null}, "version": 6}}, {"id": "95879e78-fc9b-41de-a7c4-336bb9533e04", "type": "Feature", "geometry": {"type": "Point", "coordinates": [11.562637, 48.13721]}, "properties": {"categories": {"primary": "latin_american_restaurant", "alternate": null}, "confidence": 0.77, "websites": ["https://www.paulosmunich.de"], "socials": ["https://www.instagram.com/paulos_munich"], "phones": ["089 51519233"], "addresses": [{"freeform": "Schwanthalerstr. 13", "locality": "München", "postcode": "80336", "region": "Bayern", "country": "DE"}], "names": {"primary": "Paulo's Amazonas Bar & Cuisine", "common": null, "rules": null}, "sources": [{"property": "", "dataset": "Foursquare", "license": "Apache-2.0", "record_id": "671162c9717b7b49271965bb", "update_time": "2026-03-12T00:00:00.000", "confidence": 0.77, "between": null}, {"property": "/properties/confidence", "dataset": "Overture", "license": "CDLA-Permissive-2.0", "record_id": null, "update_time": "2026-07-14T20:34:55Z", "confidence": null, "between": null}], "basic_category": "restaurant", "taxonomy": {"primary": "latin_american_restaurant", "hierarchy": ["food_and_drink", "restaurant", "latin_american_restaurant"], "alternates": null}, "version": 8}}, {"id": "64da93ee-d2ea-4d5f-8354-d4596608237e", "type": "Feature", "geometry": {"type": "Point", "coordinates": [11.56256317, 48.13747236]}, "properties": {"categories": {"primary": "italian_restaurant", "alternate": ["european_restaurant", "mediterranean_restaurant"]}, "confidence": 0.9917135238647461, "websites": ["http://www.lamiatrattoria.de/"], "emails": ["ciao@lamiatrattoria.de"], "socials": ["https://www.facebook.com/123891797664807"], "phones": ["+498928858983"], "brand": {"wikidata": null, "names": {"primary": null, "common": null, "rules": null}}, "addresses": [{"freeform": "Schwanthalerstraße 12", "locality": "München", "postcode": "80336", "region": null, "country": "DE"}], "names": {"primary": "MIA Trattoria e Bar", "common": null, "rules": null}, "sources": [{"property": "", "dataset": "meta", "license": "CDLA-Permissive-2.0", "record_id": "123891797664807", "update_time": "2026-07-02T00:00:00.000Z", "confidence": 0.9917135238647461, "between": null}, {"property": "/properties/confidence", "dataset": "Overture", "license": "CDLA-Permissive-2.0", "record_id": null, "update_time": "2026-07-14T20:34:55Z", "confidence": null, "between": null}], "basic_category": "restaurant", "taxonomy": {"primary": "italian_restaurant", "hierarchy": ["food_and_drink", "restaurant", "european_restaurant", "mediterranean_restaurant", "italian_restaurant"], "alternates": null}, "version": 8}}, {"id": "dcc63953-1019-410a-98c5-5ff708d65a82", "type": "Feature", "geometry": {"type": "Point", "coordinates": [11.5625700475357, 48.13750128428818]}, "properties": {"categories": {"primary": "hookah_bar", "alternate": null}, "confidence": 0.77, "websites": ["http://www.cafe-millennium.de"], "phones": ["089 28858983"], "addresses": [{"freeform": "Schwanthaler Str. 12", "locality": "München", "postcode": "80335", "region": "Bayern", "country": "DE"}], "names": {"primary": "Millennium", "common": null, "rules": null}, "sources": [{"property": "", "dataset": "Foursquare", "license": "Apache-2.0", "record_id": "4b5836c4f964a5203c4e28e3", "update_time": "2024-10-12T00:00:00.000", "confidence": 0.77, "between": null}, {"property": "/properties/confidence", "dataset": "Overture", "license": "CDLA-Permissive-2.0", "record_id": null, "update_time": "2026-07-14T20:34:55Z", "confidence": null, "between": null}], "basic_category": "bar", "taxonomy": {"primary": "hookah_bar", "hierarchy": ["food_and_drink", "alcoholic_beverage_venue", "bar", "hookah_bar"], "alternates": null}, "version": 5}}, {"id": "6006c675-3473-4cc9-a100-108e08798155", "type": "Feature", "geometry": {"type": "Point", "coordinates": [11.56297, 48.13759]}, "properties": {"categories": {"primary": "mobile_phone_store", "alternate": ["coffee_shop", "internet_cafe"]}, "confidence": 0.9450876116752625, "websites": ["https://babylon-callshop.jimdosite.com/"], "socials": ["https://www.facebook.com/270635366404042"], "phones": ["+4915775911100"], "brand": {"wikidata": null, "names": {"primary": null, "common": null, "rules": null}}, "addresses": [{"freeform": "Schwanthalerstraße 19", "locality": "München", "postcode": "80336", "region": null, "country": "DE"}], "names": {"primary": "Babylon Callshop", "common": null, "rules": null}, "sources": [{"property": "", "dataset": "meta", "license": "CDLA-Permissive-2.0", "record_id": "270635366404042", "update_time": "2026-07-02T00:00:00.000Z", "confidence": 0.9450876116752625, "between": null}, {"property": "/properties/confidence", "dataset": "Overture", "license": "CDLA-Permissive-2.0", "record_id": null, "update_time": "2026-07-14T20:34:55Z", "confidence": null, "between": null}], "basic_category": "electronics_store", "taxonomy": {"primary": "mobile_phone_store", "hierarchy": ["shopping", "specialty_store", "electronics_store", "mobile_phone_store"], "alternates": null}, "version": 9}}, {"id": "4d1487f7-45a3-4cb5-8a61-5392d5389719", "type": "Feature", "geometry": {"type": "Point", "coordinates": [11.563264, 48.137526]}, "properties": {"categories": {"primary": "restaurant", "alternate": ["burger_restaurant", "pizza_restaurant"]}, "confidence": 0.4846196472644806, "websites": ["http://www.the7lounge.com/"], "socials": ["https://www.facebook.com/475042492565039"], "phones": ["+4989598363"], "brand": {"wikidata": null, "names": {"primary": null, "common": null, "rules": null}}, "addresses": [{"freeform": "Schwanthalerstraße 7", "locality": "München", "postcode": "80336", "region": null, "country": "DE"}], "names": {"primary": "The Seven Lounge", "common": null, "rules": null}, "sources": [{"property": "", "dataset": "meta", "license": "CDLA-Permissive-2.0", "record_id": "475042492565039", "update_time": "2026-07-02T00:00:00.000Z", "confidence": 0.4846196472644806, "between": null}, {"property": "/properties/confidence", "dataset": "Overture", "license": "CDLA-Permissive-2.0", "record_id": null, "update_time": "2026-07-14T20:34:55Z", "confidence": null, "between": null}], "basic_category": "restaurant", "taxonomy": {"primary": "restaurant", "hierarchy": ["food_and_drink", "restaurant"], "alternates": null}, "version": 7}}, {"id": "f0ca034b-4fe7-4075-855c-da096e214821", "type": "Feature", "geometry": {"type": "Point", "coordinates": [11.56336, 48.13771]}, "properties": {"categories": {"primary": "restaurant", "alternate": ["spanish_restaurant", "arabian_restaurant"]}, "confidence": 0.726367175579071, "emails": ["yassin.awad@web.de"], "socials": ["https://www.facebook.com/1171882839338541"], "phones": ["+4917625013554"], "brand": {"wikidata": null, "names": {"primary": null, "common": null, "rules": null}}, "addresses": [{"freeform": "Schwanthalerstraße 8", "locality": "München", "postcode": "80336", "region": null, "country": "DE"}], "names": {"primary": "مطعم كرم ميونخ", "common": null, "rules": null}, "sources": [{"property": "", "dataset": "meta", "license": "CDLA-Permissive-2.0", "record_id": "1171882839338541", "update_time": "2026-07-02T00:00:00.000Z", "confidence": 0.726367175579071, "between": null}, {"property": "/properties/confidence", "dataset": "Overture", "license": "CDLA-Permissive-2.0", "record_id": null, "update_time": "2026-07-14T20:34:55Z", "confidence": null, "between": null}], "basic_category": "restaurant", "taxonomy": {"primary": "restaurant", "hierarchy": ["food_and_drink", "restaurant"], "alternates": null}, "version": 1}}, {"id": "fe4ace5d-e679-4c6b-83f5-afac1b5021f5", "type": "Feature", "geometry": {"type": "Point", "coordinates": [11.56336153, 48.13753729]}, "properties": {"categories": {"primary": "fast_food_restaurant", "alternate": ["burger_restaurant", "restaurant"]}, "confidence": 0.8948037660121918, "websites": ["https://www.mcdonalds.de/restaurant?id=0007"], "socials": ["https://www.facebook.com/1170619619734875"], "phones": ["+498954829373"], "brand": {"wikidata": null, "names": {"primary": "McDonald's", "common": null, "rules": null}}, "addresses": [{"freeform": "Schwanthalerstraße 8", "locality": "München", "postcode": "80336", "region": null, "country": "DE"}], "names": {"primary": "McDonald's", "common": null, "rules": null}, "sources": [{"property": "", "dataset": "meta", "license": "CDLA-Permissive-2.0", "record_id": "1170619619734875", "update_time": "2026-07-02T00:00:00.000Z", "confidence": 0.5426250696182251, "between": null}, {"property": "/properties/confidence", "dataset": "Overture", "license": "CDLA-Permissive-2.0", "record_id": null, "update_time": "2026-07-14T20:34:55Z", "confidence": null, "between": null}], "basic_category": "fast_food_restaurant", "taxonomy": {"primary": "fast_food_restaurant", "hierarchy": ["food_and_drink", "casual_eatery", "fast_food_restaurant"], "alternates": null}, "version": 3}}, {"id": "75f4304c-3bc3-43ef-8aa2-f62d89e5d36f", "type": "Feature", "geometry": {"type": "Point", "coordinates": [11.56346912, 48.13748202]}, "properties": {"categories": {"primary": "turkish_restaurant", "alternate": ["middle_eastern_restaurant", "restaurant"]}, "confidence": 0.8650051355361938, "socials": ["https://www.facebook.com/100676892554530"], "phones": ["+498954321907"], "brand": {"wikidata": null, "names": {"primary": null, "common": null, "rules": null}}, "addresses": [{"freeform": "Schwanthalerstraße 8", "locality": "München", "postcode": "80336", "region": null, "country": "DE"}], "names": {"primary": "Restaurant Karam", "common": null, "rules": null}, "sources": [{"property": "", "dataset": "meta", "license": "CDLA-Permissive-2.0", "record_id": "100676892554530", "update_time": "2026-07-02T00:00:00.000Z", "confidence": 0.8650051355361938, "between": null}, {"property": "/properties/confidence", "dataset": "Overture", "license": "CDLA-Permissive-2.0", "record_id": null, "update_time": "2026-07-14T20:34:55Z", "confidence": null, "between": null}], "basic_category": "restaurant", "taxonomy": {"primary": "turkish_restaurant", "hierarchy": ["food_and_drink", "restaurant", "middle_eastern_restaurant", "turkish_restaurant"], "alternates": null}, "version": 8}}, {"id": "2ae52be1-ef63-4b9c-ae1a-d3326930ab4d", "type": "Feature", "geometry": {"type": "Point", "coordinates": [11.56352699, 48.13732964]}, "properties": {"categories": {"primary": "sandwich_shop", "alternate": ["fast_food_restaurant", "restaurant"]}, "confidence": 0.9998551035106182, "websites": ["http://www.dein-subway.de/"], "emails": ["marschmann@mig-holding.com"], "socials": ["https://www.facebook.com/1705253999495109"], "phones": ["+498981899937"], "brand": {"wikidata": null, "names": {"primary": "Subway", "common": null, "rules": null}}, "addresses": [{"freeform": "Schwanthalerstraße 5", "locality": "München", "postcode": "80336", "region": null, "country": "DE"}], "names": {"primary": "Subway", "common": null, "rules": null}, "sources": [{"property": "", "dataset": "meta", "license": "CDLA-Permissive-2.0", "record_id": "1705253999495109", "update_time": "2026-07-02T00:00:00.000Z", "confidence": 0.9790005087852478, "between": null}, {"property": "/properties/confidence", "dataset": "Overture", "license": "CDLA-Permissive-2.0", "record_id": null, "update_time": "2026-07-14T20:34:55Z", "confidence": null, "between": null}], "basic_category": "casual_eatery", "taxonomy": {"primary": "sandwich_shop", "hierarchy": ["food_and_drink", "casual_eatery", "sandwich_shop"], "alternates": null}, "version": 8}}, {"id": "565df1be-5247-4b21-9fe6-adf64f02e215", "type": "Feature", "geometry": {"type": "Point", "coordinates": [11.56340795, 48.13734431]}, "properties": {"categories": {"primary": "hookah_bar", "alternate": ["lounge", "bar"]}, "confidence": 0.9969336926937103, "websites": ["http://www.zaitoone.com/"], "emails": ["info@zaitoone.com"], "socials": ["https://www.facebook.com/533616233343989"], "phones": ["+4989598363"], "brand": {"wikidata": null, "names": {"primary": null, "common": null, "rules": null}}, "addresses": [{"freeform": "Schwanthalerstraße 7", "locality": "München", "postcode": "80336", "region": null, "country": "DE"}], "names": {"primary": "Zaitoone", "common": null, "rules": null}, "sources": [{"property": "", "dataset": "meta", "license": "CDLA-Permissive-2.0", "record_id": "533616233343989", "update_time": "2026-07-02T00:00:00.000Z", "confidence": 0.9866682291030884, "between": null}, {"property": "/properties/confidence", "dataset": "Overture", "license": "CDLA-Permissive-2.0", "record_id": null, "update_time": "2026-07-14T20:34:55Z", "confidence": null, "between": null}], "basic_category": "bar", "taxonomy": {"primary": "hookah_bar", "hierarchy": ["food_and_drink", "alcoholic_beverage_venue", "bar", "hookah_bar"], "alternates": null}, "version": 10}}, {"id": "f4d617e0-25eb-443f-a1e2-ab103c62c78d", "type": "Feature", "geometry": {"type": "Point", "coordinates": [11.56336989, 48.13733423]}, "properties": {"categories": {"primary": "food_beverage_service_distribution", "alternate": ["specialty_grocery_store", "eat_and_drink"]}, "confidence": 0.8558450409770012, "websites": ["http://www.agentur-buttermilch.de/"], "emails": ["info@elektro-krug.de"], "socials": ["https://www.facebook.com/245909062175621"], "phones": ["+4989555195"], "brand": {"wikidata": null, "names": {"primary": null, "common": null, "rules": null}}, "addresses": [{"freeform": "Schwanthalerstraße 7", "locality": "München", "postcode": "80336", "region": null, "country": "DE"}], "names": {"primary": "Krug Verwaltungs GmbH", "common": null, "rules": null}, "sources": [{"property": "", "dataset": "meta", "license": "CDLA-Permissive-2.0", "record_id": "245909062175621", "update_time": "2026-07-02T00:00:00.000Z", "confidence": 0.37323930859565735, "between": null}, {"property": "/properties/confidence", "dataset": "Overture", "license": "CDLA-Permissive-2.0", "record_id": null, "update_time": "2026-07-14T20:34:55Z", "confidence": null, "between": null}], "basic_category": "supplier_or_distributor", "taxonomy": {"primary": "food_beverage_distributor", "hierarchy": ["services_and_business", "business", "food_beverage_distributor"], "alternates": null}, "version": 8}}, {"id": "2eeeebc8-f7a7-4b92-ad75-f3fece2aaaef", "type": "Feature", "geometry": {"type": "Point", "coordinates": [11.56338613, 48.1374624]}, "properties": {"categories": {"primary": "thai_restaurant", "alternate": ["asian_restaurant", "restaurant"]}, "confidence": 0.9973075664043427, "websites": ["http://www.ratchada.de"], "emails": ["info@ratchada.de"], "socials": ["https://www.facebook.com/161297117230895"], "phones": ["+49894317859"], "brand": {"wikidata": null, "names": {"primary": null, "common": null, "rules": null}}, "addresses": [{"freeform": "Schwanthalerstraße 8", "locality": "München", "postcode": "80336", "region": null, "country": "DE"}], "names": {"primary": "Ratchada", "common": null, "rules": null}, "sources": [{"property": "", "dataset": "meta", "license": "CDLA-Permissive-2.0", "record_id": "161297117230895", "update_time": "2026-07-02T00:00:00.000Z", "confidence": 0.9882937669754028, "between": null}, {"property": "/properties/confidence", "dataset": "Overture", "license": "CDLA-Permissive-2.0", "record_id": null, "update_time": "2026-07-14T20:34:55Z", "confidence": null, "between": null}], "basic_category": "restaurant", "taxonomy": {"primary": "thai_restaurant", "hierarchy": ["food_and_drink", "restaurant", "asian_restaurant", "southeast_asian_restaurant", "thai_restaurant"], "alternates": null}, "version": 9}}, {"id": "4f392e64-4eae-4eb4-a826-c6f178acf85a", "type": "Feature", "geometry": {"type": "Point", "coordinates": [11.56374667, 48.13728543]}, "properties": {"categories": {"primary": "mexican_restaurant", "alternate": ["cocktail_bar", "bar"]}, "confidence": 0.9984652972221375, "websites": ["http://www.lafiesta-bar.de/"], "emails": ["info@lafiesta-bar.de"], "socials": ["https://www.facebook.com/156220041165609"], "phones": ["+4917665534350"], "brand": {"wikidata": null, "names": {"primary": null, "common": null, "rules": null}}, "addresses": [{"freeform": "Schwanthalerstraße 3", "locality": "München", "postcode": "80336", "region": null, "country": "DE"}], "names": {"primary": "La Fiesta München", "common": null, "rules": null}, "sources": [{"property": "", "dataset": "meta", "license": "CDLA-Permissive-2.0", "record_id": "156220041165609", "update_time": "2026-07-02T00:00:00.000Z", "confidence": 0.9933273792266846, "between": null}, {"property": "/properties/confidence", "dataset": "Overture", "license": "CDLA-Permissive-2.0", "record_id": null, "update_time": "2026-07-14T20:34:55Z", "confidence": null, "between": null}], "basic_category": "restaurant", "taxonomy": {"primary": "mexican_restaurant", "hierarchy": ["food_and_drink", "restaurant", "latin_american_restaurant", "mexican_restaurant"], "alternates": null}, "version": 5}}, {"id": "c784fe56-5941-436f-89f8-2011f1f9e74e", "type": "Feature", "geometry": {"type": "Point", "coordinates": [11.564513, 48.137622]}, "properties": {"categories": {"primary": "dance_club", "alternate": ["bar", "arts_and_entertainment"]}, "confidence": 0.8120370551943779, "websites": ["http://www.monacomedia.de/muenchenwiki/index.php/X-Cess"], "socials": ["https://www.facebook.com/246273845390104"], "phones": ["+491796959337"], "brand": {"wikidata": null, "names": {"primary": null, "common": null, "rules": null}}, "addresses": [{"freeform": "Sonnenstraße 8", "locality": "München", "postcode": "80331", "region": null, "country": "DE"}], "names": {"primary": "X-CESS", "common": null, "rules": null}, "sources": [{"property": "", "dataset": "meta", "license": "CDLA-Permissive-2.0", "record_id": "246273845390104", "update_time": "2026-07-02T00:00:00.000Z", "confidence": 0.1827698051929474, "between": null}, {"property": "/properties/confidence", "dataset": "Overture", "license": "CDLA-Permissive-2.0", "record_id": null, "update_time": "2026-07-14T20:34:55Z", "confidence": null, "between": null}], "basic_category": "dance_club", "taxonomy": {"primary": "dance_club", "hierarchy": ["arts_and_entertainment", "nightlife_venue", "dance_club"], "alternates": null}, "version": 7}}, {"id": "11ee4518-89ff-43f1-80c4-e0e720f3f742", "type": "Feature", "geometry": {"type": "Point", "coordinates": [11.56394655, 48.1374812]}, "properties": {"categories": {"primary": "middle_eastern_restaurant", "alternate": ["restaurant", "diner"]}, "confidence": 0.9940818637609482, "websites": ["http://www.sindbad-restaurant.de/"], "emails": ["sindbad@sindbad-restaurant.de"], "socials": ["https://www.facebook.com/120474870985609"], "phones": ["+498954349908"], "brand": {"wikidata": null, "names": {"primary": null, "common": null, "rules": null}}, "addresses": [{"freeform": "Schwanthalerstraße 2", "locality": "München", "postcode": "80336", "region": null, "country": "DE"}], "names": {"primary": "Sindbad", "common": null, "rules": null}, "sources": [{"property": "", "dataset": "meta", "license": "CDLA-Permissive-2.0", "record_id": "120474870985609", "update_time": "2026-07-02T00:00:00.000Z", "confidence": 0.9742689728736877, "between": null}, {"property": "/properties/confidence", "dataset": "Overture", "license": "CDLA-Permissive-2.0", "record_id": null, "update_time": "2026-07-14T20:34:55Z", "confidence": null, "between": null}], "basic_category": "restaurant", "taxonomy": {"primary": "middle_eastern_restaurant", "hierarchy": ["food_and_drink", "restaurant", "middle_eastern_restaurant"], "alternates": null}, "version": 6}}, {"id": "a5d75d29-484f-4755-9252-98b7740bb154", "type": "Feature", "geometry": {"type": "Point", "coordinates": [11.564474, 48.137776]}, "properties": {"categories": {"primary": "bar", "alternate": ["burger_restaurant", "chicken_restaurant", "fast_food_restaurant", "restaurant"]}, "confidence": 0.9931, "websites": ["https://www.burgerking.de/"], "phones": ["08954883780"], "addresses": [{"freeform": "Sonnenstr. 6", "locality": "München", "postcode": "80331", "region": "Bavaria", "country": "DE"}], "names": {"primary": "Burger King Restaurant", "common": null, "rules": null}, "sources": [{"property": "", "dataset": "Microsoft", "license": "CDLA-Permissive-2.0", "record_id": "281474979475436", "update_time": "2024-06-20T06:20:03.207Z", "confidence": 0.85, "between": null}, {"property": "/properties/confidence", "dataset": "Overture", "license": "CDLA-Permissive-2.0", "record_id": null, "update_time": "2026-07-14T20:34:55Z", "confidence": null, "between": null}], "basic_category": "bar", "taxonomy": {"primary": "bar", "hierarchy": ["food_and_drink", "alcoholic_beverage_venue", "bar"], "alternates": null}, "version": 7}}, {"id": "bda5f0ca-ed89-49e9-baff-c102ba8634ea", "type": "Feature", "geometry": {"type": "Point", "coordinates": [11.564451, 48.137776]}, "properties": {"categories": {"primary": "youth_organizations", "alternate": ["community_services_non_profits", "italian_restaurant"]}, "confidence": 0.7923327088356018, "websites": ["https://www.junost-bayern.de/"], "emails": ["info@junost-bayern.de"], "socials": ["https://www.facebook.com/225556557629293"], "phones": ["+498954030318"], "brand": {"wikidata": null, "names": {"primary": null, "common": null, "rules": null}}, "addresses": [{"freeform": "Blumenstraße 29", "locality": "München", "postcode": "80331", "region": null, "country": "DE"}], "names": {"primary": "JunОst in Bayern", "common": null, "rules": null}, "sources": [{"property": "", "dataset": "meta", "license": "CDLA-Permissive-2.0", "record_id": "225556557629293", "update_time": "2026-07-02T00:00:00.000Z", "confidence": 0.7923327088356018, "between": null}, {"property": "/properties/confidence", "dataset": "Overture", "license": "CDLA-Permissive-2.0", "record_id": null, "update_time": "2026-07-14T20:34:55Z", "confidence": null, "between": null}], "basic_category": "youth_organization", "taxonomy": {"primary": "youth_organization", "hierarchy": ["community_and_government", "social_or_community_service", "youth_organization"], "alternates": null}, "version": 1}}, {"id": "6e1a47fb-0ddc-49c7-9389-6f0c88cd978b", "type": "Feature", "geometry": {"type": "Point", "coordinates": [11.56465779, 48.13795785]}, "properties": {"categories": {"primary": "asian_restaurant", "alternate": ["vietnamese_restaurant", "restaurant"]}, "confidence": 0.9879916310310364, "emails": ["naicha19902008@gmail.com"], "socials": ["https://www.facebook.com/100588425171495"], "phones": ["+498959978891"], "brand": {"wikidata": null, "names": {"primary": null, "common": null, "rules": null}}, "addresses": [{"freeform": "Sonnenstraße 4", "locality": "München", "postcode": "80331", "region": null, "country": "DE"}], "names": {"primary": "Anzi Kitchen", "common": null, "rules": null}, "sources": [{"property": "", "dataset": "meta", "license": "CDLA-Permissive-2.0", "record_id": "100588425171495", "update_time": "2026-07-02T00:00:00.000Z", "confidence": 0.9879916310310364, "between": null}, {"property": "/properties/confidence", "dataset": "Overture", "license": "CDLA-Permissive-2.0", "record_id": null, "update_time": "2026-07-14T20:34:55Z", "confidence": null, "between": null}], "basic_category": "restaurant", "taxonomy": {"primary": "asian_restaurant", "hierarchy": ["food_and_drink", "restaurant", "asian_restaurant"], "alternates": null}, "version": 7}}, {"id": "af60d1f1-e4c5-4dff-9197-fe0d5cd80a85", "type": "Feature", "geometry": {"type": "Point", "coordinates": [11.56472191, 48.13797556]}, "properties": {"categories": {"primary": "bubble_tea", "alternate": ["tea_room", "cafe"]}, "confidence": 0.9910206198692322, "websites": ["https://bubbleteamuenchen.business.site"], "emails": ["chinaexpress@hotmail.de"], "socials": ["https://www.facebook.com/105146440870121"], "phones": ["+498959978891"], "brand": {"wikidata": null, "names": {"primary": null, "common": null, "rules": null}}, "addresses": [{"freeform": "Sonnenstraße 4", "locality": "München", "postcode": "80331", "region": null, "country": "DE"}], "names": {"primary": "Nai Cha Bubble Tea", "common": null, "rules": null}, "sources": [{"property": "", "dataset": "meta", "license": "CDLA-Permissive-2.0", "record_id": "105146440870121", "update_time": "2026-07-02T00:00:00.000Z", "confidence": 0.9910206198692322, "between": null}, {"property": "/properties/confidence", "dataset": "Overture", "license": "CDLA-Permissive-2.0", "record_id": null, "update_time": "2026-07-14T20:34:55Z", "confidence": null, "between": null}], "basic_category": "non_alcoholic_beverage_venue", "taxonomy": {"primary": "bubble_tea_shop", "hierarchy": ["food_and_drink", "non_alcoholic_beverage_venue", "bubble_tea_shop"], "alternates": null}, "version": 7}}, {"id": "43691120-9192-4fbd-8e71-b7c386879141", "type": "Feature", "geometry": {"type": "Point", "coordinates": [11.56386397, 48.13802363]}, "properties": {"categories": {"primary": "german_restaurant", "alternate": ["restaurant", "european_restaurant"]}, "confidence": 0.9975076481997966, "websites": ["https://altmuenchnergesellenhaus.com"], "emails": ["gesellenhaus@web.de"], "socials": ["https://www.facebook.com/442634479127418"], "phones": ["+498941141090"], "brand": {"wikidata": null, "names": {"primary": null, "common": null, "rules": null}}, "addresses": [{"freeform": "Adolf-Kolping-Straße 1", "locality": "München", "postcode": "80336", "region": null, "country": "DE"}], "names": {"primary": "Altmünchner Gesellenhaus", "common": null, "rules": null}, "sources": [{"property": "", "dataset": "meta", "license": "CDLA-Permissive-2.0", "record_id": "442634479127418", "update_time": "2026-07-02T00:00:00.000Z", "confidence": 0.9277579188346863, "between": null}, {"property": "/properties/confidence", "dataset": "Overture", "license": "CDLA-Permissive-2.0", "record_id": null, "update_time": "2026-07-14T20:34:55Z", "confidence": null, "between": null}], "basic_category": "restaurant", "taxonomy": {"primary": "german_restaurant", "hierarchy": ["food_and_drink", "restaurant", "european_restaurant", "central_european_restaurant", "german_restaurant"], "alternates": null}, "version": 9}}, {"id": "99af3e4d-3f59-43b3-9dcf-86830af44c68", "type": "Feature", "geometry": {"type": "Point", "coordinates": [11.56461598, 48.13829717]}, "properties": {"categories": {"primary": "pharmacy", "alternate": ["drugstore", "restaurant", "retail"]}, "confidence": 0.9882687609195709, "websites": ["https://www.mueller.de/meine-filiale/"], "phones": ["089543489860"], "addresses": [{"freeform": "Sonnenstr. 2", "locality": "München", "postcode": "80331", "region": "Bavaria", "country": "DE"}], "names": {"primary": "Müller", "common": null, "rules": null}, "sources": [{"property": "", "dataset": "Microsoft", "license": "CDLA-Permissive-2.0", "record_id": "1407374887549407", "update_time": "2025-09-21T04:51:06.703Z", "confidence": 0.85, "between": null}, {"property": "/properties/confidence", "dataset": "Overture", "license": "CDLA-Permissive-2.0", "record_id": null, "update_time": "2026-07-14T20:34:55Z", "confidence": null, "between": null}], "basic_category": "pharmacy_and_drug_store", "taxonomy": {"primary": "pharmacy", "hierarchy": ["shopping", "specialty_store", "pharmacy_and_drug_store", "pharmacy"], "alternates": null}, "version": 8}}, {"id": "3b4f9445-0c94-46c7-8a06-c4a33d988706", "type": "Feature", "geometry": {"type": "Point", "coordinates": [11.573015310474709, 48.137261933261286]}, "properties": {"categories": {"primary": "cafe", "alternate": null}, "confidence": 0.77, "websites": ["http://www.wall-street-restaurant.de"], "phones": ["089 2604031"], "addresses": [{"freeform": null, "locality": "Munich", "postcode": null, "region": "Bayern", "country": "DE"}], "names": {"primary": "Wall Street", "common": null, "rules": null}, "sources": [{"property": "", "dataset": "Foursquare", "license": "Apache-2.0", "record_id": "4c08e1f2a1b32d7fc1a596f0", "update_time": "2024-01-13T00:00:00.000", "confidence": 0.77, "between": null}, {"property": "/properties/confidence", "dataset": "Overture", "license": "CDLA-Permissive-2.0", "record_id": null, "update_time": "2026-07-14T20:34:55Z", "confidence": null, "between": null}], "basic_category": "cafe", "taxonomy": {"primary": "cafe", "hierarchy": ["food_and_drink", "casual_eatery", "cafe"], "alternates": null}, "version": 4}}, {"id": "695849ba-a6d8-451f-8a35-53049ab1fe73", "type": "Feature", "geometry": {"type": "Point", "coordinates": [11.572823, 48.137247]}, "properties": {"categories": {"primary": "italian_restaurant", "alternate": ["mediterranean_restaurant", "pizza_restaurant"]}, "confidence": 0.535182535648346, "websites": ["http://www.gecco-muenchen.de"], "emails": ["info@gecco-muenchen.de"], "socials": ["https://www.facebook.com/1477542575895876"], "phones": ["+498921668932"], "brand": {"wikidata": null, "names": {"primary": null, "common": null, "rules": null}}, "addresses": [{"freeform": "Fürstenfelder Straße 5", "locality": "München", "postcode": "80331", "region": null, "country": "DE"}], "names": {"primary": "Gecco", "common": null, "rules": null}, "sources": [{"property": "", "dataset": "meta", "license": "CDLA-Permissive-2.0", "record_id": "1477542575895876", "update_time": "2026-07-02T00:00:00.000Z", "confidence": 0.535182535648346, "between": null}, {"property": "/properties/confidence", "dataset": "Overture", "license": "CDLA-Permissive-2.0", "record_id": null, "update_time": "2026-07-14T20:34:55Z", "confidence": null, "between": null}], "basic_category": "restaurant", "taxonomy": {"primary": "italian_restaurant", "hierarchy": ["food_and_drink", "restaurant", "european_restaurant", "mediterranean_restaurant", "italian_restaurant"], "alternates": null}, "version": 9}}, {"id": "ecdeac4c-d135-4d1c-b5b4-e135ea73ecbf", "type": "Feature", "geometry": {"type": "Point", "coordinates": [11.572772, 48.137267]}, "properties": {"categories": {"primary": "barbecue_restaurant", "alternate": null}, "confidence": 0.77, "websites": ["https://www.shaokao.de"], "phones": ["089 37919936"], "addresses": [{"freeform": "Fürstenfelder Straße 9", "locality": "München", "postcode": null, "region": "Bayern", "country": "DE"}], "names": {"primary": "Shaokao", "common": null, "rules": null}, "sources": [{"property": "", "dataset": "Foursquare", "license": "Apache-2.0", "record_id": "6230e3bb7b4fbd396146fda2", "update_time": "2025-10-12T00:00:00.000", "confidence": 0.77, "between": null}, {"property": "/properties/confidence", "dataset": "Overture", "license": "CDLA-Permissive-2.0", "record_id": null, "update_time": "2026-07-14T20:34:55Z", "confidence": null, "between": null}], "basic_category": "restaurant", "taxonomy": {"primary": "barbecue_restaurant", "hierarchy": ["food_and_drink", "restaurant", "meat_restaurant", "barbecue_restaurant"], "alternates": null}, "version": 4}}, {"id": "3b7b52ab-2b0d-4b55-ad2c-dffedff7e39c", "type": "Feature", "geometry": {"type": "Point", "coordinates": [11.57126821, 48.1379054]}, "properties": {"categories": {"primary": "burger_restaurant", "alternate": ["fast_food_restaurant", "american_restaurant"]}, "confidence": 0.9999291444063186, "websites": ["https://restaurants.fiveguys.de/bayern/neuhauser-straße-1"], "socials": ["https://www.facebook.com/104794118361508"], "phones": ["+498923548362"], "brand": {"wikidata": null, "names": {"primary": "Five Guys", "common": null, "rules": null}}, "addresses": [{"freeform": "Neuhauser Straße 1", "locality": "München", "postcode": "80331", "region": null, "country": "DE"}], "names": {"primary": "Five Guys", "common": null, "rules": null}, "sources": [{"property": "", "dataset": "meta", "license": "CDLA-Permissive-2.0", "record_id": "104794118361508", "update_time": "2026-07-02T00:00:00.000Z", "confidence": 0.9897310733795166, "between": null}, {"property": "/properties/confidence", "dataset": "Overture", "license": "CDLA-Permissive-2.0", "record_id": null, "update_time": "2026-07-14T20:34:55Z", "confidence": null, "between": null}], "basic_category": "restaurant", "taxonomy": {"primary": "burger_restaurant", "hierarchy": ["food_and_drink", "restaurant", "meat_restaurant", "burger_restaurant"], "alternates": null}, "version": 7}}, {"id": "442494c9-6c68-41f0-9a32-fb32c4fd6c19", "type": "Feature", "geometry": {"type": "Point", "coordinates": [11.571764, 48.137892]}, "properties": {"categories": {"primary": "fast_food_restaurant", "alternate": ["restaurant"]}, "confidence": 0.4949755370616913, "websites": ["https://cookandcode.org/"], "socials": ["https://www.facebook.com/1595348474053655"], "brand": {"wikidata": null, "names": {"primary": null, "common": null, "rules": null}}, "addresses": [{"freeform": "Rindermarkt 6", "locality": "München", "postcode": "80331", "region": null, "country": "DE"}], "names": {"primary": "COOK and CODE", "common": null, "rules": null}, "sources": [{"property": "", "dataset": "meta", "license": "CDLA-Permissive-2.0", "record_id": "1595348474053655", "update_time": "2026-07-02T00:00:00.000Z", "confidence": 0.4949755370616913, "between": null}, {"property": "/properties/confidence", "dataset": "Overture", "license": "CDLA-Permissive-2.0", "record_id": null, "update_time": "2026-07-14T20:34:55Z", "confidence": null, "between": null}], "basic_category": "fast_food_restaurant", "taxonomy": {"primary": "fast_food_restaurant", "hierarchy": ["food_and_drink", "casual_eatery", "fast_food_restaurant"], "alternates": null}, "version": 7}}, {"id": "41ba4008-b934-4c75-917c-8abe2c61cd8b", "type": "Feature", "geometry": {"type": "Point", "coordinates": [11.57208, 48.13761]}, "properties": {"categories": {"primary": "coffee_shop", "alternate": ["cafe", "professional_services"]}, "confidence": 0.7593041658401489, "websites": ["https://coffee-bike-munich.de/"], "emails": ["lubomir.brusch@coffee-bike.partners"], "socials": ["https://www.facebook.com/110985157183681"], "phones": ["+4917623125765"], "brand": {"wikidata": null, "names": {"primary": null, "common": null, "rules": null}}, "addresses": [{"freeform": "Kaufingerstraße 13", "locality": "München", "postcode": "80331", "region": null, "country": "DE"}], "names": {"primary": "Lubo Biokaffeeradl", "common": null, "rules": null}, "sources": [{"property": "", "dataset": "meta", "license": "CDLA-Permissive-2.0", "record_id": "110985157183681", "update_time": "2026-07-02T00:00:00.000Z", "confidence": 0.7593041658401489, "between": null}, {"property": "/properties/confidence", "dataset": "Overture", "license": "CDLA-Permissive-2.0", "record_id": null, "update_time": "2026-07-14T20:34:55Z", "confidence": null, "between": null}], "basic_category": "coffee_shop", "taxonomy": {"primary": "coffee_shop", "hierarchy": ["food_and_drink", "non_alcoholic_beverage_venue", "coffee_shop"], "alternates": null}, "version": 7}}, {"id": "b89cc283-fa88-4710-bcfa-9d288424fb1a", "type": "Feature", "geometry": {"type": "Point", "coordinates": [11.57155, 48.1373]}, "properties": {"categories": {"primary": "pizza_restaurant", "alternate": ["italian_restaurant", "restaurant"]}, "confidence": 0.864825963973999, "websites": ["http://www.ristorante-rizzo.de/"], "socials": ["https://www.facebook.com/302419999804408"], "phones": ["+49491773989808"], "brand": {"wikidata": null, "names": {"primary": null, "common": null, "rules": null}}, "addresses": [{"freeform": "Färbergraben 5", "locality": "München", "postcode": "80331", "region": null, "country": "DE"}], "names": {"primary": "Ristorante Pizzeria Rizzo", "common": null, "rules": null}, "sources": [{"property": "", "dataset": "meta", "license": "CDLA-Permissive-2.0", "record_id": "302419999804408", "update_time": "2026-07-02T00:00:00.000Z", "confidence": 0.864825963973999, "between": null}, {"property": "/properties/confidence", "dataset": "Overture", "license": "CDLA-Permissive-2.0", "record_id": null, "update_time": "2026-07-14T20:34:55Z", "confidence": null, "between": null}], "basic_category": "restaurant", "taxonomy": {"primary": "pizza_restaurant", "hierarchy": ["food_and_drink", "restaurant", "european_restaurant", "mediterranean_restaurant", "italian_restaurant", "pizza_restaurant"], "alternates": null}, "version": 9}}, {"id": "2474be10-eb43-4700-a601-372a9bf63a26", "type": "Feature", "geometry": {"type": "Point", "coordinates": [11.57134609, 48.13743809]}, "properties": {"categories": {"primary": "italian_restaurant", "alternate": ["restaurant", "cafe"]}, "confidence": 0.9577075242996216, "websites": ["http://www.signorrossi.de"], "socials": ["https://www.facebook.com/138103456235430"], "phones": ["+4989266213"], "brand": {"wikidata": null, "names": {"primary": null, "common": null, "rules": null}}, "addresses": [{"freeform": "Färbergraben 5", "locality": "München", "postcode": "80331", "region": null, "country": "DE"}], "names": {"primary": "Caffe Signor Rossi Paninoteca & Pasta", "common": null, "rules": null}, "sources": [{"property": "", "dataset": "meta", "license": "CDLA-Permissive-2.0", "record_id": "138103456235430", "update_time": "2026-07-02T00:00:00.000Z", "confidence": 0.9577075242996216, "between": null}, {"property": "/properties/confidence", "dataset": "Overture", "license": "CDLA-Permissive-2.0", "record_id": null, "update_time": "2026-07-14T20:34:55Z", "confidence": null, "between": null}], "basic_category": "restaurant", "taxonomy": {"primary": "italian_restaurant", "hierarchy": ["food_and_drink", "restaurant", "european_restaurant", "mediterranean_restaurant", "italian_restaurant"], "alternates": null}, "version": 9}}, {"id": "26cad64f-a035-47a8-b6d1-686f54aa2ba3", "type": "Feature", "geometry": {"type": "Point", "coordinates": [11.570987213539805, 48.1372128440708]}, "properties": {"categories": {"primary": "bubble_tea", "alternate": null}, "confidence": 0.77, "websites": ["http://www.thealleygermany.com"], "phones": ["089 95807990"], "addresses": [{"freeform": "Altheimer Eck 1", "locality": "München", "postcode": "80331", "region": "BAYERN", "country": "DE"}], "names": {"primary": "The Alley Munich", "common": null, "rules": null}, "sources": [{"property": "", "dataset": "Foursquare", "license": "Apache-2.0", "record_id": "622f3e48a7b4dc242a6d3713", "update_time": "2026-04-06T00:00:00.000", "confidence": 0.77, "between": null}, {"property": "/properties/confidence", "dataset": "Overture", "license": "CDLA-Permissive-2.0", "record_id": null, "update_time": "2026-07-14T20:34:55Z", "confidence": null, "between": null}], "basic_category": "non_alcoholic_beverage_venue", "taxonomy": {"primary": "bubble_tea_shop", "hierarchy": ["food_and_drink", "non_alcoholic_beverage_venue", "bubble_tea_shop"], "alternates": null}, "version": 3}}, {"id": "fc503f44-c7ec-4df3-a057-7795531571cf", "type": "Feature", "geometry": {"type": "Point", "coordinates": [11.57109122, 48.13733122]}, "properties": {"categories": {"primary": "pancake_house", "alternate": ["cafe", "restaurant"]}, "confidence": 0.8208608031272888, "socials": ["https://www.facebook.com/104706404731060"], "phones": ["+49898963335"], "brand": {"wikidata": null, "names": {"primary": null, "common": null, "rules": null}}, "addresses": [{"freeform": "Altheimer Eck 1", "locality": "München", "postcode": "80331", "region": null, "country": "DE"}], "names": {"primary": "Der Krieger Crêpes and Waffles", "common": null, "rules": null}, "sources": [{"property": "", "dataset": "meta", "license": "CDLA-Permissive-2.0", "record_id": "104706404731060", "update_time": "2026-07-02T00:00:00.000Z", "confidence": 0.8208608031272888, "between": null}, {"property": "/properties/confidence", "dataset": "Overture", "license": "CDLA-Permissive-2.0", "record_id": null, "update_time": "2026-07-14T20:34:55Z", "confidence": null, "between": null}], "basic_category": "restaurant", "taxonomy": {"primary": "pancake_house", "hierarchy": ["food_and_drink", "restaurant", "breakfast_and_brunch_restaurant", "pancake_house"], "alternates": null}, "version": 8}}, {"id": "65a55aae-0cb8-4e30-bd9c-32a41ed2380c", "type": "Feature", "geometry": {"type": "Point", "coordinates": [11.57112119, 48.13733872]}, "properties": {"categories": {"primary": "bakery", "alternate": ["delicatessen", "german_restaurant"]}, "confidence": 0.9815543937683106, "websites": ["http://www.wolfs-brotzeitladen.de"], "emails": ["mail@wolfs-brotzeitladen.de"], "socials": ["https://www.facebook.com/1610267542528089"], "phones": ["+4989267965"], "brand": {"wikidata": null, "names": {"primary": null, "common": null, "rules": null}}, "addresses": [{"freeform": "Altheimer Eck 1", "locality": "München", "postcode": "80331", "region": null, "country": "DE"}], "names": {"primary": "Wolf's Brotzeitladen", "common": null, "rules": null}, "sources": [{"property": "", "dataset": "meta", "license": "CDLA-Permissive-2.0", "record_id": "1610267542528089", "update_time": "2026-07-02T00:00:00.000Z", "confidence": 0.9198017120361328, "between": null}, {"property": "/properties/confidence", "dataset": "Overture", "license": "CDLA-Permissive-2.0", "record_id": null, "update_time": "2026-07-14T20:34:55Z", "confidence": null, "between": null}], "basic_category": "casual_eatery", "taxonomy": {"primary": "bakery", "hierarchy": ["food_and_drink", "casual_eatery", "bakery"], "alternates": null}, "version": 11}}, {"id": "e715c2d8-3ec0-4482-b1ef-26935f048371", "type": "Feature", "geometry": {"type": "Point", "coordinates": [11.571425199508665, 48.137539947408285]}, "properties": {"categories": {"primary": "tea_room", "alternate": null}, "confidence": 0.77, "websites": ["http://www.teetruhe.com"], "phones": ["089 2608487"], "addresses": [{"freeform": "Färbergraben 5", "locality": "München", "postcode": "80331", "region": "Bayern", "country": "DE"}], "names": {"primary": "TeeTruhe", "common": null, "rules": null}, "sources": [{"property": "", "dataset": "Foursquare", "license": "Apache-2.0", "record_id": "50d5dbb3e4b021b2838cf83b", "update_time": "2024-10-10T00:00:00.000", "confidence": 0.77, "between": null}, {"property": "/properties/confidence", "dataset": "Overture", "license": "CDLA-Permissive-2.0", "record_id": null, "update_time": "2026-07-14T20:34:55Z", "confidence": null, "between": null}], "basic_category": "non_alcoholic_beverage_venue", "taxonomy": {"primary": "tea_room", "hierarchy": ["food_and_drink", "non_alcoholic_beverage_venue", "tea_room"], "alternates": null}, "version": 5}}, {"id": "7e0e7b25-c501-41b3-b137-96a03e11bc5c", "type": "Feature", "geometry": {"type": "Point", "coordinates": [11.57101344, 48.13765211]}, "properties": {"categories": {"primary": "italian_restaurant", "alternate": ["fast_food_restaurant", "restaurant"]}, "confidence": 0.7543718218803406, "websites": ["https://www.italylunch.com/de/"], "socials": ["https://www.facebook.com/108781142252180"], "phones": ["+4915562151984"], "brand": {"wikidata": null, "names": {"primary": null, "common": null, "rules": null}}, "addresses": [{"freeform": "Färbergraben 6", "locality": "München", "postcode": "80331", "region": null, "country": "DE"}], "names": {"primary": "ITALYLUNCH", "common": null, "rules": null}, "sources": [{"property": "", "dataset": "meta", "license": "CDLA-Permissive-2.0", "record_id": "108781142252180", "update_time": "2026-07-02T00:00:00.000Z", "confidence": 0.7543718218803406, "between": null}, {"property": "/properties/confidence", "dataset": "Overture", "license": "CDLA-Permissive-2.0", "record_id": null, "update_time": "2026-07-14T20:34:55Z", "confidence": null, "between": null}], "basic_category": "restaurant", "taxonomy": {"primary": "italian_restaurant", "hierarchy": ["food_and_drink", "restaurant", "european_restaurant", "mediterranean_restaurant", "italian_restaurant"], "alternates": null}, "version": 3}}, {"id": "e7600635-2df8-4daa-8c08-e24e8327f341", "type": "Feature", "geometry": {"type": "Point", "coordinates": [11.570379, 48.13763]}, "properties": {"categories": {"primary": "cafe", "alternate": ["delicatessen", "wine_bar"]}, "confidence": 0.9196427059173584, "websites": ["http://www.esskultur-ueberlingen.de"], "socials": ["https://www.facebook.com/150126378469373"], "brand": {"wikidata": null, "names": {"primary": null, "common": null, "rules": null}}, "addresses": [{"freeform": "Neuhauser Straße 15A", "locality": "München", "postcode": "80331", "region": null, "country": "DE"}], "names": {"primary": "Esskultur", "common": null, "rules": null}, "sources": [{"property": "", "dataset": "meta", "license": "CDLA-Permissive-2.0", "record_id": "150126378469373", "update_time": "2026-07-02T00:00:00.000Z", "confidence": 0.6506204605102539, "between": null}, {"property": "/properties/confidence", "dataset": "Overture", "license": "CDLA-Permissive-2.0", "record_id": null, "update_time": "2026-07-14T20:34:55Z", "confidence": null, "between": null}], "basic_category": "cafe", "taxonomy": {"primary": "cafe", "hierarchy": ["food_and_drink", "casual_eatery", "cafe"], "alternates": null}, "version": 8}}, {"id": "dd44506c-5721-461a-a296-feef80b423ec", "type": "Feature", "geometry": {"type": "Point", "coordinates": [11.5707996, 48.1374132]}, "properties": {"categories": {"primary": "patisserie_cake_shop", "alternate": ["restaurant"]}, "confidence": 0.9646189540624619, "websites": ["https://my-sweetery.de/"], "phones": ["017640478862"], "addresses": [{"freeform": "Altheimer Eck 5", "locality": "München", "postcode": "80331", "region": "Bavaria", "country": "DE"}], "names": {"primary": "Sweetery", "common": null, "rules": null}, "sources": [{"property": "", "dataset": "Microsoft", "license": "CDLA-Permissive-2.0", "record_id": "844424935298467", "update_time": "2025-09-26T06:20:01.520Z", "confidence": 0.85, "between": null}, {"property": "/properties/confidence", "dataset": "Overture", "license": "CDLA-Permissive-2.0", "record_id": null, "update_time": "2026-07-14T20:34:55Z", "confidence": null, "between": null}], "basic_category": "food_and_beverage_store", "taxonomy": {"primary": "patisserie_cake_shop", "hierarchy": ["shopping", "food_and_beverage_store", "patisserie_cake_shop"], "alternates": null}, "version": 10}}, {"id": "9d6ae6e0-5094-483c-90e7-4deec07b5a93", "type": "Feature", "geometry": {"type": "Point", "coordinates": [11.57069767, 48.13737173]}, "properties": {"categories": {"primary": "chinese_restaurant", "alternate": ["asian_restaurant", "noodles_restaurant"]}, "confidence": 0.9905230402946472, "websites": ["http://www.ledu.restaurant"], "socials": ["https://www.facebook.com/199221140665168"], "phones": ["+498920324119"], "brand": {"wikidata": null, "names": {"primary": null, "common": null, "rules": null}}, "addresses": [{"freeform": "Altheimer Eck 7", "locality": "München", "postcode": "80331", "region": null, "country": "DE"}], "names": {"primary": "LeDu Happy Dumpling Noodles", "common": null, "rules": null}, "sources": [{"property": "", "dataset": "meta", "license": "CDLA-Permissive-2.0", "record_id": "199221140665168", "update_time": "2026-07-02T00:00:00.000Z", "confidence": 0.9905230402946472, "between": null}, {"property": "/properties/confidence", "dataset": "Overture", "license": "CDLA-Permissive-2.0", "record_id": null, "update_time": "2026-07-14T20:34:55Z", "confidence": null, "between": null}], "basic_category": "restaurant", "taxonomy": {"primary": "chinese_restaurant", "hierarchy": ["food_and_drink", "restaurant", "asian_restaurant", "east_asian_restaurant", "chinese_restaurant"], "alternates": null}, "version": 9}}, {"id": "dcbfeb03-7566-401d-ac45-e94a9eb6e014", "type": "Feature", "geometry": {"type": "Point", "coordinates": [11.570776, 48.137253]}, "properties": {"categories": {"primary": "candy_store", "alternate": ["smoothie_juice_bar", "gelato"]}, "confidence": 0.7070016264915466, "websites": ["https://confectioneryshahersabbagh.art.blog/"], "emails": ["shahersabbagh1961@gmail.com"], "socials": ["https://www.facebook.com/111154474137518"], "phones": ["+4917640478862"], "brand": {"wikidata": null, "names": {"primary": null, "common": null, "rules": null}}, "addresses": [{"freeform": "Altheimer Eck 5", "locality": "München", "postcode": "80331", "region": null, "country": "DE"}], "names": {"primary": "Confections Shaher Al Sabbagh 1961", "common": null, "rules": null}, "sources": [{"property": "", "dataset": "meta", "license": "CDLA-Permissive-2.0", "record_id": "111154474137518", "update_time": "2026-07-02T00:00:00.000Z", "confidence": 0.7070016264915466, "between": null}, {"property": "/properties/confidence", "dataset": "Overture", "license": "CDLA-Permissive-2.0", "record_id": null, "update_time": "2026-07-14T20:34:55Z", "confidence": null, "between": null}], "basic_category": "casual_eatery", "taxonomy": {"primary": "candy_store", "hierarchy": ["food_and_drink", "casual_eatery", "candy_store"], "alternates": null}, "version": 10}}, {"id": "908f8079-aae4-4389-a077-3d45fe32244c", "type": "Feature", "geometry": {"type": "Point", "coordinates": [11.570742077968728, 48.137247377285696]}, "properties": {"categories": {"primary": "dumpling_restaurant", "alternate": null}, "confidence": 0.77, "websites": ["http://www.ledu.restaurant"], "phones": ["089 20923325"], "addresses": [{"freeform": "Altheimer Eck 7", "locality": "Munich", "postcode": "80331", "region": "Bayern", "country": "DE"}], "names": {"primary": "Ledu", "common": null, "rules": null}, "sources": [{"property": "", "dataset": "Foursquare", "license": "Apache-2.0", "record_id": "57f8e1d3498ebcf2cec184fe", "update_time": "2026-03-29T00:00:00.000", "confidence": 0.77, "between": null}, {"property": "/properties/confidence", "dataset": "Overture", "license": "CDLA-Permissive-2.0", "record_id": null, "update_time": "2026-07-14T20:34:55Z", "confidence": null, "between": null}], "basic_category": "restaurant", "taxonomy": {"primary": "dumpling_restaurant", "hierarchy": ["food_and_drink", "restaurant", "dumpling_restaurant"], "alternates": null}, "version": 2}}, {"id": "3a68a47c-7f63-4d75-b805-51e29c13e597", "type": "Feature", "geometry": {"type": "Point", "coordinates": [11.570689169145163, 48.13729668231882]}, "properties": {"categories": {"primary": "vegan_restaurant", "alternate": null}, "confidence": 0.77, "websites": ["https://plantysandwich.de"], "phones": ["0491 702279733"], "addresses": [{"freeform": "Altheimer Eck 9", "locality": "München", "postcode": "80331", "region": "Bayern", "country": "DE"}], "names": {"primary": "Plänty Sandwiches", "common": null, "rules": null}, "sources": [{"property": "", "dataset": "Foursquare", "license": "Apache-2.0", "record_id": "6266a0fc5282f321c1398981", "update_time": "2026-03-12T00:00:00.000", "confidence": 0.77, "between": null}, {"property": "/properties/confidence", "dataset": "Overture", "license": "CDLA-Permissive-2.0", "record_id": null, "update_time": "2026-07-14T20:34:55Z", "confidence": null, "between": null}], "basic_category": "restaurant", "taxonomy": {"primary": "vegan_restaurant", "hierarchy": ["food_and_drink", "restaurant", "special_diet_restaurant", "vegan_restaurant"], "alternates": null}, "version": 8}}, {"id": "92a41801-2e5f-487c-ace8-8879b9c1e6c6", "type": "Feature", "geometry": {"type": "Point", "coordinates": [11.5699332, 48.13742035]}, "properties": {"categories": {"primary": "afghan_restaurant", "alternate": ["middle_eastern_restaurant", "restaurant"]}, "confidence": 0.9997131541967392, "websites": ["http://www.nigin.de/"], "emails": ["info@nigin.de"], "socials": ["https://www.facebook.com/1391225974536198"], "phones": ["+498924215300"], "brand": {"wikidata": null, "names": {"primary": null, "common": null, "rules": null}}, "addresses": [{"freeform": "Neuhauser Straße 15", "locality": "München", "postcode": "80331", "region": null, "country": "DE"}], "names": {"primary": "NIGIN Afghanisches Restaurant", "common": null, "rules": null}, "sources": [{"property": "", "dataset": "meta", "license": "CDLA-Permissive-2.0", "record_id": "1391225974536198", "update_time": "2026-07-02T00:00:00.000Z", "confidence": 0.9916856288909912, "between": null}, {"property": "/properties/confidence", "dataset": "Overture", "license": "CDLA-Permissive-2.0", "record_id": null, "update_time": "2026-07-14T20:34:55Z", "confidence": null, "between": null}], "basic_category": "restaurant", "taxonomy": {"primary": "afghani_restaurant", "hierarchy": ["food_and_drink", "restaurant", "asian_restaurant", "central_asian_restaurant", "afghani_restaurant"], "alternates": null}, "version": 9}}, {"id": "ed591fd3-d550-4bcd-a0a2-a12047ba56d1", "type": "Feature", "geometry": {"type": "Point", "coordinates": [11.570145, 48.137512]}, "properties": {"categories": {"primary": "sushi_restaurant", "alternate": null}, "confidence": 0.77, "websites": ["http://marienplatz.juli-restaurants.de"], "emails": ["augeelli@hotmail.com"], "phones": ["089 25549588"], "addresses": [{"freeform": "Altheimer Eck 12", "locality": "München", "postcode": "80331", "region": "Bayern", "country": "DE"}], "names": {"primary": "Restaurant Juli am Marienplatz", "common": null, "rules": null}, "sources": [{"property": "", "dataset": "Foursquare", "license": "Apache-2.0", "record_id": "5e138a4ef6428c00089660c3", "update_time": "2025-08-18T00:00:00.000", "confidence": 0.77, "between": null}, {"property": "/properties/confidence", "dataset": "Overture", "license": "CDLA-Permissive-2.0", "record_id": null, "update_time": "2026-07-14T20:34:55Z", "confidence": null, "between": null}], "basic_category": "restaurant", "taxonomy": {"primary": "sushi_restaurant", "hierarchy": ["food_and_drink", "restaurant", "asian_restaurant", "east_asian_restaurant", "japanese_restaurant", "sushi_restaurant"], "alternates": null}, "version": 4}}, {"id": "b250f70b-f56f-4099-9051-3d9f9a63be02", "type": "Feature", "geometry": {"type": "Point", "coordinates": [11.57069, 48.138]}, "properties": {"categories": {"primary": "beauty_and_spa", "alternate": ["beauty_salon", "german_restaurant"]}, "confidence": 0.6691555976867676, "websites": ["http://www.ngkosmetik.de/"], "emails": ["ngkosmetik@gmail.com"], "socials": ["https://www.facebook.com/636421686514919"], "phones": ["+4917665368736"], "brand": {"wikidata": null, "names": {"primary": null, "common": null, "rules": null}}, "addresses": [{"freeform": "Neuhauser Straße 5", "locality": "München", "postcode": "80331", "region": null, "country": "DE"}], "names": {"primary": "N.G. Kosmetik", "common": null, "rules": null}, "sources": [{"property": "", "dataset": "meta", "license": "CDLA-Permissive-2.0", "record_id": "636421686514919", "update_time": "2026-07-02T00:00:00.000Z", "confidence": 0.6691555976867676, "between": null}, {"property": "/properties/confidence", "dataset": "Overture", "license": "CDLA-Permissive-2.0", "record_id": null, "update_time": "2026-07-14T20:34:55Z", "confidence": null, "between": null}], "basic_category": "personal_or_beauty_service", "taxonomy": {"primary": "personal_or_beauty_service", "hierarchy": ["lifestyle_services", "personal_or_beauty_service"], "alternates": null}, "version": 8}}, {"id": "208c6b02-da51-4d2c-983e-11928b8dbc06", "type": "Feature", "geometry": {"type": "Point", "coordinates": [11.56884122, 48.13845347]}, "properties": {"categories": {"primary": "german_restaurant", "alternate": ["beer_garden", "gastropub"]}, "confidence": 0.9888185858726501, "websites": ["https://www.augustiner-restaurant.com"], "emails": ["willkommen@augustiner-restaurant.com"], "socials": ["https://www.facebook.com/115746655187408"], "phones": ["+498923183257"], "brand": {"wikidata": null, "names": {"primary": null, "common": null, "rules": null}}, "addresses": [{"freeform": "Neuhauser Straße 27", "locality": "München", "postcode": "80331", "region": null, "country": "DE"}], "names": {"primary": "Augustiner Stammhaus", "common": null, "rules": null}, "sources": [{"property": "", "dataset": "meta", "license": "CDLA-Permissive-2.0", "record_id": "115746655187408", "update_time": "2026-07-02T00:00:00.000Z", "confidence": 0.9888185858726501, "between": null}, {"property": "/properties/confidence", "dataset": "Overture", "license": "CDLA-Permissive-2.0", "record_id": null, "update_time": "2026-07-14T20:34:55Z", "confidence": null, "between": null}], "basic_category": "restaurant", "taxonomy": {"primary": "german_restaurant", "hierarchy": ["food_and_drink", "restaurant", "european_restaurant", "central_european_restaurant", "german_restaurant"], "alternates": null}, "version": 10}}, {"id": "703fd06f-0aac-4eb6-9409-262264c463a7", "type": "Feature", "geometry": {"type": "Point", "coordinates": [11.568760521671287, 48.138387723989275]}, "properties": {"categories": {"primary": "restaurant", "alternate": ["fast_food_restaurant"]}, "confidence": 0.9441896080970764, "socials": ["https://www.facebook.com/850946258378250"], "brand": {"wikidata": null, "names": {"primary": null, "common": null, "rules": null}}, "addresses": [{"freeform": "Schwanthaler Straße", "locality": "München", "postcode": "80336", "region": null, "country": "DE"}], "names": {"primary": "Restaurant Eingang", "common": null, "rules": null}, "sources": [{"property": "", "dataset": "meta", "license": "CDLA-Permissive-2.0", "record_id": "850946258378250", "update_time": "2026-07-02T00:00:00.000Z", "confidence": 0.9441896080970764, "between": null}, {"property": "/properties/confidence", "dataset": "Overture", "license": "CDLA-Permissive-2.0", "record_id": null, "update_time": "2026-07-14T20:34:55Z", "confidence": null, "between": null}], "basic_category": "restaurant", "taxonomy": {"primary": "restaurant", "hierarchy": ["food_and_drink", "restaurant"], "alternates": null}, "version": 11}}, {"id": "e319a0bf-554b-4da7-b01f-c619ee8dd6ab", "type": "Feature", "geometry": {"type": "Point", "coordinates": [11.56866013523967, 48.138314888463256]}, "properties": {"categories": {"primary": "bar", "alternate": null}, "confidence": 0.77, "websites": ["https://www.gelbeseiten.de/gsbiz/4c0c1b32-092c-45eb-b6e7-e74227b4924e"], "phones": ["089 23183266"], "addresses": [{"freeform": "Neuhauser Str. 27", "locality": "München", "postcode": "80331", "region": "Bayern", "country": "DE"}], "names": {"primary": "Manfred und Thomas Vollmer", "common": null, "rules": null}, "sources": [{"property": "", "dataset": "Foursquare", "license": "Apache-2.0", "record_id": "0fd68d3189d940a0dc939f55", "update_time": "2026-03-14T00:00:00.000", "confidence": 0.77, "between": null}, {"property": "/properties/confidence", "dataset": "Overture", "license": "CDLA-Permissive-2.0", "record_id": null, "update_time": "2026-07-14T20:34:55Z", "confidence": null, "between": null}], "basic_category": "bar", "taxonomy": {"primary": "bar", "hierarchy": ["food_and_drink", "alcoholic_beverage_venue", "bar"], "alternates": null}, "version": 7}}, {"id": "e3cad721-8386-4090-b66d-eb9981534971", "type": "Feature", "geometry": {"type": "Point", "coordinates": [11.56733827, 48.13844166]}, "properties": {"categories": {"primary": "german_restaurant", "alternate": ["european_restaurant", "restaurant"]}, "confidence": 0.9974550896883011, "websites": ["http://www.schnitzelwirt.de"], "emails": ["mail@schnitzelwirt.de"], "socials": ["https://www.facebook.com/158818124136022"], "phones": ["+4989264010"], "brand": {"wikidata": null, "names": {"primary": "Schnitzelwirt", "common": null, "rules": null}}, "addresses": [{"freeform": "Neuhauser Straße 39", "locality": "München", "postcode": "80331", "region": null, "country": "DE"}], "names": {"primary": "Schnitzelwirt im Spatenhof", "common": null, "rules": null}, "sources": [{"property": "", "dataset": "meta", "license": "CDLA-Permissive-2.0", "record_id": "158818124136022", "update_time": "2026-07-02T00:00:00.000Z", "confidence": 0.9889351725578308, "between": null}, {"property": "/properties/confidence", "dataset": "Overture", "license": "CDLA-Permissive-2.0", "record_id": null, "update_time": "2026-07-14T20:34:55Z", "confidence": null, "between": null}], "basic_category": "restaurant", "taxonomy": {"primary": "german_restaurant", "hierarchy": ["food_and_drink", "restaurant", "european_restaurant", "central_european_restaurant", "german_restaurant"], "alternates": null}, "version": 8}}, {"id": "b2f18629-e6ee-4a3f-a142-76d0a294f994", "type": "Feature", "geometry": {"type": "Point", "coordinates": [11.5658025, 48.1386813]}, "properties": {"categories": {"primary": "fast_food_restaurant", "alternate": null}, "confidence": 0.8, "brand": {"wikidata": "Q847743", "names": {"primary": "Dunkin'", "common": null, "rules": []}}, "addresses": [{"freeform": "Karlsplatz", "locality": "München", "postcode": "80335", "region": "Bayern", "country": "DE"}], "names": {"primary": "Dunkin München, Stachus Passagen", "common": null, "rules": [{"variant": "alternate", "language": null, "perspectives": null, "value": "Dunkin' Donuts", "between": null, "side": null}]}, "sources": [{"property": "", "dataset": "AllThePlaces", "license": "CC0-1.0", "record_id": "-dwkUUiDiTo0kYvwiH_ieSHW9RA=", "update_time": "2026-07-07T19:10:41.000Z", "confidence": 0.8, "between": null}, {"property": "/properties/confidence", "dataset": "Overture", "license": "CDLA-Permissive-2.0", "record_id": null, "update_time": "2026-07-14T20:34:55Z", "confidence": null, "between": null}], "basic_category": "fast_food_restaurant", "taxonomy": {"primary": "fast_food_restaurant", "hierarchy": ["food_and_drink", "casual_eatery", "fast_food_restaurant"], "alternates": null}, "version": 2}}, {"id": "472a2b79-3f1f-48ea-83bf-cfb71e6eed1b", "type": "Feature", "geometry": {"type": "Point", "coordinates": [11.565081723278597, 48.13845087360824]}, "properties": {"categories": {"primary": "turkish_restaurant", "alternate": null}, "confidence": 0.77, "websites": ["http://www.mustafas.de"], "socials": ["https://www.facebook.com/118405934883841"], "addresses": [{"freeform": "Karlsplatz 21-24", "locality": "Munich", "postcode": "80335", "region": "Bayern", "country": "DE"}], "names": {"primary": "Mustafa's Gemüse Kebap", "common": null, "rules": null}, "sources": [{"property": "", "dataset": "Foursquare", "license": "Apache-2.0", "record_id": "598451be7918717aa99e9cd8", "update_time": "2025-05-21T00:00:00.000", "confidence": 0.77, "between": null}, {"property": "/properties/confidence", "dataset": "Overture", "license": "CDLA-Permissive-2.0", "record_id": null, "update_time": "2026-07-14T20:34:55Z", "confidence": null, "between": null}], "basic_category": "restaurant", "taxonomy": {"primary": "turkish_restaurant", "hierarchy": ["food_and_drink", "restaurant", "middle_eastern_restaurant", "turkish_restaurant"], "alternates": null}, "version": 3}}, {"id": "3486c79d-efd9-4d79-b635-5c5d45361093", "type": "Feature", "geometry": {"type": "Point", "coordinates": [11.565363, 48.138382]}, "properties": {"categories": {"primary": "mexican_restaurant", "alternate": ["texmex_restaurant"]}, "confidence": 0.3975943922996521, "websites": ["http://www.rositas-chili.com/"], "socials": ["https://www.facebook.com/1222761247741713"], "phones": ["+4989898786"], "brand": {"wikidata": null, "names": {"primary": "Rosita's Chili", "common": null, "rules": null}}, "addresses": [{"freeform": "Karlsplatz 1", "locality": "München", "postcode": "80335", "region": null, "country": "DE"}], "names": {"primary": "Rosita's Chili", "common": null, "rules": null}, "sources": [{"property": "", "dataset": "meta", "license": "CDLA-Permissive-2.0", "record_id": "1222761247741713", "update_time": "2026-07-02T00:00:00.000Z", "confidence": 0.3975943922996521, "between": null}, {"property": "/properties/confidence", "dataset": "Overture", "license": "CDLA-Permissive-2.0", "record_id": null, "update_time": "2026-07-14T20:34:55Z", "confidence": null, "between": null}], "basic_category": "restaurant", "taxonomy": {"primary": "mexican_restaurant", "hierarchy": ["food_and_drink", "restaurant", "latin_american_restaurant", "mexican_restaurant"], "alternates": null}, "version": 8}}, {"id": "a421af5a-ae33-47a1-9b39-4f1b05dd737b", "type": "Feature", "geometry": {"type": "Point", "coordinates": [11.56556995, 48.13830998]}, "properties": {"categories": {"primary": "italian_restaurant", "alternate": ["pizza_restaurant", "lounge"]}, "confidence": 0.9981856870651246, "websites": ["http://city-lounge.net/"], "emails": ["city.lounge@web.de"], "socials": ["https://www.facebook.com/157770667580941"], "phones": ["+498951514870"], "brand": {"wikidata": null, "names": {"primary": null, "common": null, "rules": null}}, "addresses": [{"freeform": "Sonnenstraße 5", "locality": "München", "postcode": "80331", "region": null, "country": "DE"}], "names": {"primary": "City Lounge", "common": null, "rules": null}, "sources": [{"property": "", "dataset": "meta", "license": "CDLA-Permissive-2.0", "record_id": "157770667580941", "update_time": "2026-07-02T00:00:00.000Z", "confidence": 0.9921116828918457, "between": null}, {"property": "/properties/confidence", "dataset": "Overture", "license": "CDLA-Permissive-2.0", "record_id": null, "update_time": "2026-07-14T20:34:55Z", "confidence": null, "between": null}], "basic_category": "restaurant", "taxonomy": {"primary": "italian_restaurant", "hierarchy": ["food_and_drink", "restaurant", "european_restaurant", "mediterranean_restaurant", "italian_restaurant"], "alternates": null}, "version": 8}}, {"id": "b63829e4-1b2f-4908-92bd-c7c4df0e13f2", "type": "Feature", "geometry": {"type": "Point", "coordinates": [11.56563967, 48.13833509]}, "properties": {"categories": {"primary": "bar", "alternate": ["cocktail_bar", "lounge"]}, "confidence": 0.9050586223602295, "websites": ["http://instagram.com/closer.munich"], "socials": ["https://www.facebook.com/118534771340073"], "phones": ["+4917630433163"], "brand": {"wikidata": null, "names": {"primary": null, "common": null, "rules": null}}, "addresses": [{"freeform": "Sonnenstraße 5", "locality": "München", "postcode": "80331", "region": null, "country": "DE"}], "names": {"primary": "Closer Bar", "common": null, "rules": null}, "sources": [{"property": "", "dataset": "meta", "license": "CDLA-Permissive-2.0", "record_id": "118534771340073", "update_time": "2026-07-02T00:00:00.000Z", "confidence": 0.9050586223602295, "between": null}, {"property": "/properties/confidence", "dataset": "Overture", "license": "CDLA-Permissive-2.0", "record_id": null, "update_time": "2026-07-14T20:34:55Z", "confidence": null, "between": null}], "basic_category": "bar", "taxonomy": {"primary": "bar", "hierarchy": ["food_and_drink", "alcoholic_beverage_venue", "bar"], "alternates": null}, "version": 8}}, {"id": "ee475a72-904e-4505-9e0b-f992a2ff9c33", "type": "Feature", "geometry": {"type": "Point", "coordinates": [11.56562526, 48.1384315]}, "properties": {"categories": {"primary": "chinese_restaurant", "alternate": ["asian_restaurant", "restaurant"]}, "confidence": 0.9968363445997238, "websites": ["https://shanghai-muenchen.metro.rest/?lang=de"], "emails": ["ying_shau@yahoo.de"], "socials": ["https://www.facebook.com/152005568167958"], "phones": ["+4989592744"], "brand": {"wikidata": null, "names": {"primary": null, "common": null, "rules": null}}, "addresses": [{"freeform": "Sonnenstraße 3", "locality": "München", "postcode": "80331", "region": null, "country": "DE"}], "names": {"primary": "China-Restaurant Shanghai", "common": null, "rules": null}, "sources": [{"property": "", "dataset": "meta", "license": "CDLA-Permissive-2.0", "record_id": "152005568167958", "update_time": "2026-07-02T00:00:00.000Z", "confidence": 0.9862449765205383, "between": null}, {"property": "/properties/confidence", "dataset": "Overture", "license": "CDLA-Permissive-2.0", "record_id": null, "update_time": "2026-07-14T20:34:55Z", "confidence": null, "between": null}], "basic_category": "restaurant", "taxonomy": {"primary": "chinese_restaurant", "hierarchy": ["food_and_drink", "restaurant", "asian_restaurant", "east_asian_restaurant", "chinese_restaurant"], "alternates": null}, "version": 10}}, {"id": "50a45176-7bc3-40ef-9dd8-1585a8352c12", "type": "Feature", "geometry": {"type": "Point", "coordinates": [11.56679716, 48.13862214]}, "properties": {"categories": {"primary": "dance_club", "alternate": ["bar", "social_service_organizations"]}, "confidence": 0.9882633090019226, "websites": ["http://www.evergreen-muenchen.de/"], "emails": ["info@evergreen-muenchen.de"], "socials": ["https://www.facebook.com/397929380302818"], "phones": ["+491707166603"], "brand": {"wikidata": null, "names": {"primary": null, "common": null, "rules": null}}, "addresses": [{"freeform": "Neuhauser Straße 47", "locality": "München", "postcode": "80331", "region": null, "country": "DE"}], "names": {"primary": "Evergreen", "common": null, "rules": null}, "sources": [{"property": "", "dataset": "meta", "license": "CDLA-Permissive-2.0", "record_id": "397929380302818", "update_time": "2026-07-02T00:00:00.000Z", "confidence": 0.9882633090019226, "between": null}, {"property": "/properties/confidence", "dataset": "Overture", "license": "CDLA-Permissive-2.0", "record_id": null, "update_time": "2026-07-14T20:34:55Z", "confidence": null, "between": null}], "basic_category": "dance_club", "taxonomy": {"primary": "dance_club", "hierarchy": ["arts_and_entertainment", "nightlife_venue", "dance_club"], "alternates": null}, "version": 8}}, {"id": "afc8a5db-a5d7-485b-b53b-116187f4be36", "type": "Feature", "geometry": {"type": "Point", "coordinates": [11.56675062, 48.1386885]}, "properties": {"categories": {"primary": "dance_club", "alternate": ["salsa_club", "bar"]}, "confidence": 0.8412864804267883, "websites": ["https://www.larumba-latinclub.com/"], "emails": ["larumbalatinclub@gmail.com"], "socials": ["https://www.facebook.com/1129928047094024"], "phones": ["+4917670388835"], "brand": {"wikidata": null, "names": {"primary": null, "common": null, "rules": null}}, "addresses": [{"freeform": "Neuhauser Straße 47", "locality": "München", "postcode": "80331", "region": null, "country": "DE"}], "names": {"primary": "La Rumba Latin Club", "common": null, "rules": null}, "sources": [{"property": "", "dataset": "meta", "license": "CDLA-Permissive-2.0", "record_id": "1129928047094024", "update_time": "2026-07-02T00:00:00.000Z", "confidence": 0.8412864804267883, "between": null}, {"property": "/properties/confidence", "dataset": "Overture", "license": "CDLA-Permissive-2.0", "record_id": null, "update_time": "2026-07-14T20:34:55Z", "confidence": null, "between": null}], "basic_category": "dance_club", "taxonomy": {"primary": "dance_club", "hierarchy": ["arts_and_entertainment", "nightlife_venue", "dance_club"], "alternates": null}, "version": 10}}, {"id": "a9b2252c-9146-40cd-aa24-41be236d69d1", "type": "Feature", "geometry": {"type": "Point", "coordinates": [11.56685813, 48.13868383]}, "properties": {"categories": {"primary": "cafe", "alternate": ["coffee_shop", "restaurant"]}, "confidence": 0.9626286625862122, "websites": ["http://www.e-macinino.de"], "socials": ["https://www.facebook.com/141343029250222"], "phones": ["+498951263737"], "brand": {"wikidata": null, "names": {"primary": null, "common": null, "rules": null}}, "addresses": [{"freeform": "Neuhauser Straße 47", "locality": "München", "postcode": "80331", "region": null, "country": "DE"}], "names": {"primary": "Macinino", "common": null, "rules": null}, "sources": [{"property": "", "dataset": "meta", "license": "CDLA-Permissive-2.0", "record_id": "141343029250222", "update_time": "2026-07-02T00:00:00.000Z", "confidence": 0.9626286625862122, "between": null}, {"property": "/properties/confidence", "dataset": "Overture", "license": "CDLA-Permissive-2.0", "record_id": null, "update_time": "2026-07-14T20:34:55Z", "confidence": null, "between": null}], "basic_category": "cafe", "taxonomy": {"primary": "cafe", "hierarchy": ["food_and_drink", "casual_eatery", "cafe"], "alternates": null}, "version": 10}}, {"id": "18126584-cae2-481a-a32d-70ace450dbd9", "type": "Feature", "geometry": {"type": "Point", "coordinates": [11.566920389462434, 48.13828788737328]}, "properties": {"categories": {"primary": "hookah_bar", "alternate": null}, "confidence": 0.77, "websites": ["https://www.shisha-world.com/store-muenchen"], "emails": ["info@shisha-world.com"], "socials": ["https://www.facebook.com/295587864262091"], "phones": ["089 23000222"], "addresses": [{"freeform": "Herzog-Wilhelm-Straße 1", "locality": "München", "postcode": "80331", "region": "Bayern", "country": "DE"}], "names": {"primary": "Shisha World Store München", "common": null, "rules": null}, "sources": [{"property": "", "dataset": "Foursquare", "license": "Apache-2.0", "record_id": "5c922175b04056002c4752ad", "update_time": "2026-03-14T00:00:00.000", "confidence": 0.77, "between": null}, {"property": "/properties/confidence", "dataset": "Overture", "license": "CDLA-Permissive-2.0", "record_id": null, "update_time": "2026-07-14T20:34:55Z", "confidence": null, "between": null}], "basic_category": "bar", "taxonomy": {"primary": "hookah_bar", "hierarchy": ["food_and_drink", "alcoholic_beverage_venue", "bar", "hookah_bar"], "alternates": null}, "version": 9}}, {"id": "92a020b7-583e-499d-8611-2d7bca1702df", "type": "Feature", "geometry": {"type": "Point", "coordinates": [11.56664167, 48.13807334]}, "properties": {"categories": {"primary": "coffee_shop", "alternate": ["cafe"]}, "confidence": 0.5682080984115601, "socials": ["https://www.facebook.com/2127484573948628"], "phones": ["+4915237166419"], "brand": {"wikidata": null, "names": {"primary": "Coffee-Bike", "common": null, "rules": null}}, "addresses": [{"freeform": "Mobilitätsfläche Herzog-Wilhelm-Straße, Herzogspitalstraße", "locality": "München", "postcode": "80331", "region": null, "country": "DE"}], "names": {"primary": "Lwer coffee bike", "common": null, "rules": null}, "sources": [{"property": "", "dataset": "meta", "license": "CDLA-Permissive-2.0", "record_id": "2127484573948628", "update_time": "2026-07-02T00:00:00.000Z", "confidence": 0.5682080984115601, "between": null}, {"property": "/properties/confidence", "dataset": "Overture", "license": "CDLA-Permissive-2.0", "record_id": null, "update_time": "2026-07-14T20:34:55Z", "confidence": null, "between": null}], "basic_category": "coffee_shop", "taxonomy": {"primary": "coffee_shop", "hierarchy": ["food_and_drink", "non_alcoholic_beverage_venue", "coffee_shop"], "alternates": null}, "version": 1}}, {"id": "e8770aff-b2d1-435a-b98d-f0041df713b4", "type": "Feature", "geometry": {"type": "Point", "coordinates": [11.56562, 48.13803]}, "properties": {"categories": {"primary": "non_governmental_association", "alternate": ["bar"]}, "confidence": 0.3197283446788788, "websites": ["http://www.vpk.psychotherapie.org"], "socials": ["https://www.facebook.com/109124077198031"], "phones": ["+498958929930"], "brand": {"wikidata": null, "names": {"primary": null, "common": null, "rules": null}}, "addresses": [{"freeform": "Sonnenstraße 9", "locality": "München", "postcode": "80331", "region": null, "country": "DE"}], "names": {"primary": "Vereinigung", "common": null, "rules": null}, "sources": [{"property": "", "dataset": "meta", "license": "CDLA-Permissive-2.0", "record_id": "109124077198031", "update_time": "2026-07-02T00:00:00.000Z", "confidence": 0.3197283446788788, "between": null}, {"property": "/properties/confidence", "dataset": "Overture", "license": "CDLA-Permissive-2.0", "record_id": null, "update_time": "2026-07-14T20:34:55Z", "confidence": null, "between": null}], "basic_category": "civic_organization", "taxonomy": {"primary": "non_governmental_association", "hierarchy": ["community_and_government", "civic_organization", "non_governmental_association"], "alternates": null}, "version": 1}}, {"id": "5c1d049b-8ac7-4e91-a2dc-9991885eab28", "type": "Feature", "geometry": {"type": "Point", "coordinates": [11.56544754, 48.13804654]}, "properties": {"categories": {"primary": "bubble_tea", "alternate": ["tea_room", "cafe"]}, "confidence": 0.9976147269904614, "websites": ["https://wolt.com/de/deu/munich/restaurant/mr-box-tea-munich?srsltid=AfmBOooSBXY0qXjIDZJfdtJL5WSxMZkFwPEON--KAfBag5C7tvnL7wvw"], "emails": ["info@mrboxtea-munich.de"], "socials": ["https://www.facebook.com/107608581468655"], "phones": ["+498920043420"], "brand": {"wikidata": null, "names": {"primary": null, "common": null, "rules": null}}, "addresses": [{"freeform": "Karlsplatz 1", "locality": "München", "postcode": "80335", "region": null, "country": "DE"}], "names": {"primary": "Mr. Box Tea", "common": null, "rules": null}, "sources": [{"property": "", "dataset": "meta", "license": "CDLA-Permissive-2.0", "record_id": "107608581468655", "update_time": "2026-07-02T00:00:00.000Z", "confidence": 0.9308616518974304, "between": null}, {"property": "/properties/confidence", "dataset": "Overture", "license": "CDLA-Permissive-2.0", "record_id": null, "update_time": "2026-07-14T20:34:55Z", "confidence": null, "between": null}], "basic_category": "non_alcoholic_beverage_venue", "taxonomy": {"primary": "bubble_tea_shop", "hierarchy": ["food_and_drink", "non_alcoholic_beverage_venue", "bubble_tea_shop"], "alternates": null}, "version": 10}}, {"id": "84c88945-031a-43ec-918d-bd179956a56c", "type": "Feature", "geometry": {"type": "Point", "coordinates": [11.56549702, 48.13806927]}, "properties": {"categories": {"primary": "coffee_shop", "alternate": ["donuts", "fast_food_restaurant"]}, "confidence": 0.9964021921157837, "websites": ["http://www.dunkindonuts.com"], "socials": ["https://www.facebook.com/104260398394089"], "phones": ["+498954444922"], "brand": {"wikidata": null, "names": {"primary": "Dunkin'", "common": null, "rules": null}}, "addresses": [{"freeform": "Karlsplatz 11", "locality": "München", "postcode": "80335", "region": null, "country": "DE"}], "names": {"primary": "Dunkin'", "common": null, "rules": null}, "sources": [{"property": "", "dataset": "meta", "license": "CDLA-Permissive-2.0", "record_id": "104260398394089", "update_time": "2026-07-02T00:00:00.000Z", "confidence": 0.9843573570251465, "between": null}, {"property": "/properties/confidence", "dataset": "Overture", "license": "CDLA-Permissive-2.0", "record_id": null, "update_time": "2026-07-14T20:34:55Z", "confidence": null, "between": null}], "basic_category": "coffee_shop", "taxonomy": {"primary": "coffee_shop", "hierarchy": ["food_and_drink", "non_alcoholic_beverage_venue", "coffee_shop"], "alternates": null}, "version": 8}}, {"id": "f436a5df-d6a7-43e9-9698-c8a28bd53a8f", "type": "Feature", "geometry": {"type": "Point", "coordinates": [11.5650589, 48.13800192]}, "properties": {"categories": {"primary": "tea_room", "alternate": ["flowers_and_gifts_shop", "cafe"]}, "confidence": 0.9511916041374207, "websites": ["http://www.teeinmuenchen.de/"], "emails": ["thk.muenchen@web.de"], "socials": ["https://www.facebook.com/405584022973996"], "phones": ["+491714474518"], "brand": {"wikidata": null, "names": {"primary": null, "common": null, "rules": null}}, "addresses": [{"freeform": "Karlsplatz 1", "locality": "München", "postcode": "80335", "region": null, "country": "DE"}], "names": {"primary": "Tee-Handels-Kontor Bremen", "common": null, "rules": null}, "sources": [{"property": "", "dataset": "meta", "license": "CDLA-Permissive-2.0", "record_id": "405584022973996", "update_time": "2026-07-02T00:00:00.000Z", "confidence": 0.9511916041374207, "between": null}, {"property": "/properties/confidence", "dataset": "Overture", "license": "CDLA-Permissive-2.0", "record_id": null, "update_time": "2026-07-14T20:34:55Z", "confidence": null, "between": null}], "basic_category": "non_alcoholic_beverage_venue", "taxonomy": {"primary": "tea_room", "hierarchy": ["food_and_drink", "non_alcoholic_beverage_venue", "tea_room"], "alternates": null}, "version": 10}}, {"id": "624fab50-227b-43fd-bac7-eaa62f15d8c9", "type": "Feature", "geometry": {"type": "Point", "coordinates": [11.565134, 48.138113]}, "properties": {"categories": {"primary": "restaurant", "alternate": null}, "confidence": 0.9220540404319764, "websites": ["https://www.eathappy.de/standorte/?q=80335"], "phones": ["02216699360"], "addresses": [{"freeform": "Karlsplatz 1", "locality": "München", "postcode": "80335", "region": "Bayern", "country": "DE"}], "names": {"primary": "EAT HAPPY", "common": null, "rules": null}, "sources": [{"property": "", "dataset": "Microsoft", "license": "CDLA-Permissive-2.0", "record_id": "1407374891203527", "update_time": "2025-09-13T00:09:53.590Z", "confidence": 0.85, "between": null}, {"property": "/properties/confidence", "dataset": "Overture", "license": "CDLA-Permissive-2.0", "record_id": null, "update_time": "2026-07-14T20:34:55Z", "confidence": null, "between": null}], "basic_category": "restaurant", "taxonomy": {"primary": "restaurant", "hierarchy": ["food_and_drink", "restaurant"], "alternates": null}, "version": 10}}, {"id": "8afc7e36-4682-4878-81af-49c6bd144643", "type": "Feature", "geometry": {"type": "Point", "coordinates": [11.565189, 48.13799]}, "properties": {"categories": {"primary": "dim_sum_restaurant", "alternate": null}, "confidence": 0.77, "websites": ["https://ledu.restaurant/restaurants/ledu-happy-dumplings-stachus"], "addresses": [{"freeform": "Karlsplatz 1", "locality": "München", "postcode": "80335", "region": "Bayern", "country": "DE"}], "names": {"primary": "LeDu Happy Dumplings & Jianbing", "common": null, "rules": null}, "sources": [{"property": "", "dataset": "Foursquare", "license": "Apache-2.0", "record_id": "58f799ad2bf9a9608baf70d9", "update_time": "2025-11-15T00:00:00.000", "confidence": 0.77, "between": null}, {"property": "/properties/confidence", "dataset": "Overture", "license": "CDLA-Permissive-2.0", "record_id": null, "update_time": "2026-07-14T20:34:55Z", "confidence": null, "between": null}], "basic_category": "restaurant", "taxonomy": {"primary": "dim_sum_restaurant", "hierarchy": ["food_and_drink", "restaurant", "asian_restaurant", "east_asian_restaurant", "chinese_restaurant", "dim_sum_restaurant"], "alternates": null}, "version": 4}}, {"id": "104dd5a8-956e-4570-86b8-8687e792f08e", "type": "Feature", "geometry": {"type": "Point", "coordinates": [11.56563517, 48.13798621]}, "properties": {"categories": {"primary": "bakery", "alternate": ["cafe", "coffee_shop"]}, "confidence": 0.9840023517608643, "websites": ["http://www.hm-gmbh.de"], "socials": ["https://www.facebook.com/761654347283848"], "phones": ["+498945243871"], "brand": {"wikidata": null, "names": {"primary": "Müller & Höflinger", "common": null, "rules": null}}, "addresses": [{"freeform": "Sonnenstraße 9", "locality": "München", "postcode": "80331", "region": null, "country": "DE"}], "names": {"primary": "Müller Café & Bäckerei", "common": null, "rules": null}, "sources": [{"property": "", "dataset": "meta", "license": "CDLA-Permissive-2.0", "record_id": "761654347283848", "update_time": "2026-07-02T00:00:00.000Z", "confidence": 0.9840023517608643, "between": null}, {"property": "/properties/confidence", "dataset": "Overture", "license": "CDLA-Permissive-2.0", "record_id": null, "update_time": "2026-07-14T20:34:55Z", "confidence": null, "between": null}], "basic_category": "casual_eatery", "taxonomy": {"primary": "bakery", "hierarchy": ["food_and_drink", "casual_eatery", "bakery"], "alternates": null}, "version": 2}}, {"id": "3a35f5a0-82ab-4438-a42e-1eed0633160a", "type": "Feature", "geometry": {"type": "Point", "coordinates": [11.56587975, 48.13770382]}, "properties": {"categories": {"primary": "german_restaurant", "alternate": ["bar", "cafe"]}, "confidence": 0.9983870869874955, "websites": ["https://www.bohneundmalz.de/"], "emails": ["j.hagenbucher@bohneundmalz.de"], "socials": ["https://www.facebook.com/758056091032503"], "phones": ["+4989557179"], "brand": {"wikidata": null, "names": {"primary": null, "common": null, "rules": null}}, "addresses": [{"freeform": "Sonnenstraße 11", "locality": "München", "postcode": "80331", "region": null, "country": "DE"}], "names": {"primary": "Bohne & Malz am Stachus", "common": null, "rules": null}, "sources": [{"property": "", "dataset": "meta", "license": "CDLA-Permissive-2.0", "record_id": "758056091032503", "update_time": "2026-07-02T00:00:00.000Z", "confidence": 0.992987334728241, "between": null}, {"property": "/properties/confidence", "dataset": "Overture", "license": "CDLA-Permissive-2.0", "record_id": null, "update_time": "2026-07-14T20:34:55Z", "confidence": null, "between": null}], "basic_category": "restaurant", "taxonomy": {"primary": "german_restaurant", "hierarchy": ["food_and_drink", "restaurant", "european_restaurant", "central_european_restaurant", "german_restaurant"], "alternates": null}, "version": 10}}, {"id": "3544f94c-8dae-4842-9529-b7621fa373f3", "type": "Feature", "geometry": {"type": "Point", "coordinates": [11.56564, 48.13769]}, "properties": {"categories": {"primary": "mens_clothing_store", "alternate": ["bar"]}, "confidence": 0.8302395939826965, "socials": ["https://www.facebook.com/1904423783107158"], "phones": ["+498955029312"], "brand": {"wikidata": null, "names": {"primary": "JP 1880", "common": null, "rules": null}}, "addresses": [{"freeform": "Sonnenstraße 11", "locality": "München", "postcode": "80331", "region": null, "country": "DE"}], "names": {"primary": "JP 1880", "common": null, "rules": null}, "sources": [{"property": "", "dataset": "meta", "license": "CDLA-Permissive-2.0", "record_id": "1904423783107158", "update_time": "2026-07-02T00:00:00.000Z", "confidence": 0.8302395939826965, "between": null}, {"property": "/properties/confidence", "dataset": "Overture", "license": "CDLA-Permissive-2.0", "record_id": null, "update_time": "2026-07-14T20:34:55Z", "confidence": null, "between": null}], "basic_category": "fashion_and_apparel_store", "taxonomy": {"primary": "mens_clothing_store", "hierarchy": ["shopping", "fashion_and_apparel_store", "clothing_store", "mens_clothing_store"], "alternates": null}, "version": 8}}, {"id": "0b3b79c3-d709-49ac-953a-ba4dde9d5d5d", "type": "Feature", "geometry": {"type": "Point", "coordinates": [11.56665986, 48.13753897]}, "properties": {"categories": {"primary": "greek_restaurant", "alternate": ["mediterranean_restaurant", "european_restaurant"]}, "confidence": 0.9918524265289307, "websites": ["http://www.taverne-diogenis.de/"], "emails": ["wavemunich@gmail.com"], "socials": ["https://www.facebook.com/1663946837165141"], "phones": ["+49892603226"], "brand": {"wikidata": null, "names": {"primary": null, "common": null, "rules": null}}, "addresses": [{"freeform": "Herzog-Wilhelm-Straße 7", "locality": "München", "postcode": "80331", "region": null, "country": "DE"}], "names": {"primary": "Taverne Diogenis", "common": null, "rules": null}, "sources": [{"property": "", "dataset": "meta", "license": "CDLA-Permissive-2.0", "record_id": "1663946837165141", "update_time": "2026-07-02T00:00:00.000Z", "confidence": 0.9645757675170898, "between": null}, {"property": "/properties/confidence", "dataset": "Overture", "license": "CDLA-Permissive-2.0", "record_id": null, "update_time": "2026-07-14T20:34:55Z", "confidence": null, "between": null}], "basic_category": "restaurant", "taxonomy": {"primary": "greek_restaurant", "hierarchy": ["food_and_drink", "restaurant", "european_restaurant", "mediterranean_restaurant", "greek_restaurant"], "alternates": null}, "version": 9}}, {"id": "34f05769-db3a-4618-a71e-ec7de9537213", "type": "Feature", "geometry": {"type": "Point", "coordinates": [11.566762641013883, 48.137368463432324]}, "properties": {"categories": {"primary": "restaurant", "alternate": null}, "confidence": 0.77, "websites": ["https://wave-muc.com"], "emails": ["wavemunich635@gmail.com"], "phones": ["089 2603226"], "addresses": [{"freeform": "Herzog-Wilhelm-Str. 7", "locality": "München", "postcode": "80331", "region": "Bayern", "country": "DE"}], "names": {"primary": "Wave München - Pizza Restaurant - Café & Bar", "common": null, "rules": null}, "sources": [{"property": "", "dataset": "Foursquare", "license": "Apache-2.0", "record_id": "61be1aa8c9ad34745ebf2cda", "update_time": "2025-10-26T00:00:00.000", "confidence": 0.77, "between": null}, {"property": "/properties/confidence", "dataset": "Overture", "license": "CDLA-Permissive-2.0", "record_id": null, "update_time": "2026-07-14T20:34:55Z", "confidence": null, "between": null}], "basic_category": "restaurant", "taxonomy": {"primary": "restaurant", "hierarchy": ["food_and_drink", "restaurant"], "alternates": null}, "version": 2}}, {"id": "5396d785-279e-4a16-a272-44b2dc0cd5c4", "type": "Feature", "geometry": {"type": "Point", "coordinates": [11.56834616, 48.13772577]}, "properties": {"categories": {"primary": "wine_bar", "alternate": ["german_restaurant", "restaurant"]}, "confidence": 0.9970707559585571, "websites": ["http://www.weinhaus-neuner.de"], "emails": ["office@weinhaus-neuner.de"], "socials": ["https://www.facebook.com/1626004467712572"], "phones": ["+49892603954"], "brand": {"wikidata": null, "names": {"primary": null, "common": null, "rules": null}}, "addresses": [{"freeform": "Herzogspitalstraße 8", "locality": "München", "postcode": "80331", "region": null, "country": "DE"}], "names": {"primary": "Weinhaus Neuner", "common": null, "rules": null}, "sources": [{"property": "", "dataset": "meta", "license": "CDLA-Permissive-2.0", "record_id": "1626004467712572", "update_time": "2026-07-02T00:00:00.000Z", "confidence": 0.9872641563415527, "between": null}, {"property": "/properties/confidence", "dataset": "Overture", "license": "CDLA-Permissive-2.0", "record_id": null, "update_time": "2026-07-14T20:34:55Z", "confidence": null, "between": null}], "basic_category": "bar", "taxonomy": {"primary": "wine_bar", "hierarchy": ["food_and_drink", "alcoholic_beverage_venue", "bar", "wine_bar"], "alternates": null}, "version": 9}}, {"id": "b9ee2847-b66b-4e7d-9e20-b1b5d7ad692f", "type": "Feature", "geometry": {"type": "Point", "coordinates": [11.567394853054, 48.137560403632]}, "properties": {"categories": {"primary": "cafe", "alternate": ["smoothie_juice_bar", "bar"]}, "confidence": 0.9973904103040695, "websites": ["http://Www.Bundys-Muenchen.de/"], "emails": ["info@bundys-muenchen.de"], "socials": ["https://www.facebook.com/106798715396925"], "phones": ["+4917642084712"], "brand": {"wikidata": null, "names": {"primary": null, "common": null, "rules": null}}, "addresses": [{"freeform": "Herzogspitalstraße 9", "locality": "München", "postcode": "80331", "region": null, "country": "DE"}], "names": {"primary": "Bundys München", "common": null, "rules": null}, "sources": [{"property": "", "dataset": "meta", "license": "CDLA-Permissive-2.0", "record_id": "106798715396925", "update_time": "2026-07-02T00:00:00.000Z", "confidence": 0.9886539578437805, "between": null}, {"property": "/properties/confidence", "dataset": "Overture", "license": "CDLA-Permissive-2.0", "record_id": null, "update_time": "2026-07-14T20:34:55Z", "confidence": null, "between": null}], "basic_category": "cafe", "taxonomy": {"primary": "cafe", "hierarchy": ["food_and_drink", "casual_eatery", "cafe"], "alternates": null}, "version": 6}}, {"id": "b9e3874e-caaa-4310-ada5-fe0a8918c092", "type": "Feature", "geometry": {"type": "Point", "coordinates": [11.56740832, 48.13767362]}, "properties": {"categories": {"primary": "italian_restaurant", "alternate": ["restaurant", "bar"]}, "confidence": 0.9894223809242249, "websites": ["http://www.nicchia.de/"], "emails": ["info@nicchia.de"], "socials": ["https://www.facebook.com/101134327939460"], "phones": ["+498994381484"], "brand": {"wikidata": null, "names": {"primary": null, "common": null, "rules": null}}, "addresses": [{"freeform": "Herzogspitalstraße 9", "locality": "München", "postcode": "80331", "region": null, "country": "DE"}], "names": {"primary": "Nicchia", "common": null, "rules": null}, "sources": [{"property": "", "dataset": "meta", "license": "CDLA-Permissive-2.0", "record_id": "101134327939460", "update_time": "2026-07-02T00:00:00.000Z", "confidence": 0.9894223809242249, "between": null}, {"property": "/properties/confidence", "dataset": "Overture", "license": "CDLA-Permissive-2.0", "record_id": null, "update_time": "2026-07-14T20:34:55Z", "confidence": null, "between": null}], "basic_category": "restaurant", "taxonomy": {"primary": "italian_restaurant", "hierarchy": ["food_and_drink", "restaurant", "european_restaurant", "mediterranean_restaurant", "italian_restaurant"], "alternates": null}, "version": 10}}, {"id": "c3156cf4-ef89-40d1-a83c-54168bac6b93", "type": "Feature", "geometry": {"type": "Point", "coordinates": [11.56830480411415, 48.137967353483994]}, "properties": {"categories": {"primary": "fast_food_restaurant", "alternate": null}, "confidence": 0.77, "websites": ["https://www.gelbeseiten.de/gsbiz/d59470c5-10f0-44fd-a909-788d1db3d2bb"], "phones": ["089 18931460"], "addresses": [{"freeform": "Herzogspitalstr. 10", "locality": "München", "postcode": "80331", "region": "Bayern", "country": "DE"}], "names": {"primary": "Brezelina - Bavaria Food GmbH", "common": null, "rules": null}, "sources": [{"property": "", "dataset": "Foursquare", "license": "Apache-2.0", "record_id": "603df29b8db64406c4ea2c31", "update_time": "2025-10-18T00:00:00.000", "confidence": 0.77, "between": null}, {"property": "/properties/confidence", "dataset": "Overture", "license": "CDLA-Permissive-2.0", "record_id": null, "update_time": "2026-07-14T20:34:55Z", "confidence": null, "between": null}], "basic_category": "fast_food_restaurant", "taxonomy": {"primary": "fast_food_restaurant", "hierarchy": ["food_and_drink", "casual_eatery", "fast_food_restaurant"], "alternates": null}, "version": 3}}, {"id": "c79c47bd-80e3-4474-a12b-1177752dd444", "type": "Feature", "geometry": {"type": "Point", "coordinates": [11.568324, 48.137755]}, "properties": {"categories": {"primary": "supermarket", "alternate": ["grocery_store", "bakery"]}, "confidence": 0.48740509152412415, "websites": ["http://www.weinhaus-neuner.de"], "socials": ["https://www.facebook.com/1069849883159869"], "phones": ["+4989263298"], "brand": {"wikidata": null, "names": {"primary": null, "common": null, "rules": null}}, "addresses": [{"freeform": "Herzogspitalstraße 8", "locality": "München", "postcode": "80331", "region": null, "country": "DE"}], "names": {"primary": "Elisabeth Knott GmbH", "common": null, "rules": null}, "sources": [{"property": "", "dataset": "meta", "license": "CDLA-Permissive-2.0", "record_id": "1069849883159869", "update_time": "2026-07-02T00:00:00.000Z", "confidence": 0.48740509152412415, "between": null}, {"property": "/properties/confidence", "dataset": "Overture", "license": "CDLA-Permissive-2.0", "record_id": null, "update_time": "2026-07-14T20:34:55Z", "confidence": null, "between": null}], "basic_category": "food_and_beverage_store", "taxonomy": {"primary": "grocery_store", "hierarchy": ["shopping", "food_and_beverage_store", "grocery_store"], "alternates": null}, "version": 8}}, {"id": "3ee2623b-b1d1-4ab3-b2fb-ad76f4d44582", "type": "Feature", "geometry": {"type": "Point", "coordinates": [11.56907144, 48.13766229]}, "properties": {"categories": {"primary": "asian_restaurant", "alternate": ["restaurant", "asian_fusion_restaurant"]}, "confidence": 0.9931616288423538, "websites": ["https://www.mr-asia.net"], "emails": ["xuannam.le@icloud.com"], "socials": ["https://www.facebook.com/182567475096431"], "phones": ["+498921112066"], "brand": {"wikidata": null, "names": {"primary": null, "common": null, "rules": null}}, "addresses": [{"freeform": "Eisenmannstraße 4", "locality": "München", "postcode": "80331", "region": null, "country": "DE"}], "names": {"primary": "Mr. Asia", "common": null, "rules": null}, "sources": [{"property": "", "dataset": "meta", "license": "CDLA-Permissive-2.0", "record_id": "182567475096431", "update_time": "2026-07-02T00:00:00.000Z", "confidence": 0.9702679514884949, "between": null}, {"property": "/properties/confidence", "dataset": "Overture", "license": "CDLA-Permissive-2.0", "record_id": null, "update_time": "2026-07-14T20:34:55Z", "confidence": null, "between": null}], "basic_category": "restaurant", "taxonomy": {"primary": "asian_restaurant", "hierarchy": ["food_and_drink", "restaurant", "asian_restaurant"], "alternates": null}, "version": 10}}, {"id": "28b3a010-e3b1-4138-9198-bedf1e30a89a", "type": "Feature", "geometry": {"type": "Point", "coordinates": [11.569608277192073, 48.137357067681684]}, "properties": {"categories": {"primary": "commercial_industrial", "alternate": ["cafe", "industrial_company"]}, "confidence": 0.6057111024856567, "websites": ["http://www.caverion.de"], "emails": ["info@caverion.de"], "socials": ["https://www.facebook.com/431313173951753"], "phones": ["+4989210205490"], "brand": {"wikidata": null, "names": {"primary": "Caverion", "common": null, "rules": null}}, "addresses": [{"freeform": "Altheimer Eck 16", "locality": "München", "postcode": "80331", "region": null, "country": "DE"}], "names": {"primary": "Caverion Deutschland GmbH", "common": null, "rules": null}, "sources": [{"property": "", "dataset": "meta", "license": "CDLA-Permissive-2.0", "record_id": "431313173951753", "update_time": "2026-07-02T00:00:00.000Z", "confidence": 0.6057111024856567, "between": null}, {"property": "/properties/confidence", "dataset": "Overture", "license": "CDLA-Permissive-2.0", "record_id": null, "update_time": "2026-07-14T20:34:55Z", "confidence": null, "between": null}], "basic_category": "b2b_industrial_and_machine_service", "taxonomy": {"primary": "commercial_industrial", "hierarchy": ["services_and_business", "b2b_service", "commercial_industrial"], "alternates": null}, "version": 7}}, {"id": "1de58a24-93ba-4d01-a9d3-9ec7d8a52a37", "type": "Feature", "geometry": {"type": "Point", "coordinates": [11.5695489, 48.1363437]}, "properties": {"categories": {"primary": "liquor_store", "alternate": ["eat_and_drink"]}, "confidence": 0.6183913350105286, "websites": ["https://mybottles.de"], "emails": ["info@bottles-weine.de"], "socials": ["https://www.facebook.com/139104366795093"], "phones": ["+4989242072228"], "brand": {"wikidata": null, "names": {"primary": null, "common": null, "rules": null}}, "addresses": [{"freeform": null, "locality": "München", "postcode": null, "region": null, "country": "DE"}], "names": {"primary": "Bottles Feine Weine & Destillate KG", "common": null, "rules": null}, "sources": [{"property": "", "dataset": "meta", "license": "CDLA-Permissive-2.0", "record_id": "139104366795093", "update_time": "2026-07-02T00:00:00.000Z", "confidence": 0.6183913350105286, "between": null}, {"property": "/properties/confidence", "dataset": "Overture", "license": "CDLA-Permissive-2.0", "record_id": null, "update_time": "2026-07-14T20:34:55Z", "confidence": null, "between": null}], "basic_category": "food_and_beverage_store", "taxonomy": {"primary": "liquor_store", "hierarchy": ["shopping", "food_and_beverage_store", "liquor_store"], "alternates": null}, "version": 9}}, {"id": "94c21bda-4a70-4a21-9535-504919e5b054", "type": "Feature", "geometry": {"type": "Point", "coordinates": [11.56908969841859, 48.13626644421938]}, "properties": {"categories": {"primary": "afghan_restaurant", "alternate": null}, "confidence": 0.77, "websites": ["http://lemar-restaurant.de"], "emails": ["info@lemar-restaurant.de"], "phones": ["089 26949454"], "addresses": [{"freeform": "Brunnstr. 4", "locality": "Munich", "postcode": "80331", "region": "Germany", "country": "DE"}], "names": {"primary": "Lemar", "common": null, "rules": null}, "sources": [{"property": "", "dataset": "Foursquare", "license": "Apache-2.0", "record_id": "4b5b55fff964a52088f528e3", "update_time": "2026-03-12T00:00:00.000", "confidence": 0.77, "between": null}, {"property": "/properties/confidence", "dataset": "Overture", "license": "CDLA-Permissive-2.0", "record_id": null, "update_time": "2026-07-14T20:34:55Z", "confidence": null, "between": null}], "basic_category": "restaurant", "taxonomy": {"primary": "afghani_restaurant", "hierarchy": ["food_and_drink", "restaurant", "asian_restaurant", "central_asian_restaurant", "afghani_restaurant"], "alternates": null}, "version": 1}}, {"id": "00c306be-456d-4d9e-9b96-9f8b17aa7d35", "type": "Feature", "geometry": {"type": "Point", "coordinates": [11.569154, 48.136334]}, "properties": {"categories": {"primary": "turkish_restaurant", "alternate": ["restaurant", "asian_restaurant"]}, "confidence": 0.9384059101343155, "websites": ["http://www.mytantuni.com/"], "socials": ["https://www.facebook.com/107191284364515"], "phones": ["+494915110102111"], "brand": {"wikidata": null, "names": {"primary": null, "common": null, "rules": null}}, "addresses": [{"freeform": "Brunnstraße 1", "locality": "München", "postcode": "80331", "region": null, "country": "DE"}], "names": {"primary": "my Tantuni", "common": null, "rules": null}, "sources": [{"property": "", "dataset": "meta", "license": "CDLA-Permissive-2.0", "record_id": "107191284364515", "update_time": "2026-07-02T00:00:00.000Z", "confidence": 0.7321996092796326, "between": null}, {"property": "/properties/confidence", "dataset": "Overture", "license": "CDLA-Permissive-2.0", "record_id": null, "update_time": "2026-07-14T20:34:55Z", "confidence": null, "between": null}], "basic_category": "restaurant", "taxonomy": {"primary": "turkish_restaurant", "hierarchy": ["food_and_drink", "restaurant", "middle_eastern_restaurant", "turkish_restaurant"], "alternates": null}, "version": 6}}, {"id": "393fce11-23a7-4696-a48f-f303d62266f7", "type": "Feature", "geometry": {"type": "Point", "coordinates": [11.568710803985594, 48.136312021478574]}, "properties": {"categories": {"primary": "japanese_restaurant", "alternate": null}, "confidence": 0.77, "websites": ["http://www.sushi-sano.de"], "emails": ["info@sushi-sano.de"], "socials": ["https://www.facebook.com/132436186809474"], "phones": ["089 267490"], "addresses": [{"freeform": "Brunnstr. 6", "locality": "München", "postcode": "80331", "region": "Bayern", "country": "DE"}], "names": {"primary": "Sushi Sano", "common": null, "rules": null}, "sources": [{"property": "", "dataset": "Foursquare", "license": "Apache-2.0", "record_id": "4bd6dff54e32d13ae438c380", "update_time": "2026-03-14T00:00:00.000", "confidence": 0.77, "between": null}, {"property": "/properties/confidence", "dataset": "Overture", "license": "CDLA-Permissive-2.0", "record_id": null, "update_time": "2026-07-14T20:34:55Z", "confidence": null, "between": null}], "basic_category": "restaurant", "taxonomy": {"primary": "japanese_restaurant", "hierarchy": ["food_and_drink", "restaurant", "asian_restaurant", "east_asian_restaurant", "japanese_restaurant"], "alternates": null}, "version": 10}}, {"id": "ddaea195-0eb9-42c7-9daf-2d2d41e53d13", "type": "Feature", "geometry": {"type": "Point", "coordinates": [11.568086446222752, 48.13641519166079]}, "properties": {"categories": {"primary": "bakery", "alternate": ["desserts", "french_restaurant"]}, "confidence": 0.9687887698411941, "websites": ["https://french-touch-patisserie.com/"], "emails": ["yassine@french-touch-patisserie.com"], "socials": ["https://www.facebook.com/384678855632320"], "phones": ["+4917663398783"], "brand": {"wikidata": null, "names": {"primary": null, "common": null, "rules": null}}, "addresses": [{"freeform": "Brunnstraße 4", "locality": "München", "postcode": "80331", "region": null, "country": "DE"}], "names": {"primary": "French Touch Patisserie", "common": null, "rules": null}, "sources": [{"property": "", "dataset": "meta", "license": "CDLA-Permissive-2.0", "record_id": "384678855632320", "update_time": "2026-07-02T00:00:00.000Z", "confidence": 0.8642989993095398, "between": null}, {"property": "/properties/confidence", "dataset": "Overture", "license": "CDLA-Permissive-2.0", "record_id": null, "update_time": "2026-07-14T20:34:55Z", "confidence": null, "between": null}], "basic_category": "casual_eatery", "taxonomy": {"primary": "bakery", "hierarchy": ["food_and_drink", "casual_eatery", "bakery"], "alternates": null}, "version": 2}}, {"id": "2818f030-1a22-48d7-a051-770e42373850", "type": "Feature", "geometry": {"type": "Point", "coordinates": [11.56808896, 48.13642547]}, "properties": {"categories": {"primary": "tapas_bar", "alternate": ["burger_restaurant", "german_restaurant"]}, "confidence": 0.9985147869586944, "websites": ["http://www.derkleineflo.de/"], "emails": ["hallo@derkleineflo.de"], "socials": ["https://www.facebook.com/1228028580596852"], "phones": ["+498999018865"], "brand": {"wikidata": null, "names": {"primary": null, "common": null, "rules": null}}, "addresses": [{"freeform": "Josephspitalstraße 4", "locality": "München", "postcode": "80331", "region": null, "country": "DE"}], "names": {"primary": "Der kleine Flo", "common": null, "rules": null}, "sources": [{"property": "", "dataset": "meta", "license": "CDLA-Permissive-2.0", "record_id": "1228028580596852", "update_time": "2026-07-02T00:00:00.000Z", "confidence": 0.9935425519943237, "between": null}, {"property": "/properties/confidence", "dataset": "Overture", "license": "CDLA-Permissive-2.0", "record_id": null, "update_time": "2026-07-14T20:34:55Z", "confidence": null, "between": null}], "basic_category": "casual_eatery", "taxonomy": {"primary": "tapas_bar", "hierarchy": ["food_and_drink", "casual_eatery", "tapas_bar"], "alternates": null}, "version": 9}}, {"id": "d4bc32ed-34ba-4ed2-83ae-58ef8af8336a", "type": "Feature", "geometry": {"type": "Point", "coordinates": [11.5684488, 48.1362146]}, "properties": {"categories": {"primary": "restaurant", "alternate": null}, "confidence": 0.9655, "websites": ["https://julius-brantner.de/"], "phones": ["089215280990"], "addresses": [{"freeform": "Kreuzstr. 1", "locality": "München", "postcode": "80331", "region": "", "country": "DE"}], "names": {"primary": "Julius Brantner Brothandwerk Brezelbackstube - Altstadt", "common": null, "rules": null}, "sources": [{"property": "", "dataset": "Microsoft", "license": "CDLA-Permissive-2.0", "record_id": "1970324842251007", "update_time": "2025-09-06T00:45:33.797Z", "confidence": 0.85, "between": null}, {"property": "/properties/confidence", "dataset": "Overture", "license": "CDLA-Permissive-2.0", "record_id": null, "update_time": "2026-07-14T20:34:55Z", "confidence": null, "between": null}], "basic_category": "restaurant", "taxonomy": {"primary": "restaurant", "hierarchy": ["food_and_drink", "restaurant"], "alternates": null}, "version": 6}}, {"id": "80039f02-f441-40d5-83f7-2b7f8fc0b30f", "type": "Feature", "geometry": {"type": "Point", "coordinates": [11.568128588759597, 48.1361925673168]}, "properties": {"categories": {"primary": "restaurant", "alternate": null}, "confidence": 0.77, "websites": ["http://speisekammer-muenchen.de"], "phones": ["0491 711439190"], "addresses": [{"freeform": "Josephspitalstr. 3", "locality": "München", "postcode": "80331", "region": "Bayern", "country": "DE"}], "names": {"primary": "Speisekammer", "common": null, "rules": null}, "sources": [{"property": "", "dataset": "Foursquare", "license": "Apache-2.0", "record_id": "391623bccc344736b9c2e463", "update_time": "2025-10-23T00:00:00.000", "confidence": 0.77, "between": null}, {"property": "/properties/confidence", "dataset": "Overture", "license": "CDLA-Permissive-2.0", "record_id": null, "update_time": "2026-07-14T20:34:55Z", "confidence": null, "between": null}], "basic_category": "restaurant", "taxonomy": {"primary": "restaurant", "hierarchy": ["food_and_drink", "restaurant"], "alternates": null}, "version": 4}}, {"id": "8c3b82d1-759e-460d-974a-3755801dd1fe", "type": "Feature", "geometry": {"type": "Point", "coordinates": [11.56838201, 48.13672535]}, "properties": {"categories": {"primary": "bar", "alternate": ["music_venue", "event_planning"]}, "confidence": 0.9858376413583756, "socials": ["https://www.facebook.com/239061903506574"], "phones": ["+4989263391"], "brand": {"wikidata": null, "names": {"primary": null, "common": null, "rules": null}}, "addresses": [{"freeform": "Damenstiftstraße 12", "locality": "München", "postcode": "80331", "region": null, "country": "DE"}], "names": {"primary": "Favoritbar", "common": null, "rules": null}, "sources": [{"property": "", "dataset": "meta", "license": "CDLA-Permissive-2.0", "record_id": "239061903506574", "update_time": "2026-07-02T00:00:00.000Z", "confidence": 0.9384245276451111, "between": null}, {"property": "/properties/confidence", "dataset": "Overture", "license": "CDLA-Permissive-2.0", "record_id": null, "update_time": "2026-07-14T20:34:55Z", "confidence": null, "between": null}], "basic_category": "bar", "taxonomy": {"primary": "bar", "hierarchy": ["food_and_drink", "alcoholic_beverage_venue", "bar"], "alternates": null}, "version": 6}}, {"id": "942f6230-abc0-46a9-a0d4-5f6fceb25172", "type": "Feature", "geometry": {"type": "Point", "coordinates": [11.56577324, 48.1367113]}, "properties": {"categories": {"primary": "delicatessen", "alternate": ["bar", "restaurant"]}, "confidence": 0.9923051685094834, "websites": ["http://www.bikini-mitte.com"], "emails": ["marc@hitgirlinc.com"], "socials": ["https://www.facebook.com/589391804581157"], "phones": ["+4915224611623"], "brand": {"wikidata": null, "names": {"primary": null, "common": null, "rules": null}}, "addresses": [{"freeform": "Sonnenstraße 17", "locality": "München", "postcode": "80331", "region": null, "country": "DE"}], "names": {"primary": "Bikini Mitte", "common": null, "rules": null}, "sources": [{"property": "", "dataset": "meta", "license": "CDLA-Permissive-2.0", "record_id": "589391804581157", "update_time": "2026-07-02T00:00:00.000Z", "confidence": 0.9665442109107971, "between": null}, {"property": "/properties/confidence", "dataset": "Overture", "license": "CDLA-Permissive-2.0", "record_id": null, "update_time": "2026-07-14T20:34:55Z", "confidence": null, "between": null}], "basic_category": "casual_eatery", "taxonomy": {"primary": "delicatessen", "hierarchy": ["food_and_drink", "casual_eatery", "delicatessen"], "alternates": null}, "version": 11}}, {"id": "0a93b944-1129-4393-9930-9e24fc9a8381", "type": "Feature", "geometry": {"type": "Point", "coordinates": [11.565355, 48.136353]}, "properties": {"categories": {"primary": "rental_service", "alternate": ["furniture_store", "bar"]}, "confidence": 0.9106526690721511, "websites": ["http://segmueller.de"], "emails": ["muenchen@segmueller.de"], "socials": ["https://www.facebook.com/246077592522407"], "phones": ["+4989591374"], "brand": {"wikidata": null, "names": {"primary": "Segmüller", "common": null, "rules": null}}, "addresses": [{"freeform": "Sonnenstraße 19", "locality": "München", "postcode": "80331", "region": null, "country": "DE"}], "names": {"primary": "Segmüller Einrichtungshaus", "common": null, "rules": null}, "sources": [{"property": "", "dataset": "meta", "license": "CDLA-Permissive-2.0", "record_id": "246077592522407", "update_time": "2026-07-02T00:00:00.000Z", "confidence": 0.6115333437919617, "between": null}, {"property": "/properties/confidence", "dataset": "Overture", "license": "CDLA-Permissive-2.0", "record_id": null, "update_time": "2026-07-14T20:34:55Z", "confidence": null, "between": null}], "basic_category": "vehicle_service", "taxonomy": {"primary": "rental_service", "hierarchy": ["services_and_business", "real_estate", "real_estate_service", "rental_service"], "alternates": null}, "version": 9}}, {"id": "0b7aea33-150e-4168-8877-dc5ff6c069b0", "type": "Feature", "geometry": {"type": "Point", "coordinates": [11.56548494, 48.1362516]}, "properties": {"categories": {"primary": "bar", "alternate": ["dance_club", "pub"]}, "confidence": 0.9844756722450256, "websites": ["http://www.maxebellespitz.bar/"], "emails": ["info@maxebellespitz.bar"], "socials": ["https://www.facebook.com/1755896421336065"], "phones": ["+498954540780"], "brand": {"wikidata": null, "names": {"primary": null, "common": null, "rules": null}}, "addresses": [{"freeform": "Schellingstraße 91", "locality": "München", "postcode": "80799", "region": null, "country": "DE"}], "names": {"primary": "Maxi Belle Spitz", "common": null, "rules": null}, "sources": [{"property": "", "dataset": "meta", "license": "CDLA-Permissive-2.0", "record_id": "1755896421336065", "update_time": "2026-07-02T00:00:00.000Z", "confidence": 0.9844756722450256, "between": null}, {"property": "/properties/confidence", "dataset": "Overture", "license": "CDLA-Permissive-2.0", "record_id": null, "update_time": "2026-07-14T20:34:55Z", "confidence": null, "between": null}], "basic_category": "bar", "taxonomy": {"primary": "bar", "hierarchy": ["food_and_drink", "alcoholic_beverage_venue", "bar"], "alternates": null}, "version": 1}}, {"id": "fdcf9e4d-b7e6-4703-b94d-086d052bf31c", "type": "Feature", "geometry": {"type": "Point", "coordinates": [11.56598804, 48.13637264]}, "properties": {"categories": {"primary": "french_restaurant", "alternate": ["european_restaurant", "restaurant"]}, "confidence": 0.9645696878433228, "websites": ["http://lafayette-restaurant.de/"], "emails": ["info@lafayette-restaurant.de"], "socials": ["https://www.facebook.com/127481977112744"], "phones": ["+498920966995"], "brand": {"wikidata": null, "names": {"primary": null, "common": null, "rules": null}}, "addresses": [{"freeform": "Josephspitalstraße 15", "locality": "München", "postcode": "80331", "region": null, "country": "DE"}], "names": {"primary": "La Fayette Restaurant und Bar", "common": null, "rules": null}, "sources": [{"property": "", "dataset": "meta", "license": "CDLA-Permissive-2.0", "record_id": "127481977112744", "update_time": "2026-07-02T00:00:00.000Z", "confidence": 0.9645696878433228, "between": null}, {"property": "/properties/confidence", "dataset": "Overture", "license": "CDLA-Permissive-2.0", "record_id": null, "update_time": "2026-07-14T20:34:55Z", "confidence": null, "between": null}], "basic_category": "restaurant", "taxonomy": {"primary": "french_restaurant", "hierarchy": ["food_and_drink", "restaurant", "european_restaurant", "western_european_restaurant", "french_restaurant"], "alternates": null}, "version": 10}}, {"id": "87ba04ef-0d7f-483a-9a62-6cd17cdc8efb", "type": "Feature", "geometry": {"type": "Point", "coordinates": [11.56607, 48.13638]}, "properties": {"categories": {"primary": "lawyer", "alternate": ["italian_restaurant", "divorce_and_family_law"]}, "confidence": 0.5987937450408936, "websites": ["http://www.cuocolo-legal.com/"], "emails": ["info@avvcuocolo.com"], "socials": ["https://www.facebook.com/243990659328569"], "phones": ["+4989207040222"], "brand": {"wikidata": null, "names": {"primary": null, "common": null, "rules": null}}, "addresses": [{"freeform": "Josephspitalstraße 15", "locality": "München", "postcode": "80331", "region": null, "country": "DE"}], "names": {"primary": "Die Kanzlei für italienisches Recht. Avvocati in Germania", "common": null, "rules": null}, "sources": [{"property": "", "dataset": "meta", "license": "CDLA-Permissive-2.0", "record_id": "243990659328569", "update_time": "2026-07-02T00:00:00.000Z", "confidence": 0.5987937450408936, "between": null}, {"property": "/properties/confidence", "dataset": "Overture", "license": "CDLA-Permissive-2.0", "record_id": null, "update_time": "2026-07-14T20:34:55Z", "confidence": null, "between": null}], "basic_category": "attorney_or_law_firm", "taxonomy": {"primary": "attorney_or_law_firm", "hierarchy": ["services_and_business", "legal_service", "attorney_or_law_firm"], "alternates": null}, "version": 7}}, {"id": "fa3f70ca-df6f-41e6-a488-66b12f76fd30", "type": "Feature", "geometry": {"type": "Point", "coordinates": [11.566039236388454, 48.136429723446156]}, "properties": {"categories": {"primary": "bar", "alternate": null}, "confidence": 0.77, "websites": ["http://www.cafe-cord.tv/"], "phones": ["089 54540780"], "addresses": [{"freeform": "Sonnenstr. 19", "locality": "München", "postcode": "80331", "region": "Bayern", "country": "DE"}], "names": {"primary": "Cafe Cord", "common": null, "rules": null}, "sources": [{"property": "", "dataset": "Foursquare", "license": "Apache-2.0", "record_id": "4bfec473daf9c9b6533af9ef", "update_time": "2025-07-03T00:00:00.000", "confidence": 0.77, "between": null}, {"property": "/properties/confidence", "dataset": "Overture", "license": "CDLA-Permissive-2.0", "record_id": null, "update_time": "2026-07-14T20:34:55Z", "confidence": null, "between": null}], "basic_category": "bar", "taxonomy": {"primary": "bar", "hierarchy": ["food_and_drink", "alcoholic_beverage_venue", "bar"], "alternates": null}, "version": 5}}, {"id": "39e973e6-3562-43e9-b5a3-a0bd2f4ce74b", "type": "Feature", "geometry": {"type": "Point", "coordinates": [11.5662187, 48.13650312]}, "properties": {"categories": {"primary": "dance_club", "alternate": ["bar", "pub"]}, "confidence": 0.7107380032539368, "websites": ["http://www.schampus-club.de/"], "emails": ["info@schampus-club.de"], "socials": ["https://www.facebook.com/775647488964243"], "phones": ["+498920966995"], "brand": {"wikidata": null, "names": {"primary": null, "common": null, "rules": null}}, "addresses": [{"freeform": "Josephspitalstraße 15", "locality": "München", "postcode": "80331", "region": null, "country": "DE"}], "names": {"primary": "Schampus Club", "common": null, "rules": null}, "sources": [{"property": "", "dataset": "meta", "license": "CDLA-Permissive-2.0", "record_id": "775647488964243", "update_time": "2026-07-02T00:00:00.000Z", "confidence": 0.7107380032539368, "between": null}, {"property": "/properties/confidence", "dataset": "Overture", "license": "CDLA-Permissive-2.0", "record_id": null, "update_time": "2026-07-14T20:34:55Z", "confidence": null, "between": null}], "basic_category": "dance_club", "taxonomy": {"primary": "dance_club", "hierarchy": ["arts_and_entertainment", "nightlife_venue", "dance_club"], "alternates": null}, "version": 6}}, {"id": "716fe8a4-6c25-48d5-8565-4ab21b12a2df", "type": "Feature", "geometry": {"type": "Point", "coordinates": [11.56693233, 48.13623166]}, "properties": {"categories": {"primary": "social_service_organizations", "alternate": ["bar", "restaurant"]}, "confidence": 0.8166366815567017, "websites": ["http://www.innenstadtwirte.de/"], "emails": ["info@innenstadtwirte.de"], "socials": ["https://www.facebook.com/724459890999559"], "phones": ["+4989122280780"], "brand": {"wikidata": null, "names": {"primary": null, "common": null, "rules": null}}, "addresses": [{"freeform": "Herzog-Wilhelm-Straße 15", "locality": "München", "postcode": "80331", "region": null, "country": "DE"}], "names": {"primary": "Münchner Innenstadtwirte e.V.", "common": null, "rules": null}, "sources": [{"property": "", "dataset": "meta", "license": "CDLA-Permissive-2.0", "record_id": "724459890999559", "update_time": "2026-07-02T00:00:00.000Z", "confidence": 0.8166366815567017, "between": null}, {"property": "/properties/confidence", "dataset": "Overture", "license": "CDLA-Permissive-2.0", "record_id": null, "update_time": "2026-07-14T20:34:55Z", "confidence": null, "between": null}], "basic_category": "social_or_community_service", "taxonomy": {"primary": "social_or_community_service", "hierarchy": ["community_and_government", "social_or_community_service"], "alternates": null}, "version": 12}}, {"id": "56e99912-5a2a-4f43-ab50-cef4ca889ca9", "type": "Feature", "geometry": {"type": "Point", "coordinates": [11.564906199156082, 48.135549967368846]}, "properties": {"categories": {"primary": "eat_and_drink", "alternate": ["caterer", "restaurant"]}, "confidence": 0.5333230495452881, "websites": ["http://kuechenflirt-muenchen.de/"], "emails": ["post@boque-auf-croque.de"], "socials": ["https://www.facebook.com/148728358589037"], "brand": {"wikidata": null, "names": {"primary": null, "common": null, "rules": null}}, "addresses": [{"freeform": "Sonnenstraße 22", "locality": "München", "postcode": "80331", "region": null, "country": "DE"}], "names": {"primary": "Küchenflirt München", "common": null, "rules": null}, "sources": [{"property": "", "dataset": "meta", "license": "CDLA-Permissive-2.0", "record_id": "148728358589037", "update_time": "2026-07-02T00:00:00.000Z", "confidence": 0.5333230495452881, "between": null}, {"property": "/properties/confidence", "dataset": "Overture", "license": "CDLA-Permissive-2.0", "record_id": null, "update_time": "2026-07-14T20:34:55Z", "confidence": null, "between": null}], "taxonomy": {"primary": "food_and_drink", "hierarchy": ["food_and_drink"], "alternates": null}, "version": 1}}, {"id": "62c62129-da23-46b0-9296-3b30ddac9db9", "type": "Feature", "geometry": {"type": "Point", "coordinates": [11.564814, 48.135501]}, "properties": {"categories": {"primary": "bar", "alternate": ["burger_restaurant", "restaurant"]}, "confidence": 0.9067037105560303, "socials": ["https://www.facebook.com/324186515063719"], "brand": {"wikidata": null, "names": {"primary": null, "common": null, "rules": null}}, "addresses": [{"freeform": "Sonnenstraße 24", "locality": "München", "postcode": "80331", "region": null, "country": "DE"}], "names": {"primary": "Speisen & Getranke", "common": null, "rules": null}, "sources": [{"property": "", "dataset": "meta", "license": "CDLA-Permissive-2.0", "record_id": "324186515063719", "update_time": "2026-07-02T00:00:00.000Z", "confidence": 0.9067037105560303, "between": null}, {"property": "/properties/confidence", "dataset": "Overture", "license": "CDLA-Permissive-2.0", "record_id": null, "update_time": "2026-07-14T20:34:55Z", "confidence": null, "between": null}], "basic_category": "bar", "taxonomy": {"primary": "bar", "hierarchy": ["food_and_drink", "alcoholic_beverage_venue", "bar"], "alternates": null}, "version": 3}}, {"id": "a9494001-14a7-4b46-a7b3-537025b09919", "type": "Feature", "geometry": {"type": "Point", "coordinates": [11.56497237, 48.13519677]}, "properties": {"categories": {"primary": "burger_restaurant", "alternate": ["fast_food_restaurant", "american_restaurant"]}, "confidence": 0.9980551242828369, "websites": ["https://hansimglueck-burgergrill.de/burger-restaurant/muenchen-isarpost/?utm_source=facebook&utm_medium=yext&utm_campaign=31"], "emails": ["isarpost@hansimglueck.de"], "socials": ["https://www.facebook.com/111168510441936"], "phones": ["+498924410292"], "brand": {"wikidata": null, "names": {"primary": "HANS IM GLÜCK - Burgergrill & Bar", "common": null, "rules": null}}, "addresses": [{"freeform": "Sonnenstraße 24", "locality": "München", "postcode": "80331", "region": null, "country": "DE"}], "names": {"primary": "Hans Im Gluck", "common": null, "rules": null}, "sources": [{"property": "", "dataset": "meta", "license": "CDLA-Permissive-2.0", "record_id": "111168510441936", "update_time": "2026-07-02T00:00:00.000Z", "confidence": 0.9902756214141846, "between": null}, {"property": "/properties/confidence", "dataset": "Overture", "license": "CDLA-Permissive-2.0", "record_id": null, "update_time": "2026-07-14T20:34:55Z", "confidence": null, "between": null}], "basic_category": "restaurant", "taxonomy": {"primary": "burger_restaurant", "hierarchy": ["food_and_drink", "restaurant", "meat_restaurant", "burger_restaurant"], "alternates": null}, "version": 1}}, {"id": "e7bd2692-29d9-4eec-ab78-bb617e5dc0b3", "type": "Feature", "geometry": {"type": "Point", "coordinates": [11.565847, 48.135217]}, "properties": {"categories": {"primary": "dance_club", "alternate": ["bar", "pub"]}, "confidence": 0.8638997834920883, "websites": ["http://www.59to1.net"], "emails": ["info@59to1.net"], "socials": ["https://www.facebook.com/152433254793991"], "phones": ["+498924205718"], "brand": {"wikidata": null, "names": {"primary": null, "common": null, "rules": null}}, "addresses": [{"freeform": "Sonnenstraße 27", "locality": "München", "postcode": "80331", "region": null, "country": "DE"}], "names": {"primary": "59To1", "common": null, "rules": null}, "sources": [{"property": "", "dataset": "meta", "license": "CDLA-Permissive-2.0", "record_id": "152433254793991", "update_time": "2026-07-02T00:00:00.000Z", "confidence": 0.40825992822647095, "between": null}, {"property": "/properties/confidence", "dataset": "Overture", "license": "CDLA-Permissive-2.0", "record_id": null, "update_time": "2026-07-14T20:34:55Z", "confidence": null, "between": null}], "basic_category": "dance_club", "taxonomy": {"primary": "dance_club", "hierarchy": ["arts_and_entertainment", "nightlife_venue", "dance_club"], "alternates": null}, "version": 8}}, {"id": "d4222abd-d7f8-4a84-888b-c08f33937def", "type": "Feature", "geometry": {"type": "Point", "coordinates": [11.56603663, 48.13514358]}, "properties": {"categories": {"primary": "cocktail_bar", "alternate": ["bar", "lounge"]}, "confidence": 0.9965019255876542, "websites": ["https://www.clubstars.net/"], "emails": ["info@milchundbar.de"], "socials": ["https://www.facebook.com/157509327610817"], "phones": ["+498945028818"], "brand": {"wikidata": null, "names": {"primary": null, "common": null, "rules": null}}, "addresses": [{"freeform": "Sonnenstraße 27", "locality": "München", "postcode": "80331", "region": null, "country": "DE"}], "names": {"primary": "Milchbar", "common": null, "rules": null}, "sources": [{"property": "", "dataset": "meta", "license": "CDLA-Permissive-2.0", "record_id": "157509327610817", "update_time": "2026-07-02T00:00:00.000Z", "confidence": 0.9847909808158875, "between": null}, {"property": "/properties/confidence", "dataset": "Overture", "license": "CDLA-Permissive-2.0", "record_id": null, "update_time": "2026-07-14T20:34:55Z", "confidence": null, "between": null}], "basic_category": "bar", "taxonomy": {"primary": "cocktail_bar", "hierarchy": ["food_and_drink", "alcoholic_beverage_venue", "bar", "cocktail_bar"], "alternates": null}, "version": 8}}, {"id": "7f3a83e8-17ac-4154-8b88-69bf2cf0ecb4", "type": "Feature", "geometry": {"type": "Point", "coordinates": [11.56721958, 48.13541458]}, "properties": {"categories": {"primary": "cocktail_bar", "alternate": ["bar", "pub"]}, "confidence": 0.9978119915723801, "websites": ["http://www.jadedmonkey.de/"], "socials": ["https://www.facebook.com/1435652560006608"], "phones": ["+498926949401"], "brand": {"wikidata": null, "names": {"primary": null, "common": null, "rules": null}}, "addresses": [{"freeform": "Herzog-Wilhelm-Straße 25", "locality": "München", "postcode": "80331", "region": null, "country": "DE"}], "names": {"primary": "Jaded Monkey", "common": null, "rules": null}, "sources": [{"property": "", "dataset": "meta", "license": "CDLA-Permissive-2.0", "record_id": "1435652560006608", "update_time": "2026-07-02T00:00:00.000Z", "confidence": 0.9904869198799133, "between": null}, {"property": "/properties/confidence", "dataset": "Overture", "license": "CDLA-Permissive-2.0", "record_id": null, "update_time": "2026-07-14T20:34:55Z", "confidence": null, "between": null}], "basic_category": "bar", "taxonomy": {"primary": "cocktail_bar", "hierarchy": ["food_and_drink", "alcoholic_beverage_venue", "bar", "cocktail_bar"], "alternates": null}, "version": 10}}, {"id": "f4abf095-e0c8-4576-b9d9-76441b67f415", "type": "Feature", "geometry": {"type": "Point", "coordinates": [11.56857439, 48.13566746]}, "properties": {"categories": {"primary": "cafe", "alternate": ["restaurant", "european_restaurant"]}, "confidence": 0.99812344789505, "websites": ["http://www.bricelta.de/"], "emails": ["bricelta@googlemail.com"], "socials": ["https://www.facebook.com/307674319342407"], "phones": ["+498923225871"], "brand": {"wikidata": null, "names": {"primary": null, "common": null, "rules": null}}, "addresses": [{"freeform": "Kreuzstraße 3B", "locality": "München", "postcode": "80331", "region": null, "country": "DE"}], "names": {"primary": "Bricelta", "common": null, "rules": null}, "sources": [{"property": "", "dataset": "meta", "license": "CDLA-Permissive-2.0", "record_id": "307674319342407", "update_time": "2026-07-02T00:00:00.000Z", "confidence": 0.9918410778045654, "between": null}, {"property": "/properties/confidence", "dataset": "Overture", "license": "CDLA-Permissive-2.0", "record_id": null, "update_time": "2026-07-14T20:34:55Z", "confidence": null, "between": null}], "basic_category": "cafe", "taxonomy": {"primary": "cafe", "hierarchy": ["food_and_drink", "casual_eatery", "cafe"], "alternates": null}, "version": 9}}, {"id": "c91f1e2b-c887-4d2f-b17b-80df9f9edfd2", "type": "Feature", "geometry": {"type": "Point", "coordinates": [11.56869779, 48.13567035]}, "properties": {"categories": {"primary": "spanish_restaurant", "alternate": ["tapas_bar", "european_restaurant"]}, "confidence": 0.9917524325847625, "websites": ["http://www.bricelta.de"], "emails": ["bricelta@gmail.com"], "socials": ["https://www.facebook.com/226756730673062"], "phones": ["+49894470209"], "brand": {"wikidata": null, "names": {"primary": null, "common": null, "rules": null}}, "addresses": [{"freeform": "Kreuzstraße 3A", "locality": "München", "postcode": "80331", "region": null, "country": "DE"}], "names": {"primary": "La Vida", "common": null, "rules": null}, "sources": [{"property": "", "dataset": "meta", "license": "CDLA-Permissive-2.0", "record_id": "226756730673062", "update_time": "2026-07-02T00:00:00.000Z", "confidence": 0.9641410112380981, "between": null}, {"property": "/properties/confidence", "dataset": "Overture", "license": "CDLA-Permissive-2.0", "record_id": null, "update_time": "2026-07-14T20:34:55Z", "confidence": null, "between": null}], "basic_category": "restaurant", "taxonomy": {"primary": "spanish_restaurant", "hierarchy": ["food_and_drink", "restaurant", "european_restaurant", "iberian_restaurant", "spanish_restaurant"], "alternates": null}, "version": 6}}, {"id": "68bb2821-c330-4a8c-ad88-d25e64e3a2f8", "type": "Feature", "geometry": {"type": "Point", "coordinates": [11.56925023, 48.1359955]}, "properties": {"categories": {"primary": "korean_restaurant", "alternate": ["asian_restaurant", "restaurant"]}, "confidence": 0.9897883892059326, "emails": ["anyong.koreanfood@gmail.com"], "socials": ["https://www.facebook.com/240067825847362"], "phones": ["+498941343245"], "brand": {"wikidata": null, "names": {"primary": null, "common": null, "rules": null}}, "addresses": [{"freeform": "Brunnstraße 1", "locality": "München", "postcode": "80331", "region": null, "country": "DE"}], "names": {"primary": "Anyong", "common": null, "rules": null}, "sources": [{"property": "", "dataset": "meta", "license": "CDLA-Permissive-2.0", "record_id": "240067825847362", "update_time": "2026-07-02T00:00:00.000Z", "confidence": 0.955601692199707, "between": null}, {"property": "/properties/confidence", "dataset": "Overture", "license": "CDLA-Permissive-2.0", "record_id": null, "update_time": "2026-07-14T20:34:55Z", "confidence": null, "between": null}], "basic_category": "restaurant", "taxonomy": {"primary": "korean_restaurant", "hierarchy": ["food_and_drink", "restaurant", "asian_restaurant", "east_asian_restaurant", "korean_restaurant"], "alternates": null}, "version": 9}}, {"id": "2ccc9bfc-a54b-42b2-b0e6-cc1cdfc55553", "type": "Feature", "geometry": {"type": "Point", "coordinates": [11.56943643, 48.13559586]}, "properties": {"categories": {"primary": "italian_restaurant", "alternate": ["restaurant", "diner"]}, "confidence": 0.27944910526275635, "websites": ["https://rosso-millemiglia.de/"], "emails": ["info@rosso-millemiglia.de"], "socials": ["https://www.facebook.com/1155202684350739"], "phones": ["+498924883139"], "brand": {"wikidata": null, "names": {"primary": null, "common": null, "rules": null}}, "addresses": [{"freeform": "Sendlinger Straße 28", "locality": "München", "postcode": "80331", "region": null, "country": "DE"}], "names": {"primary": "Rosso Mille Miglia", "common": null, "rules": null}, "sources": [{"property": "", "dataset": "meta", "license": "CDLA-Permissive-2.0", "record_id": "1155202684350739", "update_time": "2026-07-02T00:00:00.000Z", "confidence": 0.27944910526275635, "between": null}, {"property": "/properties/confidence", "dataset": "Overture", "license": "CDLA-Permissive-2.0", "record_id": null, "update_time": "2026-07-14T20:34:55Z", "confidence": null, "between": null}], "basic_category": "restaurant", "taxonomy": {"primary": "italian_restaurant", "hierarchy": ["food_and_drink", "restaurant", "european_restaurant", "mediterranean_restaurant", "italian_restaurant"], "alternates": null}, "version": 1}}, {"id": "65a0b9ce-ec95-4e70-bb39-64f0b5d732f6", "type": "Feature", "geometry": {"type": "Point", "coordinates": [11.569192, 48.135531]}, "properties": {"categories": {"primary": "seafood_restaurant", "alternate": null}, "confidence": 0.77, "websites": ["https://mastava.de"], "socials": ["https://www.instagram.com/mastava_"], "phones": ["089 66055686"], "addresses": [{"freeform": "Sendlinger Str. 28", "locality": "München", "postcode": "80331", "region": "Bayern", "country": "DE"}], "names": {"primary": "Mastava", "common": null, "rules": null}, "sources": [{"property": "", "dataset": "Foursquare", "license": "Apache-2.0", "record_id": "65590f17913bee1dc74bbffa", "update_time": "2025-05-23T00:00:00.000", "confidence": 0.77, "between": null}, {"property": "/properties/confidence", "dataset": "Overture", "license": "CDLA-Permissive-2.0", "record_id": null, "update_time": "2026-07-14T20:34:55Z", "confidence": null, "between": null}], "basic_category": "restaurant", "taxonomy": {"primary": "seafood_restaurant", "hierarchy": ["food_and_drink", "restaurant", "seafood_restaurant"], "alternates": null}, "version": 7}}, {"id": "3885f098-4288-4df6-ac5a-c18e18cf3c5f", "type": "Feature", "geometry": {"type": "Point", "coordinates": [11.569017439272173, 48.13552696051512]}, "properties": {"categories": {"primary": "italian_restaurant", "alternate": null}, "confidence": 0.77, "websites": ["http://www.bella-italia-asamhof.de"], "phones": ["089 2609377"], "addresses": [{"freeform": "Sendlinger Str. 28", "locality": "München", "postcode": "80331", "region": "Bayern", "country": "DE"}], "names": {"primary": "Bella Italia", "common": null, "rules": null}, "sources": [{"property": "", "dataset": "Foursquare", "license": "Apache-2.0", "record_id": "4c14b873a5eb76b01429c2b7", "update_time": "2025-10-23T00:00:00.000", "confidence": 0.77, "between": null}, {"property": "/properties/confidence", "dataset": "Overture", "license": "CDLA-Permissive-2.0", "record_id": null, "update_time": "2026-07-14T20:34:55Z", "confidence": null, "between": null}], "basic_category": "restaurant", "taxonomy": {"primary": "italian_restaurant", "hierarchy": ["food_and_drink", "restaurant", "european_restaurant", "mediterranean_restaurant", "italian_restaurant"], "alternates": null}, "version": 4}}, {"id": "de2d1e64-c6dd-486a-914f-5f2f3930088d", "type": "Feature", "geometry": {"type": "Point", "coordinates": [11.56981584, 48.13534567]}, "properties": {"categories": {"primary": "tea_room", "alternate": ["cafe", "flowers_and_gifts_shop"]}, "confidence": 0.9996939107775689, "websites": ["https://www.teegschwendner.de/Muenchen"], "emails": ["muenchen-asamhof@teegschwendner.com"], "socials": ["https://www.facebook.com/110390061437516"], "phones": ["+49892604377"], "brand": {"wikidata": null, "names": {"primary": "TeeGschwendner", "common": null, "rules": null}}, "addresses": [{"freeform": "Sendlinger Straße 28", "locality": "München", "postcode": "80331", "region": null, "country": "DE"}], "names": {"primary": "TeeGschwendner", "common": null, "rules": null}, "sources": [{"property": "", "dataset": "meta", "license": "CDLA-Permissive-2.0", "record_id": "110390061437516", "update_time": "2026-07-02T00:00:00.000Z", "confidence": 0.9911278486251831, "between": null}, {"property": "/properties/confidence", "dataset": "Overture", "license": "CDLA-Permissive-2.0", "record_id": null, "update_time": "2026-07-14T20:34:55Z", "confidence": null, "between": null}], "basic_category": "non_alcoholic_beverage_venue", "taxonomy": {"primary": "tea_room", "hierarchy": ["food_and_drink", "non_alcoholic_beverage_venue", "tea_room"], "alternates": null}, "version": 10}}, {"id": "480fd32d-2e5d-4bbd-99c2-fb4d03041852", "type": "Feature", "geometry": {"type": "Point", "coordinates": [11.57041, 48.1355099]}, "properties": {"categories": {"primary": "womens_clothing_store", "alternate": ["bar"]}, "confidence": 0.5863311290740967, "socials": ["https://www.facebook.com/109000847304209"], "phones": ["+498923886581"], "brand": {"wikidata": null, "names": {"primary": "Roxy", "common": null, "rules": null}}, "addresses": [{"freeform": "Sendlinger Straße 20", "locality": "München", "postcode": "80331", "region": null, "country": "DE"}], "names": {"primary": "Roxy", "common": null, "rules": null}, "sources": [{"property": "", "dataset": "meta", "license": "CDLA-Permissive-2.0", "record_id": "109000847304209", "update_time": "2026-07-02T00:00:00.000Z", "confidence": 0.5863311290740967, "between": null}, {"property": "/properties/confidence", "dataset": "Overture", "license": "CDLA-Permissive-2.0", "record_id": null, "update_time": "2026-07-14T20:34:55Z", "confidence": null, "between": null}], "basic_category": "fashion_and_apparel_store", "taxonomy": {"primary": "womens_clothing_store", "hierarchy": ["shopping", "fashion_and_apparel_store", "clothing_store", "womens_clothing_store"], "alternates": null}, "version": 1}}, {"id": "a9ad9b3f-56d5-45da-b59c-068265968958", "type": "Feature", "geometry": {"type": "Point", "coordinates": [11.57075, 48.13524]}, "properties": {"categories": {"primary": "dance_club", "alternate": ["bar", "pub"]}, "confidence": 0.39123526215553284, "websites": ["http://www.getsocialclub.com/"], "emails": ["info@getsocialclub.com"], "socials": ["https://www.facebook.com/111438662805236"], "brand": {"wikidata": null, "names": {"primary": null, "common": null, "rules": null}}, "addresses": [{"freeform": "Sendlinger Straße 21", "locality": "München", "postcode": "80331", "region": null, "country": "DE"}], "names": {"primary": "SocialClub", "common": null, "rules": null}, "sources": [{"property": "", "dataset": "meta", "license": "CDLA-Permissive-2.0", "record_id": "111438662805236", "update_time": "2026-07-02T00:00:00.000Z", "confidence": 0.39123526215553284, "between": null}, {"property": "/properties/confidence", "dataset": "Overture", "license": "CDLA-Permissive-2.0", "record_id": null, "update_time": "2026-07-14T20:34:55Z", "confidence": null, "between": null}], "basic_category": "dance_club", "taxonomy": {"primary": "dance_club", "hierarchy": ["arts_and_entertainment", "nightlife_venue", "dance_club"], "alternates": null}, "version": 7}}, {"id": "24ddcc30-a208-491d-aeef-29ae1ef23d45", "type": "Feature", "geometry": {"type": "Point", "coordinates": [11.571226830263402, 48.135095080309846]}, "properties": {"categories": {"primary": "bar", "alternate": null}, "confidence": 0.77, "websites": ["http://www.platzhirschen.de"], "phones": ["089 24293711"], "addresses": [{"freeform": "Oberanger 25", "locality": "Muenchen", "postcode": "80331", "region": null, "country": "DE"}], "names": {"primary": "Platz Hirsch", "common": null, "rules": null}, "sources": [{"property": "", "dataset": "Foursquare", "license": "Apache-2.0", "record_id": "4bf5d69694b2a593a67bacee", "update_time": "2025-04-14T00:00:00.000", "confidence": 0.77, "between": null}, {"property": "/properties/confidence", "dataset": "Overture", "license": "CDLA-Permissive-2.0", "record_id": null, "update_time": "2026-07-14T20:34:55Z", "confidence": null, "between": null}], "basic_category": "bar", "taxonomy": {"primary": "bar", "hierarchy": ["food_and_drink", "alcoholic_beverage_venue", "bar"], "alternates": null}, "version": 5}}, {"id": "00ee2530-1d8b-4bca-b3a4-ae1b0ede349a", "type": "Feature", "geometry": {"type": "Point", "coordinates": [11.572011, 48.135322]}, "properties": {"categories": {"primary": "restaurant", "alternate": ["bar"]}, "confidence": 0.725674569606781, "socials": ["https://www.facebook.com/493494860805897"], "brand": {"wikidata": null, "names": {"primary": null, "common": null, "rules": null}}, "addresses": [{"freeform": null, "locality": "München", "postcode": null, "region": null, "country": "DE"}], "names": {"primary": "Gasthaus Schwarzfischer", "common": null, "rules": null}, "sources": [{"property": "", "dataset": "meta", "license": "CDLA-Permissive-2.0", "record_id": "493494860805897", "update_time": "2026-07-02T00:00:00.000Z", "confidence": 0.725674569606781, "between": null}, {"property": "/properties/confidence", "dataset": "Overture", "license": "CDLA-Permissive-2.0", "record_id": null, "update_time": "2026-07-14T20:34:55Z", "confidence": null, "between": null}], "basic_category": "restaurant", "taxonomy": {"primary": "restaurant", "hierarchy": ["food_and_drink", "restaurant"], "alternates": null}, "version": 8}}, {"id": "5dbca855-118e-42af-a77f-c403ead79b4b", "type": "Feature", "geometry": {"type": "Point", "coordinates": [11.571877862685916, 48.135413275416276]}, "properties": {"categories": {"primary": "cafe", "alternate": null}, "confidence": 0.77, "websites": ["http://niuasiancafe.de"], "addresses": [{"freeform": "Sendlingerstr 7", "locality": "München", "postcode": "80331", "region": "Bayern", "country": "DE"}], "names": {"primary": "Niu", "common": null, "rules": null}, "sources": [{"property": "", "dataset": "Foursquare", "license": "Apache-2.0", "record_id": "6263e85911ca897c769bf663", "update_time": "2026-03-25T00:00:00.000", "confidence": 0.77, "between": null}, {"property": "/properties/confidence", "dataset": "Overture", "license": "CDLA-Permissive-2.0", "record_id": null, "update_time": "2026-07-14T20:34:55Z", "confidence": null, "between": null}], "basic_category": "cafe", "taxonomy": {"primary": "cafe", "hierarchy": ["food_and_drink", "casual_eatery", "cafe"], "alternates": null}, "version": 5}}, {"id": "83ba7f56-b9b1-4fa0-9800-8a202241d090", "type": "Feature", "geometry": {"type": "Point", "coordinates": [11.57130175, 48.13581657]}, "properties": {"categories": {"primary": "beer_garden", "alternate": ["bar", "restaurant"]}, "confidence": 0.9872219145298005, "websites": ["http://www.hackerhaus.de/"], "emails": ["hackerhaus@stiftl.de"], "socials": ["https://www.facebook.com/351048268764"], "phones": ["+49892605026"], "brand": {"wikidata": null, "names": {"primary": null, "common": null, "rules": null}}, "addresses": [{"freeform": "Sendlinger Straße 14", "locality": "München", "postcode": "80331", "region": null, "country": "DE"}], "names": {"primary": "Altes Hackerhaus", "common": null, "rules": null}, "sources": [{"property": "", "dataset": "meta", "license": "CDLA-Permissive-2.0", "record_id": "351048268764", "update_time": "2026-07-02T00:00:00.000Z", "confidence": 0.9444431066513062, "between": null}, {"property": "/properties/confidence", "dataset": "Overture", "license": "CDLA-Permissive-2.0", "record_id": null, "update_time": "2026-07-14T20:34:55Z", "confidence": null, "between": null}], "basic_category": "alcoholic_beverage_venue", "taxonomy": {"primary": "beer_garden", "hierarchy": ["food_and_drink", "alcoholic_beverage_venue", "beer_garden"], "alternates": null}, "version": 6}}, {"id": "45b99e95-8f81-4215-9842-453c381007ff", "type": "Feature", "geometry": {"type": "Point", "coordinates": [11.572041, 48.135746]}, "properties": {"categories": {"primary": "cafe", "alternate": ["vietnamese_restaurant", "asian_restaurant"]}, "confidence": 0.9783381915092468, "websites": ["http://www.soumi.de"], "emails": ["info@soumi.de"], "socials": ["https://www.facebook.com/796907350416554"], "phones": ["+498925549169"], "brand": {"wikidata": null, "names": {"primary": null, "common": null, "rules": null}}, "addresses": [{"freeform": "Sendlinger Straße 7", "locality": "München", "postcode": "80331", "region": null, "country": "DE"}], "names": {"primary": "Soumi", "common": null, "rules": null}, "sources": [{"property": "", "dataset": "meta", "license": "CDLA-Permissive-2.0", "record_id": "796907350416554", "update_time": "2026-07-02T00:00:00.000Z", "confidence": 0.9058182239532471, "between": null}, {"property": "/properties/confidence", "dataset": "Overture", "license": "CDLA-Permissive-2.0", "record_id": null, "update_time": "2026-07-14T20:34:55Z", "confidence": null, "between": null}], "basic_category": "cafe", "taxonomy": {"primary": "cafe", "hierarchy": ["food_and_drink", "casual_eatery", "cafe"], "alternates": null}, "version": 9}}, {"id": "7cff0b8f-37cb-45dc-860f-a1b8b05edd29", "type": "Feature", "geometry": {"type": "Point", "coordinates": [11.57212466, 48.13585141]}, "properties": {"categories": {"primary": "german_restaurant", "alternate": ["european_restaurant", "soup_restaurant"]}, "confidence": 0.9959078842401504, "websites": ["http://www.muenchner-suppenkueche.de/"], "emails": ["info@muenchner-suppenkueche.de"], "socials": ["https://www.facebook.com/189934345876"], "phones": ["+498918944550"], "brand": {"wikidata": null, "names": {"primary": "Münchner Suppenküche", "common": null, "rules": null}}, "addresses": [{"freeform": "Sendlinger Straße 7", "locality": "München", "postcode": "80331", "region": null, "country": "DE"}], "names": {"primary": "Münchner Suppenküche", "common": null, "rules": null}, "sources": [{"property": "", "dataset": "meta", "license": "CDLA-Permissive-2.0", "record_id": "189934345876", "update_time": "2026-07-02T00:00:00.000Z", "confidence": 0.9822081923484802, "between": null}, {"property": "/properties/confidence", "dataset": "Overture", "license": "CDLA-Permissive-2.0", "record_id": null, "update_time": "2026-07-14T20:34:55Z", "confidence": null, "between": null}], "basic_category": "restaurant", "taxonomy": {"primary": "german_restaurant", "hierarchy": ["food_and_drink", "restaurant", "european_restaurant", "central_european_restaurant", "german_restaurant"], "alternates": null}, "version": 10}}, {"id": "03573f04-c385-4c20-b3db-b0813d77e003", "type": "Feature", "geometry": {"type": "Point", "coordinates": [11.571807535417179, 48.13606746020365]}, "properties": {"categories": {"primary": "bar", "alternate": ["italian_restaurant", "indonesian_restaurant"]}, "confidence": 0.6264747381210327, "websites": ["http://www.wintergefuehl.de/"], "emails": ["nachricht@saunso.de"], "socials": ["https://www.facebook.com/422805044540475"], "phones": ["+498981893854"], "brand": {"wikidata": null, "names": {"primary": null, "common": null, "rules": null}}, "addresses": [{"freeform": null, "locality": "München", "postcode": null, "region": null, "country": "DE"}], "names": {"primary": "Wintergefühl Hofbar", "common": null, "rules": null}, "sources": [{"property": "", "dataset": "meta", "license": "CDLA-Permissive-2.0", "record_id": "422805044540475", "update_time": "2026-07-02T00:00:00.000Z", "confidence": 0.6264747381210327, "between": null}, {"property": "/properties/confidence", "dataset": "Overture", "license": "CDLA-Permissive-2.0", "record_id": null, "update_time": "2026-07-14T20:34:55Z", "confidence": null, "between": null}], "basic_category": "bar", "taxonomy": {"primary": "bar", "hierarchy": ["food_and_drink", "alcoholic_beverage_venue", "bar"], "alternates": null}, "version": 9}}, {"id": "738b5c74-c792-4872-b586-bbc862607f7f", "type": "Feature", "geometry": {"type": "Point", "coordinates": [11.571243, 48.136005]}, "properties": {"categories": {"primary": "professional_services", "alternate": ["pet_services", "bar"]}, "confidence": 0.4260316789150238, "socials": ["https://www.facebook.com/425823214436072"], "phones": ["+498923000840"], "brand": {"wikidata": null, "names": {"primary": null, "common": null, "rules": null}}, "addresses": [{"freeform": "Hackenstraße 5", "locality": "München", "postcode": "80331", "region": null, "country": "DE"}], "names": {"primary": "Elephant World", "common": null, "rules": null}, "sources": [{"property": "", "dataset": "meta", "license": "CDLA-Permissive-2.0", "record_id": "425823214436072", "update_time": "2026-07-02T00:00:00.000Z", "confidence": 0.4260316789150238, "between": null}, {"property": "/properties/confidence", "dataset": "Overture", "license": "CDLA-Permissive-2.0", "record_id": null, "update_time": "2026-07-14T20:34:55Z", "confidence": null, "between": null}], "basic_category": "professional_service", "taxonomy": {"primary": "professional_service", "hierarchy": ["services_and_business", "professional_service"], "alternates": null}, "version": 7}}, {"id": "d7fe80d7-0e60-411b-9ddf-822bc45939e1", "type": "Feature", "geometry": {"type": "Point", "coordinates": [11.57145451, 48.13602651]}, "properties": {"categories": {"primary": "bar", "alternate": ["cocktail_bar"]}, "confidence": 0.9988786941766739, "websites": ["http://www.coleandporter.de/"], "emails": ["info@coleandporter.de"], "socials": ["https://www.facebook.com/584568214892178"], "phones": ["+498981893854"], "brand": {"wikidata": null, "names": {"primary": null, "common": null, "rules": null}}, "addresses": [{"freeform": "Sendlinger Straße 10", "locality": "München", "postcode": "80331", "region": null, "country": "DE"}], "names": {"primary": "Cole & Porter Bar", "common": null, "rules": null}, "sources": [{"property": "", "dataset": "meta", "license": "CDLA-Permissive-2.0", "record_id": "584568214892178", "update_time": "2026-07-02T00:00:00.000Z", "confidence": 0.9951247572898865, "between": null}, {"property": "/properties/confidence", "dataset": "Overture", "license": "CDLA-Permissive-2.0", "record_id": null, "update_time": "2026-07-14T20:34:55Z", "confidence": null, "between": null}], "basic_category": "bar", "taxonomy": {"primary": "bar", "hierarchy": ["food_and_drink", "alcoholic_beverage_venue", "bar"], "alternates": null}, "version": 10}}, {"id": "3a5ed3ad-7451-43ab-9498-2c1ed2964310", "type": "Feature", "geometry": {"type": "Point", "coordinates": [11.57146642, 48.1359565]}, "properties": {"categories": {"primary": "italian_restaurant", "alternate": null}, "confidence": 0.9892943382263184, "websites": ["https://www.unopiu.com/de/"], "emails": ["info@unopiu.de"], "socials": ["https://www.facebook.com/109496217396183"], "phones": ["+498951266680"], "brand": {"wikidata": null, "names": {"primary": "Unopiù", "common": null, "rules": null}}, "addresses": [{"freeform": "Sendlinger Straße 10", "locality": "München", "postcode": "80331", "region": null, "country": "DE"}], "names": {"primary": "Unopiu", "common": null, "rules": null}, "sources": [{"property": "", "dataset": "meta", "license": "CDLA-Permissive-2.0", "record_id": "109496217396183", "update_time": "2026-07-02T00:00:00.000Z", "confidence": 0.9286289215087891, "between": null}, {"property": "/properties/confidence", "dataset": "Overture", "license": "CDLA-Permissive-2.0", "record_id": null, "update_time": "2026-07-14T20:34:55Z", "confidence": null, "between": null}], "basic_category": "restaurant", "taxonomy": {"primary": "italian_restaurant", "hierarchy": ["food_and_drink", "restaurant", "european_restaurant", "mediterranean_restaurant", "italian_restaurant"], "alternates": null}, "version": 2}}, {"id": "b4f06715-cba3-4f91-92c8-7b39fdede160", "type": "Feature", "geometry": {"type": "Point", "coordinates": [11.57149, 48.13594]}, "properties": {"categories": {"primary": "mens_clothing_store", "alternate": ["bar"]}, "confidence": 0.5639958381652832, "socials": ["https://www.facebook.com/2095530237343401"], "phones": ["+498954894414"], "brand": {"wikidata": null, "names": {"primary": "Liu Jo UOMO", "common": null, "rules": null}}, "addresses": [{"freeform": "Sendlinger Straße 10", "locality": "München", "postcode": "80331", "region": null, "country": "DE"}], "names": {"primary": "Liu Jo UOMO", "common": null, "rules": null}, "sources": [{"property": "", "dataset": "meta", "license": "CDLA-Permissive-2.0", "record_id": "2095530237343401", "update_time": "2026-07-02T00:00:00.000Z", "confidence": 0.5639958381652832, "between": null}, {"property": "/properties/confidence", "dataset": "Overture", "license": "CDLA-Permissive-2.0", "record_id": null, "update_time": "2026-07-14T20:34:55Z", "confidence": null, "between": null}], "basic_category": "fashion_and_apparel_store", "taxonomy": {"primary": "mens_clothing_store", "hierarchy": ["shopping", "fashion_and_apparel_store", "clothing_store", "mens_clothing_store"], "alternates": null}, "version": 1}}, {"id": "67eac143-160a-4ece-aae1-89d5d55eaa55", "type": "Feature", "geometry": {"type": "Point", "coordinates": [11.571483, 48.135891]}, "properties": {"categories": {"primary": "european_restaurant", "alternate": null}, "confidence": 0.77, "websites": ["http://www.schreiberei-muc.de"], "socials": ["https://www.instagram.com/schreiberei_muc"], "phones": ["089 21529173"], "addresses": [{"freeform": "Diener Str. 20", "locality": "München", "postcode": "80331", "region": "Bayern", "country": "DE"}], "names": {"primary": "Bar Tatar in der Schreiberei inspired by Tohru", "common": null, "rules": null}, "sources": [{"property": "", "dataset": "Foursquare", "license": "Apache-2.0", "record_id": "624ae12790f60c4273189eb9", "update_time": "2026-03-28T00:00:00.000", "confidence": 0.77, "between": null}, {"property": "/properties/confidence", "dataset": "Overture", "license": "CDLA-Permissive-2.0", "record_id": null, "update_time": "2026-07-14T20:34:55Z", "confidence": null, "between": null}], "basic_category": "restaurant", "taxonomy": {"primary": "european_restaurant", "hierarchy": ["food_and_drink", "restaurant", "european_restaurant"], "alternates": null}, "version": 5}}, {"id": "0f63a777-eca9-4bed-8e2d-3dfef62c8830", "type": "Feature", "geometry": {"type": "Point", "coordinates": [11.57054397, 48.13607299]}, "properties": {"categories": {"primary": "restaurant", "alternate": ["german_restaurant", "european_restaurant"]}, "confidence": 0.9655345678329468, "websites": ["http://komu-restaurant.de/"], "emails": ["hello@komu.restaurant.de"], "socials": ["https://www.facebook.com/103030786166437"], "phones": ["+491731560415"], "brand": {"wikidata": null, "names": {"primary": null, "common": null, "rules": null}}, "addresses": [{"freeform": "Hackenstraße 4", "locality": "München", "postcode": "80331", "region": null, "country": "DE"}], "names": {"primary": "KOMU", "common": null, "rules": null}, "sources": [{"property": "", "dataset": "meta", "license": "CDLA-Permissive-2.0", "record_id": "103030786166437", "update_time": "2026-07-02T00:00:00.000Z", "confidence": 0.9655345678329468, "between": null}, {"property": "/properties/confidence", "dataset": "Overture", "license": "CDLA-Permissive-2.0", "record_id": null, "update_time": "2026-07-14T20:34:55Z", "confidence": null, "between": null}], "basic_category": "restaurant", "taxonomy": {"primary": "restaurant", "hierarchy": ["food_and_drink", "restaurant"], "alternates": null}, "version": 8}}, {"id": "6484c4da-60b6-4402-bbaf-621d2de1090e", "type": "Feature", "geometry": {"type": "Point", "coordinates": [11.57079146, 48.13592346]}, "properties": {"categories": {"primary": "vegetarian_restaurant", "alternate": ["european_restaurant", "restaurant"]}, "confidence": 0.9956385833024979, "websites": ["http://www.prinzmyshkin.com"], "emails": ["info@prinzmyshkin.com"], "socials": ["https://www.facebook.com/191445146206"], "phones": ["+4989265596"], "brand": {"wikidata": null, "names": {"primary": null, "common": null, "rules": null}}, "addresses": [{"freeform": "Hackenstraße 2", "locality": "München", "postcode": "80331", "region": null, "country": "DE"}], "names": {"primary": "Prinz Myshkin", "common": null, "rules": null}, "sources": [{"property": "", "dataset": "meta", "license": "CDLA-Permissive-2.0", "record_id": "191445146206", "update_time": "2026-07-02T00:00:00.000Z", "confidence": 0.9810373187065125, "between": null}, {"property": "/properties/confidence", "dataset": "Overture", "license": "CDLA-Permissive-2.0", "record_id": null, "update_time": "2026-07-14T20:34:55Z", "confidence": null, "between": null}], "basic_category": "restaurant", "taxonomy": {"primary": "vegetarian_restaurant", "hierarchy": ["food_and_drink", "restaurant", "special_diet_restaurant", "vegetarian_restaurant"], "alternates": null}, "version": 10}}, {"id": "477cbbdb-cf6f-4802-a395-f51801e9649e", "type": "Feature", "geometry": {"type": "Point", "coordinates": [11.569832, 48.136112]}, "properties": {"categories": {"primary": "german_restaurant", "alternate": null}, "confidence": 0.77, "websites": ["https://www.bws-germanlingua.de"], "phones": ["089 5998920"], "addresses": [{"freeform": "Hackenstraße 7, 80331 München, Deutschland", "locality": "Munich", "postcode": null, "region": "Bayern", "country": "DE"}], "names": {"primary": "cuisine germanlingua", "common": null, "rules": null}, "sources": [{"property": "", "dataset": "Foursquare", "license": "Apache-2.0", "record_id": "564342e2498e5f48e9fe8560", "update_time": "2025-05-21T00:00:00.000", "confidence": 0.77, "between": null}, {"property": "/properties/confidence", "dataset": "Overture", "license": "CDLA-Permissive-2.0", "record_id": null, "update_time": "2026-07-14T20:34:55Z", "confidence": null, "between": null}], "basic_category": "restaurant", "taxonomy": {"primary": "german_restaurant", "hierarchy": ["food_and_drink", "restaurant", "european_restaurant", "central_european_restaurant", "german_restaurant"], "alternates": null}, "version": 4}}, {"id": "cf318f46-e136-4f88-8d55-42cbd9db24bd", "type": "Feature", "geometry": {"type": "Point", "coordinates": [11.56976193, 48.13627256]}, "properties": {"categories": {"primary": "german_restaurant", "alternate": ["restaurant", "european_restaurant"]}, "confidence": 0.9997654865086079, "websites": ["http://www.landersdorferundinnerhofer.de/"], "emails": ["info@landersdorferundinnerhofer.de"], "socials": ["https://www.facebook.com/287958374569122"], "phones": ["+498926018637"], "brand": {"wikidata": null, "names": {"primary": null, "common": null, "rules": null}}, "addresses": [{"freeform": "Hackenstraße 6", "locality": "München", "postcode": "80331", "region": null, "country": "DE"}], "names": {"primary": "Landersdorfer & Innerhofer", "common": null, "rules": null}, "sources": [{"property": "", "dataset": "meta", "license": "CDLA-Permissive-2.0", "record_id": "287958374569122", "update_time": "2026-07-02T00:00:00.000Z", "confidence": 0.9932025074958801, "between": null}, {"property": "/properties/confidence", "dataset": "Overture", "license": "CDLA-Permissive-2.0", "record_id": null, "update_time": "2026-07-14T20:34:55Z", "confidence": null, "between": null}], "basic_category": "restaurant", "taxonomy": {"primary": "german_restaurant", "hierarchy": ["food_and_drink", "restaurant", "european_restaurant", "central_european_restaurant", "german_restaurant"], "alternates": null}, "version": 11}}, {"id": "0162a686-4232-4fca-b6fa-6e933ac64b53", "type": "Feature", "geometry": {"type": "Point", "coordinates": [11.57019795, 48.1361401]}, "properties": {"categories": {"primary": "bakery", "alternate": ["cafe", "desserts"]}, "confidence": 0.9938744866847992, "websites": ["https://isabella-patisserie.de/"], "socials": ["https://www.facebook.com/108952888937427"], "phones": ["+498928787550"], "brand": {"wikidata": null, "names": {"primary": "Isabella Glutenfreie Pâtisserie", "common": null, "rules": null}}, "addresses": [{"freeform": "Hackenstraße 4", "locality": "München", "postcode": "80331", "region": null, "country": "DE"}], "names": {"primary": "Isabella Glutenfreie Pâtisserie", "common": null, "rules": null}, "sources": [{"property": "", "dataset": "meta", "license": "CDLA-Permissive-2.0", "record_id": "108952888937427", "update_time": "2026-07-02T00:00:00.000Z", "confidence": 0.9733673334121704, "between": null}, {"property": "/properties/confidence", "dataset": "Overture", "license": "CDLA-Permissive-2.0", "record_id": null, "update_time": "2026-07-14T20:34:55Z", "confidence": null, "between": null}], "basic_category": "casual_eatery", "taxonomy": {"primary": "bakery", "hierarchy": ["food_and_drink", "casual_eatery", "bakery"], "alternates": null}, "version": 9}}, {"id": "7fd2f598-30e2-49bf-96d5-303c9bc5d1b6", "type": "Feature", "geometry": {"type": "Point", "coordinates": [11.5700272, 48.1364249]}, "properties": {"categories": {"primary": "restaurant", "alternate": ["european_restaurant", "eastern_european_restaurant"]}, "confidence": 0.9977982139587402, "websites": ["http://www.mamasdelivery.de/"], "socials": ["https://www.facebook.com/173508026496143"], "phones": ["+498996051949"], "brand": {"wikidata": null, "names": {"primary": null, "common": null, "rules": null}}, "addresses": [{"freeform": "Hotterstraße 16", "locality": "München", "postcode": "80331", "region": null, "country": "DE"}], "names": {"primary": "Mama's Küche Altstadt", "common": null, "rules": null}, "sources": [{"property": "", "dataset": "meta", "license": "CDLA-Permissive-2.0", "record_id": "173508026496143", "update_time": "2026-07-02T00:00:00.000Z", "confidence": 0.9904270172119141, "between": null}, {"property": "/properties/confidence", "dataset": "Overture", "license": "CDLA-Permissive-2.0", "record_id": null, "update_time": "2026-07-14T20:34:55Z", "confidence": null, "between": null}], "basic_category": "restaurant", "taxonomy": {"primary": "restaurant", "hierarchy": ["food_and_drink", "restaurant"], "alternates": null}, "version": 9}}, {"id": "e80970a9-34b0-4e75-9ba5-8940f2490634", "type": "Feature", "geometry": {"type": "Point", "coordinates": [11.5698983, 48.13660056]}, "properties": {"categories": {"primary": "restaurant", "alternate": ["german_restaurant", "european_restaurant"]}, "confidence": 0.9968498343229294, "websites": ["http://mural.restaurant/"], "emails": ["contact@mural.restaurant"], "socials": ["https://www.facebook.com/155356121664760"], "phones": ["+498923023186"], "brand": {"wikidata": null, "names": {"primary": null, "common": null, "rules": null}}, "addresses": [{"freeform": "Hotterstraße 12", "locality": "München", "postcode": "80331", "region": null, "country": "DE"}], "names": {"primary": "Mural Tagesbar", "common": null, "rules": null}, "sources": [{"property": "", "dataset": "meta", "license": "CDLA-Permissive-2.0", "record_id": "155356121664760", "update_time": "2026-07-02T00:00:00.000Z", "confidence": 0.9863036274909973, "between": null}, {"property": "/properties/confidence", "dataset": "Overture", "license": "CDLA-Permissive-2.0", "record_id": null, "update_time": "2026-07-14T20:34:55Z", "confidence": null, "between": null}], "basic_category": "restaurant", "taxonomy": {"primary": "restaurant", "hierarchy": ["food_and_drink", "restaurant"], "alternates": null}, "version": 11}}, {"id": "04d1b01c-7229-4995-911f-d6aa45f479cb", "type": "Feature", "geometry": {"type": "Point", "coordinates": [11.57135013, 48.13712698]}, "properties": {"categories": {"primary": "bakery", "alternate": ["soup_restaurant"]}, "confidence": 0.050687290728092194, "socials": ["https://www.facebook.com/107026028444590"], "phones": ["+4989264256"], "brand": {"wikidata": null, "names": {"primary": null, "common": null, "rules": null}}, "addresses": [{"freeform": "Färbergraben 10", "locality": "München", "postcode": "80331", "region": null, "country": "DE"}], "names": {"primary": "Kitchen by SO", "common": null, "rules": null}, "sources": [{"property": "", "dataset": "meta", "license": "CDLA-Permissive-2.0", "record_id": "107026028444590", "update_time": "2026-07-02T00:00:00.000Z", "confidence": 0.050687290728092194, "between": null}, {"property": "/properties/confidence", "dataset": "Overture", "license": "CDLA-Permissive-2.0", "record_id": null, "update_time": "2026-07-14T20:34:55Z", "confidence": null, "between": null}], "basic_category": "casual_eatery", "taxonomy": {"primary": "bakery", "hierarchy": ["food_and_drink", "casual_eatery", "bakery"], "alternates": null}, "version": 8}}, {"id": "280e8cd8-e36c-4adf-a3d7-121e10a26a5c", "type": "Feature", "geometry": {"type": "Point", "coordinates": [11.5713853, 48.13714585]}, "properties": {"categories": {"primary": "asian_restaurant", "alternate": ["restaurant", "bar"]}, "confidence": 0.9907191395759583, "websites": ["http://www.dami-muenchen.de/"], "socials": ["https://www.facebook.com/283546192566576"], "phones": ["+498925544288"], "brand": {"wikidata": null, "names": {"primary": null, "common": null, "rules": null}}, "addresses": [{"freeform": "Färbergraben 10", "locality": "München", "postcode": "80331", "region": null, "country": "DE"}], "names": {"primary": "Dami Asian Kitchen and Bar", "common": null, "rules": null}, "sources": [{"property": "", "dataset": "meta", "license": "CDLA-Permissive-2.0", "record_id": "283546192566576", "update_time": "2026-07-02T00:00:00.000Z", "confidence": 0.9907191395759583, "between": null}, {"property": "/properties/confidence", "dataset": "Overture", "license": "CDLA-Permissive-2.0", "record_id": null, "update_time": "2026-07-14T20:34:55Z", "confidence": null, "between": null}], "basic_category": "restaurant", "taxonomy": {"primary": "asian_restaurant", "hierarchy": ["food_and_drink", "restaurant", "asian_restaurant"], "alternates": null}, "version": 7}}, {"id": "ae674dfb-6128-4edb-aa77-51a208036699", "type": "Feature", "geometry": {"type": "Point", "coordinates": [11.571391, 48.13703]}, "properties": {"categories": {"primary": "steakhouse", "alternate": ["bar", "bar_and_grill_restaurant"]}, "confidence": 0.803827379643917, "websites": ["http://www.blackbirdmunich.com/"], "socials": ["https://www.facebook.com/342844229242016"], "phones": ["+498925544288"], "brand": {"wikidata": null, "names": {"primary": null, "common": null, "rules": null}}, "addresses": [{"freeform": "Färbergraben 10", "locality": "München", "postcode": "80331", "region": null, "country": "DE"}], "names": {"primary": "Blackbird München", "common": null, "rules": null}, "sources": [{"property": "", "dataset": "meta", "license": "CDLA-Permissive-2.0", "record_id": "342844229242016", "update_time": "2026-07-02T00:00:00.000Z", "confidence": 0.1470755636692047, "between": null}, {"property": "/properties/confidence", "dataset": "Overture", "license": "CDLA-Permissive-2.0", "record_id": null, "update_time": "2026-07-14T20:34:55Z", "confidence": null, "between": null}], "basic_category": "restaurant", "taxonomy": {"primary": "steakhouse", "hierarchy": ["food_and_drink", "restaurant", "meat_restaurant", "steakhouse"], "alternates": null}, "version": 9}}, {"id": "d78d44bc-f9bb-4ae2-83a5-08c97dbc0665", "type": "Feature", "geometry": {"type": "Point", "coordinates": [11.57111448, 48.13645425]}, "properties": {"categories": {"primary": "cafe", "alternate": ["coffee_shop"]}, "confidence": 0.22453750669956207, "socials": ["https://www.facebook.com/952130741322974"], "phones": ["+498978597470"], "brand": {"wikidata": null, "names": {"primary": null, "common": null, "rules": null}}, "addresses": [{"freeform": "Sendlinger Straße 12A", "locality": "München", "postcode": "80331", "region": null, "country": "DE"}], "names": {"primary": "CRO'LALA - coffee, bowls & sweets", "common": null, "rules": null}, "sources": [{"property": "", "dataset": "meta", "license": "CDLA-Permissive-2.0", "record_id": "952130741322974", "update_time": "2026-07-02T00:00:00.000Z", "confidence": 0.22453750669956207, "between": null}, {"property": "/properties/confidence", "dataset": "Overture", "license": "CDLA-Permissive-2.0", "record_id": null, "update_time": "2026-07-14T20:34:55Z", "confidence": null, "between": null}], "basic_category": "cafe", "taxonomy": {"primary": "cafe", "hierarchy": ["food_and_drink", "casual_eatery", "cafe"], "alternates": null}, "version": 1}}, {"id": "e1715fd6-029d-490f-8c4f-5123a4a85d2a", "type": "Feature", "geometry": {"type": "Point", "coordinates": [11.571191, 48.136158]}, "properties": {"categories": {"primary": "restaurant", "alternate": null}, "confidence": 0.9547218441963196, "websites": ["https://www.eathappy.de/standorte/?q=80331"], "phones": ["02216699360"], "addresses": [{"freeform": "Sendlinger Str. 8-10", "locality": "München", "postcode": "80331", "region": "Bavaria", "country": "DE"}], "names": {"primary": "EAT HAPPY", "common": null, "rules": null}, "sources": [{"property": "", "dataset": "Microsoft", "license": "CDLA-Permissive-2.0", "record_id": "1407374891203984", "update_time": "2025-06-25T08:11:46.080Z", "confidence": 0.85, "between": null}, {"property": "/properties/confidence", "dataset": "Overture", "license": "CDLA-Permissive-2.0", "record_id": null, "update_time": "2026-07-14T20:34:55Z", "confidence": null, "between": null}], "basic_category": "restaurant", "taxonomy": {"primary": "restaurant", "hierarchy": ["food_and_drink", "restaurant"], "alternates": null}, "version": 10}}, {"id": "ace72686-45db-4a66-9421-72242238ba7e", "type": "Feature", "geometry": {"type": "Point", "coordinates": [11.57126101, 48.13612404]}, "properties": {"categories": {"primary": "bakery", "alternate": null}, "confidence": 0.7429336905479431, "socials": ["https://www.facebook.com/111637658635762"], "phones": ["+498924212230"], "brand": {"wikidata": null, "names": {"primary": "Backstube Wünsche", "common": null, "rules": null}}, "addresses": [{"freeform": "Sendlinger Straße 10", "locality": "München", "postcode": "80331", "region": null, "country": "DE"}], "names": {"primary": "Backstube Wünsche", "common": null, "rules": null}, "sources": [{"property": "", "dataset": "meta", "license": "CDLA-Permissive-2.0", "record_id": "111637658635762", "update_time": "2026-07-02T00:00:00.000Z", "confidence": 0.7429336905479431, "between": null}, {"property": "/properties/confidence", "dataset": "Overture", "license": "CDLA-Permissive-2.0", "record_id": null, "update_time": "2026-07-14T20:34:55Z", "confidence": null, "between": null}], "basic_category": "casual_eatery", "taxonomy": {"primary": "bakery", "hierarchy": ["food_and_drink", "casual_eatery", "bakery"], "alternates": null}, "version": 8}}, {"id": "b5e4fcf6-8e63-4d57-9300-dbc8be4396f2", "type": "Feature", "geometry": {"type": "Point", "coordinates": [11.571618, 48.13614]}, "properties": {"categories": {"primary": "cafe", "alternate": ["french_restaurant", "coffee_shop"]}, "confidence": 0.8946115648746491, "websites": ["http://www.lecopain2.de/"], "socials": ["https://www.facebook.com/179741662212265"], "phones": ["+4989215524622"], "brand": {"wikidata": null, "names": {"primary": null, "common": null, "rules": null}}, "addresses": [{"freeform": "Sendlinger Straße 10", "locality": "München", "postcode": "80331", "region": null, "country": "DE"}], "names": {"primary": "Le Copain No 2 - Hofstatt München", "common": null, "rules": null}, "sources": [{"property": "", "dataset": "meta", "license": "CDLA-Permissive-2.0", "record_id": "179741662212265", "update_time": "2026-07-02T00:00:00.000Z", "confidence": 0.5417894124984741, "between": null}, {"property": "/properties/confidence", "dataset": "Overture", "license": "CDLA-Permissive-2.0", "record_id": null, "update_time": "2026-07-14T20:34:55Z", "confidence": null, "between": null}], "basic_category": "cafe", "taxonomy": {"primary": "cafe", "hierarchy": ["food_and_drink", "casual_eatery", "cafe"], "alternates": null}, "version": 7}}, {"id": "49830a10-22de-4824-a2ab-acdeeae66db3", "type": "Feature", "geometry": {"type": "Point", "coordinates": [11.571752, 48.13627]}, "properties": {"categories": {"primary": "pizza_restaurant", "alternate": null}, "confidence": 0.77, "websites": ["https://60secondstonapoli.de/standort/muenchen-restaurant"], "phones": ["089 23707762"], "addresses": [{"freeform": "Sendlinger Str. 12, 80331", "locality": "München", "postcode": null, "region": "Bayern", "country": "DE"}], "names": {"primary": "60 Seconds To Napoli", "common": null, "rules": null}, "sources": [{"property": "", "dataset": "Foursquare", "license": "Apache-2.0", "record_id": "674ef7567904c73489d6f9d2", "update_time": "2026-04-12T00:00:00.000", "confidence": 0.77, "between": null}, {"property": "/properties/confidence", "dataset": "Overture", "license": "CDLA-Permissive-2.0", "record_id": null, "update_time": "2026-07-14T20:34:55Z", "confidence": null, "between": null}], "basic_category": "restaurant", "taxonomy": {"primary": "pizza_restaurant", "hierarchy": ["food_and_drink", "restaurant", "european_restaurant", "mediterranean_restaurant", "italian_restaurant", "pizza_restaurant"], "alternates": null}, "version": 6}}, {"id": "eedfbc26-ae6b-4312-8bd3-7ef7919ad719", "type": "Feature", "geometry": {"type": "Point", "coordinates": [11.571843027974488, 48.136359090681054]}, "properties": {"categories": {"primary": "italian_restaurant", "alternate": null}, "confidence": 0.77, "websites": ["http://www.ohjulia.de"], "emails": ["info@ohjulia.de"], "phones": ["089 215524620"], "addresses": [{"freeform": "Sendlinger Str. 12a", "locality": "München", "postcode": "80331", "region": "Bayern", "country": "DE"}], "names": {"primary": "OhJulia,", "common": null, "rules": null}, "sources": [{"property": "", "dataset": "Foursquare", "license": "Apache-2.0", "record_id": "51795ac7498ee4f33b7d751d", "update_time": "2026-03-12T00:00:00.000", "confidence": 0.77, "between": null}, {"property": "/properties/confidence", "dataset": "Overture", "license": "CDLA-Permissive-2.0", "record_id": null, "update_time": "2026-07-14T20:34:55Z", "confidence": null, "between": null}], "basic_category": "restaurant", "taxonomy": {"primary": "italian_restaurant", "hierarchy": ["food_and_drink", "restaurant", "european_restaurant", "mediterranean_restaurant", "italian_restaurant"], "alternates": null}, "version": 7}}, {"id": "395b92ad-acbe-4e3f-90d0-cd4f30913eab", "type": "Feature", "geometry": {"type": "Point", "coordinates": [11.573165227205173, 48.13615264983172]}, "properties": {"categories": {"primary": "bakery", "alternate": null}, "confidence": 0.77, "websites": ["http://www.rischart.de"], "phones": ["089 231700430"], "addresses": [{"freeform": "Viktualienmarkt 2vormal-15", "locality": "München", "postcode": "80331", "region": "Bayern", "country": "DE"}], "names": {"primary": "Max Rischart's Backhaus", "common": null, "rules": null}, "sources": [{"property": "", "dataset": "Foursquare", "license": "Apache-2.0", "record_id": "3f82a37ca81e4a26ab3bcda8", "update_time": "2026-03-14T00:00:00.000", "confidence": 0.77, "between": null}, {"property": "/properties/confidence", "dataset": "Overture", "license": "CDLA-Permissive-2.0", "record_id": null, "update_time": "2026-07-14T20:34:55Z", "confidence": null, "between": null}], "basic_category": "casual_eatery", "taxonomy": {"primary": "bakery", "hierarchy": ["food_and_drink", "casual_eatery", "bakery"], "alternates": null}, "version": 9}}, {"id": "2d065504-ae2e-4a2b-98ca-64433d247492", "type": "Feature", "geometry": {"type": "Point", "coordinates": [11.573112320177998, 48.13620195703333]}, "properties": {"categories": {"primary": "bakery", "alternate": null}, "confidence": 0.77, "websites": ["http://www.mueller-brot.de"], "phones": ["089 2608698"], "addresses": [{"freeform": "Sendlinger Str. 1", "locality": "München", "postcode": "80331", "region": "Bayern", "country": "DE"}], "names": {"primary": "Müller-Brot", "common": null, "rules": null}, "sources": [{"property": "", "dataset": "Foursquare", "license": "Apache-2.0", "record_id": "ee8837b7dccf44cb4ad98b85", "update_time": "2024-06-09T00:00:00.000", "confidence": 0.77, "between": null}, {"property": "/properties/confidence", "dataset": "Overture", "license": "CDLA-Permissive-2.0", "record_id": null, "update_time": "2026-07-14T20:34:55Z", "confidence": null, "between": null}], "basic_category": "casual_eatery", "taxonomy": {"primary": "bakery", "hierarchy": ["food_and_drink", "casual_eatery", "bakery"], "alternates": null}, "version": 5}}, {"id": "076ce619-c947-4d94-ad35-4372f761fe24", "type": "Feature", "geometry": {"type": "Point", "coordinates": [11.57228, 48.1368572]}, "properties": {"categories": {"primary": "pan_asian_restaurant", "alternate": ["pizza_restaurant", "turkish_restaurant", "restaurant"]}, "confidence": 0.991655495762825, "websites": ["https://donatopizza.de/"], "phones": ["08939295050"], "addresses": [{"freeform": "Georg-Kronawitter-Platz 2", "locality": "München", "postcode": "80331", "region": "", "country": "DE"}], "names": {"primary": "Pizza Lieferdienst | Donato Pizza OHG | München", "common": null, "rules": null}, "sources": [{"property": "", "dataset": "Microsoft", "license": "CDLA-Permissive-2.0", "record_id": "1407374888561941", "update_time": "2022-02-25T11:41:24.587Z", "confidence": 0.85, "between": null}, {"property": "/properties/confidence", "dataset": "Overture", "license": "CDLA-Permissive-2.0", "record_id": null, "update_time": "2026-07-14T20:34:55Z", "confidence": null, "between": null}], "basic_category": "restaurant", "taxonomy": {"primary": "pan_asian_restaurant", "hierarchy": ["food_and_drink", "restaurant", "international_fusion_restaurant", "pan_asian_restaurant"], "alternates": null}, "version": 6}}, {"id": "32cd1a5d-b2ce-4a5f-a945-6e10d496420a", "type": "Feature", "geometry": {"type": "Point", "coordinates": [11.572641, 48.137126]}, "properties": {"categories": {"primary": "real_estate_agent", "alternate": ["real_estate", "bar"]}, "confidence": 0.9114926099777222, "websites": ["http://www.mercateo.com"], "emails": ["service@mercateo.com"], "socials": ["https://www.facebook.com/228709194316940"], "phones": ["+498912140777"], "brand": {"wikidata": null, "names": {"primary": null, "common": null, "rules": null}}, "addresses": [{"freeform": "Fürstenfelder Straße 5", "locality": "München", "postcode": "80331", "region": null, "country": "DE"}], "names": {"primary": "Mercateo", "common": null, "rules": null}, "sources": [{"property": "", "dataset": "meta", "license": "CDLA-Permissive-2.0", "record_id": "228709194316940", "update_time": "2026-07-02T00:00:00.000Z", "confidence": 0.6151852607727051, "between": null}, {"property": "/properties/confidence", "dataset": "Overture", "license": "CDLA-Permissive-2.0", "record_id": null, "update_time": "2026-07-14T20:34:55Z", "confidence": null, "between": null}], "basic_category": "real_estate_service", "taxonomy": {"primary": "real_estate_agent", "hierarchy": ["services_and_business", "real_estate_service", "real_estate_agent"], "alternates": null}, "version": 8}}, {"id": "b43f5454-fa23-4152-83a7-dacd370dc9cc", "type": "Feature", "geometry": {"type": "Point", "coordinates": [11.57303622, 48.13686359]}, "properties": {"categories": {"primary": "food_beverage_service_distribution", "alternate": ["food_consultant", "eat_and_drink"]}, "confidence": 0.8965253233909607, "websites": ["http://gustoso-gruppe.de/"], "emails": ["office@gustoso-gruppe.de"], "socials": ["https://www.facebook.com/582508311914907"], "phones": ["+4989208048000"], "brand": {"wikidata": null, "names": {"primary": null, "common": null, "rules": null}}, "addresses": [{"freeform": "Neuhauser Straße 3A", "locality": "München", "postcode": "80331", "region": null, "country": "DE"}], "names": {"primary": "Gustoso Gruppe GmbH", "common": null, "rules": null}, "sources": [{"property": "", "dataset": "meta", "license": "CDLA-Permissive-2.0", "record_id": "582508311914907", "update_time": "2026-07-02T00:00:00.000Z", "confidence": 0.8965253233909607, "between": null}, {"property": "/properties/confidence", "dataset": "Overture", "license": "CDLA-Permissive-2.0", "record_id": null, "update_time": "2026-07-14T20:34:55Z", "confidence": null, "between": null}], "basic_category": "supplier_or_distributor", "taxonomy": {"primary": "food_beverage_distributor", "hierarchy": ["services_and_business", "business", "food_beverage_distributor"], "alternates": null}, "version": 10}}, {"id": "71564690-c796-462d-b3c4-b74de0b86072", "type": "Feature", "geometry": {"type": "Point", "coordinates": [11.573640500303547, 48.13677625020364]}, "properties": {"categories": {"primary": "bar", "alternate": null}, "confidence": 0.77, "websites": ["http://www.spoeckmeier.com"], "emails": ["stiftl@stiftl.de"], "phones": ["089 2605509"], "addresses": [{"freeform": "Rosenstraße 9", "locality": "München", "postcode": "80331", "region": "Bayern", "country": "DE"}], "names": {"primary": "Stiftl Gastronomie GmbH", "common": null, "rules": null}, "sources": [{"property": "", "dataset": "Foursquare", "license": "Apache-2.0", "record_id": "bc3a847eec084febb8085f2d", "update_time": "2025-07-15T00:00:00.000", "confidence": 0.77, "between": null}, {"property": "/properties/confidence", "dataset": "Overture", "license": "CDLA-Permissive-2.0", "record_id": null, "update_time": "2026-07-14T20:34:55Z", "confidence": null, "between": null}], "basic_category": "bar", "taxonomy": {"primary": "bar", "hierarchy": ["food_and_drink", "alcoholic_beverage_venue", "bar"], "alternates": null}, "version": 5}}, {"id": "88885ebf-62b3-48b6-aba2-f94419dcd72d", "type": "Feature", "geometry": {"type": "Point", "coordinates": [11.573809, 48.136522]}, "properties": {"categories": {"primary": "chinese_restaurant", "alternate": ["restaurant", "asian_restaurant"]}, "confidence": 0.4328475594520569, "websites": ["http://www.kamyi.com"], "socials": ["https://www.facebook.com/1588058054557007"], "phones": ["+49892606060"], "brand": {"wikidata": null, "names": {"primary": null, "common": null, "rules": null}}, "addresses": [{"freeform": "Rosenstraße 6", "locality": "München", "postcode": "80331", "region": null, "country": "DE"}], "names": {"primary": "Chinarestaurant Kam Yi", "common": null, "rules": null}, "sources": [{"property": "", "dataset": "meta", "license": "CDLA-Permissive-2.0", "record_id": "1588058054557007", "update_time": "2026-07-02T00:00:00.000Z", "confidence": 0.4328475594520569, "between": null}, {"property": "/properties/confidence", "dataset": "Overture", "license": "CDLA-Permissive-2.0", "record_id": null, "update_time": "2026-07-14T20:34:55Z", "confidence": null, "between": null}], "basic_category": "restaurant", "taxonomy": {"primary": "chinese_restaurant", "hierarchy": ["food_and_drink", "restaurant", "asian_restaurant", "east_asian_restaurant", "chinese_restaurant"], "alternates": null}, "version": 8}}, {"id": "e8b5fde2-f668-4a4c-8b39-cc4d2dcd6269", "type": "Feature", "geometry": {"type": "Point", "coordinates": [11.57351171, 48.13656919]}, "properties": {"categories": {"primary": "butcher_shop", "alternate": ["delicatessen", "german_restaurant"]}, "confidence": 0.9995153858065605, "websites": ["https://vinzenzmurr.de/metzgerei/muenchen-altstadt-lehel/"], "emails": ["info@vinzenzmurr.de"], "socials": ["https://www.facebook.com/102634011939216"], "phones": ["+49892604765"], "brand": {"wikidata": null, "names": {"primary": "Vinzenzmurr", "common": null, "rules": null}}, "addresses": [{"freeform": "Rosenstraße 7", "locality": "München", "postcode": "80331", "region": null, "country": "DE"}], "names": {"primary": "Vinzenzmurr", "common": null, "rules": null}, "sources": [{"property": "", "dataset": "meta", "license": "CDLA-Permissive-2.0", "record_id": "102634011939216", "update_time": "2026-07-02T00:00:00.000Z", "confidence": 0.9859532117843628, "between": null}, {"property": "/properties/confidence", "dataset": "Overture", "license": "CDLA-Permissive-2.0", "record_id": null, "update_time": "2026-07-14T20:34:55Z", "confidence": null, "between": null}], "basic_category": "food_and_beverage_store", "taxonomy": {"primary": "butcher_shop", "hierarchy": ["shopping", "food_and_beverage_store", "butcher_shop"], "alternates": null}, "version": 6}}, {"id": "d80adfc1-b575-49fe-bc11-10d60c689659", "type": "Feature", "geometry": {"type": "Point", "coordinates": [11.573487, 48.136337]}, "properties": {"categories": {"primary": "grocery_store", "alternate": ["food_beverage_service_distribution", "eat_and_drink"]}, "confidence": 0.3668723404407501, "socials": ["https://www.facebook.com/1354886104549368"], "phones": ["+498923326666"], "brand": {"wikidata": null, "names": {"primary": null, "common": null, "rules": null}}, "addresses": [{"freeform": "Rindermarkt 10", "locality": "München", "postcode": "80331", "region": null, "country": "DE"}], "names": {"primary": "Referat Für Gesundheit und Umwelt Umweltladen", "common": null, "rules": null}, "sources": [{"property": "", "dataset": "meta", "license": "CDLA-Permissive-2.0", "record_id": "1354886104549368", "update_time": "2026-07-02T00:00:00.000Z", "confidence": 0.3668723404407501, "between": null}, {"property": "/properties/confidence", "dataset": "Overture", "license": "CDLA-Permissive-2.0", "record_id": null, "update_time": "2026-07-14T20:34:55Z", "confidence": null, "between": null}], "basic_category": "food_and_beverage_store", "taxonomy": {"primary": "grocery_store", "hierarchy": ["shopping", "food_and_beverage_store", "grocery_store"], "alternates": null}, "version": 3}}, {"id": "c93dea5b-0634-45e2-8d0f-f207001bbb71", "type": "Feature", "geometry": {"type": "Point", "coordinates": [11.5741847, 48.1362817]}, "properties": {"categories": {"primary": "bar", "alternate": ["restaurant", "german_restaurant"]}, "confidence": 0.998078687787056, "websites": ["http://www.alpinabar.de"], "emails": ["mail@alpinabar.de"], "socials": ["https://www.facebook.com/810841215915158"], "phones": ["+498918948619"], "brand": {"wikidata": null, "names": {"primary": null, "common": null, "rules": null}}, "addresses": [{"freeform": "Rindermarkt 13", "locality": "München", "postcode": "80331", "region": null, "country": "DE"}], "names": {"primary": "Bar Alpina im Schuster", "common": null, "rules": null}, "sources": [{"property": "", "dataset": "meta", "license": "CDLA-Permissive-2.0", "record_id": "810841215915158", "update_time": "2026-07-02T00:00:00.000Z", "confidence": 0.9916464686393738, "between": null}, {"property": "/properties/confidence", "dataset": "Overture", "license": "CDLA-Permissive-2.0", "record_id": null, "update_time": "2026-07-14T20:34:55Z", "confidence": null, "between": null}], "basic_category": "bar", "taxonomy": {"primary": "bar", "hierarchy": ["food_and_drink", "alcoholic_beverage_venue", "bar"], "alternates": null}, "version": 9}}, {"id": "6894041c-7165-4ffa-a0be-fc0165a48faa", "type": "Feature", "geometry": {"type": "Point", "coordinates": [11.574300450786897, 48.13615765993508]}, "properties": {"categories": {"primary": "cafe", "alternate": null}, "confidence": 0.77, "websites": ["http://www.meyerbeer-coffee.de"], "phones": ["089 23230767"], "addresses": [{"freeform": "Rindermarkt 15", "locality": "München", "postcode": "80331", "region": "Germany", "country": "DE"}], "names": {"primary": "Meyerbeer Coffee", "common": null, "rules": null}, "sources": [{"property": "", "dataset": "Foursquare", "license": "Apache-2.0", "record_id": "4b30f392f964a5203afd24e3", "update_time": "2025-10-23T00:00:00.000", "confidence": 0.77, "between": null}, {"property": "/properties/confidence", "dataset": "Overture", "license": "CDLA-Permissive-2.0", "record_id": null, "update_time": "2026-07-14T20:34:55Z", "confidence": null, "between": null}], "basic_category": "cafe", "taxonomy": {"primary": "cafe", "hierarchy": ["food_and_drink", "casual_eatery", "cafe"], "alternates": null}, "version": 2}}, {"id": "106d4067-fc41-4829-840e-5fa9ab660e2a", "type": "Feature", "geometry": {"type": "Point", "coordinates": [11.57438713, 48.13601854]}, "properties": {"categories": {"primary": "burger_restaurant", "alternate": ["fast_food_restaurant", "american_restaurant"]}, "confidence": 0.9995292518436909, "websites": ["http://www.ruffsburger.de/"], "emails": ["info@ruffsburger.de"], "socials": ["https://www.facebook.com/249712931893871"], "phones": ["+498924408928"], "brand": {"wikidata": null, "names": {"primary": "Ruff's Burger", "common": null, "rules": null}}, "addresses": [{"freeform": "Rindermarkt 6", "locality": "München", "postcode": "80331", "region": null, "country": "DE"}], "names": {"primary": "Ruff's Burger", "common": null, "rules": null}, "sources": [{"property": "", "dataset": "meta", "license": "CDLA-Permissive-2.0", "record_id": "249712931893871", "update_time": "2026-07-02T00:00:00.000Z", "confidence": 0.9863551259040833, "between": null}, {"property": "/properties/confidence", "dataset": "Overture", "license": "CDLA-Permissive-2.0", "record_id": null, "update_time": "2026-07-14T20:34:55Z", "confidence": null, "between": null}], "basic_category": "restaurant", "taxonomy": {"primary": "burger_restaurant", "hierarchy": ["food_and_drink", "restaurant", "meat_restaurant", "burger_restaurant"], "alternates": null}, "version": 7}}, {"id": "66f9f424-067e-47e2-a35d-75d4c9634264", "type": "Feature", "geometry": {"type": "Point", "coordinates": [11.57433772, 48.13602442]}, "properties": {"categories": {"primary": "cafe", "alternate": ["coffee_shop", "italian_restaurant"]}, "confidence": 0.8805829882621765, "socials": ["https://www.facebook.com/578399949034191"], "phones": ["+498944238942"], "brand": {"wikidata": null, "names": {"primary": null, "common": null, "rules": null}}, "addresses": [{"freeform": "Rindermarkt 6", "locality": "München", "postcode": "80331", "region": null, "country": "DE"}], "names": {"primary": "Due Gourmet", "common": null, "rules": null}, "sources": [{"property": "", "dataset": "meta", "license": "CDLA-Permissive-2.0", "record_id": "578399949034191", "update_time": "2026-07-02T00:00:00.000Z", "confidence": 0.8805829882621765, "between": null}, {"property": "/properties/confidence", "dataset": "Overture", "license": "CDLA-Permissive-2.0", "record_id": null, "update_time": "2026-07-14T20:34:55Z", "confidence": null, "between": null}], "basic_category": "cafe", "taxonomy": {"primary": "cafe", "hierarchy": ["food_and_drink", "casual_eatery", "cafe"], "alternates": null}, "version": 2}}, {"id": "4883c468-7212-4e5f-92eb-759303024b9b", "type": "Feature", "geometry": {"type": "Point", "coordinates": [11.574517, 48.135946]}, "properties": {"categories": {"primary": "smoothie_juice_bar", "alternate": ["cafe", "tea_room"]}, "confidence": 0.3540061116218567, "websites": ["http://www.meito.me/"], "socials": ["https://www.facebook.com/210441965668934"], "brand": {"wikidata": null, "names": {"primary": null, "common": null, "rules": null}}, "addresses": [{"freeform": "Rindermarkt 6", "locality": "München", "postcode": "80331", "region": null, "country": "DE"}], "names": {"primary": "meito am Rindermarkt 6", "common": null, "rules": null}, "sources": [{"property": "", "dataset": "meta", "license": "CDLA-Permissive-2.0", "record_id": "210441965668934", "update_time": "2026-07-02T00:00:00.000Z", "confidence": 0.3540061116218567, "between": null}, {"property": "/properties/confidence", "dataset": "Overture", "license": "CDLA-Permissive-2.0", "record_id": null, "update_time": "2026-07-14T20:34:55Z", "confidence": null, "between": null}], "basic_category": "smoothie_juice_bar", "taxonomy": {"primary": "smoothie_juice_bar", "hierarchy": ["food_and_drink", "non_alcoholic_beverage_venue", "smoothie_juice_bar"], "alternates": null}, "version": 8}}, {"id": "ab075520-1471-4bfa-8bd0-319f7bd6fc9f", "type": "Feature", "geometry": {"type": "Point", "coordinates": [11.572933697364036, 48.13508940620331]}, "properties": {"categories": {"primary": "pub", "alternate": ["bar", "beer_garden"]}, "confidence": 0.7161563038825989, "websites": ["http://www.olhavn.com/"], "socials": ["https://www.facebook.com/1173973352654214"], "brand": {"wikidata": null, "names": {"primary": null, "common": null, "rules": null}}, "addresses": [{"freeform": "Sankt-Jakobs-Platz 1", "locality": "München", "postcode": "80331", "region": null, "country": "DE"}], "names": {"primary": "Ølhavn", "common": null, "rules": null}, "sources": [{"property": "", "dataset": "meta", "license": "CDLA-Permissive-2.0", "record_id": "1173973352654214", "update_time": "2026-07-02T00:00:00.000Z", "confidence": 0.7161563038825989, "between": null}, {"property": "/properties/confidence", "dataset": "Overture", "license": "CDLA-Permissive-2.0", "record_id": null, "update_time": "2026-07-14T20:34:55Z", "confidence": null, "between": null}], "basic_category": "bar", "taxonomy": {"primary": "pub", "hierarchy": ["food_and_drink", "alcoholic_beverage_venue", "bar", "pub"], "alternates": null}, "version": 9}}, {"id": "e25d0d4f-23ac-4562-be35-b68cbf0ffae3", "type": "Feature", "geometry": {"type": "Point", "coordinates": [11.574557, 48.135336]}, "properties": {"categories": {"primary": "coffee_shop", "alternate": ["cafe", "restaurant", "retail"]}, "confidence": 0.9931, "websites": ["https://www.tchibo.de/service/storefinder/store/100007805"], "phones": ["08941324223"], "addresses": [{"freeform": "Rosental 9", "locality": "Muenchen", "postcode": "80331", "region": "", "country": "DE"}], "names": {"primary": "Tchibo Filiale", "common": null, "rules": null}, "sources": [{"property": "", "dataset": "Microsoft", "license": "CDLA-Permissive-2.0", "record_id": "1970324839287763", "update_time": "2024-10-29T15:50:04.617Z", "confidence": 0.85, "between": null}, {"property": "/properties/confidence", "dataset": "Overture", "license": "CDLA-Permissive-2.0", "record_id": null, "update_time": "2026-07-14T20:34:55Z", "confidence": null, "between": null}], "basic_category": "coffee_shop", "taxonomy": {"primary": "coffee_shop", "hierarchy": ["food_and_drink", "non_alcoholic_beverage_venue", "coffee_shop"], "alternates": null}, "version": 9}}, {"id": "c5d3418f-ee67-4d8b-a6d5-419b9bea57ab", "type": "Feature", "geometry": {"type": "Point", "coordinates": [11.574757, 48.135154]}, "properties": {"categories": {"primary": "cafe", "alternate": ["smoothie_juice_bar", "restaurant"]}, "confidence": 0.9691409009695053, "websites": ["https://www.testarossacaffe.com"], "emails": ["info@wedl.com"], "socials": ["https://www.facebook.com/289746395184682"], "phones": ["+498930707712"], "brand": {"wikidata": null, "names": {"primary": null, "common": null, "rules": null}}, "addresses": [{"freeform": "Prälat-Zistl-Straße 4", "locality": "München", "postcode": "80331", "region": null, "country": "DE"}], "names": {"primary": "Testa Rossa Caffebar Ronny Wild", "common": null, "rules": null}, "sources": [{"property": "", "dataset": "meta", "license": "CDLA-Permissive-2.0", "record_id": "289746395184682", "update_time": "2026-07-02T00:00:00.000Z", "confidence": 0.8658300042152405, "between": null}, {"property": "/properties/confidence", "dataset": "Overture", "license": "CDLA-Permissive-2.0", "record_id": null, "update_time": "2026-07-14T20:34:55Z", "confidence": null, "between": null}], "basic_category": "cafe", "taxonomy": {"primary": "cafe", "hierarchy": ["food_and_drink", "casual_eatery", "cafe"], "alternates": null}, "version": 9}}, {"id": "88600c7c-a272-4701-89f2-10ee78095f3d", "type": "Feature", "geometry": {"type": "Point", "coordinates": [11.5747335, 48.13515738]}, "properties": {"categories": {"primary": "brewery", "alternate": ["german_restaurant", "restaurant"]}, "confidence": 0.9962944388389587, "websites": ["http://www.giesinger-braeu.de/"], "socials": ["https://www.facebook.com/105604194138410"], "phones": ["+498965114911"], "brand": {"wikidata": null, "names": {"primary": "Giesinger Bräu", "common": null, "rules": null}}, "addresses": [{"freeform": "Prälat-Zistl-Straße 4", "locality": "München", "postcode": "80331", "region": null, "country": "DE"}], "names": {"primary": "Giesinger Bräu", "common": null, "rules": null}, "sources": [{"property": "", "dataset": "meta", "license": "CDLA-Permissive-2.0", "record_id": "105604194138410", "update_time": "2026-07-02T00:00:00.000Z", "confidence": 0.9838888645172119, "between": null}, {"property": "/properties/confidence", "dataset": "Overture", "license": "CDLA-Permissive-2.0", "record_id": null, "update_time": "2026-07-14T20:34:55Z", "confidence": null, "between": null}], "basic_category": "brewery", "taxonomy": {"primary": "brewery", "hierarchy": ["food_and_drink", "alcoholic_beverage_venue", "brewery"], "alternates": null}, "version": 10}}]}